mtllib lighthouse.mtl
usemtl water_flow
v -14 5 6
v -14 5 7
v -13 5 6
v -13 5 7
v -14 5.44444 7
v -14 5.44444 6
v -13 5.5 6
v -13 5.48148 7
v -13 5 8
v -13 5 9
v -12 6 4
v -12 6 5
v -12 5 6
v -12 5 7
v -13 5.48148 7
v -13 5.5 6
v -12 5.61111 6
v -12 5.55556 7
v -12 5 8
v -13 5.38889 8
v -13 5.48148 7
v -12 5.55556 7
v -12 5.44444 8
v -12 5 9
v -13 5.33333 9
v -13 5.38889 8
v -12 5.44444 8
v -12 5.38889 9
v -11 6 4
v -11 6 5
v -12 6.44444 5
v -12 6.44444 4
v -11 6.5 4
v -11 6.55556 5
v -11 5 6
v -11 6 6
v -11 5 7
v -12 5.55556 7
v -12 5.61111 6
v -11 5.66667 7
v -11 5 8
v -12 5.44444 8
v -12 5.55556 7
v -11 5.66667 7
v -11 5.5 8
v -11 5 9
v -12 5.38889 9
v -12 5.44444 8
v -11 5.5 8
v -11 5.44444 9
v -10 6 3
v -10 6 4
v -10 6 5
v -11 6.55556 5
v -11 6.5 4
v -10 6.59259 4
v -10 6.66667 5
v -10 5 6
v -10 6 6
v -11 6.33333 6
v -11 6.55556 5
v -10 6.66667 5
v -10 6.86325 6
v -10 5 7
v -11 5.66667 7
v -10 6 7
v -9 6 3
v -9 6 4
v -10 6.59259 4
v -10 6.55556 3
v -9 6.55556 3
v -9 6.59259 4
v -9 6 5
v -10 6.66667 5
v -10 6.59259 4
v -9 6.59259 4
v -9 6.66667 5
v -9 5 6
v -9 6 6
v -10 6.86325 6
v -10 6.66667 5
v -9 6.66667 5
v -9 6.87963 6
v -9 5 7
v -9 6 7
v -10 6.88889 7
v -10 6.86325 6
v -9 6.87963 6
v -9 6.88889 7
v -8 6 4
v -8 6 5
v -9 6.66667 5
v -9 6.59259 4
v -8 6.55556 4
v -8 6.55556 5
v -6 2 -15
v -6 2 -14
v -5 1 -15
v -5 1 -14
v -5 2 -15
v -5 2 -14
v -6 2.88889 -14
v -6 2.88889 -15
v -5 2.88889 -15
v -5 2.88889 -14
v -5 2 -13
v -4 1 -15
v -4 1 -14
v -4 2 -15
v -4 2 -14
v -5 2.88889 -14
v -5 2.88889 -15
v -4 2.88889 -15
v -4 2.88889 -14
v -4 1 -13
v -4 2 -13
v -5 2.88889 -13
v -5 2.88889 -14
v -4 2.88889 -14
v -4 2.88889 -13
v -4 1 -12
v -4 2 -12
v -4 1 -11
v -4 2 -11
v -4 2 -10
v -4 2 -8
v -4 2 -7
v -4 2 -6
v -3 1 -15
v -3 1 -14
v -3 2 -15
v -3 2 -14
v -4 2.88889 -14
v -4 2.88889 -15
v -3 2.88889 -15
v -3 2.88889 -14
v -3 1 -13
v -3 2 -13
v -4 2.88889 -13
v -4 2.88889 -14
v -3 2.88889 -14
v -3 2.88889 -13
v -3 1 -12
v -4 2.88889 -12
v -4 2.88889 -13
v -3 2 -12
v -3 2.88889 -13
v -3 2.88889 -12
v -3 1 -11
v -3 2 -11
v -4 2.88889 -11
v -4 2.88889 -12
v -3 2.88889 -12
v -3 2.88889 -11
v -3 1 -10
v -3 2 -10
v -4 2.88889 -10
v -4 2.88889 -11
v -3 2.88889 -11
v -3 2.88889 -10
v -3 1 -9
v -3 2 -9
v -3 1 -8
v -3 2 -8
v -3 1 -7
v -3 2 -7
v -4 2.88889 -7
v -4 2.88889 -8
v -3 2.88889 -8
v -3 2.88889 -7
v -3 2 -6
v -4 2.88889 -6
v -4 2.88889 -7
v -3 2.88889 -7
v -3 2.88889 -6
v -3 2 -5
v -2 1 -15
v -2 1 -14
v -2 2 -15
v -2 2 -14
v -3 2.88889 -14
v -3 2.88889 -15
v -2 2.88889 -15
v -2 2.88889 -14
v -2 1 -13
v -2 2 -13
v -3 2.88889 -13
v -3 2.88889 -14
v -2 2.88889 -14
v -2 2.88889 -13
v -2 1 -12
v -2 2 -12
v -3 2.88889 -12
v -3 2.88889 -13
v -2 2.88889 -13
v -2 2.88889 -12
v -2 1 -11
v -2 2 -11
v -3 2.88889 -11
v -3 2.88889 -12
v -2 2.88889 -12
v -2 2.88889 -11
v -2 1 -10
v -2 2 -10
v -3 2.88889 -10
v -3 2.88889 -11
v -2 2.88889 -11
v -2 2.88889 -10
v -2 1 -9
v -2 2 -9
v -3 2.88889 -9
v -3 2.88889 -10
v -2 2.88889 -10
v -2 2.88889 -9
v -2 1 -8
v -3 2.88889 -8
v -3 2.88889 -9
v -2 2 -8
v -2 2.88889 -9
v -2 2.88889 -8
v -2 1 -7
v -2 2 -7
v -3 2.88889 -7
v -3 2.88889 -8
v -2 2.88889 -8
v -2 2.88889 -7
v -2 1 -6
v -2 2 -6
v -3 2.88889 -6
v -3 2.88889 -7
v -2 2.88889 -7
v -2 2.88889 -6
v -2 2 -5
v -3 2.88889 -5
v -3 2.88889 -6
v -2 2.88889 -6
v -2 2.88889 -5
v -2 2 -4
v -1 1 -15
v -1 1 -14
v -1 2 -15
v -1 2 -14
v -2 2.88889 -14
v -2 2.88889 -15
v -1 2.88889 -15
v -1 2.88889 -14
v -1 1 -13
v -1 2 -13
v -2 2.88889 -13
v -2 2.88889 -14
v -1 2.88889 -14
v -1 2.88889 -13
v -1 1 -12
v -1 2 -12
v -2 2.88889 -12
v -2 2.88889 -13
v -1 2.88889 -13
v -1 2.88889 -12
v -1 1 -11
v -1 2 -11
v -2 2.88889 -11
v -2 2.88889 -12
v -1 2.88889 -12
v -1 2.88889 -11
v -1 1 -10
v -1 2 -10
v -2 2.88889 -10
v -2 2.88889 -11
v -1 2.88889 -11
v -1 2.88889 -10
v -1 1 -9
v -1 2 -9
v -2 2.88889 -9
v -2 2.88889 -10
v -1 2.88889 -10
v -1 2.88889 -9
v -1 1 -8
v -1 2 -8
v -2 2.88889 -8
v -2 2.88889 -9
v -1 2.88889 -9
v -1 2.88889 -8
v -1 1 -7
v -1 2 -7
v -2 2.88889 -7
v -2 2.88889 -8
v -1 2.88889 -8
v -1 2.88889 -7
v -1 1 -6
v -1 2 -6
v -2 2.88889 -6
v -2 2.88889 -7
v -1 2.88889 -7
v -1 2.88889 -6
v -1 2 -5
v -2 2.88889 -5
v -2 2.88889 -6
v -1 2.88889 -6
v -1 2.88889 -5
v -1 2 -4
v -2 2.88889 -4
v -2 2.88889 -5
v -1 2.88889 -5
v -1 2.88889 -4
v 0 1 -15
v 0 1 -14
v 0 2 -15
v 0 2 -14
v -1 2.88889 -14
v -1 2.88889 -15
v 0 2.88889 -15
v 0 2.88889 -14
v 0 1 -13
v 0 2 -13
v -1 2.88889 -13
v -1 2.88889 -14
v 0 2.88889 -14
v 0 2.88889 -13
v 0 2 -12
v -1 2.88889 -12
v -1 2.88889 -13
v 0 2.88889 -13
v 0 2.88889 -12
v 0 2 -11
v 0 1 -10
v 0 2 -10
v 0 1 -9
v 0 2 -9
v -1 2.88889 -9
v -1 2.88889 -10
v 0 2.88889 -10
v 0 2.88889 -9
v 0 0 -8
v 0 1 -8
v 0 2 -8
v -1 2.88889 -8
v -1 2.88889 -9
v 0 2.88889 -9
v 0 2.88889 -8
v 0 0 -7
v 0 1 -7
v 0 2 -7
v -1 2.88889 -7
v -1 2.88889 -8
v 0 2.88889 -8
v 0 2.88889 -7
v 0 1 -6
v 0 2 -6
v -1 2.88889 -6
v -1 2.88889 -7
v 0 2.88889 -7
v 0 2.88889 -6
v 0 2 -5
v -1 2.88889 -5
v -1 2.88889 -6
v 0 2.88889 -6
v 0 2.88889 -5
v 0 2 -4
v -1 2.88889 -4
v -1 2.88889 -5
v 0 2.88889 -5
v 0 2.88889 -4
v 1 0 -14
v 1 0 -15
v 1 1 -15
v 1 1 -14
v 1 2 -15
v 1 2 -14
v 0 2.88889 -14
v 0 2.88889 -15
v 1 2.88889 -15
v 1 2.88889 -14
v 1 1 -13
v 1 2 -13
v 0 2.88889 -13
v 0 2.88889 -14
v 1 2.88889 -14
v 1 2.88889 -13
v 1 1 -12
v 1 2 -12
v 0 2.88889 -12
v 0 2.88889 -13
v 1 2.88889 -13
v 1 2.88889 -12
v 1 1 -11
v 1 2 -11
v 0 2.88889 -11
v 0 2.88889 -12
v 1 2.88889 -12
v 1 2.88889 -11
v 1 1 -10
v 1 2 -10
v 1 1 -9
v 1 2 -9
v 0 2.88889 -9
v 0 2.88889 -10
v 1 2.88889 -10
v 1 2.88889 -9
v 1 0 -8
v 1 1 -8
v 1 2 -8
v 1 0 -7
v 1 1 -7
v 1 2 -7
v 0 2.88889 -7
v 0 2.88889 -8
v 1 2.88889 -8
v 1 2.88889 -7
v 1 1 -6
v 1 2 -6
v 0 2.88889 -6
v 0 2.88889 -7
v 1 2.88889 -7
v 1 2.88889 -6
v 1 1 -5
v 1 2 -5
v 0 2.88889 -5
v 0 2.88889 -6
v 1 2.88889 -6
v 1 2.88889 -5
v 1 2 -4
v 0 2.88889 -4
v 0 2.88889 -5
v 1 2.88889 -5
v 1 2.88889 -4
v 2 0 -14
v 2 0 -15
v 2 1 -15
v 2 1 -14
v 2 2 -15
v 2 2 -14
v 1 2.88889 -14
v 1 2.88889 -15
v 2 2.88889 -15
v 2 2.88889 -14
v 2 0 -13
v 2 1 -13
v 2 2 -13
v 1 2.88889 -13
v 1 2.88889 -14
v 2 2.88889 -14
v 2 2.88889 -13
v 2 1 -12
v 2 2 -12
v 1 2.88889 -12
v 1 2.88889 -13
v 2 2.88889 -13
v 2 2.88889 -12
v 2 1 -11
v 2 2 -11
v 1 2.88889 -11
v 1 2.88889 -12
v 2 2.88889 -12
v 2 2.88889 -11
v 2 2 -10
v 1 2.88889 -10
v 1 2.88889 -11
v 2 2.88889 -11
v 2 2.88889 -10
v 2 2 -9
v 2 0 -8
v 2 1 -8
v 2 2 -8
v 2 0 -7
v 2 1 -7
v 2 2 -7
v 2 1 -6
v 2 2 -6
v 1 2.88889 -6
v 1 2.88889 -7
v 2 2.88889 -7
v 2 2.88889 -6
v 2 1 -5
v 2 2 -5
v 1 2.88889 -5
v 1 2.88889 -6
v 2 2.88889 -6
v 2 2.88889 -5
v 2 2 -4
v 1 2.88889 -4
v 1 2.88889 -5
v 2 2.88889 -5
v 2 2.88889 -4
v 2 0 1
v 2 1 1
v 2 2 1
v 2 3 1
v 2 4 1
v 2 5 1
v 2 6 1
v 2 7 1
v 2 8 1
v 2 9 1
v 2 10 1
v 2 11 1
v 2 12 1
v 2 0 2
v 2 1 2
v 2 2 2
v 2 3 2
v 2 4 2
v 2 5 2
v 2 6 2
v 2 7 2
v 2 8 2
v 2 9 2
v 2 10 2
v 2 11 2
v 2 12 2
v 2 12.8796 1
v 2 12.8796 2
v 3 0 -14
v 3 0 -15
v 3 1 -15
v 3 1 -14
v 3 2 -15
v 3 2 -14
v 2 2.88889 -14
v 2 2.88889 -15
v 3 2.88889 -15
v 3 2.88889 -14
v 3 0 -13
v 3 1 -13
v 3 2 -13
v 2 2.88889 -13
v 2 2.88889 -14
v 3 2.88889 -14
v 3 2.88889 -13
v 3 1 -12
v 3 2 -12
v 2 2.88889 -12
v 2 2.88889 -13
v 3 2.88889 -13
v 3 2.88889 -12
v 3 0 -11
v 3 0 -12
v 3 1 -11
v 3 2 -11
v 2 2.88889 -11
v 2 2.88889 -12
v 3 2.88889 -12
v 3 2.88889 -11
v 3 0 -10
v 3 1 -10
v 2 2.88889 -10
v 2 2.88889 -11
v 3 2 -10
v 3 2.88889 -11
v 3 2.88889 -10
v 3 0 -9
v 3 1 -9
v 3 2 -9
v 2 2.88889 -9
v 2 2.88889 -10
v 3 2.88889 -10
v 3 2.88889 -9
v 3 0 -8
v 3 1 -8
v 3 2 -8
v 3 0 -7
v 3 1 -7
v 3 2 -7
v 2 2.88889 -7
v 2 2.88889 -8
v 3 2.88889 -8
v 3 2.88889 -7
v 3 1 -6
v 3 2 -6
v 2 2.88889 -6
v 2 2.88889 -7
v 3 2.88889 -7
v 3 2.88889 -6
v 3 1 -5
v 3 2 -5
v 2 2.88889 -5
v 2 2.88889 -6
v 3 2.88889 -6
v 3 2.88889 -5
v 3 2 -4
v 2 2.88889 -4
v 2 2.88889 -5
v 3 2.88889 -5
v 3 2.88889 -4
v 3 2 -3
v 3 2 -2
v 3 0 1
v 3 1 1
v 3 2 1
v 3 3 1
v 3 4 1
v 3 5 1
v 3 6 1
v 3 7 1
v 3 8 1
v 3 9 1
v 3 0 2
v 3 1 2
v 3 2 2
v 3 3 2
v 3 4 2
v 3 5 2
v 3 6 2
v 3 7 2
v 3 8 2
v 3 9 2
v 3 10 2
v 3 11 2
v 3 12 2
v 2 12.8796 2
v 2 12.8796 1
v 3 12.8148 2
v 4 0 -14
v 4 0 -15
v 4 1 -15
v 4 1 -14
v 4 2 -15
v 4 2 -14
v 3 2.88889 -14
v 3 2.88889 -15
v 4 2.88889 -15
v 4 2.88889 -14
v 4 0 -13
v 4 1 -13
v 4 2 -13
v 3 2.88889 -13
v 3 2.88889 -14
v 4 2.88889 -14
v 4 2.88889 -13
v 4 0 -12
v 4 1 -12
v 4 2 -12
v 3 2.88889 -12
v 3 2.88889 -13
v 4 2.88889 -13
v 4 2.88889 -12
v 4 0 -11
v 4 1 -11
v 4 2 -11
v 3 2.88889 -11
v 3 2.88889 -12
v 4 2.88889 -12
v 4 2.88889 -11
v 4 0 -10
v 4 1 -10
v 4 2 -10
v 3 2.88889 -10
v 3 2.88889 -11
v 4 2.88889 -11
v 4 2.88889 -10
v 4 0 -9
v 4 1 -9
v 4 2 -9
v 3 2.88889 -9
v 3 2.88889 -10
v 4 2.88889 -10
v 4 2.88889 -9
v 4 0 -8
v 4 1 -8
v 4 2 -8
v 3 2.88889 -8
v 3 2.88889 -9
v 4 2.88889 -9
v 4 2.88889 -8
v 4 1 -7
v 4 2 -7
v 3 2.88889 -7
v 3 2.88889 -8
v 4 2.88889 -8
v 4 2.88889 -7
v 4 1 -6
v 4 2 -6
v 3 2.88889 -6
v 3 2.88889 -7
v 4 2.88889 -7
v 4 2.88889 -6
v 4 1 -5
v 4 2 -5
v 3 2.88889 -5
v 3 2.88889 -6
v 4 2.88889 -6
v 4 2.88889 -5
v 4 1 -4
v 4 2 -4
v 3 2.88889 -4
v 3 2.88889 -5
v 4 2.88889 -5
v 4 2.88889 -4
v 4 2 -3
v 3 2.88889 -3
v 3 2.88889 -4
v 4 2.88889 -4
v 4 2.88889 -3
v 4 2 -2
v 3 2.88889 -2
v 3 2.88889 -3
v 4 2.88889 -3
v 4 2.88889 -2
v 5 0 -14
v 5 0 -15
v 5 1 -15
v 5 1 -14
v 5 2 -15
v 5 2 -14
v 4 2.88889 -14
v 4 2.88889 -15
v 5 2.88889 -15
v 5 2.88889 -14
v 5 0 -13
v 5 1 -13
v 5 2 -13
v 4 2.88889 -13
v 4 2.88889 -14
v 5 2.88889 -14
v 5 2.88889 -13
v 5 0 -12
v 5 1 -12
v 5 2 -12
v 4 2.88889 -12
v 4 2.88889 -13
v 5 2.88889 -13
v 5 2.88889 -12
v 5 0 -11
v 5 1 -11
v 5 2 -11
v 4 2.88889 -11
v 4 2.88889 -12
v 5 2.88889 -12
v 5 2.88889 -11
v 5 0 -10
v 5 1 -10
v 5 2 -10
v 4 2.88889 -10
v 4 2.88889 -11
v 5 2.88889 -11
v 5 2.88889 -10
v 5 0 -9
v 5 1 -9
v 5 2 -9
v 4 2.88889 -9
v 4 2.88889 -10
v 5 2.88889 -10
v 5 2.88889 -9
v 5 0 -8
v 5 1 -8
v 5 2 -8
v 4 2.88889 -8
v 4 2.88889 -9
v 5 2.88889 -9
v 5 2.88889 -8
v 5 1 -7
v 5 2 -7
v 4 2.88889 -7
v 4 2.88889 -8
v 5 2.88889 -8
v 5 2.88889 -7
v 5 1 -6
v 5 2 -6
v 4 2.88889 -6
v 4 2.88889 -7
v 5 2.88889 -7
v 5 2.88889 -6
v 5 1 -5
v 5 2 -5
v 4 2.88889 -5
v 4 2.88889 -6
v 5 2.88889 -6
v 5 2.88889 -5
v 5 1 -4
v 5 2 -4
v 4 2.88889 -4
v 4 2.88889 -5
v 5 2.88889 -5
v 5 2.88889 -4
v 5 2 -3
v 4 2.88889 -3
v 4 2.88889 -4
v 5 2.88889 -4
v 5 2.88889 -3
v 5 2 -2
v 4 2.88889 -2
v 4 2.88889 -3
v 5 2.88889 -3
v 5 2.88889 -2
v 5 2 -1
v 6 0 -14
v 6 0 -15
v 6 1 -15
v 6 1 -14
v 6 2 -15
v 6 2 -14
v 5 2.88889 -14
v 5 2.88889 -15
v 6 2.88889 -15
v 6 2.88889 -14
v 6 0 -13
v 6 1 -13
v 6 2 -13
v 5 2.88889 -13
v 5 2.88889 -14
v 6 2.88889 -14
v 6 2.88889 -13
v 6 0 -12
v 6 1 -12
v 6 2 -12
v 5 2.88889 -12
v 5 2.88889 -13
v 6 2.88889 -13
v 6 2.88889 -12
v 6 0 -11
v 6 1 -11
v 6 2 -11
v 5 2.88889 -11
v 5 2.88889 -12
v 6 2.88889 -12
v 6 2.88889 -11
v 6 0 -10
v 6 1 -10
v 6 2 -10
v 5 2.88889 -10
v 5 2.88889 -11
v 6 2.88889 -11
v 6 2.88889 -10
v 6 0 -9
v 6 1 -9
v 6 2 -9
v 5 2.88889 -9
v 5 2.88889 -10
v 6 2.88889 -10
v 6 2.88889 -9
v 6 2 -8
v 6 1 -7
v 6 2 -7
v 6 1 -6
v 6 2 -6
v 5 2.88889 -6
v 5 2.88889 -7
v 6 2.88889 -7
v 6 2.88889 -6
v 6 1 -5
v 6 2 -5
v 5 2.88889 -5
v 5 2.88889 -6
v 6 2.88889 -6
v 6 2.88889 -5
v 6 1 -4
v 6 2 -4
v 5 2.88889 -4
v 5 2.88889 -5
v 6 2.88889 -5
v 6 2.88889 -4
v 6 2 -3
v 5 2.88889 -3
v 5 2.88889 -4
v 6 2.88889 -4
v 6 2.88889 -3
v 6 2 -2
v 5 2.88889 -2
v 5 2.88889 -3
v 6 2.88889 -3
v 6 2.88889 -2
v 6 2 -1
v 5 2.88889 -1
v 5 2.88889 -2
v 6 2.88889 -2
v 6 2.88889 -1
v 7 0 -14
v 7 0 -15
v 7 1 -15
v 7 1 -14
v 7 2 -15
v 7 2 -14
v 6 2.88889 -14
v 6 2.88889 -15
v 7 2.88889 -15
v 7 2.88889 -14
v 7 0 -13
v 7 1 -13
v 7 2 -13
v 6 2.88889 -13
v 6 2.88889 -14
v 7 2.88889 -14
v 7 2.88889 -13
v 7 0 -12
v 7 1 -12
v 7 2 -12
v 6 2.88889 -12
v 6 2.88889 -13
v 7 2.88889 -13
v 7 2.88889 -12
v 7 0 -11
v 7 1 -11
v 7 2 -11
v 6 2.88889 -11
v 6 2.88889 -12
v 7 2.88889 -12
v 7 2.88889 -11
v 7 0 -10
v 7 1 -10
v 7 2 -10
v 6 2.88889 -10
v 6 2.88889 -11
v 7 2.88889 -11
v 7 2.88889 -10
v 7 0 -9
v 7 1 -9
v 7 2 -9
v 6 2.88889 -9
v 6 2.88889 -10
v 7 2.88889 -10
v 7 2.88889 -9
v 7 0 -8
v 7 1 -8
v 7 2 -8
v 6 2.88889 -8
v 6 2.88889 -9
v 7 2.88889 -9
v 7 2.88889 -8
v 7 0 -7
v 7 1 -7
v 7 2 -7
v 7 1 -6
v 7 2 -6
v 6 2.88889 -6
v 6 2.88889 -7
v 7 2.88889 -7
v 7 2.88889 -6
v 7 1 -5
v 7 2 -5
v 6 2.88889 -5
v 6 2.88889 -6
v 7 2.88889 -6
v 7 2.88889 -5
v 7 1 -4
v 7 2 -4
v 6 2.88889 -4
v 6 2.88889 -5
v 7 2.88889 -5
v 7 2.88889 -4
v 7 2 -3
v 6 2.88889 -3
v 6 2.88889 -4
v 7 2.88889 -4
v 7 2.88889 -3
v 7 2 -2
v 6 2.88889 -2
v 6 2.88889 -3
v 7 2.88889 -3
v 7 2.88889 -2
v 7 2 -1
v 6 2.88889 -1
v 6 2.88889 -2
v 7 2.88889 -2
v 7 2.88889 -1
v 8 0 -14
v 8 0 -15
v 8 1 -15
v 8 1 -14
v 8 2 -15
v 8 2 -14
v 7 2.88889 -14
v 7 2.88889 -15
v 8 2.88889 -15
v 8 2.88889 -14
v 8 0 -13
v 8 1 -13
v 8 2 -13
v 7 2.88889 -13
v 7 2.88889 -14
v 8 2.88889 -14
v 8 2.88889 -13
v 8 0 -12
v 8 1 -12
v 8 2 -12
v 7 2.88889 -12
v 7 2.88889 -13
v 8 2.88889 -13
v 8 2.88889 -12
v 8 0 -11
v 8 1 -11
v 8 2 -11
v 7 2.88889 -11
v 7 2.88889 -12
v 8 2.88889 -12
v 8 2.88889 -11
v 8 0 -10
v 8 1 -10
v 8 2 -10
v 7 2.88889 -10
v 7 2.88889 -11
v 8 2.88889 -11
v 8 2.88889 -10
v 8 0 -9
v 8 1 -9
v 8 2 -9
v 7 2.88889 -9
v 7 2.88889 -10
v 8 2.88889 -10
v 8 2.88889 -9
v 8 0 -8
v 8 1 -8
v 8 2 -8
v 7 2.88889 -8
v 7 2.88889 -9
v 8 2.88889 -9
v 8 2.88889 -8
v 8 0 -7
v 8 1 -7
v 8 2 -7
v 7 2.88889 -7
v 7 2.88889 -8
v 8 2.88889 -8
v 8 2.88889 -7
v 8 0 -6
v 8 1 -6
v 8 2 -6
v 7 2.88889 -6
v 7 2.88889 -7
v 8 2.88889 -7
v 8 2.88889 -6
v 8 0 -5
v 8 1 -5
v 8 2 -5
v 7 2.88889 -5
v 7 2.88889 -6
v 8 2.88889 -6
v 8 2.88889 -5
v 8 1 -4
v 8 2 -4
v 7 2.88889 -4
v 7 2.88889 -5
v 8 2.88889 -5
v 8 2.88889 -4
v 8 2 -3
v 7 2.88889 -3
v 7 2.88889 -4
v 8 2.88889 -4
v 8 2.88889 -3
v 8 2 -2
v 7 2.88889 -2
v 7 2.88889 -3
v 8 2.88889 -3
v 8 2.88889 -2
v 8 2 -1
v 7 2.88889 -1
v 7 2.88889 -2
v 8 2.88889 -2
v 8 2.88889 -1
v 8 2 6
v 8 2 7
v 9 0 -14
v 9 0 -15
v 9 1 -15
v 9 1 -14
v 9 2 -15
v 9 2 -14
v 8 2.88889 -14
v 8 2.88889 -15
v 9 2.88889 -15
v 9 2.88889 -14
v 9 0 -13
v 9 1 -13
v 9 2 -13
v 8 2.88889 -13
v 8 2.88889 -14
v 9 2.88889 -14
v 9 2.88889 -13
v 9 0 -12
v 9 1 -12
v 9 2 -12
v 8 2.88889 -12
v 8 2.88889 -13
v 9 2.88889 -13
v 9 2.88889 -12
v 9 0 -11
v 9 1 -11
v 9 2 -11
v 8 2.88889 -11
v 8 2.88889 -12
v 9 2.88889 -12
v 9 2.88889 -11
v 9 0 -10
v 9 1 -10
v 9 2 -10
v 8 2.88889 -10
v 8 2.88889 -11
v 9 2.88889 -11
v 9 2.88889 -10
v 9 0 -9
v 9 1 -9
v 9 2 -9
v 8 2.88889 -9
v 8 2.88889 -10
v 9 2.88889 -10
v 9 2.88889 -9
v 9 0 -8
v 9 1 -8
v 9 2 -8
v 8 2.88889 -8
v 8 2.88889 -9
v 9 2.88889 -9
v 9 2.88889 -8
v 9 0 -7
v 9 1 -7
v 9 2 -7
v 8 2.88889 -7
v 8 2.88889 -8
v 9 2.88889 -8
v 9 2.88889 -7
v 9 0 -6
v 9 1 -6
v 9 2 -6
v 8 2.88889 -6
v 8 2.88889 -7
v 9 2.88889 -7
v 9 2.88889 -6
v 9 0 -5
v 9 1 -5
v 9 2 -5
v 8 2.88889 -5
v 8 2.88889 -6
v 9 2.88889 -6
v 9 2.88889 -5
v 9 1 -4
v 9 2 -4
v 8 2.88889 -4
v 8 2.88889 -5
v 9 2.88889 -5
v 9 2.88889 -4
v 9 2 -3
v 8 2.88889 -3
v 8 2.88889 -4
v 9 2.88889 -4
v 9 2.88889 -3
v 9 2 -2
v 8 2.88889 -2
v 8 2.88889 -3
v 9 2.88889 -3
v 9 2.88889 -2
v 9 2 -1
v 8 2.88889 -1
v 8 2.88889 -2
v 9 2.88889 -2
v 9 2.88889 -1
v 9 2 6
v 9 2 7
v 8 2.77778 7
v 8 2.77778 6
v 9 2.87963 6
v 9 2.88406 7
v 9 2 8
v 10 0 -14
v 10 0 -15
v 10 1 -15
v 10 1 -14
v 10 2 -15
v 10 2 -14
v 9 2.88889 -14
v 9 2.88889 -15
v 10 2.88889 -15
v 10 2.88889 -14
v 10 0 -13
v 10 1 -13
v 10 2 -13
v 9 2.88889 -13
v 9 2.88889 -14
v 10 2.88889 -14
v 10 2.88889 -13
v 10 0 -12
v 10 1 -12
v 10 2 -12
v 9 2.88889 -12
v 9 2.88889 -13
v 10 2.88889 -13
v 10 2.88889 -12
v 10 0 -11
v 10 1 -11
v 10 2 -11
v 9 2.88889 -11
v 9 2.88889 -12
v 10 2.88889 -12
v 10 2.88889 -11
v 10 0 -10
v 10 1 -10
v 10 2 -10
v 9 2.88889 -10
v 9 2.88889 -11
v 10 2.88889 -11
v 10 2.88889 -10
v 10 0 -9
v 10 1 -9
v 10 2 -9
v 9 2.88889 -9
v 9 2.88889 -10
v 10 2.88889 -10
v 10 2.88889 -9
v 10 0 -8
v 10 1 -8
v 10 2 -8
v 9 2.88889 -8
v 9 2.88889 -9
v 10 2.88889 -9
v 10 2.88889 -8
v 10 0 -7
v 10 1 -7
v 10 2 -7
v 9 2.88889 -7
v 9 2.88889 -8
v 10 2.88889 -8
v 10 2.88889 -7
v 10 0 -6
v 10 1 -6
v 10 2 -6
v 9 2.88889 -6
v 9 2.88889 -7
v 10 2.88889 -7
v 10 2.88889 -6
v 10 0 -5
v 10 1 -5
v 10 2 -5
v 9 2.88889 -5
v 9 2.88889 -6
v 10 2.88889 -6
v 10 2.88889 -5
v 10 0 -4
v 10 1 -4
v 10 2 -4
v 9 2.88889 -4
v 9 2.88889 -5
v 10 2.88889 -5
v 10 2.88889 -4
v 10 1 -3
v 10 2 -3
v 9 2.88889 -3
v 9 2.88889 -4
v 10 2.88889 -4
v 10 2.88889 -3
v 10 2 -2
v 9 2.88889 -2
v 9 2.88889 -3
v 10 2.88889 -3
v 10 2.88889 -2
v 10 2 -1
v 9 2.88889 -1
v 9 2.88889 -2
v 10 2.88889 -2
v 10 2.88889 -1
v 10 2 0
v 10 2 1
v 10 2 2
v 10 2 3
v 10 2 4
v 10 2 5
v 10 2 6
v 10 2 7
v 9 2.88406 7
v 9 2.87963 6
v 10 2.88889 6
v 10 2.88889 7
v 10 2 8
v 9 2.88889 8
v 9 2.88406 7
v 10 2.88889 7
v 10 2.88889 8
v 10 2 9
v 10 2 10
v 10 2 11
v 11 0 -14
v 11 0 -15
v 11 1 -15
v 11 1 -14
v 11 2 -15
v 11 2 -14
v 10 2.88889 -14
v 10 2.88889 -15
v 11 2.88889 -15
v 11 2.88889 -14
v 11 0 -13
v 11 1 -13
v 11 2 -13
v 10 2.88889 -13
v 10 2.88889 -14
v 11 2.88889 -14
v 11 2.88889 -13
v 11 0 -12
v 11 1 -12
v 11 2 -12
v 10 2.88889 -12
v 10 2.88889 -13
v 11 2.88889 -13
v 11 2.88889 -12
v 11 0 -11
v 11 1 -11
v 11 2 -11
v 10 2.88889 -11
v 10 2.88889 -12
v 11 2.88889 -12
v 11 2.88889 -11
v 11 0 -10
v 11 1 -10
v 11 2 -10
v 10 2.88889 -10
v 10 2.88889 -11
v 11 2.88889 -11
v 11 2.88889 -10
v 11 0 -9
v 11 1 -9
v 11 2 -9
v 10 2.88889 -9
v 10 2.88889 -10
v 11 2.88889 -10
v 11 2.88889 -9
v 11 0 -8
v 11 1 -8
v 11 2 -8
v 10 2.88889 -8
v 10 2.88889 -9
v 11 2.88889 -9
v 11 2.88889 -8
v 11 0 -7
v 11 1 -7
v 11 2 -7
v 10 2.88889 -7
v 10 2.88889 -8
v 11 2.88889 -8
v 11 2.88889 -7
v 11 0 -6
v 11 1 -6
v 11 2 -6
v 10 2.88889 -6
v 10 2.88889 -7
v 11 2.88889 -7
v 11 2.88889 -6
v 11 0 -5
v 11 1 -5
v 11 2 -5
v 10 2.88889 -5
v 10 2.88889 -6
v 11 2.88889 -6
v 11 2.88889 -5
v 11 0 -4
v 11 1 -4
v 11 2 -4
v 10 2.88889 -4
v 10 2.88889 -5
v 11 2.88889 -5
v 11 2.88889 -4
v 11 0 -3
v 11 1 -3
v 11 2 -3
v 10 2.88889 -3
v 10 2.88889 -4
v 11 2.88889 -4
v 11 2.88889 -3
v 11 1 -2
v 11 2 -2
v 10 2.88889 -2
v 10 2.88889 -3
v 11 2.88889 -3
v 11 2.88889 -2
v 11 2 -1
v 11 1 0
v 11 2 0
v 11 1 1
v 11 2 1
v 10 2.88889 1
v 10 2.88889 0
v 11 2.88889 0
v 11 2.88889 1
v 11 1 2
v 11 2 2
v 10 2.88889 2
v 10 2.88889 1
v 11 2.88889 1
v 11 2.88889 2
v 11 1 3
v 11 2 3
v 10 2.88889 3
v 10 2.88889 2
v 11 2.88889 2
v 11 2.88889 3
v 11 2 4
v 10 2.88889 4
v 10 2.88889 3
v 11 2.88889 3
v 11 2.88889 4
v 11 2 5
v 10 2.88889 5
v 10 2.88889 4
v 11 2.88889 4
v 11 2.88889 5
v 11 2 6
v 10 2.88889 6
v 10 2.88889 5
v 11 2.88889 5
v 11 2.88889 6
v 11 2 7
v 11 2 8
v 10 2.88889 8
v 10 2.88889 7
v 11 2.88889 7
v 11 2.88889 8
v 11 1 9
v 11 2 9
v 10 2.88889 9
v 10 2.88889 8
v 11 2.88889 8
v 11 2.88889 9
v 11 1 10
v 11 2 10
v 11 2 11
v 10 2.88889 11
v 10 2.88889 10
v 11 2.88889 10
v 11 2.88889 11
v 12 0 -14
v 12 0 -15
v 12 1 -15
v 12 1 -14
v 12 2 -15
v 12 2 -14
v 11 2.88889 -14
v 11 2.88889 -15
v 12 2.88889 -15
v 12 2.88889 -14
v 12 0 -13
v 12 1 -13
v 12 2 -13
v 11 2.88889 -13
v 11 2.88889 -14
v 12 2.88889 -14
v 12 2.88889 -13
v 12 0 -12
v 12 1 -12
v 12 2 -12
v 11 2.88889 -12
v 11 2.88889 -13
v 12 2.88889 -13
v 12 2.88889 -12
v 12 0 -11
v 12 1 -11
v 12 2 -11
v 11 2.88889 -11
v 11 2.88889 -12
v 12 2.88889 -12
v 12 2.88889 -11
v 12 0 -10
v 12 1 -10
v 12 2 -10
v 11 2.88889 -10
v 11 2.88889 -11
v 12 2.88889 -11
v 12 2.88889 -10
v 12 0 -9
v 12 1 -9
v 12 2 -9
v 11 2.88889 -9
v 11 2.88889 -10
v 12 2.88889 -10
v 12 2.88889 -9
v 12 0 -8
v 12 1 -8
v 12 2 -8
v 11 2.88889 -8
v 11 2.88889 -9
v 12 2.88889 -9
v 12 2.88889 -8
v 12 0 -7
v 12 1 -7
v 12 2 -7
v 11 2.88889 -7
v 11 2.88889 -8
v 12 2.88889 -8
v 12 2.88889 -7
v 12 0 -6
v 12 1 -6
v 12 2 -6
v 11 2.88889 -6
v 11 2.88889 -7
v 12 2.88889 -7
v 12 2.88889 -6
v 12 0 -5
v 12 1 -5
v 12 2 -5
v 11 2.88889 -5
v 11 2.88889 -6
v 12 2.88889 -6
v 12 2.88889 -5
v 12 0 -4
v 12 1 -4
v 12 2 -4
v 11 2.88889 -4
v 11 2.88889 -5
v 12 2.88889 -5
v 12 2.88889 -4
v 12 0 -3
v 12 1 -3
v 12 2 -3
v 11 2.88889 -3
v 11 2.88889 -4
v 12 2.88889 -4
v 12 2.88889 -3
v 12 0 -2
v 12 1 -2
v 12 2 -2
v 11 2.88889 -2
v 11 2.88889 -3
v 12 2.88889 -3
v 12 2.88889 -2
v 12 0 -1
v 12 1 -1
v 12 2 -1
v 11 2.88889 -1
v 11 2.88889 -2
v 12 2.88889 -2
v 12 2.88889 -1
v 12 0 0
v 12 1 0
v 11 2.88889 0
v 11 2.88889 -1
v 12 2 0
v 12 2.88889 -1
v 12 2.88889 0
v 12 1 1
v 12 2 1
v 11 2.88889 1
v 11 2.88889 0
v 12 2.88889 0
v 12 2.88889 1
v 12 1 2
v 12 2 2
v 11 2.88889 2
v 11 2.88889 1
v 12 2.88889 1
v 12 2.88889 2
v 12 1 3
v 12 2 3
v 11 2.88889 3
v 11 2.88889 2
v 12 2.88889 2
v 12 2.88889 3
v 12 1 4
v 12 2 4
v 11 2.88889 4
v 11 2.88889 3
v 12 2.88889 3
v 12 2.88889 4
v 12 1 5
v 12 2 5
v 11 2.88889 5
v 11 2.88889 4
v 12 2.88889 4
v 12 2.88889 5
v 12 1 6
v 12 2 6
v 11 2.88889 6
v 11 2.88889 5
v 12 2.88889 5
v 12 2.88889 6
v 12 2 7
v 11 2.88889 7
v 11 2.88889 6
v 12 2.88889 6
v 12 2.88889 7
v 12 2 8
v 11 2.88889 8
v 11 2.88889 7
v 12 2.88889 7
v 12 2.88889 8
v 12 1 9
v 12 2 9
v 11 2.88889 9
v 11 2.88889 8
v 12 2.88889 8
v 12 2.88889 9
v 12 1 10
v 12 2 10
v 11 2.88889 10
v 11 2.88889 9
v 12 2.88889 9
v 12 2.88889 10
v 12 2 11
v 11 2.88889 11
v 11 2.88889 10
v 12 2.88889 10
v 12 2.88889 11
v 12 2 12
v 13 0 -14
v 13 0 -15
v 13 1 -15
v 13 1 -14
v 13 2 -15
v 13 2 -14
v 12 2.88889 -14
v 12 2.88889 -15
v 13 2.88889 -15
v 13 2.88889 -14
v 13 0 -13
v 13 1 -13
v 13 2 -13
v 12 2.88889 -13
v 12 2.88889 -14
v 13 2.88889 -14
v 13 2.88889 -13
v 13 0 -12
v 13 1 -12
v 13 2 -12
v 12 2.88889 -12
v 12 2.88889 -13
v 13 2.88889 -13
v 13 2.88889 -12
v 13 0 -11
v 13 1 -11
v 13 2 -11
v 12 2.88889 -11
v 12 2.88889 -12
v 13 2.88889 -12
v 13 2.88889 -11
v 13 0 -10
v 13 1 -10
v 13 2 -10
v 12 2.88889 -10
v 12 2.88889 -11
v 13 2.88889 -11
v 13 2.88889 -10
v 13 0 -9
v 13 1 -9
v 13 2 -9
v 12 2.88889 -9
v 12 2.88889 -10
v 13 2.88889 -10
v 13 2.88889 -9
v 13 0 -8
v 13 1 -8
v 13 2 -8
v 12 2.88889 -8
v 12 2.88889 -9
v 13 2.88889 -9
v 13 2.88889 -8
v 13 0 -7
v 13 1 -7
v 13 2 -7
v 12 2.88889 -7
v 12 2.88889 -8
v 13 2.88889 -8
v 13 2.88889 -7
v 13 0 -6
v 13 1 -6
v 13 2 -6
v 12 2.88889 -6
v 12 2.88889 -7
v 13 2.88889 -7
v 13 2.88889 -6
v 13 0 -5
v 13 1 -5
v 13 2 -5
v 12 2.88889 -5
v 12 2.88889 -6
v 13 2.88889 -6
v 13 2.88889 -5
v 13 0 -4
v 13 1 -4
v 13 2 -4
v 12 2.88889 -4
v 12 2.88889 -5
v 13 2.88889 -5
v 13 2.88889 -4
v 13 0 -3
v 13 1 -3
v 13 2 -3
v 12 2.88889 -3
v 12 2.88889 -4
v 13 2.88889 -4
v 13 2.88889 -3
v 13 0 -2
v 13 1 -2
v 13 2 -2
v 12 2.88889 -2
v 12 2.88889 -3
v 13 2.88889 -3
v 13 2.88889 -2
v 13 0 -1
v 13 1 -1
v 13 2 -1
v 12 2.88889 -1
v 12 2.88889 -2
v 13 2.88889 -2
v 13 2.88889 -1
v 13 0 0
v 13 1 0
v 13 2 0
v 12 2.88889 0
v 12 2.88889 -1
v 13 2.88889 -1
v 13 2.88889 0
v 13 1 1
v 13 2 1
v 12 2.88889 1
v 12 2.88889 0
v 13 2.88889 0
v 13 2.88889 1
v 13 0 1
v 13 1 2
v 13 2 2
v 12 2.88889 2
v 12 2.88889 1
v 13 2.88889 1
v 13 2.88889 2
v 13 1 3
v 13 2 3
v 12 2.88889 3
v 12 2.88889 2
v 13 2.88889 2
v 13 2.88889 3
v 13 1 4
v 13 2 4
v 12 2.88889 4
v 12 2.88889 3
v 13 2.88889 3
v 13 2.88889 4
v 13 1 5
v 13 2 5
v 12 2.88889 5
v 12 2.88889 4
v 13 2.88889 4
v 13 2.88889 5
v 13 1 6
v 13 2 6
v 12 2.88889 6
v 12 2.88889 5
v 13 2.88889 5
v 13 2.88889 6
v 13 2 7
v 13 2 8
v 12 2.88889 8
v 12 2.88889 7
v 13 2.88889 7
v 13 2.88889 8
v 13 2 9
v 12 2.88889 9
v 12 2.88889 8
v 13 2.88889 8
v 13 2.88889 9
v 13 2 10
v 12 2.88889 10
v 12 2.88889 9
v 13 2.88889 9
v 13 2.88889 10
v 13 2 11
v 12 2.88889 11
v 12 2.88889 10
v 13 2.88889 10
v 13 2.88889 11
v 13 2 12
v 12 2.88889 12
v 12 2.88889 11
v 13 2.88889 11
v 13 2.88889 12
v 14 0 -14
v 14 0 -15
v 14 1 -15
v 14 1 -14
v 14 2 -15
v 14 2 -14
v 13 2.88889 -14
v 13 2.88889 -15
v 14 2.88889 -15
v 14 2.88889 -14
v 14 0 -13
v 14 1 -13
v 14 2 -13
v 13 2.88889 -13
v 13 2.88889 -14
v 14 2.88889 -14
v 14 2.88889 -13
v 14 0 -12
v 14 1 -12
v 14 2 -12
v 13 2.88889 -12
v 13 2.88889 -13
v 14 2.88889 -13
v 14 2.88889 -12
v 14 0 -11
v 14 1 -11
v 14 2 -11
v 13 2.88889 -11
v 13 2.88889 -12
v 14 2.88889 -12
v 14 2.88889 -11
v 14 0 -10
v 14 1 -10
v 14 2 -10
v 13 2.88889 -10
v 13 2.88889 -11
v 14 2.88889 -11
v 14 2.88889 -10
v 14 0 -9
v 14 1 -9
v 14 2 -9
v 13 2.88889 -9
v 13 2.88889 -10
v 14 2.88889 -10
v 14 2.88889 -9
v 14 0 -8
v 14 1 -8
v 14 2 -8
v 13 2.88889 -8
v 13 2.88889 -9
v 14 2.88889 -9
v 14 2.88889 -8
v 14 0 -7
v 14 1 -7
v 14 2 -7
v 13 2.88889 -7
v 13 2.88889 -8
v 14 2.88889 -8
v 14 2.88889 -7
v 14 0 -6
v 14 1 -6
v 14 2 -6
v 13 2.88889 -6
v 13 2.88889 -7
v 14 2.88889 -7
v 14 2.88889 -6
v 14 0 -5
v 14 1 -5
v 14 2 -5
v 13 2.88889 -5
v 13 2.88889 -6
v 14 2.88889 -6
v 14 2.88889 -5
v 14 0 -4
v 14 1 -4
v 14 2 -4
v 13 2.88889 -4
v 13 2.88889 -5
v 14 2.88889 -5
v 14 2.88889 -4
v 14 0 -3
v 14 1 -3
v 14 2 -3
v 13 2.88889 -3
v 13 2.88889 -4
v 14 2.88889 -4
v 14 2.88889 -3
v 14 0 -2
v 14 1 -2
v 14 2 -2
v 13 2.88889 -2
v 13 2.88889 -3
v 14 2.88889 -3
v 14 2.88889 -2
v 14 0 -1
v 14 1 -1
v 14 2 -1
v 13 2.88889 -1
v 13 2.88889 -2
v 14 2.88889 -2
v 14 2.88889 -1
v 14 1 0
v 14 2 0
v 13 2.88889 0
v 13 2.88889 -1
v 14 2.88889 -1
v 14 2.88889 0
v 14 0 1
v 14 0 0
v 14 1 1
v 14 2 1
v 13 2.88889 1
v 13 2.88889 0
v 14 2.88889 0
v 14 2.88889 1
v 14 0 2
v 14 1 2
v 14 2 2
v 13 2.88889 2
v 13 2.88889 1
v 14 2.88889 1
v 14 2.88889 2
v 14 1 3
v 14 2 3
v 13 2.88889 3
v 13 2.88889 2
v 14 2.88889 2
v 14 2.88889 3
v 14 1 4
v 14 2 4
v 13 2.88889 4
v 13 2.88889 3
v 14 2.88889 3
v 14 2.88889 4
v 14 1 5
v 14 2 5
v 13 2.88889 5
v 13 2.88889 4
v 14 2.88889 4
v 14 2.88889 5
v 14 1 6
v 14 2 6
v 13 2.88889 6
v 13 2.88889 5
v 14 2.88889 5
v 14 2.88889 6
v 14 1 7
v 14 2 7
v 13 2.88889 7
v 13 2.88889 6
v 14 2.88889 6
v 14 2.88889 7
v 14 1 8
v 14 2 8
v 13 2.88889 8
v 13 2.88889 7
v 14 2.88889 7
v 14 2.88889 8
v 14 2 9
v 13 2.88889 9
v 13 2.88889 8
v 14 2.88889 8
v 14 2.88889 9
v 14 2 10
v 13 2.88889 10
v 13 2.88889 9
v 14 2.88889 9
v 14 2.88889 10
v 14 2 11
v 13 2.88889 11
v 13 2.88889 10
v 14 2.88889 10
v 14 2.88889 11
v 15 0 -14
v 15 0 -15
v 15 1 -15
v 15 1 -14
v 15 2 -15
v 15 2 -14
v 14 2.88889 -14
v 14 2.88889 -15
v 15 2.88889 -15
v 15 2.88889 -14
v 15 0 -13
v 15 1 -13
v 15 2 -13
v 14 2.88889 -13
v 14 2.88889 -14
v 15 2.88889 -14
v 15 2.88889 -13
v 15 0 -12
v 15 1 -12
v 15 2 -12
v 14 2.88889 -12
v 14 2.88889 -13
v 15 2.88889 -13
v 15 2.88889 -12
v 15 0 -11
v 15 1 -11
v 15 2 -11
v 14 2.88889 -11
v 14 2.88889 -12
v 15 2.88889 -12
v 15 2.88889 -11
v 15 0 -10
v 15 1 -10
v 15 2 -10
v 14 2.88889 -10
v 14 2.88889 -11
v 15 2.88889 -11
v 15 2.88889 -10
v 15 0 -9
v 15 1 -9
v 15 2 -9
v 14 2.88889 -9
v 14 2.88889 -10
v 15 2.88889 -10
v 15 2.88889 -9
v 15 0 -8
v 15 1 -8
v 15 2 -8
v 14 2.88889 -8
v 14 2.88889 -9
v 15 2.88889 -9
v 15 2.88889 -8
v 15 0 -7
v 15 1 -7
v 15 2 -7
v 14 2.88889 -7
v 14 2.88889 -8
v 15 2.88889 -8
v 15 2.88889 -7
v 15 0 -6
v 15 1 -6
v 15 2 -6
v 14 2.88889 -6
v 14 2.88889 -7
v 15 2.88889 -7
v 15 2.88889 -6
v 15 0 -5
v 15 1 -5
v 15 2 -5
v 14 2.88889 -5
v 14 2.88889 -6
v 15 2.88889 -6
v 15 2.88889 -5
v 15 0 -4
v 15 1 -4
v 15 2 -4
v 14 2.88889 -4
v 14 2.88889 -5
v 15 2.88889 -5
v 15 2.88889 -4
v 15 0 -3
v 15 1 -3
v 15 2 -3
v 14 2.88889 -3
v 14 2.88889 -4
v 15 2.88889 -4
v 15 2.88889 -3
v 15 0 -2
v 15 1 -2
v 15 2 -2
v 14 2.88889 -2
v 14 2.88889 -3
v 15 2.88889 -3
v 15 2.88889 -2
v 15 0 -1
v 15 1 -1
v 15 2 -1
v 14 2.88889 -1
v 14 2.88889 -2
v 15 2.88889 -2
v 15 2.88889 -1
v 15 0 0
v 15 1 0
v 15 2 0
v 14 2.88889 0
v 14 2.88889 -1
v 15 2.88889 -1
v 15 2.88889 0
v 15 0 1
v 15 1 1
v 15 2 1
v 14 2.88889 1
v 14 2.88889 0
v 15 2.88889 0
v 15 2.88889 1
v 15 0 2
v 15 1 2
v 15 2 2
v 14 2.88889 2
v 14 2.88889 1
v 15 2.88889 1
v 15 2.88889 2
v 15 1 3
v 15 2 3
v 14 2.88889 3
v 14 2.88889 2
v 15 2.88889 2
v 15 2.88889 3
v 15 1 4
v 15 2 4
v 14 2.88889 4
v 14 2.88889 3
v 15 2.88889 3
v 15 2.88889 4
v 15 1 5
v 15 2 5
v 14 2.88889 5
v 14 2.88889 4
v 15 2.88889 4
v 15 2.88889 5
v 15 1 6
v 15 2 6
v 14 2.88889 6
v 14 2.88889 5
v 15 2.88889 5
v 15 2.88889 6
v 15 1 7
v 14 2.88889 7
v 14 2.88889 6
v 15 2 7
v 15 2.88889 6
v 15 2.88889 7
v 15 1 8
v 15 2 8
v 14 2.88889 8
v 14 2.88889 7
v 15 2.88889 7
v 15 2.88889 8
v 15 2 9
v 14 2.88889 9
v 14 2.88889 8
v 15 2.88889 8
v 15 2.88889 9
v 15 2 10
v 14 2.88889 10
v 14 2.88889 9
v 15 2.88889 9
v 15 2.88889 10
v 15 2 11
v 14 2.88889 11
v 14 2.88889 10
v 15 2.88889 10
v 15 2.88889 11
vt 0.000000000 0.000000000
vt 1.000000000 0.000000000
vt 0.000000000 0.375000000
vt 1.000000000 0.375000000
vt 0.000000000 0.437500000
vt 1.000000000 0.437500000
vt 0.000000000 0.500000000
vt 1.000000000 0.500000000
vt 0.000000000 0.562500000
vt 1.000000000 0.562500000
vt 0.000000000 0.625000000
vt 1.000000000 0.625000000
vt 0.000000000 0.687500000
vt 1.000000000 0.687500000
vt 0.000000000 0.812500000
vt 1.000000000 0.812500000
vt 0.000000000 0.875000000
vt 1.000000000 0.875000000
vt 0.000000000 0.937500000
vt 1.000000000 0.937500000
vt 0.000000000 1.000000000
vt 1.000000000 1.000000000
vn -1 0 0
vn 0 0 -1
vn 1 0 0
vn 0 0 1
f 2/2/1 5/8/1 6/7/1 1/1/1
f 1/2/2 6/8/2 7/7/2 3/1/2
f 4/1/3 3/2/3 7/8/3 8/7/3
f 2/1/4 4/2/4 8/8/4 5/7/4
f 4/2/1 15/8/1 16/7/1 3/1/1
f 3/2/2 16/8/2 17/11/2 13/1/2
f 14/1/3 13/2/3 17/12/3 18/9/3
f 4/1/4 14/2/4 18/10/4 15/7/4
f 9/2/1 20/6/1 21/7/1 4/1/1
f 4/2/2 21/8/2 22/9/2 14/1/2
f 19/1/3 14/2/3 22/10/3 23/7/3
f 9/1/4 19/2/4 23/8/4 20/5/4
f 10/2/1 25/4/1 26/5/1 9/1/1
f 9/2/2 26/6/2 27/7/2 19/1/2
f 24/1/3 19/2/3 27/8/3 28/5/3
f 10/1/4 24/2/4 28/6/4 25/3/4
f 12/2/1 31/8/1 32/7/1 11/1/1
f 11/2/2 32/8/2 33/7/2 29/1/2
f 30/1/3 29/2/3 33/8/3 34/9/3
f 12/1/4 30/2/4 34/10/4 31/7/4
f 14/2/1 38/10/1 39/11/1 13/1/1
f 13/2/2 39/12/2 36/21/2 35/1/2
f 37/1/3 35/2/3 36/22/3 40/13/3
f 14/1/4 37/2/4 40/14/4 38/9/4
f 19/2/1 42/8/1 43/9/1 14/1/1
f 14/2/2 43/10/2 44/13/2 37/1/2
f 41/1/3 37/2/3 44/14/3 45/7/3
f 19/1/4 41/2/4 45/8/4 42/7/4
f 24/2/1 47/6/1 48/7/1 19/1/1
f 19/2/2 48/8/2 49/7/2 41/1/2
f 46/1/3 41/2/3 49/8/3 50/7/3
f 24/1/4 46/2/4 50/8/4 47/5/4
f 30/2/1 54/10/1 55/7/1 29/1/1
f 29/2/2 55/8/2 56/11/2 52/1/2
f 53/1/3 52/2/3 56/12/3 57/13/3
f 30/1/4 53/2/4 57/14/4 54/9/4
f 36/2/1 60/4/1 61/9/1 30/1/1
f 30/2/2 61/10/2 62/13/2 53/1/2
f 59/1/3 53/2/3 62/14/3 63/17/3
f 36/1/4 59/2/4 63/18/4 60/3/4
f 37/2/1 65/14/1 36/21/1 35/1/1
f 35/2/2 36/22/2 59/21/2 58/1/2
f 64/1/3 58/2/3 59/22/3 66/21/3
f 37/1/4 64/2/4 66/22/4 65/13/4
f 52/2/1 69/12/1 70/9/1 51/1/1
f 51/2/2 70/10/2 71/9/2 67/1/2
f 68/1/3 67/2/3 71/10/3 72/11/3
f 52/1/4 68/2/4 72/12/4 69/11/4
f 53/2/1 74/14/1 75/11/1 52/1/1
f 52/2/2 75/12/2 76/11/2 68/1/2
f 73/1/3 68/2/3 76/12/3 77/13/3
f 53/1/4 73/2/4 77/14/4 74/13/4
f 59/2/1 80/18/1 81/13/1 53/1/1
f 53/2/2 81/14/2 82/13/2 73/1/2
f 79/1/3 73/2/3 82/14/3 83/19/3
f 59/1/4 79/2/4 83/20/4 80/17/4
f 64/2/1 66/22/1 59/21/1 58/1/1
f 58/2/2 59/22/2 79/21/2 78/1/2
f 84/1/3 78/2/3 79/22/3 85/21/3
f 64/1/4 84/2/4 85/22/4 66/21/4
f 66/2/1 86/20/1 87/17/1 59/1/1
f 59/2/2 87/18/2 88/19/2 79/1/2
f 85/1/3 79/2/3 88/20/3 89/19/3
f 66/1/4 85/2/4 89/20/4 86/19/4
f 73/2/1 92/14/1 93/11/1 68/1/1
f 68/2/2 93/12/2 94/9/2 90/1/2
f 91/1/3 90/2/3 94/10/3 95/9/3
f 73/1/4 91/2/4 95/10/4 92/13/4
f 97/2/1 102/20/1 103/19/1 96/1/1
f 96/2/2 103/20/2 104/19/2 100/1/2
f 101/1/3 100/2/3 104/20/3 105/19/3
f 97/1/4 101/2/4 105/20/4 102/19/4
f 99/2/1 101/22/1 100/21/1 98/1/1
f 98/2/2 100/22/2 109/21/2 107/1/2
f 108/1/3 107/2/3 109/22/3 110/21/3
f 99/1/4 108/2/4 110/22/4 101/21/4
f 101/2/1 111/20/1 112/19/1 100/1/1
f 100/2/2 112/20/2 113/19/2 109/1/2
f 110/1/3 109/2/3 113/20/3 114/19/3
f 101/1/4 110/2/4 114/20/4 111/19/4
f 106/2/1 117/20/1 118/19/1 101/1/1
f 101/2/2 118/20/2 119/19/2 110/1/2
f 116/1/3 110/2/3 119/20/3 120/19/3
f 106/1/4 116/2/4 120/20/4 117/19/4
f 108/2/1 110/22/1 109/21/1 107/1/1
f 107/2/2 109/22/2 131/21/2 129/1/2
f 130/1/3 129/2/3 131/22/3 132/21/3
f 108/1/4 130/2/4 132/22/4 110/21/4
f 110/2/1 133/20/1 134/19/1 109/1/1
f 109/2/2 134/20/2 135/19/2 131/1/2
f 132/1/3 131/2/3 135/20/3 136/19/3
f 110/1/4 132/2/4 136/20/4 133/19/4
f 115/2/1 116/22/1 110/21/1 108/1/1
f 108/2/2 110/22/2 132/21/2 130/1/2
f 137/1/3 130/2/3 132/22/3 138/21/3
f 115/1/4 137/2/4 138/22/4 116/21/4
f 116/2/1 139/20/1 140/19/1 110/1/1
f 110/2/2 140/20/2 141/19/2 132/1/2
f 138/1/3 132/2/3 141/20/3 142/19/3
f 116/1/4 138/2/4 142/20/4 139/19/4
f 122/2/1 144/20/1 145/19/1 116/1/1
f 116/2/2 145/20/2 147/19/2 138/1/2
f 146/1/3 138/2/3 147/20/3 148/19/3
f 122/1/4 146/2/4 148/20/4 144/19/4
f 123/2/1 124/22/1 122/21/1 121/1/1
f 121/2/2 122/22/2 146/21/2 143/1/2
f 149/1/3 143/2/3 146/22/3 150/21/3
f 123/1/4 149/2/4 150/22/4 124/21/4
f 124/2/1 151/20/1 152/19/1 122/1/1
f 122/2/2 152/20/2 153/19/2 146/1/2
f 150/1/3 146/2/3 153/20/3 154/19/3
f 124/1/4 150/2/4 154/20/4 151/19/4
f 125/2/1 157/20/1 158/19/1 124/1/1
f 124/2/2 158/20/2 159/19/2 150/1/2
f 156/1/3 150/2/3 159/20/3 160/19/3
f 125/1/4 156/2/4 160/20/4 157/19/4
f 127/2/1 167/20/1 168/19/1 126/1/1
f 126/2/2 168/20/2 169/19/2 164/1/2
f 166/1/3 164/2/3 169/20/3 170/19/3
f 127/1/4 166/2/4 170/20/4 167/19/4
f 128/2/1 172/20/1 173/19/1 127/1/1
f 127/2/2 173/20/2 174/19/2 166/1/2
f 171/1/3 166/2/3 174/20/3 175/19/3
f 128/1/4 171/2/4 175/20/4 172/19/4
f 130/2/1 132/22/1 131/21/1 129/1/1
f 129/2/2 131/22/2 179/21/2 177/1/2
f 178/1/3 177/2/3 179/22/3 180/21/3
f 130/1/4 178/2/4 180/22/4 132/21/4
f 132/2/1 181/20/1 182/19/1 131/1/1
f 131/2/2 182/20/2 183/19/2 179/1/2
f 180/1/3 179/2/3 183/20/3 184/19/3
f 132/1/4 180/2/4 184/20/4 181/19/4
f 137/2/1 138/22/1 132/21/1 130/1/1
f 130/2/2 132/22/2 180/21/2 178/1/2
f 185/1/3 178/2/3 180/22/3 186/21/3
f 137/1/4 185/2/4 186/22/4 138/21/4
f 138/2/1 187/20/1 188/19/1 132/1/1
f 132/2/2 188/20/2 189/19/2 180/1/2
f 186/1/3 180/2/3 189/20/3 190/19/3
f 138/1/4 186/2/4 190/20/4 187/19/4
f 143/2/1 146/22/1 138/21/1 137/1/1
f 137/2/2 138/22/2 186/21/2 185/1/2
f 191/1/3 185/2/3 186/22/3 192/21/3
f 143/1/4 191/2/4 192/22/4 146/21/4
f 146/2/1 193/20/1 194/19/1 138/1/1
f 138/2/2 194/20/2 195/19/2 186/1/2
f 192/1/3 186/2/3 195/20/3 196/19/3
f 146/1/4 192/2/4 196/20/4 193/19/4
f 149/2/1 150/22/1 146/21/1 143/1/1
f 143/2/2 146/22/2 192/21/2 191/1/2
f 197/1/3 191/2/3 192/22/3 198/21/3
f 149/1/4 197/2/4 198/22/4 150/21/4
f 150/2/1 199/20/1 200/19/1 146/1/1
f 146/2/2 200/20/2 201/19/2 192/1/2
f 198/1/3 192/2/3 201/20/3 202/19/3
f 150/1/4 198/2/4 202/20/4 199/19/4
f 155/2/1 156/22/1 150/21/1 149/1/1
f 149/2/2 150/22/2 198/21/2 197/1/2
f 203/1/3 197/2/3 198/22/3 204/21/3
f 155/1/4 203/2/4 204/22/4 156/21/4
f 156/2/1 205/20/1 206/19/1 150/1/1
f 150/2/2 206/20/2 207/19/2 198/1/2
f 204/1/3 198/2/3 207/20/3 208/19/3
f 156/1/4 204/2/4 208/20/4 205/19/4
f 161/2/1 162/22/1 156/21/1 155/1/1
f 155/2/2 156/22/2 204/21/2 203/1/2
f 209/1/3 203/2/3 204/22/3 210/21/3
f 161/1/4 209/2/4 210/22/4 162/21/4
f 162/2/1 211/20/1 212/19/1 156/1/1
f 156/2/2 212/20/2 213/19/2 204/1/2
f 210/1/3 204/2/3 213/20/3 214/19/3
f 162/1/4 210/2/4 214/20/4 211/19/4
f 164/2/1 216/20/1 217/19/1 162/1/1
f 162/2/2 217/20/2 219/19/2 210/1/2
f 218/1/3 210/2/3 219/20/3 220/19/3
f 164/1/4 218/2/4 220/20/4 216/19/4
f 165/2/1 166/22/1 164/21/1 163/1/1
f 163/2/2 164/22/2 218/21/2 215/1/2
f 221/1/3 215/2/3 218/22/3 222/21/3
f 165/1/4 221/2/4 222/22/4 166/21/4
f 166/2/1 223/20/1 224/19/1 164/1/1
f 164/2/2 224/20/2 225/19/2 218/1/2
f 222/1/3 218/2/3 225/20/3 226/19/3
f 166/1/4 222/2/4 226/20/4 223/19/4
f 171/2/1 229/20/1 230/19/1 166/1/1
f 166/2/2 230/20/2 231/19/2 222/1/2
f 228/1/3 222/2/3 231/20/3 232/19/3
f 171/1/4 228/2/4 232/20/4 229/19/4
f 176/2/1 234/20/1 235/19/1 171/1/1
f 171/2/2 235/20/2 236/19/2 228/1/2
f 233/1/3 228/2/3 236/20/3 237/19/3
f 176/1/4 233/2/4 237/20/4 234/19/4
f 178/2/1 180/22/1 179/21/1 177/1/1
f 177/2/2 179/22/2 241/21/2 239/1/2
f 240/1/3 239/2/3 241/22/3 242/21/3
f 178/1/4 240/2/4 242/22/4 180/21/4
f 180/2/1 243/20/1 244/19/1 179/1/1
f 179/2/2 244/20/2 245/19/2 241/1/2
f 242/1/3 241/2/3 245/20/3 246/19/3
f 180/1/4 242/2/4 246/20/4 243/19/4
f 185/2/1 186/22/1 180/21/1 178/1/1
f 178/2/2 180/22/2 242/21/2 240/1/2
f 247/1/3 240/2/3 242/22/3 248/21/3
f 185/1/4 247/2/4 248/22/4 186/21/4
f 186/2/1 249/20/1 250/19/1 180/1/1
f 180/2/2 250/20/2 251/19/2 242/1/2
f 248/1/3 242/2/3 251/20/3 252/19/3
f 186/1/4 248/2/4 252/20/4 249/19/4
f 191/2/1 192/22/1 186/21/1 185/1/1
f 185/2/2 186/22/2 248/21/2 247/1/2
f 253/1/3 247/2/3 248/22/3 254/21/3
f 191/1/4 253/2/4 254/22/4 192/21/4
f 192/2/1 255/20/1 256/19/1 186/1/1
f 186/2/2 256/20/2 257/19/2 248/1/2
f 254/1/3 248/2/3 257/20/3 258/19/3
f 192/1/4 254/2/4 258/20/4 255/19/4
f 197/2/1 198/22/1 192/21/1 191/1/1
f 191/2/2 192/22/2 254/21/2 253/1/2
f 259/1/3 253/2/3 254/22/3 260/21/3
f 197/1/4 259/2/4 260/22/4 198/21/4
f 198/2/1 261/20/1 262/19/1 192/1/1
f 192/2/2 262/20/2 263/19/2 254/1/2
f 260/1/3 254/2/3 263/20/3 264/19/3
f 198/1/4 260/2/4 264/20/4 261/19/4
f 203/2/1 204/22/1 198/21/1 197/1/1
f 197/2/2 198/22/2 260/21/2 259/1/2
f 265/1/3 259/2/3 260/22/3 266/21/3
f 203/1/4 265/2/4 266/22/4 204/21/4
f 204/2/1 267/20/1 268/19/1 198/1/1
f 198/2/2 268/20/2 269/19/2 260/1/2
f 266/1/3 260/2/3 269/20/3 270/19/3
f 204/1/4 266/2/4 270/20/4 267/19/4
f 209/2/1 210/22/1 204/21/1 203/1/1
f 203/2/2 204/22/2 266/21/2 265/1/2
f 271/1/3 265/2/3 266/22/3 272/21/3
f 209/1/4 271/2/4 272/22/4 210/21/4
f 210/2/1 273/20/1 274/19/1 204/1/1
f 204/2/2 274/20/2 275/19/2 266/1/2
f 272/1/3 266/2/3 275/20/3 276/19/3
f 210/1/4 272/2/4 276/20/4 273/19/4
f 215/2/1 218/22/1 210/21/1 209/1/1
f 209/2/2 210/22/2 272/21/2 271/1/2
f 277/1/3 271/2/3 272/22/3 278/21/3
f 215/1/4 277/2/4 278/22/4 218/21/4
f 218/2/1 279/20/1 280/19/1 210/1/1
f 210/2/2 280/20/2 281/19/2 272/1/2
f 278/1/3 272/2/3 281/20/3 282/19/3
f 218/1/4 278/2/4 282/20/4 279/19/4
f 221/2/1 222/22/1 218/21/1 215/1/1
f 215/2/2 218/22/2 278/21/2 277/1/2
f 283/1/3 277/2/3 278/22/3 284/21/3
f 221/1/4 283/2/4 284/22/4 222/21/4
f 222/2/1 285/20/1 286/19/1 218/1/1
f 218/2/2 286/20/2 287/19/2 278/1/2
f 284/1/3 278/2/3 287/20/3 288/19/3
f 222/1/4 284/2/4 288/20/4 285/19/4
f 227/2/1 228/22/1 222/21/1 221/1/1
f 221/2/2 222/22/2 284/21/2 283/1/2
f 289/1/3 283/2/3 284/22/3 290/21/3
f 227/1/4 289/2/4 290/22/4 228/21/4
f 228/2/1 291/20/1 292/19/1 222/1/1
f 222/2/2 292/20/2 293/19/2 284/1/2
f 290/1/3 284/2/3 293/20/3 294/19/3
f 228/1/4 290/2/4 294/20/4 291/19/4
f 233/2/1 296/20/1 297/19/1 228/1/1
f 228/2/2 297/20/2 298/19/2 290/1/2
f 295/1/3 290/2/3 298/20/3 299/19/3
f 233/1/4 295/2/4 299/20/4 296/19/4
f 238/2/1 301/20/1 302/19/1 233/1/1
f 233/2/2 302/20/2 303/19/2 295/1/2
f 300/1/3 295/2/3 303/20/3 304/19/3
f 238/1/4 300/2/4 304/20/4 301/19/4
f 240/2/1 242/22/1 241/21/1 239/1/1
f 239/2/2 241/22/2 307/21/2 305/1/2
f 306/1/3 305/2/3 307/22/3 308/21/3
f 240/1/4 306/2/4 308/22/4 242/21/4
f 242/2/1 309/20/1 310/19/1 241/1/1
f 241/2/2 310/20/2 311/19/2 307/1/2
f 308/1/3 307/2/3 311/20/3 312/19/3
f 242/1/4 308/2/4 312/20/4 309/19/4
f 247/2/1 248/22/1 242/21/1 240/1/1
f 240/2/2 242/22/2 308/21/2 306/1/2
f 313/1/3 306/2/3 308/22/3 314/21/3
f 247/1/4 313/2/4 314/22/4 248/21/4
f 248/2/1 315/20/1 316/19/1 242/1/1
f 242/2/2 316/20/2 317/19/2 308/1/2
f 314/1/3 308/2/3 317/20/3 318/19/3
f 248/1/4 314/2/4 318/20/4 315/19/4
f 254/2/1 320/20/1 321/19/1 248/1/1
f 248/2/2 321/20/2 322/19/2 314/1/2
f 319/1/3 314/2/3 322/20/3 323/19/3
f 254/1/4 319/2/4 323/20/4 320/19/4
f 271/2/1 272/22/1 266/21/1 265/1/1
f 265/2/2 266/22/2 326/21/2 325/1/2
f 327/1/3 325/2/3 326/22/3 328/21/3
f 271/1/4 327/2/4 328/22/4 272/21/4
f 272/2/1 329/20/1 330/19/1 266/1/1
f 266/2/2 330/20/2 331/19/2 326/1/2
f 328/1/3 326/2/3 331/20/3 332/19/3
f 272/1/4 328/2/4 332/20/4 329/19/4
f 277/2/1 278/22/1 272/21/1 271/1/1
f 271/2/2 272/22/2 328/21/2 327/1/2
f 334/1/3 327/2/3 328/22/3 335/21/3
f 277/1/4 334/2/4 335/22/4 278/21/4
f 278/2/1 336/20/1 337/19/1 272/1/1
f 272/2/2 337/20/2 338/19/2 328/1/2
f 335/1/3 328/2/3 338/20/3 339/19/3
f 278/1/4 335/2/4 339/20/4 336/19/4
f 283/2/1 284/22/1 278/21/1 277/1/1
f 277/2/2 278/22/2 335/21/2 334/1/2
f 341/1/3 334/2/3 335/22/3 342/21/3
f 283/1/4 341/2/4 342/22/4 284/21/4
f 284/2/1 343/20/1 344/19/1 278/1/1
f 278/2/2 344/20/2 345/19/2 335/1/2
f 342/1/3 335/2/3 345/20/3 346/19/3
f 284/1/4 342/2/4 346/20/4 343/19/4
f 289/2/1 290/22/1 284/21/1 283/1/1
f 283/2/2 284/22/2 342/21/2 341/1/2
f 347/1/3 341/2/3 342/22/3 348/21/3
f 289/1/4 347/2/4 348/22/4 290/21/4
f 290/2/1 349/20/1 350/19/1 284/1/1
f 284/2/2 350/20/2 351/19/2 342/1/2
f 348/1/3 342/2/3 351/20/3 352/19/3
f 290/1/4 348/2/4 352/20/4 349/19/4
f 295/2/1 354/20/1 355/19/1 290/1/1
f 290/2/2 355/20/2 356/19/2 348/1/2
f 353/1/3 348/2/3 356/20/3 357/19/3
f 295/1/4 353/2/4 357/20/4 354/19/4
f 300/2/1 359/20/1 360/19/1 295/1/1
f 295/2/2 360/20/2 361/19/2 353/1/2
f 358/1/3 353/2/3 361/20/3 362/19/3
f 300/1/4 358/2/4 362/20/4 359/19/4
f 306/2/1 308/22/1 307/21/1 305/1/1
f 305/2/2 307/22/2 367/21/2 365/1/2
f 366/1/3 365/2/3 367/22/3 368/21/3
f 306/1/4 366/2/4 368/22/4 308/21/4
f 308/2/1 369/20/1 370/19/1 307/1/1
f 307/2/2 370/20/2 371/19/2 367/1/2
f 368/1/3 367/2/3 371/20/3 372/19/3
f 308/1/4 368/2/4 372/20/4 369/19/4
f 313/2/1 314/22/1 308/21/1 306/1/1
f 306/2/2 308/22/2 368/21/2 366/1/2
f 373/1/3 366/2/3 368/22/3 374/21/3
f 313/1/4 373/2/4 374/22/4 314/21/4
f 314/2/1 375/20/1 376/19/1 308/1/1
f 308/2/2 376/20/2 377/19/2 368/1/2
f 374/1/3 368/2/3 377/20/3 378/19/3
f 314/1/4 374/2/4 378/20/4 375/19/4
f 319/2/1 381/20/1 382/19/1 314/1/1
f 314/2/2 382/20/2 383/19/2 374/1/2
f 380/1/3 374/2/3 383/20/3 384/19/3
f 319/1/4 380/2/4 384/20/4 381/19/4
f 324/2/1 387/20/1 388/19/1 319/1/1
f 319/2/2 388/20/2 389/19/2 380/1/2
f 386/1/3 380/2/3 389/20/3 390/19/3
f 324/1/4 386/2/4 390/20/4 387/19/4
f 327/2/1 328/22/1 326/21/1 325/1/1
f 325/2/2 326/22/2 392/21/2 391/1/2
f 393/1/3 391/2/3 392/22/3 394/21/3
f 327/1/4 393/2/4 394/22/4 328/21/4
f 328/2/1 395/20/1 396/19/1 326/1/1
f 326/2/2 396/20/2 397/19/2 392/1/2
f 394/1/3 392/2/3 397/20/3 398/19/3
f 328/1/4 394/2/4 398/20/4 395/19/4
f 340/2/1 341/22/1 334/21/1 333/1/1
f 333/2/2 334/22/2 400/21/2 399/1/2
f 402/1/3 399/2/3 400/22/3 403/21/3
f 340/1/4 402/2/4 403/22/4 341/21/4
f 341/2/1 342/22/1 335/21/1 334/1/1
f 334/2/2 335/22/2 401/21/2 400/1/2
f 403/1/3 400/2/3 401/22/3 404/21/3
f 341/1/4 403/2/4 404/22/4 342/21/4
f 342/2/1 405/20/1 406/19/1 335/1/1
f 335/2/2 406/20/2 407/19/2 401/1/2
f 404/1/3 401/2/3 407/20/3 408/19/3
f 342/1/4 404/2/4 408/20/4 405/19/4
f 347/2/1 348/22/1 342/21/1 341/1/1
f 341/2/2 342/22/2 404/21/2 403/1/2
f 409/1/3 403/2/3 404/22/3 410/21/3
f 347/1/4 409/2/4 410/22/4 348/21/4
f 348/2/1 411/20/1 412/19/1 342/1/1
f 342/2/2 412/20/2 413/19/2 404/1/2
f 410/1/3 404/2/3 413/20/3 414/19/3
f 348/1/4 410/2/4 414/20/4 411/19/4
f 353/2/1 417/20/1 418/19/1 348/1/1
f 348/2/2 418/20/2 419/19/2 410/1/2
f 416/1/3 410/2/3 419/20/3 420/19/3
f 353/1/4 416/2/4 420/20/4 417/19/4
f 358/2/1 422/20/1 423/19/1 353/1/1
f 353/2/2 423/20/2 424/19/2 416/1/2
f 421/1/3 416/2/3 424/20/3 425/19/3
f 358/1/4 421/2/4 425/20/4 422/19/4
f 363/2/1 366/22/1 365/21/1 364/1/1
f 364/2/2 365/22/2 428/21/2 427/1/2
f 426/1/3 427/2/3 428/22/3 429/21/3
f 363/1/4 426/2/4 429/22/4 366/21/4
f 366/2/1 368/22/1 367/21/1 365/1/1
f 365/2/2 367/22/2 430/21/2 428/1/2
f 429/1/3 428/2/3 430/22/3 431/21/3
f 366/1/4 429/2/4 431/22/4 368/21/4
f 368/2/1 432/20/1 433/19/1 367/1/1
f 367/2/2 433/20/2 434/19/2 430/1/2
f 431/1/3 430/2/3 434/20/3 435/19/3
f 368/1/4 431/2/4 435/20/4 432/19/4
f 373/2/1 374/22/1 368/21/1 366/1/1
f 366/2/2 368/22/2 431/21/2 429/1/2
f 437/1/3 429/2/3 431/22/3 438/21/3
f 373/1/4 437/2/4 438/22/4 374/21/4
f 374/2/1 439/20/1 440/19/1 368/1/1
f 368/2/2 440/20/2 441/19/2 431/1/2
f 438/1/3 431/2/3 441/20/3 442/19/3
f 374/1/4 438/2/4 442/20/4 439/19/4
f 379/2/1 380/22/1 374/21/1 373/1/1
f 373/2/2 374/22/2 438/21/2 437/1/2
f 443/1/3 437/2/3 438/22/3 444/21/3
f 379/1/4 443/2/4 444/22/4 380/21/4
f 380/2/1 445/20/1 446/19/1 374/1/1
f 374/2/2 446/20/2 447/19/2 438/1/2
f 444/1/3 438/2/3 447/20/3 448/19/3
f 380/1/4 444/2/4 448/20/4 445/19/4
f 385/2/1 386/22/1 380/21/1 379/1/1
f 379/2/2 380/22/2 444/21/2 443/1/2
f 449/1/3 443/2/3 444/22/3 450/21/3
f 385/1/4 449/2/4 450/22/4 386/21/4
f 386/2/1 451/20/1 452/19/1 380/1/1
f 380/2/2 452/20/2 453/19/2 444/1/2
f 450/1/3 444/2/3 453/20/3 454/19/3
f 386/1/4 450/2/4 454/20/4 451/19/4
f 392/2/1 456/20/1 457/19/1 386/1/1
f 386/2/2 457/20/2 458/19/2 450/1/2
f 455/1/3 450/2/3 458/20/3 459/19/3
f 392/1/4 455/2/4 459/20/4 456/19/4
f 409/2/1 410/22/1 404/21/1 403/1/1
f 403/2/2 404/22/2 466/21/2 465/1/2
f 467/1/3 465/2/3 466/22/3 468/21/3
f 409/1/4 467/2/4 468/22/4 410/21/4
f 410/2/1 469/20/1 470/19/1 404/1/1
f 404/2/2 470/20/2 471/19/2 466/1/2
f 468/1/3 466/2/3 471/20/3 472/19/3
f 410/1/4 468/2/4 472/20/4 469/19/4
f 415/2/1 416/22/1 410/21/1 409/1/1
f 409/2/2 410/22/2 468/21/2 467/1/2
f 473/1/3 467/2/3 468/22/3 474/21/3
f 415/1/4 473/2/4 474/22/4 416/21/4
f 416/2/1 475/20/1 476/19/1 410/1/1
f 410/2/2 476/20/2 477/19/2 468/1/2
f 474/1/3 468/2/3 477/20/3 478/19/3
f 416/1/4 474/2/4 478/20/4 475/19/4
f 421/2/1 480/20/1 481/19/1 416/1/1
f 416/2/2 481/20/2 482/19/2 474/1/2
f 479/1/3 474/2/3 482/20/3 483/19/3
f 421/1/4 479/2/4 483/20/4 480/19/4
f 509/1/3 496/2/3 510/20/3 511/19/3
f 426/2/1 429/22/1 428/21/1 427/1/1
f 427/2/2 428/22/2 514/21/2 513/1/2
f 512/1/3 513/2/3 514/22/3 515/21/3
f 426/1/4 512/2/4 515/22/4 429/21/4
f 429/2/1 431/22/1 430/21/1 428/1/1
f 428/2/2 430/22/2 516/21/2 514/1/2
f 515/1/3 514/2/3 516/22/3 517/21/3
f 429/1/4 515/2/4 517/22/4 431/21/4
f 431/2/1 518/20/1 519/19/1 430/1/1
f 430/2/2 519/20/2 520/19/2 516/1/2
f 517/1/3 516/2/3 520/20/3 521/19/3
f 431/1/4 517/2/4 521/20/4 518/19/4
f 436/2/1 437/22/1 429/21/1 426/1/1
f 426/2/2 429/22/2 515/21/2 512/1/2
f 522/1/3 512/2/3 515/22/3 523/21/3
f 436/1/4 522/2/4 523/22/4 437/21/4
f 437/2/1 438/22/1 431/21/1 429/1/1
f 429/2/2 431/22/2 517/21/2 515/1/2
f 523/1/3 515/2/3 517/22/3 524/21/3
f 437/1/4 523/2/4 524/22/4 438/21/4
f 438/2/1 525/20/1 526/19/1 431/1/1
f 431/2/2 526/20/2 527/19/2 517/1/2
f 524/1/3 517/2/3 527/20/3 528/19/3
f 438/1/4 524/2/4 528/20/4 525/19/4
f 443/2/1 444/22/1 438/21/1 437/1/1
f 437/2/2 438/22/2 524/21/2 523/1/2
f 529/1/3 523/2/3 524/22/3 530/21/3
f 443/1/4 529/2/4 530/22/4 444/21/4
f 444/2/1 531/20/1 532/19/1 438/1/1
f 438/2/2 532/20/2 533/19/2 524/1/2
f 530/1/3 524/2/3 533/20/3 534/19/3
f 444/1/4 530/2/4 534/20/4 531/19/4
f 449/2/1 450/22/1 444/21/1 443/1/1
f 443/2/2 444/22/2 530/21/2 529/1/2
f 537/1/3 529/2/3 530/22/3 538/21/3
f 449/1/4 537/2/4 538/22/4 450/21/4
f 450/2/1 539/20/1 540/19/1 444/1/1
f 444/2/2 540/20/2 541/19/2 530/1/2
f 538/1/3 530/2/3 541/20/3 542/19/3
f 450/1/4 538/2/4 542/20/4 539/19/4
f 455/2/1 545/20/1 546/19/1 450/1/1
f 450/2/2 546/20/2 548/19/2 538/1/2
f 547/1/3 538/2/3 548/20/3 549/19/3
f 455/1/4 547/2/4 549/20/4 545/19/4
f 460/2/1 553/20/1 554/19/1 455/1/1
f 455/2/2 554/20/2 555/19/2 547/1/2
f 552/1/3 547/2/3 555/20/3 556/19/3
f 460/1/4 552/2/4 556/20/4 553/19/4
f 464/2/1 465/22/1 462/21/1 461/1/1
f 461/2/2 462/22/2 558/21/2 557/1/2
f 560/1/3 557/2/3 558/22/3 561/21/3
f 464/1/4 560/2/4 561/22/4 465/21/4
f 465/2/1 466/22/1 463/21/1 462/1/1
f 462/2/2 463/22/2 559/21/2 558/1/2
f 561/1/3 558/2/3 559/22/3 562/21/3
f 465/1/4 561/2/4 562/22/4 466/21/4
f 466/2/1 563/20/1 564/19/1 463/1/1
f 463/2/2 564/20/2 565/19/2 559/1/2
f 562/1/3 559/2/3 565/20/3 566/19/3
f 466/1/4 562/2/4 566/20/4 563/19/4
f 467/2/1 468/22/1 466/21/1 465/1/1
f 465/2/2 466/22/2 562/21/2 561/1/2
f 567/1/3 561/2/3 562/22/3 568/21/3
f 467/1/4 567/2/4 568/22/4 468/21/4
f 468/2/1 569/20/1 570/19/1 466/1/1
f 466/2/2 570/20/2 571/19/2 562/1/2
f 568/1/3 562/2/3 571/20/3 572/19/3
f 468/1/4 568/2/4 572/20/4 569/19/4
f 473/2/1 474/22/1 468/21/1 467/1/1
f 467/2/2 468/22/2 568/21/2 567/1/2
f 573/1/3 567/2/3 568/22/3 574/21/3
f 473/1/4 573/2/4 574/22/4 474/21/4
f 474/2/1 575/20/1 576/19/1 468/1/1
f 468/2/2 576/20/2 577/19/2 568/1/2
f 574/1/3 568/2/3 577/20/3 578/19/3
f 474/1/4 574/2/4 578/20/4 575/19/4
f 479/2/1 580/20/1 581/19/1 474/1/1
f 474/2/2 581/20/2 582/19/2 574/1/2
f 579/1/3 574/2/3 582/20/3 583/19/3
f 479/1/4 579/2/4 583/20/4 580/19/4
f 497/2/1 498/22/1 485/21/1 484/1/1
f 484/2/2 485/22/2 587/21/2 586/1/2
f 596/1/3 586/2/3 587/22/3 597/21/3
f 497/1/4 596/2/4 597/22/4 498/21/4
f 498/2/1 499/22/1 486/21/1 485/1/1
f 485/2/2 486/22/2 588/21/2 587/1/2
f 597/1/3 587/2/3 588/22/3 598/21/3
f 498/1/4 597/2/4 598/22/4 499/21/4
f 499/2/1 500/22/1 487/21/1 486/1/1
f 486/2/2 487/22/2 589/21/2 588/1/2
f 598/1/3 588/2/3 589/22/3 599/21/3
f 499/1/4 598/2/4 599/22/4 500/21/4
f 500/2/1 501/22/1 488/21/1 487/1/1
f 487/2/2 488/22/2 590/21/2 589/1/2
f 599/1/3 589/2/3 590/22/3 600/21/3
f 500/1/4 599/2/4 600/22/4 501/21/4
f 501/2/1 502/22/1 489/21/1 488/1/1
f 488/2/2 489/22/2 591/21/2 590/1/2
f 600/1/3 590/2/3 591/22/3 601/21/3
f 501/1/4 600/2/4 601/22/4 502/21/4
f 502/2/1 503/22/1 490/21/1 489/1/1
f 489/2/2 490/22/2 592/21/2 591/1/2
f 601/1/3 591/2/3 592/22/3 602/21/3
f 502/1/4 601/2/4 602/22/4 503/21/4
f 503/2/1 504/22/1 491/21/1 490/1/1
f 490/2/2 491/22/2 593/21/2 592/1/2
f 602/1/3 592/2/3 593/22/3 603/21/3
f 503/1/4 602/2/4 603/22/4 504/21/4
f 504/2/1 505/22/1 492/21/1 491/1/1
f 491/2/2 492/22/2 594/21/2 593/1/2
f 603/1/3 593/2/3 594/22/3 604/21/3
f 504/1/4 603/2/4 604/22/4 505/21/4
f 505/2/1 506/22/1 493/21/1 492/1/1
f 492/2/2 493/22/2 595/21/2 594/1/2
f 604/1/3 594/2/3 595/22/3 605/21/3
f 505/1/4 604/2/4 605/22/4 506/21/4
f 506/2/1 507/22/1 494/21/1 493/1/1
f 506/1/4 605/2/4 606/22/4 507/21/4
f 507/2/1 508/22/1 495/21/1 494/1/1
f 507/1/4 606/2/4 607/22/4 508/21/4
f 508/2/1 509/22/1 496/21/1 495/1/1
f 508/1/4 607/2/4 608/22/4 509/21/4
f 509/2/1 609/20/1 610/19/1 496/1/1
f 509/1/4 608/2/4 611/18/4 609/19/4
f 512/2/1 515/22/1 514/21/1 513/1/1
f 513/2/2 514/22/2 614/21/2 613/1/2
f 612/1/3 613/2/3 614/22/3 615/21/3
f 512/1/4 612/2/4 615/22/4 515/21/4
f 515/2/1 517/22/1 516/21/1 514/1/1
f 514/2/2 516/22/2 616/21/2 614/1/2
f 615/1/3 614/2/3 616/22/3 617/21/3
f 515/1/4 615/2/4 617/22/4 517/21/4
f 517/2/1 618/20/1 619/19/1 516/1/1
f 516/2/2 619/20/2 620/19/2 616/1/2
f 617/1/3 616/2/3 620/20/3 621/19/3
f 517/1/4 617/2/4 621/20/4 618/19/4
f 522/2/1 523/22/1 515/21/1 512/1/1
f 512/2/2 515/22/2 615/21/2 612/1/2
f 622/1/3 612/2/3 615/22/3 623/21/3
f 522/1/4 622/2/4 623/22/4 523/21/4
f 523/2/1 524/22/1 517/21/1 515/1/1
f 515/2/2 517/22/2 617/21/2 615/1/2
f 623/1/3 615/2/3 617/22/3 624/21/3
f 523/1/4 623/2/4 624/22/4 524/21/4
f 524/2/1 625/20/1 626/19/1 517/1/1
f 517/2/2 626/20/2 627/19/2 617/1/2
f 624/1/3 617/2/3 627/20/3 628/19/3
f 524/1/4 624/2/4 628/20/4 625/19/4
f 536/2/1 529/22/1 523/21/1 522/1/1
f 522/2/2 523/22/2 623/21/2 622/1/2
f 629/1/3 622/2/3 623/22/3 630/21/3
f 536/1/4 629/2/4 630/22/4 529/21/4
f 529/2/1 530/22/1 524/21/1 523/1/1
f 523/2/2 524/22/2 624/21/2 623/1/2
f 630/1/3 623/2/3 624/22/3 631/21/3
f 529/1/4 630/2/4 631/22/4 530/21/4
f 530/2/1 632/20/1 633/19/1 524/1/1
f 524/2/2 633/20/2 634/19/2 624/1/2
f 631/1/3 624/2/3 634/20/3 635/19/3
f 530/1/4 631/2/4 635/20/4 632/19/4
f 535/2/1 537/22/1 529/21/1 536/1/1
f 536/2/2 529/22/2 630/21/2 629/1/2
f 636/1/3 629/2/3 630/22/3 637/21/3
f 535/1/4 636/2/4 637/22/4 537/21/4
f 537/2/1 538/22/1 530/21/1 529/1/1
f 529/2/2 530/22/2 631/21/2 630/1/2
f 637/1/3 630/2/3 631/22/3 638/21/3
f 537/1/4 637/2/4 638/22/4 538/21/4
f 538/2/1 639/20/1 640/19/1 530/1/1
f 530/2/2 640/20/2 641/19/2 631/1/2
f 638/1/3 631/2/3 641/20/3 642/19/3
f 538/1/4 638/2/4 642/20/4 639/19/4
f 544/2/1 547/22/1 538/21/1 537/1/1
f 537/2/2 538/22/2 638/21/2 637/1/2
f 644/1/3 637/2/3 638/22/3 645/21/3
f 544/1/4 644/2/4 645/22/4 547/21/4
f 547/2/1 646/20/1 647/19/1 538/1/1
f 538/2/2 647/20/2 648/19/2 638/1/2
f 645/1/3 638/2/3 648/20/3 649/19/3
f 547/1/4 645/2/4 649/20/4 646/19/4
f 550/2/1 551/22/1 544/21/1 543/1/1
f 543/2/2 544/22/2 644/21/2 643/1/2
f 650/1/3 643/2/3 644/22/3 651/21/3
f 550/1/4 650/2/4 651/22/4 551/21/4
f 551/2/1 552/22/1 547/21/1 544/1/1
f 544/2/2 547/22/2 645/21/2 644/1/2
f 651/1/3 644/2/3 645/22/3 652/21/3
f 551/1/4 651/2/4 652/22/4 552/21/4
f 552/2/1 653/20/1 654/19/1 547/1/1
f 547/2/2 654/20/2 655/19/2 645/1/2
f 652/1/3 645/2/3 655/20/3 656/19/3
f 552/1/4 652/2/4 656/20/4 653/19/4
f 558/2/1 559/22/1 552/21/1 551/1/1
f 551/2/2 552/22/2 652/21/2 651/1/2
f 658/1/3 651/2/3 652/22/3 659/21/3
f 558/1/4 658/2/4 659/22/4 559/21/4
f 559/2/1 660/20/1 661/19/1 552/1/1
f 552/2/2 661/20/2 662/19/2 652/1/2
f 659/1/3 652/2/3 662/20/3 663/19/3
f 559/1/4 659/2/4 663/20/4 660/19/4
f 561/2/1 562/22/1 559/21/1 558/1/1
f 558/2/2 559/22/2 659/21/2 658/1/2
f 664/1/3 658/2/3 659/22/3 665/21/3
f 561/1/4 664/2/4 665/22/4 562/21/4
f 562/2/1 666/20/1 667/19/1 559/1/1
f 559/2/2 667/20/2 668/19/2 659/1/2
f 665/1/3 659/2/3 668/20/3 669/19/3
f 562/1/4 665/2/4 669/20/4 666/19/4
f 567/2/1 568/22/1 562/21/1 561/1/1
f 561/2/2 562/22/2 665/21/2 664/1/2
f 670/1/3 664/2/3 665/22/3 671/21/3
f 567/1/4 670/2/4 671/22/4 568/21/4
f 568/2/1 672/20/1 673/19/1 562/1/1
f 562/2/2 673/20/2 674/19/2 665/1/2
f 671/1/3 665/2/3 674/20/3 675/19/3
f 568/1/4 671/2/4 675/20/4 672/19/4
f 574/2/1 678/20/1 679/19/1 568/1/1
f 568/2/2 679/20/2 680/19/2 671/1/2
f 677/1/3 671/2/3 680/20/3 681/19/3
f 574/1/4 677/2/4 681/20/4 678/19/4
f 579/2/1 684/20/1 685/19/1 574/1/1
f 574/2/2 685/20/2 686/19/2 677/1/2
f 683/1/3 677/2/3 686/20/3 687/19/3
f 579/1/4 683/2/4 687/20/4 684/19/4
f 584/2/1 689/20/1 690/19/1 579/1/1
f 579/2/2 690/20/2 691/19/2 683/1/2
f 688/1/3 683/2/3 691/20/3 692/19/3
f 584/1/4 688/2/4 692/20/4 689/19/4
f 585/2/1 694/20/1 695/19/1 584/1/1
f 584/2/2 695/20/2 696/19/2 688/1/2
f 693/1/3 688/2/3 696/20/3 697/19/3
f 585/1/4 693/2/4 697/20/4 694/19/4
f 612/2/1 615/22/1 614/21/1 613/1/1
f 613/2/2 614/22/2 700/21/2 699/1/2
f 698/1/3 699/2/3 700/22/3 701/21/3
f 612/1/4 698/2/4 701/22/4 615/21/4
f 615/2/1 617/22/1 616/21/1 614/1/1
f 614/2/2 616/22/2 702/21/2 700/1/2
f 701/1/3 700/2/3 702/22/3 703/21/3
f 615/1/4 701/2/4 703/22/4 617/21/4
f 617/2/1 704/20/1 705/19/1 616/1/1
f 616/2/2 705/20/2 706/19/2 702/1/2
f 703/1/3 702/2/3 706/20/3 707/19/3
f 617/1/4 703/2/4 707/20/4 704/19/4
f 622/2/1 623/22/1 615/21/1 612/1/1
f 612/2/2 615/22/2 701/21/2 698/1/2
f 708/1/3 698/2/3 701/22/3 709/21/3
f 622/1/4 708/2/4 709/22/4 623/21/4
f 623/2/1 624/22/1 617/21/1 615/1/1
f 615/2/2 617/22/2 703/21/2 701/1/2
f 709/1/3 701/2/3 703/22/3 710/21/3
f 623/1/4 709/2/4 710/22/4 624/21/4
f 624/2/1 711/20/1 712/19/1 617/1/1
f 617/2/2 712/20/2 713/19/2 703/1/2
f 710/1/3 703/2/3 713/20/3 714/19/3
f 624/1/4 710/2/4 714/20/4 711/19/4
f 629/2/1 630/22/1 623/21/1 622/1/1
f 622/2/2 623/22/2 709/21/2 708/1/2
f 715/1/3 708/2/3 709/22/3 716/21/3
f 629/1/4 715/2/4 716/22/4 630/21/4
f 630/2/1 631/22/1 624/21/1 623/1/1
f 623/2/2 624/22/2 710/21/2 709/1/2
f 716/1/3 709/2/3 710/22/3 717/21/3
f 630/1/4 716/2/4 717/22/4 631/21/4
f 631/2/1 718/20/1 719/19/1 624/1/1
f 624/2/2 719/20/2 720/19/2 710/1/2
f 717/1/3 710/2/3 720/20/3 721/19/3
f 631/1/4 717/2/4 721/20/4 718/19/4
f 636/2/1 637/22/1 630/21/1 629/1/1
f 629/2/2 630/22/2 716/21/2 715/1/2
f 722/1/3 715/2/3 716/22/3 723/21/3
f 636/1/4 722/2/4 723/22/4 637/21/4
f 637/2/1 638/22/1 631/21/1 630/1/1
f 630/2/2 631/22/2 717/21/2 716/1/2
f 723/1/3 716/2/3 717/22/3 724/21/3
f 637/1/4 723/2/4 724/22/4 638/21/4
f 638/2/1 725/20/1 726/19/1 631/1/1
f 631/2/2 726/20/2 727/19/2 717/1/2
f 724/1/3 717/2/3 727/20/3 728/19/3
f 638/1/4 724/2/4 728/20/4 725/19/4
f 644/2/1 645/22/1 638/21/1 637/1/1
f 637/2/2 638/22/2 724/21/2 723/1/2
f 730/1/3 723/2/3 724/22/3 731/21/3
f 644/1/4 730/2/4 731/22/4 645/21/4
f 645/2/1 732/20/1 733/19/1 638/1/1
f 638/2/2 733/20/2 734/19/2 724/1/2
f 731/1/3 724/2/3 734/20/3 735/19/3
f 645/1/4 731/2/4 735/20/4 732/19/4
f 650/2/1 651/22/1 644/21/1 643/1/1
f 643/2/2 644/22/2 730/21/2 729/1/2
f 736/1/3 729/2/3 730/22/3 737/21/3
f 650/1/4 736/2/4 737/22/4 651/21/4
f 651/2/1 652/22/1 645/21/1 644/1/1
f 644/2/2 645/22/2 731/21/2 730/1/2
f 737/1/3 730/2/3 731/22/3 738/21/3
f 651/1/4 737/2/4 738/22/4 652/21/4
f 652/2/1 739/20/1 740/19/1 645/1/1
f 645/2/2 740/20/2 741/19/2 731/1/2
f 738/1/3 731/2/3 741/20/3 742/19/3
f 652/1/4 738/2/4 742/20/4 739/19/4
f 657/2/1 658/22/1 651/21/1 650/1/1
f 650/2/2 651/22/2 737/21/2 736/1/2
f 743/1/3 736/2/3 737/22/3 744/21/3
f 657/1/4 743/2/4 744/22/4 658/21/4
f 658/2/1 659/22/1 652/21/1 651/1/1
f 651/2/2 652/22/2 738/21/2 737/1/2
f 744/1/3 737/2/3 738/22/3 745/21/3
f 658/1/4 744/2/4 745/22/4 659/21/4
f 659/2/1 746/20/1 747/19/1 652/1/1
f 652/2/2 747/20/2 748/19/2 738/1/2
f 745/1/3 738/2/3 748/20/3 749/19/3
f 659/1/4 745/2/4 749/20/4 746/19/4
f 664/2/1 665/22/1 659/21/1 658/1/1
f 658/2/2 659/22/2 745/21/2 744/1/2
f 750/1/3 744/2/3 745/22/3 751/21/3
f 664/1/4 750/2/4 751/22/4 665/21/4
f 665/2/1 752/20/1 753/19/1 659/1/1
f 659/2/2 753/20/2 754/19/2 745/1/2
f 751/1/3 745/2/3 754/20/3 755/19/3
f 665/1/4 751/2/4 755/20/4 752/19/4
f 670/2/1 671/22/1 665/21/1 664/1/1
f 664/2/2 665/22/2 751/21/2 750/1/2
f 756/1/3 750/2/3 751/22/3 757/21/3
f 670/1/4 756/2/4 757/22/4 671/21/4
f 671/2/1 758/20/1 759/19/1 665/1/1
f 665/2/2 759/20/2 760/19/2 751/1/2
f 757/1/3 751/2/3 760/20/3 761/19/3
f 671/1/4 757/2/4 761/20/4 758/19/4
f 676/2/1 677/22/1 671/21/1 670/1/1
f 670/2/2 671/22/2 757/21/2 756/1/2
f 762/1/3 756/2/3 757/22/3 763/21/3
f 676/1/4 762/2/4 763/22/4 677/21/4
f 677/2/1 764/20/1 765/19/1 671/1/1
f 671/2/2 765/20/2 766/19/2 757/1/2
f 763/1/3 757/2/3 766/20/3 767/19/3
f 677/1/4 763/2/4 767/20/4 764/19/4
f 682/2/1 683/22/1 677/21/1 676/1/1
f 676/2/2 677/22/2 763/21/2 762/1/2
f 768/1/3 762/2/3 763/22/3 769/21/3
f 682/1/4 768/2/4 769/22/4 683/21/4
f 683/2/1 770/20/1 771/19/1 677/1/1
f 677/2/2 771/20/2 772/19/2 763/1/2
f 769/1/3 763/2/3 772/20/3 773/19/3
f 683/1/4 769/2/4 773/20/4 770/19/4
f 688/2/1 775/20/1 776/19/1 683/1/1
f 683/2/2 776/20/2 777/19/2 769/1/2
f 774/1/3 769/2/3 777/20/3 778/19/3
f 688/1/4 774/2/4 778/20/4 775/19/4
f 693/2/1 780/20/1 781/19/1 688/1/1
f 688/2/2 781/20/2 782/19/2 774/1/2
f 779/1/3 774/2/3 782/20/3 783/19/3
f 693/1/4 779/2/4 783/20/4 780/19/4
f 698/2/1 701/22/1 700/21/1 699/1/1
f 699/2/2 700/22/2 787/21/2 786/1/2
f 785/1/3 786/2/3 787/22/3 788/21/3
f 698/1/4 785/2/4 788/22/4 701/21/4
f 701/2/1 703/22/1 702/21/1 700/1/1
f 700/2/2 702/22/2 789/21/2 787/1/2
f 788/1/3 787/2/3 789/22/3 790/21/3
f 701/1/4 788/2/4 790/22/4 703/21/4
f 703/2/1 791/20/1 792/19/1 702/1/1
f 702/2/2 792/20/2 793/19/2 789/1/2
f 790/1/3 789/2/3 793/20/3 794/19/3
f 703/1/4 790/2/4 794/20/4 791/19/4
f 708/2/1 709/22/1 701/21/1 698/1/1
f 698/2/2 701/22/2 788/21/2 785/1/2
f 795/1/3 785/2/3 788/22/3 796/21/3
f 708/1/4 795/2/4 796/22/4 709/21/4
f 709/2/1 710/22/1 703/21/1 701/1/1
f 701/2/2 703/22/2 790/21/2 788/1/2
f 796/1/3 788/2/3 790/22/3 797/21/3
f 709/1/4 796/2/4 797/22/4 710/21/4
f 710/2/1 798/20/1 799/19/1 703/1/1
f 703/2/2 799/20/2 800/19/2 790/1/2
f 797/1/3 790/2/3 800/20/3 801/19/3
f 710/1/4 797/2/4 801/20/4 798/19/4
f 715/2/1 716/22/1 709/21/1 708/1/1
f 708/2/2 709/22/2 796/21/2 795/1/2
f 802/1/3 795/2/3 796/22/3 803/21/3
f 715/1/4 802/2/4 803/22/4 716/21/4
f 716/2/1 717/22/1 710/21/1 709/1/1
f 709/2/2 710/22/2 797/21/2 796/1/2
f 803/1/3 796/2/3 797/22/3 804/21/3
f 716/1/4 803/2/4 804/22/4 717/21/4
f 717/2/1 805/20/1 806/19/1 710/1/1
f 710/2/2 806/20/2 807/19/2 797/1/2
f 804/1/3 797/2/3 807/20/3 808/19/3
f 717/1/4 804/2/4 808/20/4 805/19/4
f 722/2/1 723/22/1 716/21/1 715/1/1
f 715/2/2 716/22/2 803/21/2 802/1/2
f 809/1/3 802/2/3 803/22/3 810/21/3
f 722/1/4 809/2/4 810/22/4 723/21/4
f 723/2/1 724/22/1 717/21/1 716/1/1
f 716/2/2 717/22/2 804/21/2 803/1/2
f 810/1/3 803/2/3 804/22/3 811/21/3
f 723/1/4 810/2/4 811/22/4 724/21/4
f 724/2/1 812/20/1 813/19/1 717/1/1
f 717/2/2 813/20/2 814/19/2 804/1/2
f 811/1/3 804/2/3 814/20/3 815/19/3
f 724/1/4 811/2/4 815/20/4 812/19/4
f 729/2/1 730/22/1 723/21/1 722/1/1
f 722/2/2 723/22/2 810/21/2 809/1/2
f 816/1/3 809/2/3 810/22/3 817/21/3
f 729/1/4 816/2/4 817/22/4 730/21/4
f 730/2/1 731/22/1 724/21/1 723/1/1
f 723/2/2 724/22/2 811/21/2 810/1/2
f 817/1/3 810/2/3 811/22/3 818/21/3
f 730/1/4 817/2/4 818/22/4 731/21/4
f 731/2/1 819/20/1 820/19/1 724/1/1
f 724/2/2 820/20/2 821/19/2 811/1/2
f 818/1/3 811/2/3 821/20/3 822/19/3
f 731/1/4 818/2/4 822/20/4 819/19/4
f 738/2/1 826/20/1 827/19/1 731/1/1
f 731/2/2 827/20/2 828/19/2 818/1/2
f 825/1/3 818/2/3 828/20/3 829/19/3
f 738/1/4 825/2/4 829/20/4 826/19/4
f 757/2/1 835/20/1 836/19/1 751/1/1
f 751/2/2 836/20/2 837/19/2 832/1/2
f 834/1/3 832/2/3 837/20/3 838/19/3
f 757/1/4 834/2/4 838/20/4 835/19/4
f 762/2/1 763/22/1 757/21/1 756/1/1
f 756/2/2 757/22/2 834/21/2 833/1/2
f 839/1/3 833/2/3 834/22/3 840/21/3
f 762/1/4 839/2/4 840/22/4 763/21/4
f 763/2/1 841/20/1 842/19/1 757/1/1
f 757/2/2 842/20/2 843/19/2 834/1/2
f 840/1/3 834/2/3 843/20/3 844/19/3
f 763/1/4 840/2/4 844/20/4 841/19/4
f 768/2/1 769/22/1 763/21/1 762/1/1
f 762/2/2 763/22/2 840/21/2 839/1/2
f 845/1/3 839/2/3 840/22/3 846/21/3
f 768/1/4 845/2/4 846/22/4 769/21/4
f 769/2/1 847/20/1 848/19/1 763/1/1
f 763/2/2 848/20/2 849/19/2 840/1/2
f 846/1/3 840/2/3 849/20/3 850/19/3
f 769/1/4 846/2/4 850/20/4 847/19/4
f 774/2/1 852/20/1 853/19/1 769/1/1
f 769/2/2 853/20/2 854/19/2 846/1/2
f 851/1/3 846/2/3 854/20/3 855/19/3
f 774/1/4 851/2/4 855/20/4 852/19/4
f 779/2/1 857/20/1 858/19/1 774/1/1
f 774/2/2 858/20/2 859/19/2 851/1/2
f 856/1/3 851/2/3 859/20/3 860/19/3
f 779/1/4 856/2/4 860/20/4 857/19/4
f 784/2/1 862/20/1 863/19/1 779/1/1
f 779/2/2 863/20/2 864/19/2 856/1/2
f 861/1/3 856/2/3 864/20/3 865/19/3
f 784/1/4 861/2/4 865/20/4 862/19/4
f 785/2/1 788/22/1 787/21/1 786/1/1
f 786/2/2 787/22/2 868/21/2 867/1/2
f 866/1/3 867/2/3 868/22/3 869/21/3
f 785/1/4 866/2/4 869/22/4 788/21/4
f 788/2/1 790/22/1 789/21/1 787/1/1
f 787/2/2 789/22/2 870/21/2 868/1/2
f 869/1/3 868/2/3 870/22/3 871/21/3
f 788/1/4 869/2/4 871/22/4 790/21/4
f 790/2/1 872/20/1 873/19/1 789/1/1
f 789/2/2 873/20/2 874/19/2 870/1/2
f 871/1/3 870/2/3 874/20/3 875/19/3
f 790/1/4 871/2/4 875/20/4 872/19/4
f 795/2/1 796/22/1 788/21/1 785/1/1
f 785/2/2 788/22/2 869/21/2 866/1/2
f 876/1/3 866/2/3 869/22/3 877/21/3
f 795/1/4 876/2/4 877/22/4 796/21/4
f 796/2/1 797/22/1 790/21/1 788/1/1
f 788/2/2 790/22/2 871/21/2 869/1/2
f 877/1/3 869/2/3 871/22/3 878/21/3
f 796/1/4 877/2/4 878/22/4 797/21/4
f 797/2/1 879/20/1 880/19/1 790/1/1
f 790/2/2 880/20/2 881/19/2 871/1/2
f 878/1/3 871/2/3 881/20/3 882/19/3
f 797/1/4 878/2/4 882/20/4 879/19/4
f 802/2/1 803/22/1 796/21/1 795/1/1
f 795/2/2 796/22/2 877/21/2 876/1/2
f 883/1/3 876/2/3 877/22/3 884/21/3
f 802/1/4 883/2/4 884/22/4 803/21/4
f 803/2/1 804/22/1 797/21/1 796/1/1
f 796/2/2 797/22/2 878/21/2 877/1/2
f 884/1/3 877/2/3 878/22/3 885/21/3
f 803/1/4 884/2/4 885/22/4 804/21/4
f 804/2/1 886/20/1 887/19/1 797/1/1
f 797/2/2 887/20/2 888/19/2 878/1/2
f 885/1/3 878/2/3 888/20/3 889/19/3
f 804/1/4 885/2/4 889/20/4 886/19/4
f 809/2/1 810/22/1 803/21/1 802/1/1
f 802/2/2 803/22/2 884/21/2 883/1/2
f 890/1/3 883/2/3 884/22/3 891/21/3
f 809/1/4 890/2/4 891/22/4 810/21/4
f 810/2/1 811/22/1 804/21/1 803/1/1
f 803/2/2 804/22/2 885/21/2 884/1/2
f 891/1/3 884/2/3 885/22/3 892/21/3
f 810/1/4 891/2/4 892/22/4 811/21/4
f 811/2/1 893/20/1 894/19/1 804/1/1
f 804/2/2 894/20/2 895/19/2 885/1/2
f 892/1/3 885/2/3 895/20/3 896/19/3
f 811/1/4 892/2/4 896/20/4 893/19/4
f 816/2/1 817/22/1 810/21/1 809/1/1
f 809/2/2 810/22/2 891/21/2 890/1/2
f 897/1/3 890/2/3 891/22/3 898/21/3
f 816/1/4 897/2/4 898/22/4 817/21/4
f 817/2/1 818/22/1 811/21/1 810/1/1
f 810/2/2 811/22/2 892/21/2 891/1/2
f 898/1/3 891/2/3 892/22/3 899/21/3
f 817/1/4 898/2/4 899/22/4 818/21/4
f 818/2/1 900/20/1 901/19/1 811/1/1
f 811/2/2 901/20/2 902/19/2 892/1/2
f 899/1/3 892/2/3 902/20/3 903/19/3
f 818/1/4 899/2/4 903/20/4 900/19/4
f 823/2/1 824/22/1 817/21/1 816/1/1
f 816/2/2 817/22/2 898/21/2 897/1/2
f 904/1/3 897/2/3 898/22/3 905/21/3
f 823/1/4 904/2/4 905/22/4 824/21/4
f 824/2/1 825/22/1 818/21/1 817/1/1
f 817/2/2 818/22/2 899/21/2 898/1/2
f 905/1/3 898/2/3 899/22/3 906/21/3
f 824/1/4 905/2/4 906/22/4 825/21/4
f 825/2/1 907/20/1 908/19/1 818/1/1
f 818/2/2 908/20/2 909/19/2 899/1/2
f 906/1/3 899/2/3 909/20/3 910/19/3
f 825/1/4 906/2/4 910/20/4 907/19/4
f 830/2/1 914/20/1 915/19/1 825/1/1
f 825/2/2 915/20/2 916/19/2 906/1/2
f 913/1/3 906/2/3 916/20/3 917/19/3
f 830/1/4 913/2/4 917/20/4 914/19/4
f 833/2/1 834/22/1 832/21/1 831/1/1
f 831/2/2 832/22/2 920/21/2 919/1/2
f 921/1/3 919/2/3 920/22/3 922/21/3
f 833/1/4 921/2/4 922/22/4 834/21/4
f 834/2/1 923/20/1 924/19/1 832/1/1
f 832/2/2 924/20/2 925/19/2 920/1/2
f 922/1/3 920/2/3 925/20/3 926/19/3
f 834/1/4 922/2/4 926/20/4 923/19/4
f 839/2/1 840/22/1 834/21/1 833/1/1
f 833/2/2 834/22/2 922/21/2 921/1/2
f 927/1/3 921/2/3 922/22/3 928/21/3
f 839/1/4 927/2/4 928/22/4 840/21/4
f 840/2/1 929/20/1 930/19/1 834/1/1
f 834/2/2 930/20/2 931/19/2 922/1/2
f 928/1/3 922/2/3 931/20/3 932/19/3
f 840/1/4 928/2/4 932/20/4 929/19/4
f 845/2/1 846/22/1 840/21/1 839/1/1
f 839/2/2 840/22/2 928/21/2 927/1/2
f 933/1/3 927/2/3 928/22/3 934/21/3
f 845/1/4 933/2/4 934/22/4 846/21/4
f 846/2/1 935/20/1 936/19/1 840/1/1
f 840/2/2 936/20/2 937/19/2 928/1/2
f 934/1/3 928/2/3 937/20/3 938/19/3
f 846/1/4 934/2/4 938/20/4 935/19/4
f 851/2/1 940/20/1 941/19/1 846/1/1
f 846/2/2 941/20/2 942/19/2 934/1/2
f 939/1/3 934/2/3 942/20/3 943/19/3
f 851/1/4 939/2/4 943/20/4 940/19/4
f 856/2/1 945/20/1 946/19/1 851/1/1
f 851/2/2 946/20/2 947/19/2 939/1/2
f 944/1/3 939/2/3 947/20/3 948/19/3
f 856/1/4 944/2/4 948/20/4 945/19/4
f 861/2/1 950/20/1 951/19/1 856/1/1
f 856/2/2 951/20/2 952/19/2 944/1/2
f 949/1/3 944/2/3 952/20/3 953/19/3
f 861/1/4 949/2/4 953/20/4 950/19/4
f 866/2/1 869/22/1 868/21/1 867/1/1
f 867/2/2 868/22/2 956/21/2 955/1/2
f 954/1/3 955/2/3 956/22/3 957/21/3
f 866/1/4 954/2/4 957/22/4 869/21/4
f 869/2/1 871/22/1 870/21/1 868/1/1
f 868/2/2 870/22/2 958/21/2 956/1/2
f 957/1/3 956/2/3 958/22/3 959/21/3
f 869/1/4 957/2/4 959/22/4 871/21/4
f 871/2/1 960/20/1 961/19/1 870/1/1
f 870/2/2 961/20/2 962/19/2 958/1/2
f 959/1/3 958/2/3 962/20/3 963/19/3
f 871/1/4 959/2/4 963/20/4 960/19/4
f 876/2/1 877/22/1 869/21/1 866/1/1
f 866/2/2 869/22/2 957/21/2 954/1/2
f 964/1/3 954/2/3 957/22/3 965/21/3
f 876/1/4 964/2/4 965/22/4 877/21/4
f 877/2/1 878/22/1 871/21/1 869/1/1
f 869/2/2 871/22/2 959/21/2 957/1/2
f 965/1/3 957/2/3 959/22/3 966/21/3
f 877/1/4 965/2/4 966/22/4 878/21/4
f 878/2/1 967/20/1 968/19/1 871/1/1
f 871/2/2 968/20/2 969/19/2 959/1/2
f 966/1/3 959/2/3 969/20/3 970/19/3
f 878/1/4 966/2/4 970/20/4 967/19/4
f 883/2/1 884/22/1 877/21/1 876/1/1
f 876/2/2 877/22/2 965/21/2 964/1/2
f 971/1/3 964/2/3 965/22/3 972/21/3
f 883/1/4 971/2/4 972/22/4 884/21/4
f 884/2/1 885/22/1 878/21/1 877/1/1
f 877/2/2 878/22/2 966/21/2 965/1/2
f 972/1/3 965/2/3 966/22/3 973/21/3
f 884/1/4 972/2/4 973/22/4 885/21/4
f 885/2/1 974/20/1 975/19/1 878/1/1
f 878/2/2 975/20/2 976/19/2 966/1/2
f 973/1/3 966/2/3 976/20/3 977/19/3
f 885/1/4 973/2/4 977/20/4 974/19/4
f 890/2/1 891/22/1 884/21/1 883/1/1
f 883/2/2 884/22/2 972/21/2 971/1/2
f 978/1/3 971/2/3 972/22/3 979/21/3
f 890/1/4 978/2/4 979/22/4 891/21/4
f 891/2/1 892/22/1 885/21/1 884/1/1
f 884/2/2 885/22/2 973/21/2 972/1/2
f 979/1/3 972/2/3 973/22/3 980/21/3
f 891/1/4 979/2/4 980/22/4 892/21/4
f 892/2/1 981/20/1 982/19/1 885/1/1
f 885/2/2 982/20/2 983/19/2 973/1/2
f 980/1/3 973/2/3 983/20/3 984/19/3
f 892/1/4 980/2/4 984/20/4 981/19/4
f 897/2/1 898/22/1 891/21/1 890/1/1
f 890/2/2 891/22/2 979/21/2 978/1/2
f 985/1/3 978/2/3 979/22/3 986/21/3
f 897/1/4 985/2/4 986/22/4 898/21/4
f 898/2/1 899/22/1 892/21/1 891/1/1
f 891/2/2 892/22/2 980/21/2 979/1/2
f 986/1/3 979/2/3 980/22/3 987/21/3
f 898/1/4 986/2/4 987/22/4 899/21/4
f 899/2/1 988/20/1 989/19/1 892/1/1
f 892/2/2 989/20/2 990/19/2 980/1/2
f 987/1/3 980/2/3 990/20/3 991/19/3
f 899/1/4 987/2/4 991/20/4 988/19/4
f 904/2/1 905/22/1 898/21/1 897/1/1
f 897/2/2 898/22/2 986/21/2 985/1/2
f 992/1/3 985/2/3 986/22/3 993/21/3
f 904/1/4 992/2/4 993/22/4 905/21/4
f 905/2/1 906/22/1 899/21/1 898/1/1
f 898/2/2 899/22/2 987/21/2 986/1/2
f 993/1/3 986/2/3 987/22/3 994/21/3
f 905/1/4 993/2/4 994/22/4 906/21/4
f 906/2/1 995/20/1 996/19/1 899/1/1
f 899/2/2 996/20/2 997/19/2 987/1/2
f 994/1/3 987/2/3 997/20/3 998/19/3
f 906/1/4 994/2/4 998/20/4 995/19/4
f 911/2/1 912/22/1 905/21/1 904/1/1
f 904/2/2 905/22/2 993/21/2 992/1/2
f 999/1/3 992/2/3 993/22/3 1000/21/3
f 911/1/4 999/2/4 1000/22/4 912/21/4
f 912/2/1 913/22/1 906/21/1 905/1/1
f 905/2/2 906/22/2 994/21/2 993/1/2
f 1000/1/3 993/2/3 994/22/3 1001/21/3
f 912/1/4 1000/2/4 1001/22/4 913/21/4
f 913/2/1 1002/20/1 1003/19/1 906/1/1
f 906/2/2 1003/20/2 1004/19/2 994/1/2
f 1001/1/3 994/2/3 1004/20/3 1005/19/3
f 913/1/4 1001/2/4 1005/20/4 1002/19/4
f 918/2/1 919/22/1 912/21/1 911/1/1
f 911/2/2 912/22/2 1000/21/2 999/1/2
f 1006/1/3 999/2/3 1000/22/3 1007/21/3
f 918/1/4 1006/2/4 1007/22/4 919/21/4
f 920/2/1 1009/20/1 1010/19/1 913/1/1
f 913/2/2 1010/20/2 1011/19/2 1001/1/2
f 1008/1/3 1001/2/3 1011/20/3 1012/19/3
f 920/1/4 1008/2/4 1012/20/4 1009/19/4
f 921/2/1 922/22/1 920/21/1 919/1/1
f 919/2/2 920/22/2 1008/21/2 1007/1/2
f 1014/1/3 1007/2/3 1008/22/3 1015/21/3
f 921/1/4 1014/2/4 1015/22/4 922/21/4
f 922/2/1 1016/20/1 1017/19/1 920/1/1
f 920/2/2 1017/20/2 1018/19/2 1008/1/2
f 1015/1/3 1008/2/3 1018/20/3 1019/19/3
f 922/1/4 1015/2/4 1019/20/4 1016/19/4
f 927/2/1 928/22/1 922/21/1 921/1/1
f 921/2/2 922/22/2 1015/21/2 1014/1/2
f 1021/1/3 1014/2/3 1015/22/3 1022/21/3
f 927/1/4 1021/2/4 1022/22/4 928/21/4
f 928/2/1 1023/20/1 1024/19/1 922/1/1
f 922/2/2 1024/20/2 1025/19/2 1015/1/2
f 1022/1/3 1015/2/3 1025/20/3 1026/19/3
f 928/1/4 1022/2/4 1026/20/4 1023/19/4
f 933/2/1 934/22/1 928/21/1 927/1/1
f 927/2/2 928/22/2 1022/21/2 1021/1/2
f 1027/1/3 1021/2/3 1022/22/3 1028/21/3
f 933/1/4 1027/2/4 1028/22/4 934/21/4
f 934/2/1 1029/20/1 1030/19/1 928/1/1
f 928/2/2 1030/20/2 1031/19/2 1022/1/2
f 1028/1/3 1022/2/3 1031/20/3 1032/19/3
f 934/1/4 1028/2/4 1032/20/4 1029/19/4
f 939/2/1 1034/20/1 1035/19/1 934/1/1
f 934/2/2 1035/20/2 1036/19/2 1028/1/2
f 1033/1/3 1028/2/3 1036/20/3 1037/19/3
f 939/1/4 1033/2/4 1037/20/4 1034/19/4
f 944/2/1 1039/20/1 1040/19/1 939/1/1
f 939/2/2 1040/20/2 1041/19/2 1033/1/2
f 1038/1/3 1033/2/3 1041/20/3 1042/19/3
f 944/1/4 1038/2/4 1042/20/4 1039/19/4
f 949/2/1 1044/20/1 1045/19/1 944/1/1
f 944/2/2 1045/20/2 1046/19/2 1038/1/2
f 1043/1/3 1038/2/3 1046/20/3 1047/19/3
f 949/1/4 1043/2/4 1047/20/4 1044/19/4
f 954/2/1 957/22/1 956/21/1 955/1/1
f 955/2/2 956/22/2 1052/21/2 1051/1/2
f 1050/1/3 1051/2/3 1052/22/3 1053/21/3
f 954/1/4 1050/2/4 1053/22/4 957/21/4
f 957/2/1 959/22/1 958/21/1 956/1/1
f 956/2/2 958/22/2 1054/21/2 1052/1/2
f 1053/1/3 1052/2/3 1054/22/3 1055/21/3
f 957/1/4 1053/2/4 1055/22/4 959/21/4
f 959/2/1 1056/20/1 1057/19/1 958/1/1
f 958/2/2 1057/20/2 1058/19/2 1054/1/2
f 1055/1/3 1054/2/3 1058/20/3 1059/19/3
f 959/1/4 1055/2/4 1059/20/4 1056/19/4
f 964/2/1 965/22/1 957/21/1 954/1/1
f 954/2/2 957/22/2 1053/21/2 1050/1/2
f 1060/1/3 1050/2/3 1053/22/3 1061/21/3
f 964/1/4 1060/2/4 1061/22/4 965/21/4
f 965/2/1 966/22/1 959/21/1 957/1/1
f 957/2/2 959/22/2 1055/21/2 1053/1/2
f 1061/1/3 1053/2/3 1055/22/3 1062/21/3
f 965/1/4 1061/2/4 1062/22/4 966/21/4
f 966/2/1 1063/20/1 1064/19/1 959/1/1
f 959/2/2 1064/20/2 1065/19/2 1055/1/2
f 1062/1/3 1055/2/3 1065/20/3 1066/19/3
f 966/1/4 1062/2/4 1066/20/4 1063/19/4
f 971/2/1 972/22/1 965/21/1 964/1/1
f 964/2/2 965/22/2 1061/21/2 1060/1/2
f 1067/1/3 1060/2/3 1061/22/3 1068/21/3
f 971/1/4 1067/2/4 1068/22/4 972/21/4
f 972/2/1 973/22/1 966/21/1 965/1/1
f 965/2/2 966/22/2 1062/21/2 1061/1/2
f 1068/1/3 1061/2/3 1062/22/3 1069/21/3
f 972/1/4 1068/2/4 1069/22/4 973/21/4
f 973/2/1 1070/20/1 1071/19/1 966/1/1
f 966/2/2 1071/20/2 1072/19/2 1062/1/2
f 1069/1/3 1062/2/3 1072/20/3 1073/19/3
f 973/1/4 1069/2/4 1073/20/4 1070/19/4
f 978/2/1 979/22/1 972/21/1 971/1/1
f 971/2/2 972/22/2 1068/21/2 1067/1/2
f 1074/1/3 1067/2/3 1068/22/3 1075/21/3
f 978/1/4 1074/2/4 1075/22/4 979/21/4
f 979/2/1 980/22/1 973/21/1 972/1/1
f 972/2/2 973/22/2 1069/21/2 1068/1/2
f 1075/1/3 1068/2/3 1069/22/3 1076/21/3
f 979/1/4 1075/2/4 1076/22/4 980/21/4
f 980/2/1 1077/20/1 1078/19/1 973/1/1
f 973/2/2 1078/20/2 1079/19/2 1069/1/2
f 1076/1/3 1069/2/3 1079/20/3 1080/19/3
f 980/1/4 1076/2/4 1080/20/4 1077/19/4
f 985/2/1 986/22/1 979/21/1 978/1/1
f 978/2/2 979/22/2 1075/21/2 1074/1/2
f 1081/1/3 1074/2/3 1075/22/3 1082/21/3
f 985/1/4 1081/2/4 1082/22/4 986/21/4
f 986/2/1 987/22/1 980/21/1 979/1/1
f 979/2/2 980/22/2 1076/21/2 1075/1/2
f 1082/1/3 1075/2/3 1076/22/3 1083/21/3
f 986/1/4 1082/2/4 1083/22/4 987/21/4
f 987/2/1 1084/20/1 1085/19/1 980/1/1
f 980/2/2 1085/20/2 1086/19/2 1076/1/2
f 1083/1/3 1076/2/3 1086/20/3 1087/19/3
f 987/1/4 1083/2/4 1087/20/4 1084/19/4
f 992/2/1 993/22/1 986/21/1 985/1/1
f 985/2/2 986/22/2 1082/21/2 1081/1/2
f 1088/1/3 1081/2/3 1082/22/3 1089/21/3
f 992/1/4 1088/2/4 1089/22/4 993/21/4
f 993/2/1 994/22/1 987/21/1 986/1/1
f 986/2/2 987/22/2 1083/21/2 1082/1/2
f 1089/1/3 1082/2/3 1083/22/3 1090/21/3
f 993/1/4 1089/2/4 1090/22/4 994/21/4
f 994/2/1 1091/20/1 1092/19/1 987/1/1
f 987/2/2 1092/20/2 1093/19/2 1083/1/2
f 1090/1/3 1083/2/3 1093/20/3 1094/19/3
f 994/1/4 1090/2/4 1094/20/4 1091/19/4
f 999/2/1 1000/22/1 993/21/1 992/1/1
f 992/2/2 993/22/2 1089/21/2 1088/1/2
f 1095/1/3 1088/2/3 1089/22/3 1096/21/3
f 999/1/4 1095/2/4 1096/22/4 1000/21/4
f 1000/2/1 1001/22/1 994/21/1 993/1/1
f 993/2/2 994/22/2 1090/21/2 1089/1/2
f 1096/1/3 1089/2/3 1090/22/3 1097/21/3
f 1000/1/4 1096/2/4 1097/22/4 1001/21/4
f 1001/2/1 1098/20/1 1099/19/1 994/1/1
f 994/2/2 1099/20/2 1100/19/2 1090/1/2
f 1097/1/3 1090/2/3 1100/20/3 1101/19/3
f 1001/1/4 1097/2/4 1101/20/4 1098/19/4
f 1006/2/1 1007/22/1 1000/21/1 999/1/1
f 999/2/2 1000/22/2 1096/21/2 1095/1/2
f 1102/1/3 1095/2/3 1096/22/3 1103/21/3
f 1006/1/4 1102/2/4 1103/22/4 1007/21/4
f 1007/2/1 1008/22/1 1001/21/1 1000/1/1
f 1000/2/2 1001/22/2 1097/21/2 1096/1/2
f 1103/1/3 1096/2/3 1097/22/3 1104/21/3
f 1007/1/4 1103/2/4 1104/22/4 1008/21/4
f 1008/2/1 1105/20/1 1106/19/1 1001/1/1
f 1001/2/2 1106/20/2 1107/19/2 1097/1/2
f 1104/1/3 1097/2/3 1107/20/3 1108/19/3
f 1008/1/4 1104/2/4 1108/20/4 1105/19/4
f 1013/2/1 1014/22/1 1007/21/1 1006/1/1
f 1006/2/2 1007/22/2 1103/21/2 1102/1/2
f 1109/1/3 1102/2/3 1103/22/3 1110/21/3
f 1013/1/4 1109/2/4 1110/22/4 1014/21/4
f 1014/2/1 1015/22/1 1008/21/1 1007/1/1
f 1007/2/2 1008/22/2 1104/21/2 1103/1/2
f 1110/1/3 1103/2/3 1104/22/3 1111/21/3
f 1014/1/4 1110/2/4 1111/22/4 1015/21/4
f 1015/2/1 1112/20/1 1113/19/1 1008/1/1
f 1008/2/2 1113/20/2 1114/19/2 1104/1/2
f 1111/1/3 1104/2/3 1114/20/3 1115/19/3
f 1015/1/4 1111/2/4 1115/20/4 1112/19/4
f 1020/2/1 1021/22/1 1014/21/1 1013/1/1
f 1013/2/2 1014/22/2 1110/21/2 1109/1/2
f 1116/1/3 1109/2/3 1110/22/3 1117/21/3
f 1020/1/4 1116/2/4 1117/22/4 1021/21/4
f 1021/2/1 1022/22/1 1015/21/1 1014/1/1
f 1014/2/2 1015/22/2 1111/21/2 1110/1/2
f 1117/1/3 1110/2/3 1111/22/3 1118/21/3
f 1021/1/4 1117/2/4 1118/22/4 1022/21/4
f 1022/2/1 1119/20/1 1120/19/1 1015/1/1
f 1015/2/2 1120/20/2 1121/19/2 1111/1/2
f 1118/1/3 1111/2/3 1121/20/3 1122/19/3
f 1022/1/4 1118/2/4 1122/20/4 1119/19/4
f 1028/2/1 1125/20/1 1126/19/1 1022/1/1
f 1022/2/2 1126/20/2 1127/19/2 1118/1/2
f 1124/1/3 1118/2/3 1127/20/3 1128/19/3
f 1028/1/4 1124/2/4 1128/20/4 1125/19/4
f 1033/2/1 1130/20/1 1131/19/1 1028/1/1
f 1028/2/2 1131/20/2 1132/19/2 1124/1/2
f 1129/1/3 1124/2/3 1132/20/3 1133/19/3
f 1033/1/4 1129/2/4 1133/20/4 1130/19/4
f 1038/2/1 1135/20/1 1136/19/1 1033/1/1
f 1033/2/2 1136/20/2 1137/19/2 1129/1/2
f 1134/1/3 1129/2/3 1137/20/3 1138/19/3
f 1038/1/4 1134/2/4 1138/20/4 1135/19/4
f 1043/2/1 1140/20/1 1141/19/1 1038/1/1
f 1038/2/2 1141/20/2 1142/19/2 1134/1/2
f 1139/1/3 1134/2/3 1142/20/3 1143/19/3
f 1043/1/4 1139/2/4 1143/20/4 1140/19/4
f 1049/2/1 1146/16/1 1147/15/1 1048/1/1
f 1048/2/2 1147/16/2 1148/19/2 1144/1/2
f 1145/1/3 1144/2/3 1148/20/3 1149/19/3
f 1049/1/4 1145/2/4 1149/20/4 1146/15/4
f 1050/2/1 1053/22/1 1052/21/1 1051/1/1
f 1051/2/2 1052/22/2 1153/21/2 1152/1/2
f 1151/1/3 1152/2/3 1153/22/3 1154/21/3
f 1050/1/4 1151/2/4 1154/22/4 1053/21/4
f 1053/2/1 1055/22/1 1054/21/1 1052/1/1
f 1052/2/2 1054/22/2 1155/21/2 1153/1/2
f 1154/1/3 1153/2/3 1155/22/3 1156/21/3
f 1053/1/4 1154/2/4 1156/22/4 1055/21/4
f 1055/2/1 1157/20/1 1158/19/1 1054/1/1
f 1054/2/2 1158/20/2 1159/19/2 1155/1/2
f 1156/1/3 1155/2/3 1159/20/3 1160/19/3
f 1055/1/4 1156/2/4 1160/20/4 1157/19/4
f 1060/2/1 1061/22/1 1053/21/1 1050/1/1
f 1050/2/2 1053/22/2 1154/21/2 1151/1/2
f 1161/1/3 1151/2/3 1154/22/3 1162/21/3
f 1060/1/4 1161/2/4 1162/22/4 1061/21/4
f 1061/2/1 1062/22/1 1055/21/1 1053/1/1
f 1053/2/2 1055/22/2 1156/21/2 1154/1/2
f 1162/1/3 1154/2/3 1156/22/3 1163/21/3
f 1061/1/4 1162/2/4 1163/22/4 1062/21/4
f 1062/2/1 1164/20/1 1165/19/1 1055/1/1
f 1055/2/2 1165/20/2 1166/19/2 1156/1/2
f 1163/1/3 1156/2/3 1166/20/3 1167/19/3
f 1062/1/4 1163/2/4 1167/20/4 1164/19/4
f 1067/2/1 1068/22/1 1061/21/1 1060/1/1
f 1060/2/2 1061/22/2 1162/21/2 1161/1/2
f 1168/1/3 1161/2/3 1162/22/3 1169/21/3
f 1067/1/4 1168/2/4 1169/22/4 1068/21/4
f 1068/2/1 1069/22/1 1062/21/1 1061/1/1
f 1061/2/2 1062/22/2 1163/21/2 1162/1/2
f 1169/1/3 1162/2/3 1163/22/3 1170/21/3
f 1068/1/4 1169/2/4 1170/22/4 1069/21/4
f 1069/2/1 1171/20/1 1172/19/1 1062/1/1
f 1062/2/2 1172/20/2 1173/19/2 1163/1/2
f 1170/1/3 1163/2/3 1173/20/3 1174/19/3
f 1069/1/4 1170/2/4 1174/20/4 1171/19/4
f 1074/2/1 1075/22/1 1068/21/1 1067/1/1
f 1067/2/2 1068/22/2 1169/21/2 1168/1/2
f 1175/1/3 1168/2/3 1169/22/3 1176/21/3
f 1074/1/4 1175/2/4 1176/22/4 1075/21/4
f 1075/2/1 1076/22/1 1069/21/1 1068/1/1
f 1068/2/2 1069/22/2 1170/21/2 1169/1/2
f 1176/1/3 1169/2/3 1170/22/3 1177/21/3
f 1075/1/4 1176/2/4 1177/22/4 1076/21/4
f 1076/2/1 1178/20/1 1179/19/1 1069/1/1
f 1069/2/2 1179/20/2 1180/19/2 1170/1/2
f 1177/1/3 1170/2/3 1180/20/3 1181/19/3
f 1076/1/4 1177/2/4 1181/20/4 1178/19/4
f 1081/2/1 1082/22/1 1075/21/1 1074/1/1
f 1074/2/2 1075/22/2 1176/21/2 1175/1/2
f 1182/1/3 1175/2/3 1176/22/3 1183/21/3
f 1081/1/4 1182/2/4 1183/22/4 1082/21/4
f 1082/2/1 1083/22/1 1076/21/1 1075/1/1
f 1075/2/2 1076/22/2 1177/21/2 1176/1/2
f 1183/1/3 1176/2/3 1177/22/3 1184/21/3
f 1082/1/4 1183/2/4 1184/22/4 1083/21/4
f 1083/2/1 1185/20/1 1186/19/1 1076/1/1
f 1076/2/2 1186/20/2 1187/19/2 1177/1/2
f 1184/1/3 1177/2/3 1187/20/3 1188/19/3
f 1083/1/4 1184/2/4 1188/20/4 1185/19/4
f 1088/2/1 1089/22/1 1082/21/1 1081/1/1
f 1081/2/2 1082/22/2 1183/21/2 1182/1/2
f 1189/1/3 1182/2/3 1183/22/3 1190/21/3
f 1088/1/4 1189/2/4 1190/22/4 1089/21/4
f 1089/2/1 1090/22/1 1083/21/1 1082/1/1
f 1082/2/2 1083/22/2 1184/21/2 1183/1/2
f 1190/1/3 1183/2/3 1184/22/3 1191/21/3
f 1089/1/4 1190/2/4 1191/22/4 1090/21/4
f 1090/2/1 1192/20/1 1193/19/1 1083/1/1
f 1083/2/2 1193/20/2 1194/19/2 1184/1/2
f 1191/1/3 1184/2/3 1194/20/3 1195/19/3
f 1090/1/4 1191/2/4 1195/20/4 1192/19/4
f 1095/2/1 1096/22/1 1089/21/1 1088/1/1
f 1088/2/2 1089/22/2 1190/21/2 1189/1/2
f 1196/1/3 1189/2/3 1190/22/3 1197/21/3
f 1095/1/4 1196/2/4 1197/22/4 1096/21/4
f 1096/2/1 1097/22/1 1090/21/1 1089/1/1
f 1089/2/2 1090/22/2 1191/21/2 1190/1/2
f 1197/1/3 1190/2/3 1191/22/3 1198/21/3
f 1096/1/4 1197/2/4 1198/22/4 1097/21/4
f 1097/2/1 1199/20/1 1200/19/1 1090/1/1
f 1090/2/2 1200/20/2 1201/19/2 1191/1/2
f 1198/1/3 1191/2/3 1201/20/3 1202/19/3
f 1097/1/4 1198/2/4 1202/20/4 1199/19/4
f 1102/2/1 1103/22/1 1096/21/1 1095/1/1
f 1095/2/2 1096/22/2 1197/21/2 1196/1/2
f 1203/1/3 1196/2/3 1197/22/3 1204/21/3
f 1102/1/4 1203/2/4 1204/22/4 1103/21/4
f 1103/2/1 1104/22/1 1097/21/1 1096/1/1
f 1096/2/2 1097/22/2 1198/21/2 1197/1/2
f 1204/1/3 1197/2/3 1198/22/3 1205/21/3
f 1103/1/4 1204/2/4 1205/22/4 1104/21/4
f 1104/2/1 1206/20/1 1207/19/1 1097/1/1
f 1097/2/2 1207/20/2 1208/19/2 1198/1/2
f 1205/1/3 1198/2/3 1208/20/3 1209/19/3
f 1104/1/4 1205/2/4 1209/20/4 1206/19/4
f 1109/2/1 1110/22/1 1103/21/1 1102/1/1
f 1102/2/2 1103/22/2 1204/21/2 1203/1/2
f 1210/1/3 1203/2/3 1204/22/3 1211/21/3
f 1109/1/4 1210/2/4 1211/22/4 1110/21/4
f 1110/2/1 1111/22/1 1104/21/1 1103/1/1
f 1103/2/2 1104/22/2 1205/21/2 1204/1/2
f 1211/1/3 1204/2/3 1205/22/3 1212/21/3
f 1110/1/4 1211/2/4 1212/22/4 1111/21/4
f 1111/2/1 1213/20/1 1214/19/1 1104/1/1
f 1104/2/2 1214/20/2 1215/19/2 1205/1/2
f 1212/1/3 1205/2/3 1215/20/3 1216/19/3
f 1111/1/4 1212/2/4 1216/20/4 1213/19/4
f 1116/2/1 1117/22/1 1110/21/1 1109/1/1
f 1109/2/2 1110/22/2 1211/21/2 1210/1/2
f 1217/1/3 1210/2/3 1211/22/3 1218/21/3
f 1116/1/4 1217/2/4 1218/22/4 1117/21/4
f 1117/2/1 1118/22/1 1111/21/1 1110/1/1
f 1110/2/2 1111/22/2 1212/21/2 1211/1/2
f 1218/1/3 1211/2/3 1212/22/3 1219/21/3
f 1117/1/4 1218/2/4 1219/22/4 1118/21/4
f 1118/2/1 1220/20/1 1221/19/1 1111/1/1
f 1111/2/2 1221/20/2 1222/19/2 1212/1/2
f 1219/1/3 1212/2/3 1222/20/3 1223/19/3
f 1118/1/4 1219/2/4 1223/20/4 1220/19/4
f 1123/2/1 1124/22/1 1118/21/1 1117/1/1
f 1117/2/2 1118/22/2 1219/21/2 1218/1/2
f 1225/1/3 1218/2/3 1219/22/3 1226/21/3
f 1123/1/4 1225/2/4 1226/22/4 1124/21/4
f 1124/2/1 1227/20/1 1228/19/1 1118/1/1
f 1118/2/2 1228/20/2 1229/19/2 1219/1/2
f 1226/1/3 1219/2/3 1229/20/3 1230/19/3
f 1124/1/4 1226/2/4 1230/20/4 1227/19/4
f 1129/2/1 1233/20/1 1234/19/1 1124/1/1
f 1124/2/2 1234/20/2 1235/19/2 1226/1/2
f 1232/1/3 1226/2/3 1235/20/3 1236/19/3
f 1129/1/4 1232/2/4 1236/20/4 1233/19/4
f 1134/2/1 1238/20/1 1239/19/1 1129/1/1
f 1129/2/2 1239/20/2 1240/19/2 1232/1/2
f 1237/1/3 1232/2/3 1240/20/3 1241/19/3
f 1134/1/4 1237/2/4 1241/20/4 1238/19/4
f 1139/2/1 1243/20/1 1244/19/1 1134/1/1
f 1134/2/2 1244/20/2 1245/19/2 1237/1/2
f 1242/1/3 1237/2/3 1245/20/3 1246/19/3
f 1139/1/4 1242/2/4 1246/20/4 1243/19/4
f 1145/2/1 1255/20/1 1256/19/1 1144/1/1
f 1144/2/2 1256/20/2 1257/19/2 1253/1/2
f 1254/1/3 1253/2/3 1257/20/3 1258/19/3
f 1145/1/4 1254/2/4 1258/20/4 1255/19/4
f 1150/2/1 1260/20/1 1261/19/1 1145/1/1
f 1145/2/2 1261/20/2 1262/19/2 1254/1/2
f 1259/1/3 1254/2/3 1262/20/3 1263/19/3
f 1150/1/4 1259/2/4 1263/20/4 1260/19/4
f 1151/2/1 1154/22/1 1153/21/1 1152/1/1
f 1152/2/2 1153/22/2 1269/21/2 1268/1/2
f 1267/1/3 1268/2/3 1269/22/3 1270/21/3
f 1151/1/4 1267/2/4 1270/22/4 1154/21/4
f 1154/2/1 1156/22/1 1155/21/1 1153/1/1
f 1153/2/2 1155/22/2 1271/21/2 1269/1/2
f 1270/1/3 1269/2/3 1271/22/3 1272/21/3
f 1154/1/4 1270/2/4 1272/22/4 1156/21/4
f 1156/2/1 1273/20/1 1274/19/1 1155/1/1
f 1155/2/2 1274/20/2 1275/19/2 1271/1/2
f 1272/1/3 1271/2/3 1275/20/3 1276/19/3
f 1156/1/4 1272/2/4 1276/20/4 1273/19/4
f 1161/2/1 1162/22/1 1154/21/1 1151/1/1
f 1151/2/2 1154/22/2 1270/21/2 1267/1/2
f 1277/1/3 1267/2/3 1270/22/3 1278/21/3
f 1161/1/4 1277/2/4 1278/22/4 1162/21/4
f 1162/2/1 1163/22/1 1156/21/1 1154/1/1
f 1154/2/2 1156/22/2 1272/21/2 1270/1/2
f 1278/1/3 1270/2/3 1272/22/3 1279/21/3
f 1162/1/4 1278/2/4 1279/22/4 1163/21/4
f 1163/2/1 1280/20/1 1281/19/1 1156/1/1
f 1156/2/2 1281/20/2 1282/19/2 1272/1/2
f 1279/1/3 1272/2/3 1282/20/3 1283/19/3
f 1163/1/4 1279/2/4 1283/20/4 1280/19/4
f 1168/2/1 1169/22/1 1162/21/1 1161/1/1
f 1161/2/2 1162/22/2 1278/21/2 1277/1/2
f 1284/1/3 1277/2/3 1278/22/3 1285/21/3
f 1168/1/4 1284/2/4 1285/22/4 1169/21/4
f 1169/2/1 1170/22/1 1163/21/1 1162/1/1
f 1162/2/2 1163/22/2 1279/21/2 1278/1/2
f 1285/1/3 1278/2/3 1279/22/3 1286/21/3
f 1169/1/4 1285/2/4 1286/22/4 1170/21/4
f 1170/2/1 1287/20/1 1288/19/1 1163/1/1
f 1163/2/2 1288/20/2 1289/19/2 1279/1/2
f 1286/1/3 1279/2/3 1289/20/3 1290/19/3
f 1170/1/4 1286/2/4 1290/20/4 1287/19/4
f 1175/2/1 1176/22/1 1169/21/1 1168/1/1
f 1168/2/2 1169/22/2 1285/21/2 1284/1/2
f 1291/1/3 1284/2/3 1285/22/3 1292/21/3
f 1175/1/4 1291/2/4 1292/22/4 1176/21/4
f 1176/2/1 1177/22/1 1170/21/1 1169/1/1
f 1169/2/2 1170/22/2 1286/21/2 1285/1/2
f 1292/1/3 1285/2/3 1286/22/3 1293/21/3
f 1176/1/4 1292/2/4 1293/22/4 1177/21/4
f 1177/2/1 1294/20/1 1295/19/1 1170/1/1
f 1170/2/2 1295/20/2 1296/19/2 1286/1/2
f 1293/1/3 1286/2/3 1296/20/3 1297/19/3
f 1177/1/4 1293/2/4 1297/20/4 1294/19/4
f 1182/2/1 1183/22/1 1176/21/1 1175/1/1
f 1175/2/2 1176/22/2 1292/21/2 1291/1/2
f 1298/1/3 1291/2/3 1292/22/3 1299/21/3
f 1182/1/4 1298/2/4 1299/22/4 1183/21/4
f 1183/2/1 1184/22/1 1177/21/1 1176/1/1
f 1176/2/2 1177/22/2 1293/21/2 1292/1/2
f 1299/1/3 1292/2/3 1293/22/3 1300/21/3
f 1183/1/4 1299/2/4 1300/22/4 1184/21/4
f 1184/2/1 1301/20/1 1302/19/1 1177/1/1
f 1177/2/2 1302/20/2 1303/19/2 1293/1/2
f 1300/1/3 1293/2/3 1303/20/3 1304/19/3
f 1184/1/4 1300/2/4 1304/20/4 1301/19/4
f 1189/2/1 1190/22/1 1183/21/1 1182/1/1
f 1182/2/2 1183/22/2 1299/21/2 1298/1/2
f 1305/1/3 1298/2/3 1299/22/3 1306/21/3
f 1189/1/4 1305/2/4 1306/22/4 1190/21/4
f 1190/2/1 1191/22/1 1184/21/1 1183/1/1
f 1183/2/2 1184/22/2 1300/21/2 1299/1/2
f 1306/1/3 1299/2/3 1300/22/3 1307/21/3
f 1190/1/4 1306/2/4 1307/22/4 1191/21/4
f 1191/2/1 1308/20/1 1309/19/1 1184/1/1
f 1184/2/2 1309/20/2 1310/19/2 1300/1/2
f 1307/1/3 1300/2/3 1310/20/3 1311/19/3
f 1191/1/4 1307/2/4 1311/20/4 1308/19/4
f 1196/2/1 1197/22/1 1190/21/1 1189/1/1
f 1189/2/2 1190/22/2 1306/21/2 1305/1/2
f 1312/1/3 1305/2/3 1306/22/3 1313/21/3
f 1196/1/4 1312/2/4 1313/22/4 1197/21/4
f 1197/2/1 1198/22/1 1191/21/1 1190/1/1
f 1190/2/2 1191/22/2 1307/21/2 1306/1/2
f 1313/1/3 1306/2/3 1307/22/3 1314/21/3
f 1197/1/4 1313/2/4 1314/22/4 1198/21/4
f 1198/2/1 1315/20/1 1316/19/1 1191/1/1
f 1191/2/2 1316/20/2 1317/19/2 1307/1/2
f 1314/1/3 1307/2/3 1317/20/3 1318/19/3
f 1198/1/4 1314/2/4 1318/20/4 1315/19/4
f 1203/2/1 1204/22/1 1197/21/1 1196/1/1
f 1196/2/2 1197/22/2 1313/21/2 1312/1/2
f 1319/1/3 1312/2/3 1313/22/3 1320/21/3
f 1203/1/4 1319/2/4 1320/22/4 1204/21/4
f 1204/2/1 1205/22/1 1198/21/1 1197/1/1
f 1197/2/2 1198/22/2 1314/21/2 1313/1/2
f 1320/1/3 1313/2/3 1314/22/3 1321/21/3
f 1204/1/4 1320/2/4 1321/22/4 1205/21/4
f 1205/2/1 1322/20/1 1323/19/1 1198/1/1
f 1198/2/2 1323/20/2 1324/19/2 1314/1/2
f 1321/1/3 1314/2/3 1324/20/3 1325/19/3
f 1205/1/4 1321/2/4 1325/20/4 1322/19/4
f 1210/2/1 1211/22/1 1204/21/1 1203/1/1
f 1203/2/2 1204/22/2 1320/21/2 1319/1/2
f 1326/1/3 1319/2/3 1320/22/3 1327/21/3
f 1210/1/4 1326/2/4 1327/22/4 1211/21/4
f 1211/2/1 1212/22/1 1205/21/1 1204/1/1
f 1204/2/2 1205/22/2 1321/21/2 1320/1/2
f 1327/1/3 1320/2/3 1321/22/3 1328/21/3
f 1211/1/4 1327/2/4 1328/22/4 1212/21/4
f 1212/2/1 1329/20/1 1330/19/1 1205/1/1
f 1205/2/2 1330/20/2 1331/19/2 1321/1/2
f 1328/1/3 1321/2/3 1331/20/3 1332/19/3
f 1212/1/4 1328/2/4 1332/20/4 1329/19/4
f 1217/2/1 1218/22/1 1211/21/1 1210/1/1
f 1210/2/2 1211/22/2 1327/21/2 1326/1/2
f 1333/1/3 1326/2/3 1327/22/3 1334/21/3
f 1217/1/4 1333/2/4 1334/22/4 1218/21/4
f 1218/2/1 1219/22/1 1212/21/1 1211/1/1
f 1211/2/2 1212/22/2 1328/21/2 1327/1/2
f 1334/1/3 1327/2/3 1328/22/3 1335/21/3
f 1218/1/4 1334/2/4 1335/22/4 1219/21/4
f 1219/2/1 1336/20/1 1337/19/1 1212/1/1
f 1212/2/2 1337/20/2 1338/19/2 1328/1/2
f 1335/1/3 1328/2/3 1338/20/3 1339/19/3
f 1219/1/4 1335/2/4 1339/20/4 1336/19/4
f 1224/2/1 1225/22/1 1218/21/1 1217/1/1
f 1217/2/2 1218/22/2 1334/21/2 1333/1/2
f 1340/1/3 1333/2/3 1334/22/3 1341/21/3
f 1224/1/4 1340/2/4 1341/22/4 1225/21/4
f 1225/2/1 1226/22/1 1219/21/1 1218/1/1
f 1218/2/2 1219/22/2 1335/21/2 1334/1/2
f 1341/1/3 1334/2/3 1335/22/3 1342/21/3
f 1225/1/4 1341/2/4 1342/22/4 1226/21/4
f 1226/2/1 1343/20/1 1344/19/1 1219/1/1
f 1219/2/2 1344/20/2 1345/19/2 1335/1/2
f 1342/1/3 1335/2/3 1345/20/3 1346/19/3
f 1226/1/4 1342/2/4 1346/20/4 1343/19/4
f 1231/2/1 1232/22/1 1226/21/1 1225/1/1
f 1225/2/2 1226/22/2 1342/21/2 1341/1/2
f 1348/1/3 1341/2/3 1342/22/3 1349/21/3
f 1231/1/4 1348/2/4 1349/22/4 1232/21/4
f 1232/2/1 1350/20/1 1351/19/1 1226/1/1
f 1226/2/2 1351/20/2 1352/19/2 1342/1/2
f 1349/1/3 1342/2/3 1352/20/3 1353/19/3
f 1232/1/4 1349/2/4 1353/20/4 1350/19/4
f 1237/2/1 1356/20/1 1357/19/1 1232/1/1
f 1232/2/2 1357/20/2 1358/19/2 1349/1/2
f 1355/1/3 1349/2/3 1358/20/3 1359/19/3
f 1237/1/4 1355/2/4 1359/20/4 1356/19/4
f 1248/2/1 1365/20/1 1366/19/1 1247/1/1
f 1247/2/2 1366/20/2 1367/19/2 1362/1/2
f 1364/1/3 1362/2/3 1367/20/3 1368/19/3
f 1248/1/4 1364/2/4 1368/20/4 1365/19/4
f 1249/2/1 1371/20/1 1372/19/1 1248/1/1
f 1248/2/2 1372/20/2 1373/19/2 1364/1/2
f 1370/1/3 1364/2/3 1373/20/3 1374/19/3
f 1249/1/4 1370/2/4 1374/20/4 1371/19/4
f 1250/2/1 1377/20/1 1378/19/1 1249/1/1
f 1249/2/2 1378/20/2 1379/19/2 1370/1/2
f 1376/1/3 1370/2/3 1379/20/3 1380/19/3
f 1250/1/4 1376/2/4 1380/20/4 1377/19/4
f 1251/2/1 1382/20/1 1383/19/1 1250/1/1
f 1250/2/2 1383/20/2 1384/19/2 1376/1/2
f 1381/1/3 1376/2/3 1384/20/3 1385/19/3
f 1251/1/4 1381/2/4 1385/20/4 1382/19/4
f 1252/2/1 1387/20/1 1388/19/1 1251/1/1
f 1251/2/2 1388/20/2 1389/19/2 1381/1/2
f 1386/1/3 1381/2/3 1389/20/3 1390/19/3
f 1252/1/4 1386/2/4 1390/20/4 1387/19/4
f 1253/2/1 1392/20/1 1393/19/1 1252/1/1
f 1252/2/2 1393/20/2 1394/19/2 1386/1/2
f 1391/1/3 1386/2/3 1394/20/3 1395/19/3
f 1253/1/4 1391/2/4 1395/20/4 1392/19/4
f 1259/2/1 1398/20/1 1399/19/1 1254/1/1
f 1254/2/2 1399/20/2 1400/19/2 1396/1/2
f 1397/1/3 1396/2/3 1400/20/3 1401/19/3
f 1259/1/4 1397/2/4 1401/20/4 1398/19/4
f 1264/2/1 1404/20/1 1405/19/1 1259/1/1
f 1259/2/2 1405/20/2 1406/19/2 1397/1/2
f 1403/1/3 1397/2/3 1406/20/3 1407/19/3
f 1264/1/4 1403/2/4 1407/20/4 1404/19/4
f 1266/2/1 1411/20/1 1412/19/1 1265/1/1
f 1265/2/2 1412/20/2 1413/19/2 1409/1/2
f 1410/1/3 1409/2/3 1413/20/3 1414/19/3
f 1266/1/4 1410/2/4 1414/20/4 1411/19/4
f 1267/2/1 1270/22/1 1269/21/1 1268/1/1
f 1268/2/2 1269/22/2 1417/21/2 1416/1/2
f 1415/1/3 1416/2/3 1417/22/3 1418/21/3
f 1267/1/4 1415/2/4 1418/22/4 1270/21/4
f 1270/2/1 1272/22/1 1271/21/1 1269/1/1
f 1269/2/2 1271/22/2 1419/21/2 1417/1/2
f 1418/1/3 1417/2/3 1419/22/3 1420/21/3
f 1270/1/4 1418/2/4 1420/22/4 1272/21/4
f 1272/2/1 1421/20/1 1422/19/1 1271/1/1
f 1271/2/2 1422/20/2 1423/19/2 1419/1/2
f 1420/1/3 1419/2/3 1423/20/3 1424/19/3
f 1272/1/4 1420/2/4 1424/20/4 1421/19/4
f 1277/2/1 1278/22/1 1270/21/1 1267/1/1
f 1267/2/2 1270/22/2 1418/21/2 1415/1/2
f 1425/1/3 1415/2/3 1418/22/3 1426/21/3
f 1277/1/4 1425/2/4 1426/22/4 1278/21/4
f 1278/2/1 1279/22/1 1272/21/1 1270/1/1
f 1270/2/2 1272/22/2 1420/21/2 1418/1/2
f 1426/1/3 1418/2/3 1420/22/3 1427/21/3
f 1278/1/4 1426/2/4 1427/22/4 1279/21/4
f 1279/2/1 1428/20/1 1429/19/1 1272/1/1
f 1272/2/2 1429/20/2 1430/19/2 1420/1/2
f 1427/1/3 1420/2/3 1430/20/3 1431/19/3
f 1279/1/4 1427/2/4 1431/20/4 1428/19/4
f 1284/2/1 1285/22/1 1278/21/1 1277/1/1
f 1277/2/2 1278/22/2 1426/21/2 1425/1/2
f 1432/1/3 1425/2/3 1426/22/3 1433/21/3
f 1284/1/4 1432/2/4 1433/22/4 1285/21/4
f 1285/2/1 1286/22/1 1279/21/1 1278/1/1
f 1278/2/2 1279/22/2 1427/21/2 1426/1/2
f 1433/1/3 1426/2/3 1427/22/3 1434/21/3
f 1285/1/4 1433/2/4 1434/22/4 1286/21/4
f 1286/2/1 1435/20/1 1436/19/1 1279/1/1
f 1279/2/2 1436/20/2 1437/19/2 1427/1/2
f 1434/1/3 1427/2/3 1437/20/3 1438/19/3
f 1286/1/4 1434/2/4 1438/20/4 1435/19/4
f 1291/2/1 1292/22/1 1285/21/1 1284/1/1
f 1284/2/2 1285/22/2 1433/21/2 1432/1/2
f 1439/1/3 1432/2/3 1433/22/3 1440/21/3
f 1291/1/4 1439/2/4 1440/22/4 1292/21/4
f 1292/2/1 1293/22/1 1286/21/1 1285/1/1
f 1285/2/2 1286/22/2 1434/21/2 1433/1/2
f 1440/1/3 1433/2/3 1434/22/3 1441/21/3
f 1292/1/4 1440/2/4 1441/22/4 1293/21/4
f 1293/2/1 1442/20/1 1443/19/1 1286/1/1
f 1286/2/2 1443/20/2 1444/19/2 1434/1/2
f 1441/1/3 1434/2/3 1444/20/3 1445/19/3
f 1293/1/4 1441/2/4 1445/20/4 1442/19/4
f 1298/2/1 1299/22/1 1292/21/1 1291/1/1
f 1291/2/2 1292/22/2 1440/21/2 1439/1/2
f 1446/1/3 1439/2/3 1440/22/3 1447/21/3
f 1298/1/4 1446/2/4 1447/22/4 1299/21/4
f 1299/2/1 1300/22/1 1293/21/1 1292/1/1
f 1292/2/2 1293/22/2 1441/21/2 1440/1/2
f 1447/1/3 1440/2/3 1441/22/3 1448/21/3
f 1299/1/4 1447/2/4 1448/22/4 1300/21/4
f 1300/2/1 1449/20/1 1450/19/1 1293/1/1
f 1293/2/2 1450/20/2 1451/19/2 1441/1/2
f 1448/1/3 1441/2/3 1451/20/3 1452/19/3
f 1300/1/4 1448/2/4 1452/20/4 1449/19/4
f 1305/2/1 1306/22/1 1299/21/1 1298/1/1
f 1298/2/2 1299/22/2 1447/21/2 1446/1/2
f 1453/1/3 1446/2/3 1447/22/3 1454/21/3
f 1305/1/4 1453/2/4 1454/22/4 1306/21/4
f 1306/2/1 1307/22/1 1300/21/1 1299/1/1
f 1299/2/2 1300/22/2 1448/21/2 1447/1/2
f 1454/1/3 1447/2/3 1448/22/3 1455/21/3
f 1306/1/4 1454/2/4 1455/22/4 1307/21/4
f 1307/2/1 1456/20/1 1457/19/1 1300/1/1
f 1300/2/2 1457/20/2 1458/19/2 1448/1/2
f 1455/1/3 1448/2/3 1458/20/3 1459/19/3
f 1307/1/4 1455/2/4 1459/20/4 1456/19/4
f 1312/2/1 1313/22/1 1306/21/1 1305/1/1
f 1305/2/2 1306/22/2 1454/21/2 1453/1/2
f 1460/1/3 1453/2/3 1454/22/3 1461/21/3
f 1312/1/4 1460/2/4 1461/22/4 1313/21/4
f 1313/2/1 1314/22/1 1307/21/1 1306/1/1
f 1306/2/2 1307/22/2 1455/21/2 1454/1/2
f 1461/1/3 1454/2/3 1455/22/3 1462/21/3
f 1313/1/4 1461/2/4 1462/22/4 1314/21/4
f 1314/2/1 1463/20/1 1464/19/1 1307/1/1
f 1307/2/2 1464/20/2 1465/19/2 1455/1/2
f 1462/1/3 1455/2/3 1465/20/3 1466/19/3
f 1314/1/4 1462/2/4 1466/20/4 1463/19/4
f 1319/2/1 1320/22/1 1313/21/1 1312/1/1
f 1312/2/2 1313/22/2 1461/21/2 1460/1/2
f 1467/1/3 1460/2/3 1461/22/3 1468/21/3
f 1319/1/4 1467/2/4 1468/22/4 1320/21/4
f 1320/2/1 1321/22/1 1314/21/1 1313/1/1
f 1313/2/2 1314/22/2 1462/21/2 1461/1/2
f 1468/1/3 1461/2/3 1462/22/3 1469/21/3
f 1320/1/4 1468/2/4 1469/22/4 1321/21/4
f 1321/2/1 1470/20/1 1471/19/1 1314/1/1
f 1314/2/2 1471/20/2 1472/19/2 1462/1/2
f 1469/1/3 1462/2/3 1472/20/3 1473/19/3
f 1321/1/4 1469/2/4 1473/20/4 1470/19/4
f 1326/2/1 1327/22/1 1320/21/1 1319/1/1
f 1319/2/2 1320/22/2 1468/21/2 1467/1/2
f 1474/1/3 1467/2/3 1468/22/3 1475/21/3
f 1326/1/4 1474/2/4 1475/22/4 1327/21/4
f 1327/2/1 1328/22/1 1321/21/1 1320/1/1
f 1320/2/2 1321/22/2 1469/21/2 1468/1/2
f 1475/1/3 1468/2/3 1469/22/3 1476/21/3
f 1327/1/4 1475/2/4 1476/22/4 1328/21/4
f 1328/2/1 1477/20/1 1478/19/1 1321/1/1
f 1321/2/2 1478/20/2 1479/19/2 1469/1/2
f 1476/1/3 1469/2/3 1479/20/3 1480/19/3
f 1328/1/4 1476/2/4 1480/20/4 1477/19/4
f 1333/2/1 1334/22/1 1327/21/1 1326/1/1
f 1326/2/2 1327/22/2 1475/21/2 1474/1/2
f 1481/1/3 1474/2/3 1475/22/3 1482/21/3
f 1333/1/4 1481/2/4 1482/22/4 1334/21/4
f 1334/2/1 1335/22/1 1328/21/1 1327/1/1
f 1327/2/2 1328/22/2 1476/21/2 1475/1/2
f 1482/1/3 1475/2/3 1476/22/3 1483/21/3
f 1334/1/4 1482/2/4 1483/22/4 1335/21/4
f 1335/2/1 1484/20/1 1485/19/1 1328/1/1
f 1328/2/2 1485/20/2 1486/19/2 1476/1/2
f 1483/1/3 1476/2/3 1486/20/3 1487/19/3
f 1335/1/4 1483/2/4 1487/20/4 1484/19/4
f 1340/2/1 1341/22/1 1334/21/1 1333/1/1
f 1333/2/2 1334/22/2 1482/21/2 1481/1/2
f 1488/1/3 1481/2/3 1482/22/3 1489/21/3
f 1340/1/4 1488/2/4 1489/22/4 1341/21/4
f 1341/2/1 1342/22/1 1335/21/1 1334/1/1
f 1334/2/2 1335/22/2 1483/21/2 1482/1/2
f 1489/1/3 1482/2/3 1483/22/3 1490/21/3
f 1341/1/4 1489/2/4 1490/22/4 1342/21/4
f 1342/2/1 1491/20/1 1492/19/1 1335/1/1
f 1335/2/2 1492/20/2 1493/19/2 1483/1/2
f 1490/1/3 1483/2/3 1493/20/3 1494/19/3
f 1342/1/4 1490/2/4 1494/20/4 1491/19/4
f 1347/2/1 1348/22/1 1341/21/1 1340/1/1
f 1340/2/2 1341/22/2 1489/21/2 1488/1/2
f 1495/1/3 1488/2/3 1489/22/3 1496/21/3
f 1347/1/4 1495/2/4 1496/22/4 1348/21/4
f 1348/2/1 1349/22/1 1342/21/1 1341/1/1
f 1341/2/2 1342/22/2 1490/21/2 1489/1/2
f 1496/1/3 1489/2/3 1490/22/3 1497/21/3
f 1348/1/4 1496/2/4 1497/22/4 1349/21/4
f 1349/2/1 1498/20/1 1499/19/1 1342/1/1
f 1342/2/2 1499/20/2 1500/19/2 1490/1/2
f 1497/1/3 1490/2/3 1500/20/3 1501/19/3
f 1349/1/4 1497/2/4 1501/20/4 1498/19/4
f 1354/2/1 1355/22/1 1349/21/1 1348/1/1
f 1348/2/2 1349/22/2 1497/21/2 1496/1/2
f 1503/1/3 1496/2/3 1497/22/3 1504/21/3
f 1354/1/4 1503/2/4 1504/22/4 1355/21/4
f 1355/2/1 1505/20/1 1506/19/1 1349/1/1
f 1349/2/2 1506/20/2 1507/19/2 1497/1/2
f 1504/1/3 1497/2/3 1507/20/3 1508/19/3
f 1355/1/4 1504/2/4 1508/20/4 1505/19/4
f 1360/2/1 1512/20/1 1513/19/1 1355/1/1
f 1355/2/2 1513/20/2 1514/19/2 1504/1/2
f 1511/1/3 1504/2/3 1514/20/3 1515/19/3
f 1360/1/4 1511/2/4 1515/20/4 1512/19/4
f 1362/2/1 1518/20/1 1519/19/1 1360/1/1
f 1360/2/2 1519/20/2 1521/19/2 1511/1/2
f 1520/1/3 1511/2/3 1521/20/3 1522/19/3
f 1362/1/4 1520/2/4 1522/20/4 1518/19/4
f 1363/2/1 1364/22/1 1362/21/1 1361/1/1
f 1361/2/2 1362/22/2 1520/21/2 1517/1/2
f 1523/1/3 1517/2/3 1520/22/3 1524/21/3
f 1363/1/4 1523/2/4 1524/22/4 1364/21/4
f 1364/2/1 1525/20/1 1526/19/1 1362/1/1
f 1362/2/2 1526/20/2 1527/19/2 1520/1/2
f 1524/1/3 1520/2/3 1527/20/3 1528/19/3
f 1364/1/4 1524/2/4 1528/20/4 1525/19/4
f 1369/2/1 1370/22/1 1364/21/1 1363/1/1
f 1363/2/2 1364/22/2 1524/21/2 1523/1/2
f 1529/1/3 1523/2/3 1524/22/3 1530/21/3
f 1369/1/4 1529/2/4 1530/22/4 1370/21/4
f 1370/2/1 1531/20/1 1532/19/1 1364/1/1
f 1364/2/2 1532/20/2 1533/19/2 1524/1/2
f 1530/1/3 1524/2/3 1533/20/3 1534/19/3
f 1370/1/4 1530/2/4 1534/20/4 1531/19/4
f 1375/2/1 1376/22/1 1370/21/1 1369/1/1
f 1369/2/2 1370/22/2 1530/21/2 1529/1/2
f 1535/1/3 1529/2/3 1530/22/3 1536/21/3
f 1375/1/4 1535/2/4 1536/22/4 1376/21/4
f 1376/2/1 1537/20/1 1538/19/1 1370/1/1
f 1370/2/2 1538/20/2 1539/19/2 1530/1/2
f 1536/1/3 1530/2/3 1539/20/3 1540/19/3
f 1376/1/4 1536/2/4 1540/20/4 1537/19/4
f 1381/2/1 1543/20/1 1544/19/1 1376/1/1
f 1376/2/2 1544/20/2 1545/19/2 1536/1/2
f 1542/1/3 1536/2/3 1545/20/3 1546/19/3
f 1381/1/4 1542/2/4 1546/20/4 1543/19/4
f 1386/2/1 1549/20/1 1550/19/1 1381/1/1
f 1381/2/2 1550/20/2 1551/19/2 1542/1/2
f 1548/1/3 1542/2/3 1551/20/3 1552/19/3
f 1386/1/4 1548/2/4 1552/20/4 1549/19/4
f 1391/2/1 1555/20/1 1556/19/1 1386/1/1
f 1386/2/2 1556/20/2 1557/19/2 1548/1/2
f 1554/1/3 1548/2/3 1557/20/3 1558/19/3
f 1391/1/4 1554/2/4 1558/20/4 1555/19/4
f 1396/2/1 1560/20/1 1561/19/1 1391/1/1
f 1391/2/2 1561/20/2 1562/19/2 1554/1/2
f 1559/1/3 1554/2/3 1562/20/3 1563/19/3
f 1396/1/4 1559/2/4 1563/20/4 1560/19/4
f 1397/2/1 1565/20/1 1566/19/1 1396/1/1
f 1396/2/2 1566/20/2 1567/19/2 1559/1/2
f 1564/1/3 1559/2/3 1567/20/3 1568/19/3
f 1397/1/4 1564/2/4 1568/20/4 1565/19/4
f 1403/2/1 1571/20/1 1572/19/1 1397/1/1
f 1397/2/2 1572/20/2 1573/19/2 1564/1/2
f 1570/1/3 1564/2/3 1573/20/3 1574/19/3
f 1403/1/4 1570/2/4 1574/20/4 1571/19/4
f 1408/2/1 1409/22/1 1403/21/1 1402/1/1
f 1402/2/2 1403/22/2 1570/21/2 1569/1/2
f 1575/1/3 1569/2/3 1570/22/3 1576/21/3
f 1408/1/4 1575/2/4 1576/22/4 1409/21/4
f 1409/2/1 1577/20/1 1578/19/1 1403/1/1
f 1403/2/2 1578/20/2 1579/19/2 1570/1/2
f 1576/1/3 1570/2/3 1579/20/3 1580/19/3
f 1409/1/4 1576/2/4 1580/20/4 1577/19/4
f 1410/2/1 1582/20/1 1583/19/1 1409/1/1
f 1409/2/2 1583/20/2 1584/19/2 1576/1/2
f 1581/1/3 1576/2/3 1584/20/3 1585/19/3
f 1410/1/4 1581/2/4 1585/20/4 1582/19/4
f 1415/2/1 1418/22/1 1417/21/1 1416/1/1
f 1416/2/2 1417/22/2 1589/21/2 1588/1/2
f 1587/1/3 1588/2/3 1589/22/3 1590/21/3
f 1415/1/4 1587/2/4 1590/22/4 1418/21/4
f 1418/2/1 1420/22/1 1419/21/1 1417/1/1
f 1417/2/2 1419/22/2 1591/21/2 1589/1/2
f 1590/1/3 1589/2/3 1591/22/3 1592/21/3
f 1418/1/4 1590/2/4 1592/22/4 1420/21/4
f 1420/2/1 1593/20/1 1594/19/1 1419/1/1
f 1419/2/2 1594/20/2 1595/19/2 1591/1/2
f 1592/1/3 1591/2/3 1595/20/3 1596/19/3
f 1420/1/4 1592/2/4 1596/20/4 1593/19/4
f 1425/2/1 1426/22/1 1418/21/1 1415/1/1
f 1415/2/2 1418/22/2 1590/21/2 1587/1/2
f 1597/1/3 1587/2/3 1590/22/3 1598/21/3
f 1425/1/4 1597/2/4 1598/22/4 1426/21/4
f 1426/2/1 1427/22/1 1420/21/1 1418/1/1
f 1418/2/2 1420/22/2 1592/21/2 1590/1/2
f 1598/1/3 1590/2/3 1592/22/3 1599/21/3
f 1426/1/4 1598/2/4 1599/22/4 1427/21/4
f 1427/2/1 1600/20/1 1601/19/1 1420/1/1
f 1420/2/2 1601/20/2 1602/19/2 1592/1/2
f 1599/1/3 1592/2/3 1602/20/3 1603/19/3
f 1427/1/4 1599/2/4 1603/20/4 1600/19/4
f 1432/2/1 1433/22/1 1426/21/1 1425/1/1
f 1425/2/2 1426/22/2 1598/21/2 1597/1/2
f 1604/1/3 1597/2/3 1598/22/3 1605/21/3
f 1432/1/4 1604/2/4 1605/22/4 1433/21/4
f 1433/2/1 1434/22/1 1427/21/1 1426/1/1
f 1426/2/2 1427/22/2 1599/21/2 1598/1/2
f 1605/1/3 1598/2/3 1599/22/3 1606/21/3
f 1433/1/4 1605/2/4 1606/22/4 1434/21/4
f 1434/2/1 1607/20/1 1608/19/1 1427/1/1
f 1427/2/2 1608/20/2 1609/19/2 1599/1/2
f 1606/1/3 1599/2/3 1609/20/3 1610/19/3
f 1434/1/4 1606/2/4 1610/20/4 1607/19/4
f 1439/2/1 1440/22/1 1433/21/1 1432/1/1
f 1432/2/2 1433/22/2 1605/21/2 1604/1/2
f 1611/1/3 1604/2/3 1605/22/3 1612/21/3
f 1439/1/4 1611/2/4 1612/22/4 1440/21/4
f 1440/2/1 1441/22/1 1434/21/1 1433/1/1
f 1433/2/2 1434/22/2 1606/21/2 1605/1/2
f 1612/1/3 1605/2/3 1606/22/3 1613/21/3
f 1440/1/4 1612/2/4 1613/22/4 1441/21/4
f 1441/2/1 1614/20/1 1615/19/1 1434/1/1
f 1434/2/2 1615/20/2 1616/19/2 1606/1/2
f 1613/1/3 1606/2/3 1616/20/3 1617/19/3
f 1441/1/4 1613/2/4 1617/20/4 1614/19/4
f 1446/2/1 1447/22/1 1440/21/1 1439/1/1
f 1439/2/2 1440/22/2 1612/21/2 1611/1/2
f 1618/1/3 1611/2/3 1612/22/3 1619/21/3
f 1446/1/4 1618/2/4 1619/22/4 1447/21/4
f 1447/2/1 1448/22/1 1441/21/1 1440/1/1
f 1440/2/2 1441/22/2 1613/21/2 1612/1/2
f 1619/1/3 1612/2/3 1613/22/3 1620/21/3
f 1447/1/4 1619/2/4 1620/22/4 1448/21/4
f 1448/2/1 1621/20/1 1622/19/1 1441/1/1
f 1441/2/2 1622/20/2 1623/19/2 1613/1/2
f 1620/1/3 1613/2/3 1623/20/3 1624/19/3
f 1448/1/4 1620/2/4 1624/20/4 1621/19/4
f 1453/2/1 1454/22/1 1447/21/1 1446/1/1
f 1446/2/2 1447/22/2 1619/21/2 1618/1/2
f 1625/1/3 1618/2/3 1619/22/3 1626/21/3
f 1453/1/4 1625/2/4 1626/22/4 1454/21/4
f 1454/2/1 1455/22/1 1448/21/1 1447/1/1
f 1447/2/2 1448/22/2 1620/21/2 1619/1/2
f 1626/1/3 1619/2/3 1620/22/3 1627/21/3
f 1454/1/4 1626/2/4 1627/22/4 1455/21/4
f 1455/2/1 1628/20/1 1629/19/1 1448/1/1
f 1448/2/2 1629/20/2 1630/19/2 1620/1/2
f 1627/1/3 1620/2/3 1630/20/3 1631/19/3
f 1455/1/4 1627/2/4 1631/20/4 1628/19/4
f 1460/2/1 1461/22/1 1454/21/1 1453/1/1
f 1453/2/2 1454/22/2 1626/21/2 1625/1/2
f 1632/1/3 1625/2/3 1626/22/3 1633/21/3
f 1460/1/4 1632/2/4 1633/22/4 1461/21/4
f 1461/2/1 1462/22/1 1455/21/1 1454/1/1
f 1454/2/2 1455/22/2 1627/21/2 1626/1/2
f 1633/1/3 1626/2/3 1627/22/3 1634/21/3
f 1461/1/4 1633/2/4 1634/22/4 1462/21/4
f 1462/2/1 1635/20/1 1636/19/1 1455/1/1
f 1455/2/2 1636/20/2 1637/19/2 1627/1/2
f 1634/1/3 1627/2/3 1637/20/3 1638/19/3
f 1462/1/4 1634/2/4 1638/20/4 1635/19/4
f 1467/2/1 1468/22/1 1461/21/1 1460/1/1
f 1460/2/2 1461/22/2 1633/21/2 1632/1/2
f 1639/1/3 1632/2/3 1633/22/3 1640/21/3
f 1467/1/4 1639/2/4 1640/22/4 1468/21/4
f 1468/2/1 1469/22/1 1462/21/1 1461/1/1
f 1461/2/2 1462/22/2 1634/21/2 1633/1/2
f 1640/1/3 1633/2/3 1634/22/3 1641/21/3
f 1468/1/4 1640/2/4 1641/22/4 1469/21/4
f 1469/2/1 1642/20/1 1643/19/1 1462/1/1
f 1462/2/2 1643/20/2 1644/19/2 1634/1/2
f 1641/1/3 1634/2/3 1644/20/3 1645/19/3
f 1469/1/4 1641/2/4 1645/20/4 1642/19/4
f 1474/2/1 1475/22/1 1468/21/1 1467/1/1
f 1467/2/2 1468/22/2 1640/21/2 1639/1/2
f 1646/1/3 1639/2/3 1640/22/3 1647/21/3
f 1474/1/4 1646/2/4 1647/22/4 1475/21/4
f 1475/2/1 1476/22/1 1469/21/1 1468/1/1
f 1468/2/2 1469/22/2 1641/21/2 1640/1/2
f 1647/1/3 1640/2/3 1641/22/3 1648/21/3
f 1475/1/4 1647/2/4 1648/22/4 1476/21/4
f 1476/2/1 1649/20/1 1650/19/1 1469/1/1
f 1469/2/2 1650/20/2 1651/19/2 1641/1/2
f 1648/1/3 1641/2/3 1651/20/3 1652/19/3
f 1476/1/4 1648/2/4 1652/20/4 1649/19/4
f 1481/2/1 1482/22/1 1475/21/1 1474/1/1
f 1474/2/2 1475/22/2 1647/21/2 1646/1/2
f 1653/1/3 1646/2/3 1647/22/3 1654/21/3
f 1481/1/4 1653/2/4 1654/22/4 1482/21/4
f 1482/2/1 1483/22/1 1476/21/1 1475/1/1
f 1475/2/2 1476/22/2 1648/21/2 1647/1/2
f 1654/1/3 1647/2/3 1648/22/3 1655/21/3
f 1482/1/4 1654/2/4 1655/22/4 1483/21/4
f 1483/2/1 1656/20/1 1657/19/1 1476/1/1
f 1476/2/2 1657/20/2 1658/19/2 1648/1/2
f 1655/1/3 1648/2/3 1658/20/3 1659/19/3
f 1483/1/4 1655/2/4 1659/20/4 1656/19/4
f 1488/2/1 1489/22/1 1482/21/1 1481/1/1
f 1481/2/2 1482/22/2 1654/21/2 1653/1/2
f 1660/1/3 1653/2/3 1654/22/3 1661/21/3
f 1488/1/4 1660/2/4 1661/22/4 1489/21/4
f 1489/2/1 1490/22/1 1483/21/1 1482/1/1
f 1482/2/2 1483/22/2 1655/21/2 1654/1/2
f 1661/1/3 1654/2/3 1655/22/3 1662/21/3
f 1489/1/4 1661/2/4 1662/22/4 1490/21/4
f 1490/2/1 1663/20/1 1664/19/1 1483/1/1
f 1483/2/2 1664/20/2 1665/19/2 1655/1/2
f 1662/1/3 1655/2/3 1665/20/3 1666/19/3
f 1490/1/4 1662/2/4 1666/20/4 1663/19/4
f 1495/2/1 1496/22/1 1489/21/1 1488/1/1
f 1488/2/2 1489/22/2 1661/21/2 1660/1/2
f 1667/1/3 1660/2/3 1661/22/3 1668/21/3
f 1495/1/4 1667/2/4 1668/22/4 1496/21/4
f 1496/2/1 1497/22/1 1490/21/1 1489/1/1
f 1489/2/2 1490/22/2 1662/21/2 1661/1/2
f 1668/1/3 1661/2/3 1662/22/3 1669/21/3
f 1496/1/4 1668/2/4 1669/22/4 1497/21/4
f 1497/2/1 1670/20/1 1671/19/1 1490/1/1
f 1490/2/2 1671/20/2 1672/19/2 1662/1/2
f 1669/1/3 1662/2/3 1672/20/3 1673/19/3
f 1497/1/4 1669/2/4 1673/20/4 1670/19/4
f 1502/2/1 1503/22/1 1496/21/1 1495/1/1
f 1495/2/2 1496/22/2 1668/21/2 1667/1/2
f 1674/1/3 1667/2/3 1668/22/3 1675/21/3
f 1502/1/4 1674/2/4 1675/22/4 1503/21/4
f 1503/2/1 1504/22/1 1497/21/1 1496/1/1
f 1496/2/2 1497/22/2 1669/21/2 1668/1/2
f 1675/1/3 1668/2/3 1669/22/3 1676/21/3
f 1503/1/4 1675/2/4 1676/22/4 1504/21/4
f 1504/2/1 1677/20/1 1678/19/1 1497/1/1
f 1497/2/2 1678/20/2 1679/19/2 1669/1/2
f 1676/1/3 1669/2/3 1679/20/3 1680/19/3
f 1504/1/4 1676/2/4 1680/20/4 1677/19/4
f 1509/2/1 1510/22/1 1503/21/1 1502/1/1
f 1502/2/2 1503/22/2 1675/21/2 1674/1/2
f 1681/1/3 1674/2/3 1675/22/3 1682/21/3
f 1509/1/4 1681/2/4 1682/22/4 1510/21/4
f 1510/2/1 1511/22/1 1504/21/1 1503/1/1
f 1503/2/2 1504/22/2 1676/21/2 1675/1/2
f 1682/1/3 1675/2/3 1676/22/3 1683/21/3
f 1510/1/4 1682/2/4 1683/22/4 1511/21/4
f 1511/2/1 1684/20/1 1685/19/1 1504/1/1
f 1504/2/2 1685/20/2 1686/19/2 1676/1/2
f 1683/1/3 1676/2/3 1686/20/3 1687/19/3
f 1511/1/4 1683/2/4 1687/20/4 1684/19/4
f 1516/2/1 1517/22/1 1510/21/1 1509/1/1
f 1509/2/2 1510/22/2 1682/21/2 1681/1/2
f 1688/1/3 1681/2/3 1682/22/3 1689/21/3
f 1516/1/4 1688/2/4 1689/22/4 1517/21/4
f 1517/2/1 1520/22/1 1511/21/1 1510/1/1
f 1510/2/2 1511/22/2 1683/21/2 1682/1/2
f 1689/1/3 1682/2/3 1683/22/3 1690/21/3
f 1517/1/4 1689/2/4 1690/22/4 1520/21/4
f 1520/2/1 1691/20/1 1692/19/1 1511/1/1
f 1511/2/2 1692/20/2 1693/19/2 1683/1/2
f 1690/1/3 1683/2/3 1693/20/3 1694/19/3
f 1520/1/4 1690/2/4 1694/20/4 1691/19/4
f 1524/2/1 1697/20/1 1698/19/1 1520/1/1
f 1520/2/2 1698/20/2 1699/19/2 1690/1/2
f 1696/1/3 1690/2/3 1699/20/3 1700/19/3
f 1524/1/4 1696/2/4 1700/20/4 1697/19/4
f 1529/2/1 1530/22/1 1524/21/1 1523/1/1
f 1523/2/2 1524/22/2 1696/21/2 1695/1/2
f 1702/1/3 1695/2/3 1696/22/3 1703/21/3
f 1529/1/4 1702/2/4 1703/22/4 1530/21/4
f 1530/2/1 1704/20/1 1705/19/1 1524/1/1
f 1524/2/2 1705/20/2 1706/19/2 1696/1/2
f 1703/1/3 1696/2/3 1706/20/3 1707/19/3
f 1530/1/4 1703/2/4 1707/20/4 1704/19/4
f 1536/2/1 1710/20/1 1711/19/1 1530/1/1
f 1530/2/2 1711/20/2 1712/19/2 1703/1/2
f 1709/1/3 1703/2/3 1712/20/3 1713/19/3
f 1536/1/4 1709/2/4 1713/20/4 1710/19/4
f 1541/2/1 1542/22/1 1536/21/1 1535/1/1
f 1535/2/2 1536/22/2 1709/21/2 1708/1/2
f 1714/1/3 1708/2/3 1709/22/3 1715/21/3
f 1541/1/4 1714/2/4 1715/22/4 1542/21/4
f 1542/2/1 1716/20/1 1717/19/1 1536/1/1
f 1536/2/2 1717/20/2 1718/19/2 1709/1/2
f 1715/1/3 1709/2/3 1718/20/3 1719/19/3
f 1542/1/4 1715/2/4 1719/20/4 1716/19/4
f 1547/2/1 1548/22/1 1542/21/1 1541/1/1
f 1541/2/2 1542/22/2 1715/21/2 1714/1/2
f 1720/1/3 1714/2/3 1715/22/3 1721/21/3
f 1547/1/4 1720/2/4 1721/22/4 1548/21/4
f 1548/2/1 1722/20/1 1723/19/1 1542/1/1
f 1542/2/2 1723/20/2 1724/19/2 1715/1/2
f 1721/1/3 1715/2/3 1724/20/3 1725/19/3
f 1548/1/4 1721/2/4 1725/20/4 1722/19/4
f 1553/2/1 1554/22/1 1548/21/1 1547/1/1
f 1547/2/2 1548/22/2 1721/21/2 1720/1/2
f 1726/1/3 1720/2/3 1721/22/3 1727/21/3
f 1553/1/4 1726/2/4 1727/22/4 1554/21/4
f 1554/2/1 1728/20/1 1729/19/1 1548/1/1
f 1548/2/2 1729/20/2 1730/19/2 1721/1/2
f 1727/1/3 1721/2/3 1730/20/3 1731/19/3
f 1554/1/4 1727/2/4 1731/20/4 1728/19/4
f 1564/2/1 1734/20/1 1735/19/1 1559/1/1
f 1559/2/2 1735/20/2 1736/19/2 1732/1/2
f 1733/1/3 1732/2/3 1736/20/3 1737/19/3
f 1564/1/4 1733/2/4 1737/20/4 1734/19/4
f 1570/2/1 1739/20/1 1740/19/1 1564/1/1
f 1564/2/2 1740/20/2 1741/19/2 1733/1/2
f 1738/1/3 1733/2/3 1741/20/3 1742/19/3
f 1570/1/4 1738/2/4 1742/20/4 1739/19/4
f 1576/2/1 1744/20/1 1745/19/1 1570/1/1
f 1570/2/2 1745/20/2 1746/19/2 1738/1/2
f 1743/1/3 1738/2/3 1746/20/3 1747/19/3
f 1576/1/4 1743/2/4 1747/20/4 1744/19/4
f 1581/2/1 1749/20/1 1750/19/1 1576/1/1
f 1576/2/2 1750/20/2 1751/19/2 1743/1/2
f 1748/1/3 1743/2/3 1751/20/3 1752/19/3
f 1581/1/4 1748/2/4 1752/20/4 1749/19/4
f 1586/2/1 1754/20/1 1755/19/1 1581/1/1
f 1581/2/2 1755/20/2 1756/19/2 1748/1/2
f 1753/1/3 1748/2/3 1756/20/3 1757/19/3
f 1586/1/4 1753/2/4 1757/20/4 1754/19/4
f 1587/2/1 1590/22/1 1589/21/1 1588/1/1
f 1588/2/2 1589/22/2 1760/21/2 1759/1/2
f 1758/1/3 1759/2/3 1760/22/3 1761/21/3
f 1587/1/4 1758/2/4 1761/22/4 1590/21/4
f 1590/2/1 1592/22/1 1591/21/1 1589/1/1
f 1589/2/2 1591/22/2 1762/21/2 1760/1/2
f 1761/1/3 1760/2/3 1762/22/3 1763/21/3
f 1590/1/4 1761/2/4 1763/22/4 1592/21/4
f 1592/2/1 1764/20/1 1765/19/1 1591/1/1
f 1591/2/2 1765/20/2 1766/19/2 1762/1/2
f 1763/1/3 1762/2/3 1766/20/3 1767/19/3
f 1592/1/4 1763/2/4 1767/20/4 1764/19/4
f 1597/2/1 1598/22/1 1590/21/1 1587/1/1
f 1587/2/2 1590/22/2 1761/21/2 1758/1/2
f 1768/1/3 1758/2/3 1761/22/3 1769/21/3
f 1597/1/4 1768/2/4 1769/22/4 1598/21/4
f 1598/2/1 1599/22/1 1592/21/1 1590/1/1
f 1590/2/2 1592/22/2 1763/21/2 1761/1/2
f 1769/1/3 1761/2/3 1763/22/3 1770/21/3
f 1598/1/4 1769/2/4 1770/22/4 1599/21/4
f 1599/2/1 1771/20/1 1772/19/1 1592/1/1
f 1592/2/2 1772/20/2 1773/19/2 1763/1/2
f 1770/1/3 1763/2/3 1773/20/3 1774/19/3
f 1599/1/4 1770/2/4 1774/20/4 1771/19/4
f 1604/2/1 1605/22/1 1598/21/1 1597/1/1
f 1597/2/2 1598/22/2 1769/21/2 1768/1/2
f 1775/1/3 1768/2/3 1769/22/3 1776/21/3
f 1604/1/4 1775/2/4 1776/22/4 1605/21/4
f 1605/2/1 1606/22/1 1599/21/1 1598/1/1
f 1598/2/2 1599/22/2 1770/21/2 1769/1/2
f 1776/1/3 1769/2/3 1770/22/3 1777/21/3
f 1605/1/4 1776/2/4 1777/22/4 1606/21/4
f 1606/2/1 1778/20/1 1779/19/1 1599/1/1
f 1599/2/2 1779/20/2 1780/19/2 1770/1/2
f 1777/1/3 1770/2/3 1780/20/3 1781/19/3
f 1606/1/4 1777/2/4 1781/20/4 1778/19/4
f 1611/2/1 1612/22/1 1605/21/1 1604/1/1
f 1604/2/2 1605/22/2 1776/21/2 1775/1/2
f 1782/1/3 1775/2/3 1776/22/3 1783/21/3
f 1611/1/4 1782/2/4 1783/22/4 1612/21/4
f 1612/2/1 1613/22/1 1606/21/1 1605/1/1
f 1605/2/2 1606/22/2 1777/21/2 1776/1/2
f 1783/1/3 1776/2/3 1777/22/3 1784/21/3
f 1612/1/4 1783/2/4 1784/22/4 1613/21/4
f 1613/2/1 1785/20/1 1786/19/1 1606/1/1
f 1606/2/2 1786/20/2 1787/19/2 1777/1/2
f 1784/1/3 1777/2/3 1787/20/3 1788/19/3
f 1613/1/4 1784/2/4 1788/20/4 1785/19/4
f 1618/2/1 1619/22/1 1612/21/1 1611/1/1
f 1611/2/2 1612/22/2 1783/21/2 1782/1/2
f 1789/1/3 1782/2/3 1783/22/3 1790/21/3
f 1618/1/4 1789/2/4 1790/22/4 1619/21/4
f 1619/2/1 1620/22/1 1613/21/1 1612/1/1
f 1612/2/2 1613/22/2 1784/21/2 1783/1/2
f 1790/1/3 1783/2/3 1784/22/3 1791/21/3
f 1619/1/4 1790/2/4 1791/22/4 1620/21/4
f 1620/2/1 1792/20/1 1793/19/1 1613/1/1
f 1613/2/2 1793/20/2 1794/19/2 1784/1/2
f 1791/1/3 1784/2/3 1794/20/3 1795/19/3
f 1620/1/4 1791/2/4 1795/20/4 1792/19/4
f 1625/2/1 1626/22/1 1619/21/1 1618/1/1
f 1618/2/2 1619/22/2 1790/21/2 1789/1/2
f 1796/1/3 1789/2/3 1790/22/3 1797/21/3
f 1625/1/4 1796/2/4 1797/22/4 1626/21/4
f 1626/2/1 1627/22/1 1620/21/1 1619/1/1
f 1619/2/2 1620/22/2 1791/21/2 1790/1/2
f 1797/1/3 1790/2/3 1791/22/3 1798/21/3
f 1626/1/4 1797/2/4 1798/22/4 1627/21/4
f 1627/2/1 1799/20/1 1800/19/1 1620/1/1
f 1620/2/2 1800/20/2 1801/19/2 1791/1/2
f 1798/1/3 1791/2/3 1801/20/3 1802/19/3
f 1627/1/4 1798/2/4 1802/20/4 1799/19/4
f 1632/2/1 1633/22/1 1626/21/1 1625/1/1
f 1625/2/2 1626/22/2 1797/21/2 1796/1/2
f 1803/1/3 1796/2/3 1797/22/3 1804/21/3
f 1632/1/4 1803/2/4 1804/22/4 1633/21/4
f 1633/2/1 1634/22/1 1627/21/1 1626/1/1
f 1626/2/2 1627/22/2 1798/21/2 1797/1/2
f 1804/1/3 1797/2/3 1798/22/3 1805/21/3
f 1633/1/4 1804/2/4 1805/22/4 1634/21/4
f 1634/2/1 1806/20/1 1807/19/1 1627/1/1
f 1627/2/2 1807/20/2 1808/19/2 1798/1/2
f 1805/1/3 1798/2/3 1808/20/3 1809/19/3
f 1634/1/4 1805/2/4 1809/20/4 1806/19/4
f 1639/2/1 1640/22/1 1633/21/1 1632/1/1
f 1632/2/2 1633/22/2 1804/21/2 1803/1/2
f 1810/1/3 1803/2/3 1804/22/3 1811/21/3
f 1639/1/4 1810/2/4 1811/22/4 1640/21/4
f 1640/2/1 1641/22/1 1634/21/1 1633/1/1
f 1633/2/2 1634/22/2 1805/21/2 1804/1/2
f 1811/1/3 1804/2/3 1805/22/3 1812/21/3
f 1640/1/4 1811/2/4 1812/22/4 1641/21/4
f 1641/2/1 1813/20/1 1814/19/1 1634/1/1
f 1634/2/2 1814/20/2 1815/19/2 1805/1/2
f 1812/1/3 1805/2/3 1815/20/3 1816/19/3
f 1641/1/4 1812/2/4 1816/20/4 1813/19/4
f 1646/2/1 1647/22/1 1640/21/1 1639/1/1
f 1639/2/2 1640/22/2 1811/21/2 1810/1/2
f 1817/1/3 1810/2/3 1811/22/3 1818/21/3
f 1646/1/4 1817/2/4 1818/22/4 1647/21/4
f 1647/2/1 1648/22/1 1641/21/1 1640/1/1
f 1640/2/2 1641/22/2 1812/21/2 1811/1/2
f 1818/1/3 1811/2/3 1812/22/3 1819/21/3
f 1647/1/4 1818/2/4 1819/22/4 1648/21/4
f 1648/2/1 1820/20/1 1821/19/1 1641/1/1
f 1641/2/2 1821/20/2 1822/19/2 1812/1/2
f 1819/1/3 1812/2/3 1822/20/3 1823/19/3
f 1648/1/4 1819/2/4 1823/20/4 1820/19/4
f 1653/2/1 1654/22/1 1647/21/1 1646/1/1
f 1646/2/2 1647/22/2 1818/21/2 1817/1/2
f 1824/1/3 1817/2/3 1818/22/3 1825/21/3
f 1653/1/4 1824/2/4 1825/22/4 1654/21/4
f 1654/2/1 1655/22/1 1648/21/1 1647/1/1
f 1647/2/2 1648/22/2 1819/21/2 1818/1/2
f 1825/1/3 1818/2/3 1819/22/3 1826/21/3
f 1654/1/4 1825/2/4 1826/22/4 1655/21/4
f 1655/2/1 1827/20/1 1828/19/1 1648/1/1
f 1648/2/2 1828/20/2 1829/19/2 1819/1/2
f 1826/1/3 1819/2/3 1829/20/3 1830/19/3
f 1655/1/4 1826/2/4 1830/20/4 1827/19/4
f 1660/2/1 1661/22/1 1654/21/1 1653/1/1
f 1653/2/2 1654/22/2 1825/21/2 1824/1/2
f 1831/1/3 1824/2/3 1825/22/3 1832/21/3
f 1660/1/4 1831/2/4 1832/22/4 1661/21/4
f 1661/2/1 1662/22/1 1655/21/1 1654/1/1
f 1654/2/2 1655/22/2 1826/21/2 1825/1/2
f 1832/1/3 1825/2/3 1826/22/3 1833/21/3
f 1661/1/4 1832/2/4 1833/22/4 1662/21/4
f 1662/2/1 1834/20/1 1835/19/1 1655/1/1
f 1655/2/2 1835/20/2 1836/19/2 1826/1/2
f 1833/1/3 1826/2/3 1836/20/3 1837/19/3
f 1662/1/4 1833/2/4 1837/20/4 1834/19/4
f 1667/2/1 1668/22/1 1661/21/1 1660/1/1
f 1660/2/2 1661/22/2 1832/21/2 1831/1/2
f 1838/1/3 1831/2/3 1832/22/3 1839/21/3
f 1667/1/4 1838/2/4 1839/22/4 1668/21/4
f 1668/2/1 1669/22/1 1662/21/1 1661/1/1
f 1661/2/2 1662/22/2 1833/21/2 1832/1/2
f 1839/1/3 1832/2/3 1833/22/3 1840/21/3
f 1668/1/4 1839/2/4 1840/22/4 1669/21/4
f 1669/2/1 1841/20/1 1842/19/1 1662/1/1
f 1662/2/2 1842/20/2 1843/19/2 1833/1/2
f 1840/1/3 1833/2/3 1843/20/3 1844/19/3
f 1669/1/4 1840/2/4 1844/20/4 1841/19/4
f 1674/2/1 1675/22/1 1668/21/1 1667/1/1
f 1667/2/2 1668/22/2 1839/21/2 1838/1/2
f 1845/1/3 1838/2/3 1839/22/3 1846/21/3
f 1674/1/4 1845/2/4 1846/22/4 1675/21/4
f 1675/2/1 1676/22/1 1669/21/1 1668/1/1
f 1668/2/2 1669/22/2 1840/21/2 1839/1/2
f 1846/1/3 1839/2/3 1840/22/3 1847/21/3
f 1675/1/4 1846/2/4 1847/22/4 1676/21/4
f 1676/2/1 1848/20/1 1849/19/1 1669/1/1
f 1669/2/2 1849/20/2 1850/19/2 1840/1/2
f 1847/1/3 1840/2/3 1850/20/3 1851/19/3
f 1676/1/4 1847/2/4 1851/20/4 1848/19/4
f 1681/2/1 1682/22/1 1675/21/1 1674/1/1
f 1674/2/2 1675/22/2 1846/21/2 1845/1/2
f 1852/1/3 1845/2/3 1846/22/3 1853/21/3
f 1681/1/4 1852/2/4 1853/22/4 1682/21/4
f 1682/2/1 1683/22/1 1676/21/1 1675/1/1
f 1675/2/2 1676/22/2 1847/21/2 1846/1/2
f 1853/1/3 1846/2/3 1847/22/3 1854/21/3
f 1682/1/4 1853/2/4 1854/22/4 1683/21/4
f 1683/2/1 1855/20/1 1856/19/1 1676/1/1
f 1676/2/2 1856/20/2 1857/19/2 1847/1/2
f 1854/1/3 1847/2/3 1857/20/3 1858/19/3
f 1683/1/4 1854/2/4 1858/20/4 1855/19/4
f 1689/2/1 1690/22/1 1683/21/1 1682/1/1
f 1682/2/2 1683/22/2 1854/21/2 1853/1/2
f 1859/1/3 1853/2/3 1854/22/3 1860/21/3
f 1689/1/4 1859/2/4 1860/22/4 1690/21/4
f 1690/2/1 1861/20/1 1862/19/1 1683/1/1
f 1683/2/2 1862/20/2 1863/19/2 1854/1/2
f 1860/1/3 1854/2/3 1863/20/3 1864/19/3
f 1690/1/4 1860/2/4 1864/20/4 1861/19/4
f 1701/2/1 1695/22/1 1689/21/1 1688/1/1
f 1688/2/2 1689/22/2 1859/21/2 1866/1/2
f 1865/1/3 1866/2/3 1859/22/3 1867/21/3
f 1701/1/4 1865/2/4 1867/22/4 1695/21/4
f 1695/2/1 1696/22/1 1690/21/1 1689/1/1
f 1689/2/2 1690/22/2 1860/21/2 1859/1/2
f 1867/1/3 1859/2/3 1860/22/3 1868/21/3
f 1695/1/4 1867/2/4 1868/22/4 1696/21/4
f 1696/2/1 1869/20/1 1870/19/1 1690/1/1
f 1690/2/2 1870/20/2 1871/19/2 1860/1/2
f 1868/1/3 1860/2/3 1871/20/3 1872/19/3
f 1696/1/4 1868/2/4 1872/20/4 1869/19/4
f 1702/2/1 1703/22/1 1696/21/1 1695/1/1
f 1695/2/2 1696/22/2 1868/21/2 1867/1/2
f 1874/1/3 1867/2/3 1868/22/3 1875/21/3
f 1702/1/4 1874/2/4 1875/22/4 1703/21/4
f 1703/2/1 1876/20/1 1877/19/1 1696/1/1
f 1696/2/2 1877/20/2 1878/19/2 1868/1/2
f 1875/1/3 1868/2/3 1878/20/3 1879/19/3
f 1703/1/4 1875/2/4 1879/20/4 1876/19/4
f 1708/2/1 1709/22/1 1703/21/1 1702/1/1
f 1702/2/2 1703/22/2 1875/21/2 1874/1/2
f 1880/1/3 1874/2/3 1875/22/3 1881/21/3
f 1708/1/4 1880/2/4 1881/22/4 1709/21/4
f 1709/2/1 1882/20/1 1883/19/1 1703/1/1
f 1703/2/2 1883/20/2 1884/19/2 1875/1/2
f 1881/1/3 1875/2/3 1884/20/3 1885/19/3
f 1709/1/4 1881/2/4 1885/20/4 1882/19/4
f 1714/2/1 1715/22/1 1709/21/1 1708/1/1
f 1708/2/2 1709/22/2 1881/21/2 1880/1/2
f 1886/1/3 1880/2/3 1881/22/3 1887/21/3
f 1714/1/4 1886/2/4 1887/22/4 1715/21/4
f 1715/2/1 1888/20/1 1889/19/1 1709/1/1
f 1709/2/2 1889/20/2 1890/19/2 1881/1/2
f 1887/1/3 1881/2/3 1890/20/3 1891/19/3
f 1715/1/4 1887/2/4 1891/20/4 1888/19/4
f 1720/2/1 1721/22/1 1715/21/1 1714/1/1
f 1714/2/2 1715/22/2 1887/21/2 1886/1/2
f 1892/1/3 1886/2/3 1887/22/3 1893/21/3
f 1720/1/4 1892/2/4 1893/22/4 1721/21/4
f 1721/2/1 1894/20/1 1895/19/1 1715/1/1
f 1715/2/2 1895/20/2 1896/19/2 1887/1/2
f 1893/1/3 1887/2/3 1896/20/3 1897/19/3
f 1721/1/4 1893/2/4 1897/20/4 1894/19/4
f 1726/2/1 1727/22/1 1721/21/1 1720/1/1
f 1720/2/2 1721/22/2 1893/21/2 1892/1/2
f 1898/1/3 1892/2/3 1893/22/3 1899/21/3
f 1726/1/4 1898/2/4 1899/22/4 1727/21/4
f 1727/2/1 1900/20/1 1901/19/1 1721/1/1
f 1721/2/2 1901/20/2 1902/19/2 1893/1/2
f 1899/1/3 1893/2/3 1902/20/3 1903/19/3
f 1727/1/4 1899/2/4 1903/20/4 1900/19/4
f 1732/2/1 1906/20/1 1907/19/1 1727/1/1
f 1727/2/2 1907/20/2 1908/19/2 1899/1/2
f 1905/1/3 1899/2/3 1908/20/3 1909/19/3
f 1732/1/4 1905/2/4 1909/20/4 1906/19/4
f 1733/2/1 1912/20/1 1913/19/1 1732/1/1
f 1732/2/2 1913/20/2 1914/19/2 1905/1/2
f 1911/1/3 1905/2/3 1914/20/3 1915/19/3
f 1733/1/4 1911/2/4 1915/20/4 1912/19/4
f 1738/2/1 1917/20/1 1918/19/1 1733/1/1
f 1733/2/2 1918/20/2 1919/19/2 1911/1/2
f 1916/1/3 1911/2/3 1919/20/3 1920/19/3
f 1738/1/4 1916/2/4 1920/20/4 1917/19/4
f 1743/2/1 1922/20/1 1923/19/1 1738/1/1
f 1738/2/2 1923/20/2 1924/19/2 1916/1/2
f 1921/1/3 1916/2/3 1924/20/3 1925/19/3
f 1743/1/4 1921/2/4 1925/20/4 1922/19/4
f 1748/2/1 1927/20/1 1928/19/1 1743/1/1
f 1743/2/2 1928/20/2 1929/19/2 1921/1/2
f 1926/1/3 1921/2/3 1929/20/3 1930/19/3
f 1748/1/4 1926/2/4 1930/20/4 1927/19/4
f 1758/2/1 1761/22/1 1760/21/1 1759/1/1
f 1759/2/2 1760/22/2 1933/21/2 1932/1/2
f 1931/1/3 1932/2/3 1933/22/3 1934/21/3
f 1758/1/4 1931/2/4 1934/22/4 1761/21/4
f 1761/2/1 1763/22/1 1762/21/1 1760/1/1
f 1760/2/2 1762/22/2 1935/21/2 1933/1/2
f 1934/1/3 1933/2/3 1935/22/3 1936/21/3
f 1761/1/4 1934/2/4 1936/22/4 1763/21/4
f 1763/2/1 1937/20/1 1938/19/1 1762/1/1
f 1762/2/2 1938/20/2 1939/19/2 1935/1/2
f 1936/1/3 1935/2/3 1939/20/3 1940/19/3
f 1763/1/4 1936/2/4 1940/20/4 1937/19/4
f 1768/2/1 1769/22/1 1761/21/1 1758/1/1
f 1758/2/2 1761/22/2 1934/21/2 1931/1/2
f 1941/1/3 1931/2/3 1934/22/3 1942/21/3
f 1768/1/4 1941/2/4 1942/22/4 1769/21/4
f 1769/2/1 1770/22/1 1763/21/1 1761/1/1
f 1761/2/2 1763/22/2 1936/21/2 1934/1/2
f 1942/1/3 1934/2/3 1936/22/3 1943/21/3
f 1769/1/4 1942/2/4 1943/22/4 1770/21/4
f 1770/2/1 1944/20/1 1945/19/1 1763/1/1
f 1763/2/2 1945/20/2 1946/19/2 1936/1/2
f 1943/1/3 1936/2/3 1946/20/3 1947/19/3
f 1770/1/4 1943/2/4 1947/20/4 1944/19/4
f 1775/2/1 1776/22/1 1769/21/1 1768/1/1
f 1768/2/2 1769/22/2 1942/21/2 1941/1/2
f 1948/1/3 1941/2/3 1942/22/3 1949/21/3
f 1775/1/4 1948/2/4 1949/22/4 1776/21/4
f 1776/2/1 1777/22/1 1770/21/1 1769/1/1
f 1769/2/2 1770/22/2 1943/21/2 1942/1/2
f 1949/1/3 1942/2/3 1943/22/3 1950/21/3
f 1776/1/4 1949/2/4 1950/22/4 1777/21/4
f 1777/2/1 1951/20/1 1952/19/1 1770/1/1
f 1770/2/2 1952/20/2 1953/19/2 1943/1/2
f 1950/1/3 1943/2/3 1953/20/3 1954/19/3
f 1777/1/4 1950/2/4 1954/20/4 1951/19/4
f 1782/2/1 1783/22/1 1776/21/1 1775/1/1
f 1775/2/2 1776/22/2 1949/21/2 1948/1/2
f 1955/1/3 1948/2/3 1949/22/3 1956/21/3
f 1782/1/4 1955/2/4 1956/22/4 1783/21/4
f 1783/2/1 1784/22/1 1777/21/1 1776/1/1
f 1776/2/2 1777/22/2 1950/21/2 1949/1/2
f 1956/1/3 1949/2/3 1950/22/3 1957/21/3
f 1783/1/4 1956/2/4 1957/22/4 1784/21/4
f 1784/2/1 1958/20/1 1959/19/1 1777/1/1
f 1777/2/2 1959/20/2 1960/19/2 1950/1/2
f 1957/1/3 1950/2/3 1960/20/3 1961/19/3
f 1784/1/4 1957/2/4 1961/20/4 1958/19/4
f 1789/2/1 1790/22/1 1783/21/1 1782/1/1
f 1782/2/2 1783/22/2 1956/21/2 1955/1/2
f 1962/1/3 1955/2/3 1956/22/3 1963/21/3
f 1789/1/4 1962/2/4 1963/22/4 1790/21/4
f 1790/2/1 1791/22/1 1784/21/1 1783/1/1
f 1783/2/2 1784/22/2 1957/21/2 1956/1/2
f 1963/1/3 1956/2/3 1957/22/3 1964/21/3
f 1790/1/4 1963/2/4 1964/22/4 1791/21/4
f 1791/2/1 1965/20/1 1966/19/1 1784/1/1
f 1784/2/2 1966/20/2 1967/19/2 1957/1/2
f 1964/1/3 1957/2/3 1967/20/3 1968/19/3
f 1791/1/4 1964/2/4 1968/20/4 1965/19/4
f 1796/2/1 1797/22/1 1790/21/1 1789/1/1
f 1789/2/2 1790/22/2 1963/21/2 1962/1/2
f 1969/1/3 1962/2/3 1963/22/3 1970/21/3
f 1796/1/4 1969/2/4 1970/22/4 1797/21/4
f 1797/2/1 1798/22/1 1791/21/1 1790/1/1
f 1790/2/2 1791/22/2 1964/21/2 1963/1/2
f 1970/1/3 1963/2/3 1964/22/3 1971/21/3
f 1797/1/4 1970/2/4 1971/22/4 1798/21/4
f 1798/2/1 1972/20/1 1973/19/1 1791/1/1
f 1791/2/2 1973/20/2 1974/19/2 1964/1/2
f 1971/1/3 1964/2/3 1974/20/3 1975/19/3
f 1798/1/4 1971/2/4 1975/20/4 1972/19/4
f 1803/2/1 1804/22/1 1797/21/1 1796/1/1
f 1796/2/2 1797/22/2 1970/21/2 1969/1/2
f 1976/1/3 1969/2/3 1970/22/3 1977/21/3
f 1803/1/4 1976/2/4 1977/22/4 1804/21/4
f 1804/2/1 1805/22/1 1798/21/1 1797/1/1
f 1797/2/2 1798/22/2 1971/21/2 1970/1/2
f 1977/1/3 1970/2/3 1971/22/3 1978/21/3
f 1804/1/4 1977/2/4 1978/22/4 1805/21/4
f 1805/2/1 1979/20/1 1980/19/1 1798/1/1
f 1798/2/2 1980/20/2 1981/19/2 1971/1/2
f 1978/1/3 1971/2/3 1981/20/3 1982/19/3
f 1805/1/4 1978/2/4 1982/20/4 1979/19/4
f 1810/2/1 1811/22/1 1804/21/1 1803/1/1
f 1803/2/2 1804/22/2 1977/21/2 1976/1/2
f 1983/1/3 1976/2/3 1977/22/3 1984/21/3
f 1810/1/4 1983/2/4 1984/22/4 1811/21/4
f 1811/2/1 1812/22/1 1805/21/1 1804/1/1
f 1804/2/2 1805/22/2 1978/21/2 1977/1/2
f 1984/1/3 1977/2/3 1978/22/3 1985/21/3
f 1811/1/4 1984/2/4 1985/22/4 1812/21/4
f 1812/2/1 1986/20/1 1987/19/1 1805/1/1
f 1805/2/2 1987/20/2 1988/19/2 1978/1/2
f 1985/1/3 1978/2/3 1988/20/3 1989/19/3
f 1812/1/4 1985/2/4 1989/20/4 1986/19/4
f 1817/2/1 1818/22/1 1811/21/1 1810/1/1
f 1810/2/2 1811/22/2 1984/21/2 1983/1/2
f 1990/1/3 1983/2/3 1984/22/3 1991/21/3
f 1817/1/4 1990/2/4 1991/22/4 1818/21/4
f 1818/2/1 1819/22/1 1812/21/1 1811/1/1
f 1811/2/2 1812/22/2 1985/21/2 1984/1/2
f 1991/1/3 1984/2/3 1985/22/3 1992/21/3
f 1818/1/4 1991/2/4 1992/22/4 1819/21/4
f 1819/2/1 1993/20/1 1994/19/1 1812/1/1
f 1812/2/2 1994/20/2 1995/19/2 1985/1/2
f 1992/1/3 1985/2/3 1995/20/3 1996/19/3
f 1819/1/4 1992/2/4 1996/20/4 1993/19/4
f 1824/2/1 1825/22/1 1818/21/1 1817/1/1
f 1817/2/2 1818/22/2 1991/21/2 1990/1/2
f 1997/1/3 1990/2/3 1991/22/3 1998/21/3
f 1824/1/4 1997/2/4 1998/22/4 1825/21/4
f 1825/2/1 1826/22/1 1819/21/1 1818/1/1
f 1818/2/2 1819/22/2 1992/21/2 1991/1/2
f 1998/1/3 1991/2/3 1992/22/3 1999/21/3
f 1825/1/4 1998/2/4 1999/22/4 1826/21/4
f 1826/2/1 2000/20/1 2001/19/1 1819/1/1
f 1819/2/2 2001/20/2 2002/19/2 1992/1/2
f 1999/1/3 1992/2/3 2002/20/3 2003/19/3
f 1826/1/4 1999/2/4 2003/20/4 2000/19/4
f 1831/2/1 1832/22/1 1825/21/1 1824/1/1
f 1824/2/2 1825/22/2 1998/21/2 1997/1/2
f 2004/1/3 1997/2/3 1998/22/3 2005/21/3
f 1831/1/4 2004/2/4 2005/22/4 1832/21/4
f 1832/2/1 1833/22/1 1826/21/1 1825/1/1
f 1825/2/2 1826/22/2 1999/21/2 1998/1/2
f 2005/1/3 1998/2/3 1999/22/3 2006/21/3
f 1832/1/4 2005/2/4 2006/22/4 1833/21/4
f 1833/2/1 2007/20/1 2008/19/1 1826/1/1
f 1826/2/2 2008/20/2 2009/19/2 1999/1/2
f 2006/1/3 1999/2/3 2009/20/3 2010/19/3
f 1833/1/4 2006/2/4 2010/20/4 2007/19/4
f 1838/2/1 1839/22/1 1832/21/1 1831/1/1
f 1831/2/2 1832/22/2 2005/21/2 2004/1/2
f 2011/1/3 2004/2/3 2005/22/3 2012/21/3
f 1838/1/4 2011/2/4 2012/22/4 1839/21/4
f 1839/2/1 1840/22/1 1833/21/1 1832/1/1
f 1832/2/2 1833/22/2 2006/21/2 2005/1/2
f 2012/1/3 2005/2/3 2006/22/3 2013/21/3
f 1839/1/4 2012/2/4 2013/22/4 1840/21/4
f 1840/2/1 2014/20/1 2015/19/1 1833/1/1
f 1833/2/2 2015/20/2 2016/19/2 2006/1/2
f 2013/1/3 2006/2/3 2016/20/3 2017/19/3
f 1840/1/4 2013/2/4 2017/20/4 2014/19/4
f 1845/2/1 1846/22/1 1839/21/1 1838/1/1
f 1838/2/2 1839/22/2 2012/21/2 2011/1/2
f 2018/1/3 2011/2/3 2012/22/3 2019/21/3
f 1845/1/4 2018/2/4 2019/22/4 1846/21/4
f 1846/2/1 1847/22/1 1840/21/1 1839/1/1
f 1839/2/2 1840/22/2 2013/21/2 2012/1/2
f 2019/1/3 2012/2/3 2013/22/3 2020/21/3
f 1846/1/4 2019/2/4 2020/22/4 1847/21/4
f 1847/2/1 2021/20/1 2022/19/1 1840/1/1
f 1840/2/2 2022/20/2 2023/19/2 2013/1/2
f 2020/1/3 2013/2/3 2023/20/3 2024/19/3
f 1847/1/4 2020/2/4 2024/20/4 2021/19/4
f 1852/2/1 1853/22/1 1846/21/1 1845/1/1
f 1845/2/2 1846/22/2 2019/21/2 2018/1/2
f 2025/1/3 2018/2/3 2019/22/3 2026/21/3
f 1852/1/4 2025/2/4 2026/22/4 1853/21/4
f 1853/2/1 1854/22/1 1847/21/1 1846/1/1
f 1846/2/2 1847/22/2 2020/21/2 2019/1/2
f 2026/1/3 2019/2/3 2020/22/3 2027/21/3
f 1853/1/4 2026/2/4 2027/22/4 1854/21/4
f 1854/2/1 2028/20/1 2029/19/1 1847/1/1
f 1847/2/2 2029/20/2 2030/19/2 2020/1/2
f 2027/1/3 2020/2/3 2030/20/3 2031/19/3
f 1854/1/4 2027/2/4 2031/20/4 2028/19/4
f 1866/2/1 1859/22/1 1853/21/1 1852/1/1
f 1852/2/2 1853/22/2 2026/21/2 2025/1/2
f 2032/1/3 2025/2/3 2026/22/3 2033/21/3
f 1866/1/4 2032/2/4 2033/22/4 1859/21/4
f 1859/2/1 1860/22/1 1854/21/1 1853/1/1
f 1853/2/2 1854/22/2 2027/21/2 2026/1/2
f 2033/1/3 2026/2/3 2027/22/3 2034/21/3
f 1859/1/4 2033/2/4 2034/22/4 1860/21/4
f 1860/2/1 2035/20/1 2036/19/1 1854/1/1
f 1854/2/2 2036/20/2 2037/19/2 2027/1/2
f 2034/1/3 2027/2/3 2037/20/3 2038/19/3
f 1860/1/4 2034/2/4 2038/20/4 2035/19/4
f 1865/2/1 1867/22/1 1859/21/1 1866/1/1
f 1866/2/2 1859/22/2 2033/21/2 2032/1/2
f 2039/1/3 2032/2/3 2033/22/3 2040/21/3
f 1865/1/4 2039/2/4 2040/22/4 1867/21/4
f 1867/2/1 1868/22/1 1860/21/1 1859/1/1
f 1859/2/2 1860/22/2 2034/21/2 2033/1/2
f 2040/1/3 2033/2/3 2034/22/3 2041/21/3
f 1867/1/4 2040/2/4 2041/22/4 1868/21/4
f 1868/2/1 2042/20/1 2043/19/1 1860/1/1
f 1860/2/2 2043/20/2 2044/19/2 2034/1/2
f 2041/1/3 2034/2/3 2044/20/3 2045/19/3
f 1868/1/4 2041/2/4 2045/20/4 2042/19/4
f 1873/2/1 1874/22/1 1867/21/1 1865/1/1
f 1865/2/2 1867/22/2 2040/21/2 2039/1/2
f 2046/1/3 2039/2/3 2040/22/3 2047/21/3
f 1873/1/4 2046/2/4 2047/22/4 1874/21/4
f 1874/2/1 1875/22/1 1868/21/1 1867/1/1
f 1867/2/2 1868/22/2 2041/21/2 2040/1/2
f 2047/1/3 2040/2/3 2041/22/3 2048/21/3
f 1874/1/4 2047/2/4 2048/22/4 1875/21/4
f 1875/2/1 2049/20/1 2050/19/1 1868/1/1
f 1868/2/2 2050/20/2 2051/19/2 2041/1/2
f 2048/1/3 2041/2/3 2051/20/3 2052/19/3
f 1875/1/4 2048/2/4 2052/20/4 2049/19/4
f 1880/2/1 1881/22/1 1875/21/1 1874/1/1
f 1874/2/2 1875/22/2 2048/21/2 2047/1/2
f 2053/1/3 2047/2/3 2048/22/3 2054/21/3
f 1880/1/4 2053/2/4 2054/22/4 1881/21/4
f 1881/2/1 2055/20/1 2056/19/1 1875/1/1
f 1875/2/2 2056/20/2 2057/19/2 2048/1/2
f 2054/1/3 2048/2/3 2057/20/3 2058/19/3
f 1881/1/4 2054/2/4 2058/20/4 2055/19/4
f 1886/2/1 1887/22/1 1881/21/1 1880/1/1
f 1880/2/2 1881/22/2 2054/21/2 2053/1/2
f 2059/1/3 2053/2/3 2054/22/3 2060/21/3
f 1886/1/4 2059/2/4 2060/22/4 1887/21/4
f 1887/2/1 2061/20/1 2062/19/1 1881/1/1
f 1881/2/2 2062/20/2 2063/19/2 2054/1/2
f 2060/1/3 2054/2/3 2063/20/3 2064/19/3
f 1887/1/4 2060/2/4 2064/20/4 2061/19/4
f 1892/2/1 1893/22/1 1887/21/1 1886/1/1
f 1886/2/2 1887/22/2 2060/21/2 2059/1/2
f 2065/1/3 2059/2/3 2060/22/3 2066/21/3
f 1892/1/4 2065/2/4 2066/22/4 1893/21/4
f 1893/2/1 2067/20/1 2068/19/1 1887/1/1
f 1887/2/2 2068/20/2 2069/19/2 2060/1/2
f 2066/1/3 2060/2/3 2069/20/3 2070/19/3
f 1893/1/4 2066/2/4 2070/20/4 2067/19/4
f 1898/2/1 1899/22/1 1893/21/1 1892/1/1
f 1892/2/2 1893/22/2 2066/21/2 2065/1/2
f 2071/1/3 2065/2/3 2066/22/3 2072/21/3
f 1898/1/4 2071/2/4 2072/22/4 1899/21/4
f 1899/2/1 2073/20/1 2074/19/1 1893/1/1
f 1893/2/2 2074/20/2 2075/19/2 2066/1/2
f 2072/1/3 2066/2/3 2075/20/3 2076/19/3
f 1899/1/4 2072/2/4 2076/20/4 2073/19/4
f 1905/2/1 2078/20/1 2079/19/1 1899/1/1
f 1899/2/2 2079/20/2 2081/19/2 2072/1/2
f 2080/1/3 2072/2/3 2081/20/3 2082/19/3
f 1905/1/4 2080/2/4 2082/20/4 2078/19/4
f 1910/2/1 1911/22/1 1905/21/1 1904/1/1
f 1904/2/2 1905/22/2 2080/21/2 2077/1/2
f 2083/1/3 2077/2/3 2080/22/3 2084/21/3
f 1910/1/4 2083/2/4 2084/22/4 1911/21/4
f 1911/2/1 2085/20/1 2086/19/1 1905/1/1
f 1905/2/2 2086/20/2 2087/19/2 2080/1/2
f 2084/1/3 2080/2/3 2087/20/3 2088/19/3
f 1911/1/4 2084/2/4 2088/20/4 2085/19/4
f 1916/2/1 2090/20/1 2091/19/1 1911/1/1
f 1911/2/2 2091/20/2 2092/19/2 2084/1/2
f 2089/1/3 2084/2/3 2092/20/3 2093/19/3
f 1916/1/4 2089/2/4 2093/20/4 2090/19/4
f 1921/2/1 2095/20/1 2096/19/1 1916/1/1
f 1916/2/2 2096/20/2 2097/19/2 2089/1/2
f 2094/1/3 2089/2/3 2097/20/3 2098/19/3
f 1921/1/4 2094/2/4 2098/20/4 2095/19/4
f 1926/2/1 2100/20/1 2101/19/1 1921/1/1
f 1921/2/2 2101/20/2 2102/19/2 2094/1/2
f 2099/1/3 2094/2/3 2102/20/3 2103/19/3
f 1926/1/4 2099/2/4 2103/20/4 2100/19/4
