mtllib lighthouse.mtl
usemtl stone
v -14 12 13
v -14 12 14
v -14 12.5 13
v -14 12.5 14
v -13 12 13
v -13 12 14
v -13 12.5 13
v -13 12.5 14
v -12 13 15
v -12 13 16
v -12 13.5 15
v -12 13.5 16
v -11 13 15
v -11 13 16
v -11 13.5 15
v -11 13.5 16
v -15 0 -15
v -15 0 -14
v -15 1 -14
v -15 1 -15
v -14 0 -14
v -14 0 -15
v -14 1 -15
v -14 1 -14
v -15 2 -14
v -14 2 -14
v -15 0 -13
v -15 1 -13
v -14 0 -13
v -14 1 -13
v -15 2 -13
v -14 2 -13
v -15 3 -13
v -14 3 -13
v -15 4 -13
v -14 4 -13
v -15 0 -12
v -15 1 -12
v -14 0 -12
v -14 1 -12
v -15 2 -12
v -14 2 -12
v -15 3 -12
v -14 3 -12
v -15 4 -12
v -14 4 -12
v -15 0 -11
v -15 1 -11
v -14 0 -11
v -14 1 -11
v -15 2 -11
v -14 2 -11
v -15 3 -11
v -14 3 -11
v -15 4 -11
v -14 4 -11
v -15 5 -11
v -14 5 -11
v -15 0 -10
v -15 1 -10
v -14 0 -10
v -14 1 -10
v -15 2 -10
v -14 2 -10
v -15 3 -10
v -14 3 -10
v -15 4 -10
v -14 4 -10
v -15 5 -10
v -14 5 -10
v -15 6 -10
v -14 6 -10
v -15 0 -9
v -15 1 -9
v -14 0 -9
v -14 1 -9
v -15 2 -9
v -14 2 -9
v -15 3 -9
v -14 3 -9
v -15 4 -9
v -14 4 -9
v -15 5 -9
v -14 5 -9
v -15 6 -9
v -14 6 -9
v -15 0 -8
v -15 1 -8
v -14 0 -8
v -14 1 -8
v -15 2 -8
v -14 2 -8
v -15 3 -8
v -14 3 -8
v -15 4 -8
v -14 4 -8
v -15 5 -8
v -14 5 -8
v -15 6 -8
v -14 6 -8
v -15 0 -7
v -15 1 -7
v -14 0 -7
v -14 1 -7
v -15 2 -7
v -14 2 -7
v -15 3 -7
v -14 3 -7
v -15 4 -7
v -14 4 -7
v -15 5 -7
v -14 5 -7
v -15 6 -7
v -14 6 -7
v -15 0 -6
v -15 1 -6
v -14 0 -6
v -14 1 -6
v -15 2 -6
v -14 2 -6
v -15 3 -6
v -14 3 -6
v -15 4 -6
v -14 4 -6
v -15 5 -6
v -14 5 -6
v -15 6 -6
v -14 6 -6
v -15 0 -5
v -15 1 -5
v -14 0 -5
v -14 1 -5
v -15 2 -5
v -14 2 -5
v -15 3 -5
v -14 3 -5
v -15 4 -5
v -14 4 -5
v -15 5 -5
v -14 5 -5
v -15 6 -5
v -14 6 -5
v -15 0 -4
v -15 1 -4
v -14 0 -4
v -14 1 -4
v -15 2 -4
v -14 2 -4
v -15 3 -4
v -14 3 -4
v -15 4 -4
v -14 4 -4
v -15 5 -4
v -14 5 -4
v -15 6 -4
v -14 6 -4
v -15 0 -3
v -15 1 -3
v -14 0 -3
v -14 1 -3
v -15 2 -3
v -14 2 -3
v -15 3 -3
v -14 3 -3
v -15 4 -3
v -14 4 -3
v -15 5 -3
v -14 5 -3
v -15 6 -3
v -14 6 -3
v -15 7 -3
v -14 7 -3
v -15 0 -2
v -15 1 -2
v -14 0 -2
v -14 1 -2
v -14 2 -2
v -15 3 -2
v -14 3 -2
v -15 4 -2
v -14 4 -2
v -15 5 -2
v -14 5 -2
v -15 6 -2
v -14 6 -2
v -15 7 -2
v -14 7 -2
v -15 0 -1
v -15 1 -1
v -14 0 -1
v -14 1 -1
v -15 2 -1
v -14 2 -1
v -15 3 -1
v -14 3 -1
v -15 4 -1
v -14 4 -1
v -15 5 -1
v -14 5 -1
v -15 6 -1
v -14 6 -1
v -15 7 -1
v -14 7 -1
v -15 0 0
v -15 1 0
v -14 0 0
v -14 1 0
v -15 2 0
v -14 2 0
v -15 3 0
v -14 3 0
v -15 4 0
v -14 4 0
v -15 5 0
v -14 5 0
v -15 6 0
v -14 6 0
v -15 7 0
v -14 7 0
v -15 0 1
v -15 1 1
v -14 0 1
v -14 1 1
v -15 2 1
v -14 2 1
v -15 3 1
v -14 3 1
v -15 4 1
v -14 4 1
v -15 5 1
v -14 5 1
v -15 6 1
v -14 6 1
v -15 7 1
v -14 7 1
v -15 0 2
v -15 1 2
v -14 0 2
v -14 1 2
v -15 2 2
v -14 2 2
v -15 3 2
v -14 3 2
v -15 4 2
v -14 4 2
v -15 5 2
v -14 5 2
v -15 6 2
v -14 6 2
v -15 7 2
v -14 7 2
v -15 0 3
v -15 1 3
v -14 0 3
v -14 1 3
v -15 2 3
v -14 2 3
v -15 3 3
v -14 3 3
v -14 4 3
v -15 5 3
v -14 5 3
v -15 6 3
v -14 6 3
v -15 7 3
v -14 7 3
v -15 0 4
v -15 1 4
v -14 0 4
v -14 1 4
v -15 2 4
v -14 2 4
v -15 3 4
v -14 3 4
v -15 4 4
v -14 4 4
v -15 5 4
v -14 5 4
v -15 6 4
v -14 6 4
v -15 7 4
v -14 7 4
v -15 8 4
v -14 8 4
v -15 0 5
v -15 1 5
v -14 0 5
v -14 1 5
v -15 2 5
v -14 2 5
v -15 3 5
v -14 3 5
v -15 4 5
v -14 4 5
v -15 5 5
v -14 5 5
v -15 6 5
v -14 6 5
v -15 7 5
v -14 7 5
v -15 8 5
v -14 8 5
v -15 0 6
v -15 1 6
v -14 0 6
v -14 1 6
v -15 2 6
v -14 2 6
v -15 3 6
v -14 3 6
v -15 4 6
v -14 4 6
v -15 5 6
v -14 5 6
v -15 6 6
v -14 6 6
v -15 7 6
v -14 7 6
v -15 8 6
v -14 8 6
v -15 0 7
v -15 1 7
v -14 0 7
v -14 1 7
v -15 2 7
v -14 2 7
v -15 3 7
v -14 3 7
v -15 4 7
v -14 4 7
v -15 5 7
v -14 5 7
v -15 6 7
v -14 6 7
v -15 7 7
v -15 8 7
v -14 7 7
v -14 8 7
v -15 0 8
v -15 1 8
v -14 0 8
v -14 1 8
v -15 2 8
v -14 2 8
v -15 3 8
v -14 3 8
v -15 4 8
v -14 4 8
v -15 5 8
v -14 5 8
v -15 6 8
v -14 6 8
v -15 7 8
v -14 7 8
v -15 8 8
v -14 8 8
v -15 0 9
v -15 1 9
v -14 0 9
v -14 1 9
v -15 2 9
v -14 2 9
v -15 3 9
v -14 3 9
v -15 4 9
v -14 4 9
v -15 5 9
v -14 5 9
v -15 6 9
v -14 6 9
v -15 7 9
v -14 7 9
v -15 8 9
v -14 8 9
v -15 2 10
v -14 2 10
v -15 3 10
v -14 3 10
v -15 4 10
v -14 4 10
v -15 5 10
v -14 5 10
v -15 6 10
v -14 6 10
v -15 7 10
v -14 7 10
v -15 8 10
v -14 8 10
v -15 9 10
v -14 9 10
v -15 2 11
v -14 2 11
v -15 3 11
v -14 3 11
v -15 4 11
v -14 4 11
v -15 5 11
v -14 5 11
v -15 6 11
v -14 6 11
v -15 7 11
v -14 7 11
v -15 8 11
v -14 8 11
v -15 9 11
v -14 9 11
v -15 2 12
v -14 2 12
v -15 3 12
v -14 3 12
v -15 4 12
v -14 4 12
v -15 5 12
v -14 5 12
v -15 6 12
v -14 6 12
v -15 7 12
v -14 7 12
v -15 8 12
v -14 8 12
v -15 9 12
v -14 9 12
v -15 1 13
v -14 1 13
v -15 2 13
v -14 2 13
v -15 3 13
v -14 3 13
v -15 4 13
v -14 4 13
v -15 5 13
v -14 5 13
v -15 6 13
v -14 6 13
v -15 7 13
v -14 7 13
v -15 8 13
v -14 8 13
v -15 9 13
v -14 9 13
v -15 0 14
v -15 1 14
v -14 0 14
v -14 1 14
v -15 2 14
v -14 2 14
v -15 3 14
v -14 3 14
v -15 4 14
v -14 4 14
v -15 5 14
v -14 5 14
v -15 6 14
v -14 6 14
v -15 7 14
v -14 7 14
v -15 8 14
v -14 8 14
v -15 9 14
v -14 9 14
v -15 10 14
v -14 10 14
v -15 0 15
v -15 1 15
v -14 0 15
v -14 1 15
v -15 2 15
v -14 2 15
v -15 3 15
v -14 3 15
v -15 4 15
v -14 4 15
v -15 5 15
v -14 5 15
v -15 6 15
v -14 6 15
v -15 7 15
v -14 7 15
v -15 8 15
v -14 8 15
v -15 9 15
v -14 9 15
v -15 10 15
v -14 10 15
v -15 0 16
v -15 1 16
v -14 0 16
v -14 1 16
v -15 2 16
v -14 2 16
v -15 3 16
v -14 3 16
v -15 4 16
v -14 4 16
v -15 5 16
v -14 5 16
v -15 6 16
v -14 6 16
v -15 7 16
v -14 7 16
v -15 8 16
v -14 8 16
v -15 9 16
v -14 9 16
v -15 10 16
v -14 10 16
v -13 0 -14
v -13 0 -15
v -13 1 -15
v -13 1 -14
v -13 2 -14
v -13 0 -13
v -13 1 -13
v -13 2 -13
v -13 3 -13
v -13 0 -12
v -13 1 -12
v -13 2 -12
v -13 3 -12
v -13 4 -12
v -13 0 -11
v -13 1 -11
v -13 2 -11
v -13 3 -11
v -13 4 -11
v -13 0 -10
v -13 1 -10
v -13 2 -10
v -13 3 -10
v -13 4 -10
v -13 5 -10
v -13 0 -9
v -13 1 -9
v -13 2 -9
v -13 3 -9
v -13 4 -9
v -13 5 -9
v -13 0 -8
v -13 1 -8
v -13 2 -8
v -13 3 -8
v -13 4 -8
v -13 5 -8
v -13 6 -8
v -13 0 -7
v -13 1 -7
v -13 2 -7
v -13 3 -7
v -13 4 -7
v -13 5 -7
v -13 6 -7
v -13 0 -6
v -13 1 -6
v -13 2 -6
v -13 3 -6
v -13 4 -6
v -13 5 -6
v -13 6 -6
v -13 0 -5
v -13 1 -5
v -13 2 -5
v -13 3 -5
v -13 4 -5
v -13 5 -5
v -13 6 -5
v -13 0 -4
v -13 1 -4
v -13 2 -4
v -13 3 -4
v -13 4 -4
v -13 5 -4
v -13 6 -4
v -13 0 -3
v -13 1 -3
v -13 2 -3
v -13 3 -3
v -13 4 -3
v -13 5 -3
v -13 6 -3
v -13 0 -2
v -13 1 -2
v -13 2 -2
v -13 3 -2
v -13 4 -2
v -13 5 -2
v -13 6 -2
v -13 0 -1
v -13 1 -1
v -13 2 -1
v -13 3 -1
v -13 4 -1
v -13 5 -1
v -13 6 -1
v -13 0 0
v -13 1 0
v -13 2 0
v -13 3 0
v -13 4 0
v -13 5 0
v -13 6 0
v -13 0 1
v -13 1 1
v -13 2 1
v -13 3 1
v -13 4 1
v -13 5 1
v -13 6 1
v -13 0 2
v -13 1 2
v -13 2 2
v -13 3 2
v -13 4 2
v -13 5 2
v -13 6 2
v -13 7 2
v -13 0 3
v -13 1 3
v -13 2 3
v -13 3 3
v -13 4 3
v -13 5 3
v -13 6 3
v -13 7 3
v -13 0 4
v -13 1 4
v -13 2 4
v -13 3 4
v -13 4 4
v -13 5 4
v -13 6 4
v -13 7 4
v -13 0 5
v -13 1 5
v -13 2 5
v -13 3 5
v -13 4 5
v -13 5 5
v -13 6 5
v -13 7 5
v -13 0 6
v -13 1 6
v -13 2 6
v -13 3 6
v -13 4 6
v -13 5 6
v -13 6 6
v -13 7 6
v -13 8 6
v -13 0 7
v -13 1 7
v -13 2 7
v -13 3 7
v -13 4 7
v -13 5 7
v -13 7 7
v -13 8 7
v -13 0 8
v -13 1 8
v -13 2 8
v -13 3 8
v -13 4 8
v -13 5 8
v -13 6 7
v -13 6 8
v -13 7 8
v -13 8 8
v -13 9 8
v -13 1 9
v -13 2 9
v -13 3 9
v -13 4 9
v -13 5 9
v -13 6 9
v -13 7 9
v -13 8 9
v -13 9 9
v -13 2 10
v -13 3 10
v -13 4 10
v -13 5 10
v -13 6 10
v -13 7 10
v -13 8 10
v -13 9 10
v -13 2 11
v -13 3 11
v -13 4 11
v -13 5 11
v -13 6 11
v -13 7 11
v -13 8 11
v -13 9 11
v -13 2 12
v -13 3 12
v -13 4 12
v -13 5 12
v -13 6 12
v -13 7 12
v -13 8 12
v -13 9 12
v -13 2 13
v -13 3 13
v -13 4 13
v -13 5 13
v -13 6 13
v -13 7 13
v -13 8 13
v -13 9 13
v -13 1 14
v -13 2 14
v -13 3 14
v -13 4 14
v -13 5 14
v -13 6 14
v -13 7 14
v -13 8 14
v -13 9 14
v -13 12 14
v -13 0 15
v -13 1 15
v -13 2 15
v -13 3 15
v -13 4 15
v -13 5 15
v -13 6 15
v -13 7 15
v -13 8 15
v -13 9 15
v -13 10 15
v -13 12 15
v -13 13 14
v -13 13 15
v -13 0 16
v -13 1 16
v -13 2 16
v -13 3 16
v -13 4 16
v -13 5 16
v -13 6 16
v -13 7 16
v -13 8 16
v -13 9 16
v -13 10 16
v -12 0 -14
v -12 0 -15
v -12 1 -15
v -12 1 -14
v -12 0 -13
v -12 1 -13
v -12 2 -13
v -12 0 -12
v -12 1 -12
v -12 2 -12
v -12 3 -12
v -12 0 -11
v -12 1 -11
v -12 2 -11
v -12 3 -11
v -12 4 -11
v -12 0 -10
v -12 1 -10
v -12 2 -10
v -12 3 -10
v -12 4 -10
v -12 0 -9
v -12 1 -9
v -12 2 -9
v -12 3 -9
v -12 4 -9
v -12 5 -9
v -12 0 -8
v -12 1 -8
v -12 2 -8
v -12 3 -8
v -12 4 -8
v -12 5 -8
v -12 0 -7
v -12 1 -7
v -12 2 -7
v -12 3 -7
v -12 4 -7
v -12 5 -7
v -12 6 -7
v -12 0 -6
v -12 1 -6
v -12 2 -6
v -12 3 -6
v -12 4 -6
v -12 5 -6
v -12 6 -6
v -12 0 -5
v -12 1 -5
v -12 2 -5
v -12 3 -5
v -12 4 -5
v -12 5 -5
v -12 6 -5
v -12 0 -4
v -12 1 -4
v -12 2 -4
v -12 3 -4
v -12 4 -4
v -12 5 -4
v -12 6 -4
v -12 0 -3
v -12 1 -3
v -12 2 -3
v -12 3 -3
v -12 4 -3
v -12 5 -3
v -12 6 -3
v -12 0 -2
v -12 1 -2
v -12 2 -2
v -12 3 -2
v -12 4 -2
v -12 5 -2
v -12 6 -2
v -12 0 -1
v -12 1 -1
v -12 2 -1
v -12 3 -1
v -12 4 -1
v -12 5 -1
v -12 6 -1
v -12 0 0
v -12 1 0
v -12 2 0
v -12 3 0
v -12 4 0
v -12 5 0
v -12 6 0
v -12 0 1
v -12 1 1
v -12 2 1
v -12 3 1
v -12 4 1
v -12 5 1
v -12 6 1
v -12 0 2
v -12 1 2
v -12 2 2
v -12 3 2
v -12 4 2
v -12 5 2
v -12 6 2
v -12 0 3
v -12 1 3
v -12 2 3
v -12 3 3
v -12 4 3
v -12 5 3
v -12 6 3
v -12 7 3
v -12 0 4
v -12 1 4
v -12 2 4
v -12 3 4
v -12 4 4
v -12 5 4
v -12 6 4
v -12 7 4
v -12 0 5
v -12 1 5
v -12 2 5
v -12 3 5
v -12 4 5
v -12 5 5
v -12 6 5
v -12 7 5
v -12 0 6
v -12 1 6
v -12 2 6
v -12 3 6
v -12 4 6
v -12 5 6
v -12 6 6
v -12 7 6
v -12 0 7
v -12 1 7
v -12 2 7
v -12 3 7
v -12 4 7
v -12 5 7
v -12 7 7
v -12 8 7
v -12 0 8
v -12 1 8
v -12 2 8
v -12 3 8
v -12 4 8
v -12 5 8
v -12 7 8
v -12 8 8
v -12 9 8
v -12 1 9
v -12 2 9
v -12 3 9
v -12 4 9
v -12 5 9
v -12 7 9
v -12 8 9
v -12 9 9
v -12 2 10
v -12 3 10
v -12 4 10
v -12 5 10
v -12 6 9
v -12 6 10
v -12 7 10
v -12 8 10
v -12 9 10
v -12 3 11
v -12 4 11
v -12 5 11
v -12 6 11
v -12 7 11
v -12 8 11
v -12 9 11
v -12 3 12
v -12 4 12
v -12 5 12
v -12 6 12
v -12 7 12
v -12 8 12
v -12 9 12
v -12 2 13
v -12 3 13
v -12 4 13
v -12 5 13
v -12 6 13
v -12 7 13
v -12 8 13
v -12 9 13
v -12 2 14
v -12 3 14
v -12 4 14
v -12 5 14
v -12 6 14
v -12 7 14
v -12 8 14
v -12 9 14
v -12 0 15
v -12 1 15
v -12 2 15
v -12 3 15
v -12 4 15
v -12 5 15
v -12 6 15
v -12 7 15
v -12 8 15
v -12 9 15
v -12 11 15
v -12 12 14
v -12 12 15
v -12 13 14
v -12 13 15
v -12 0 16
v -12 1 16
v -12 2 16
v -12 3 16
v -12 4 16
v -12 5 16
v -12 6 16
v -12 7 16
v -12 8 16
v -12 9 16
v -12 11 16
v -12 12 16
v -12 13 16
v -11 0 -14
v -11 0 -15
v -11 1 -15
v -11 1 -14
v -11 0 -13
v -11 1 -13
v -11 0 -12
v -11 1 -12
v -11 2 -12
v -11 0 -11
v -11 1 -11
v -11 2 -11
v -11 3 -11
v -11 0 -10
v -11 1 -10
v -11 2 -10
v -11 3 -10
v -11 0 -9
v -11 1 -9
v -11 2 -9
v -11 3 -9
v -11 4 -9
v -11 0 -8
v -11 1 -8
v -11 2 -8
v -11 3 -8
v -11 4 -8
v -11 5 -8
v -11 0 -7
v -11 1 -7
v -11 2 -7
v -11 3 -7
v -11 4 -7
v -11 5 -7
v -11 0 -6
v -11 1 -6
v -11 2 -6
v -11 3 -6
v -11 4 -6
v -11 5 -6
v -11 0 -5
v -11 1 -5
v -11 2 -5
v -11 3 -5
v -11 4 -5
v -11 5 -5
v -11 0 -4
v -11 1 -4
v -11 2 -4
v -11 3 -4
v -11 4 -4
v -11 5 -4
v -11 6 -4
v -11 0 -3
v -11 1 -3
v -11 2 -3
v -11 3 -3
v -11 4 -3
v -11 5 -3
v -11 6 -3
v -11 0 -2
v -11 1 -2
v -11 2 -2
v -11 3 -2
v -11 4 -2
v -11 5 -2
v -11 6 -2
v -11 0 -1
v -11 1 -1
v -11 2 -1
v -11 3 -1
v -11 4 -1
v -11 5 -1
v -11 6 -1
v -11 0 0
v -11 1 0
v -11 2 0
v -11 3 0
v -11 4 0
v -11 5 0
v -11 6 0
v -11 0 1
v -11 1 1
v -11 2 1
v -11 3 1
v -11 4 1
v -11 5 1
v -11 6 1
v -11 0 2
v -11 1 2
v -11 2 2
v -11 3 2
v -11 4 2
v -11 5 2
v -11 6 2
v -11 0 3
v -11 1 3
v -11 2 3
v -11 3 3
v -11 4 3
v -11 5 3
v -11 6 3
v -11 2 4
v -11 3 4
v -11 4 4
v -11 5 4
v -11 6 4
v -11 2 5
v -11 3 5
v -11 4 5
v -11 5 5
v -11 6 5
v -11 7 5
v -11 0 6
v -11 1 6
v -11 2 6
v -11 3 6
v -11 4 6
v -11 5 6
v -11 6 6
v -11 7 6
v -11 8 6
v -11 0 7
v -11 1 7
v -11 2 7
v -11 3 7
v -11 4 7
v -11 5 7
v -11 7 7
v -11 8 7
v -11 0 8
v -11 1 8
v -11 2 8
v -11 3 8
v -11 4 8
v -11 5 8
v -11 7 8
v -11 8 8
v -11 1 9
v -11 2 9
v -11 3 9
v -11 4 9
v -11 5 9
v -11 7 9
v -11 8 9
v -11 9 9
v -11 2 10
v -11 3 10
v -11 4 10
v -11 5 10
v -11 6 9
v -11 6 10
v -11 7 10
v -11 8 10
v -11 9 10
v -11 2 11
v -11 3 11
v -11 4 11
v -11 5 11
v -11 6 11
v -11 7 11
v -11 8 11
v -11 9 11
v -11 3 12
v -11 4 12
v -11 5 12
v -11 6 12
v -11 7 12
v -11 8 12
v -11 9 12
v -11 2 13
v -11 3 13
v -11 4 13
v -11 5 13
v -11 6 13
v -11 7 13
v -11 8 13
v -11 9 13
v -11 2 14
v -11 3 14
v -11 4 14
v -11 5 14
v -11 6 14
v -11 7 14
v -11 8 14
v -11 9 14
v -11 0 15
v -11 1 15
v -11 2 15
v -11 3 15
v -11 4 15
v -11 5 15
v -11 6 15
v -11 7 15
v -11 8 15
v -11 9 15
v -11 11 15
v -11 0 16
v -11 1 16
v -11 2 16
v -11 3 16
v -11 4 16
v -11 5 16
v -11 6 16
v -11 7 16
v -11 8 16
v -11 9 16
v -11 11 16
v -11 12 15
v -11 12 16
v -11 13 15
v -11 13 16
v -10 0 -14
v -10 0 -15
v -10 1 -15
v -10 1 -14
v -10 0 -13
v -10 1 -13
v -10 0 -12
v -10 1 -12
v -10 0 -11
v -10 1 -11
v -10 2 -11
v -10 0 -10
v -10 1 -10
v -10 2 -10
v -10 0 -9
v -10 1 -9
v -10 2 -9
v -10 3 -9
v -10 0 -8
v -10 1 -8
v -10 2 -8
v -10 3 -8
v -10 4 -8
v -10 0 -7
v -10 1 -7
v -10 2 -7
v -10 3 -7
v -10 4 -7
v -10 5 -7
v -10 0 -6
v -10 1 -6
v -10 2 -6
v -10 3 -6
v -10 4 -6
v -10 5 -6
v -10 0 -5
v -10 1 -5
v -10 2 -5
v -10 3 -5
v -10 4 -5
v -10 5 -5
v -10 0 -4
v -10 1 -4
v -10 2 -4
v -10 3 -4
v -10 4 -4
v -10 5 -4
v -10 6 -4
v -10 0 -3
v -10 1 -3
v -10 2 -3
v -10 3 -3
v -10 4 -3
v -10 5 -3
v -10 6 -3
v -10 0 -2
v -10 1 -2
v -10 2 -2
v -10 3 -2
v -10 4 -2
v -10 5 -2
v -10 6 -2
v -10 0 -1
v -10 1 -1
v -10 2 -1
v -10 3 -1
v -10 4 -1
v -10 5 -1
v -10 6 -1
v -10 0 0
v -10 1 0
v -10 2 0
v -10 3 0
v -10 4 0
v -10 5 0
v -10 0 1
v -10 1 1
v -10 2 1
v -10 3 1
v -10 4 1
v -10 5 1
v -10 0 2
v -10 1 2
v -10 2 2
v -10 3 2
v -10 4 2
v -10 5 2
v -10 0 3
v -10 1 3
v -10 2 3
v -10 3 3
v -10 4 3
v -10 5 3
v -10 6 3
v -10 3 4
v -10 4 4
v -10 5 4
v -10 6 4
v -10 3 5
v -10 4 5
v -10 5 5
v -10 6 5
v -10 3 6
v -10 4 6
v -10 5 6
v -10 6 6
v -10 8 6
v -10 0 7
v -10 1 7
v -10 2 7
v -10 3 7
v -10 4 7
v -10 5 7
v -10 6 7
v -11 6 7
v -10 7 6
v -10 7 7
v -10 8 7
v -10 0 8
v -10 1 8
v -10 2 8
v -10 3 8
v -10 4 8
v -10 5 8
v -11 6 8
v -10 6 8
v -10 7 8
v -10 8 8
v -10 0 9
v -10 1 9
v -10 2 9
v -10 3 9
v -10 4 9
v -10 5 9
v -10 6 9
v -10 7 9
v -10 8 9
v -10 1 10
v -10 2 10
v -10 3 10
v -10 4 10
v -10 5 10
v -10 6 10
v -10 7 10
v -10 8 10
v -10 2 11
v -10 3 11
v -10 4 11
v -10 5 11
v -10 6 11
v -10 7 11
v -10 8 11
v -10 9 11
v -10 2 12
v -10 3 12
v -10 4 12
v -10 5 12
v -10 6 12
v -10 7 12
v -10 8 12
v -10 9 12
v -10 2 13
v -10 3 13
v -10 4 13
v -10 5 13
v -10 6 13
v -10 7 13
v -10 8 13
v -10 1 14
v -10 2 14
v -10 3 14
v -10 4 14
v -10 5 14
v -10 6 14
v -10 7 14
v -10 8 14
v -10 0 15
v -10 1 15
v -10 2 15
v -10 3 15
v -10 4 15
v -10 5 15
v -10 6 15
v -10 7 15
v -10 8 15
v -10 0 16
v -10 1 16
v -10 2 16
v -10 3 16
v -10 4 16
v -10 5 16
v -10 6 16
v -10 7 16
v -10 8 16
v -9 0 -14
v -9 0 -15
v -9 1 -15
v -9 1 -14
v -9 0 -13
v -9 1 -13
v -9 0 -12
v -9 1 -12
v -9 0 -11
v -9 1 -11
v -9 0 -10
v -9 1 -10
v -9 2 -10
v -9 0 -9
v -9 1 -9
v -9 2 -9
v -9 3 -9
v -9 0 -8
v -9 1 -8
v -9 2 -8
v -9 3 -8
v -9 0 -7
v -9 1 -7
v -9 2 -7
v -9 3 -7
v -9 4 -7
v -9 0 -6
v -9 1 -6
v -9 2 -6
v -9 3 -6
v -9 4 -6
v -9 5 -6
v -9 0 -5
v -9 1 -5
v -9 2 -5
v -9 3 -5
v -9 4 -5
v -9 5 -5
v -9 0 -4
v -9 1 -4
v -9 2 -4
v -9 3 -4
v -9 4 -4
v -9 5 -4
v -9 6 -4
v -9 0 -3
v -9 1 -3
v -9 2 -3
v -9 3 -3
v -9 4 -3
v -9 5 -3
v -9 6 -3
v -9 0 -2
v -9 1 -2
v -9 2 -2
v -9 3 -2
v -9 4 -2
v -9 5 -2
v -9 6 -2
v -9 0 -1
v -9 1 -1
v -9 2 -1
v -9 3 -1
v -9 4 -1
v -9 5 -1
v -9 6 -1
v -9 0 0
v -9 1 0
v -9 2 0
v -9 3 0
v -9 4 0
v -9 5 0
v -9 0 1
v -9 1 1
v -9 2 1
v -9 3 1
v -9 4 1
v -9 5 1
v -9 0 2
v -9 1 2
v -9 2 2
v -9 3 2
v -9 4 2
v -9 5 2
v -9 0 3
v -9 1 3
v -9 2 3
v -9 3 3
v -9 4 3
v -9 5 3
v -9 6 3
v -9 3 4
v -9 4 4
v -9 5 4
v -9 6 4
v -9 4 5
v -9 5 5
v -9 6 5
v -9 4 6
v -9 5 6
v -9 6 6
v -9 8 6
v -9 3 7
v -9 4 7
v -9 5 7
v -9 6 7
v -9 7 7
v -9 7 6
v -9 8 7
v -9 0 8
v -9 1 8
v -9 2 8
v -9 3 8
v -9 4 8
v -9 5 8
v -9 6 8
v -9 7 8
v -9 8 8
v -9 0 9
v -9 1 9
v -9 2 9
v -9 3 9
v -9 4 9
v -9 5 9
v -9 6 9
v -9 7 9
v -9 8 9
v -9 1 10
v -9 2 10
v -9 3 10
v -9 4 10
v -9 5 10
v -9 6 10
v -9 7 10
v -9 8 10
v -9 1 11
v -9 2 11
v -9 3 11
v -9 4 11
v -9 5 11
v -9 6 11
v -9 7 11
v -9 8 11
v -9 2 12
v -9 3 12
v -9 4 12
v -9 5 12
v -9 6 12
v -9 7 12
v -9 8 12
v -9 2 13
v -9 3 13
v -9 4 13
v -9 5 13
v -9 6 13
v -9 7 13
v -9 8 13
v -9 1 14
v -9 2 14
v -9 3 14
v -9 4 14
v -9 5 14
v -9 6 14
v -9 7 14
v -9 8 14
v -9 1 15
v -9 2 15
v -9 3 15
v -9 4 15
v -9 5 15
v -9 6 15
v -9 7 15
v -9 8 15
v -9 9 15
v -9 2 16
v -9 3 16
v -9 4 16
v -9 5 16
v -9 6 16
v -9 7 16
v -9 8 16
v -9 9 16
v -8 0 -14
v -8 0 -15
v -8 1 -15
v -8 1 -14
v -8 0 -13
v -8 1 -13
v -8 0 -12
v -8 1 -12
v -8 0 -11
v -8 1 -11
v -8 0 -10
v -8 1 -10
v -8 0 -9
v -8 1 -9
v -8 2 -9
v -8 0 -8
v -8 1 -8
v -8 2 -8
v -8 3 -8
v -8 0 -7
v -8 1 -7
v -8 2 -7
v -8 3 -7
v -8 0 -6
v -8 1 -6
v -8 2 -6
v -8 3 -6
v -8 0 -5
v -8 1 -5
v -8 2 -5
v -8 0 -4
v -8 1 -4
v -8 2 -4
v -8 4 -4
v -8 5 -4
v -8 6 -4
v -8 0 -3
v -8 1 -3
v -8 2 -3
v -8 3 -3
v -8 4 -3
v -8 5 -3
v -8 6 -3
v -8 0 -2
v -8 1 -2
v -8 2 -2
v -8 3 -2
v -8 4 -2
v -8 5 -2
v -8 6 -2
v -8 0 -1
v -8 1 -1
v -8 2 -1
v -8 3 -1
v -8 4 -1
v -8 5 -1
v -8 6 -1
v -8 0 0
v -8 1 0
v -8 2 0
v -8 3 0
v -8 4 0
v -8 5 0
v -8 0 1
v -8 1 1
v -8 2 1
v -8 3 1
v -8 4 1
v -8 5 1
v -8 0 2
v -8 1 2
v -8 2 2
v -8 3 2
v -8 4 2
v -8 5 2
v -8 0 3
v -8 1 3
v -8 2 3
v -8 3 3
v -8 4 3
v -8 5 3
v -8 0 4
v -8 1 4
v -8 2 4
v -8 3 4
v -8 4 4
v -8 5 4
v -8 6 4
v -8 3 5
v -8 4 5
v -8 5 5
v -8 6 5
v -8 4 6
v -8 5 6
v -8 6 6
v -8 7 6
v -8 8 6
v -8 3 7
v -8 4 7
v -8 5 7
v -8 6 7
v -8 7 7
v -8 8 7
v -8 0 8
v -8 1 8
v -8 2 8
v -8 3 8
v -8 4 8
v -8 5 8
v -8 6 8
v -8 7 8
v -8 8 8
v -8 0 9
v -8 1 9
v -8 2 9
v -8 3 9
v -8 4 9
v -8 5 9
v -8 6 9
v -8 7 9
v -8 8 9
v -8 1 10
v -8 2 10
v -8 3 10
v -8 4 10
v -8 5 10
v -8 6 10
v -8 7 10
v -8 8 10
v -8 1 11
v -8 2 11
v -8 3 11
v -8 4 11
v -8 5 11
v -8 6 11
v -8 7 11
v -8 8 11
v -8 2 12
v -8 3 12
v -8 4 12
v -8 5 12
v -8 6 12
v -8 7 12
v -8 8 12
v -8 2 13
v -8 3 13
v -8 4 13
v -8 5 13
v -8 6 13
v -8 7 13
v -8 8 13
v -8 9 13
v -8 1 14
v -8 2 14
v -8 3 14
v -8 4 14
v -8 5 14
v -8 6 14
v -8 7 14
v -8 8 14
v -8 9 14
v -8 1 15
v -8 2 15
v -8 3 15
v -8 4 15
v -8 5 15
v -8 6 15
v -8 7 15
v -8 8 15
v -8 9 15
v -8 1 16
v -8 2 16
v -8 3 16
v -8 4 16
v -8 5 16
v -8 6 16
v -8 7 16
v -8 8 16
v -8 9 16
v -7 0 -14
v -7 0 -15
v -7 1 -15
v -7 1 -14
v -7 0 -13
v -7 1 -13
v -7 0 -12
v -7 1 -12
v -7 0 -11
v -7 1 -11
v -7 0 -10
v -7 1 -10
v -7 0 -9
v -7 1 -9
v -7 0 -8
v -7 1 -8
v -7 2 -8
v -7 0 -7
v -7 1 -7
v -7 2 -7
v -7 0 -6
v -7 1 -6
v -7 2 -6
v -7 3 -6
v -7 0 -5
v -7 1 -5
v -7 2 -5
v -7 3 -5
v -7 4 -5
v -7 0 -4
v -7 1 -4
v -7 2 -4
v -7 3 -4
v -7 4 -4
v -7 5 -4
v -7 0 -3
v -7 1 -3
v -7 2 -3
v -7 3 -3
v -7 4 -3
v -7 5 -3
v -7 6 -4
v -7 6 -3
v -7 0 -2
v -7 1 -2
v -7 2 -2
v -7 3 -2
v -7 4 -2
v -7 5 -2
v -7 6 -2
v -7 0 -1
v -7 1 -1
v -7 2 -1
v -7 3 -1
v -7 4 -1
v -7 5 -1
v -7 6 -1
v -7 0 0
v -7 1 0
v -7 2 0
v -7 3 0
v -7 4 0
v -7 5 0
v -7 6 0
v -7 0 1
v -7 1 1
v -7 2 1
v -7 3 1
v -7 4 1
v -7 5 1
v -7 0 2
v -7 1 2
v -7 2 2
v -7 3 2
v -7 4 2
v -7 5 2
v -7 0 3
v -7 1 3
v -7 2 3
v -7 3 3
v -7 4 3
v -7 5 3
v -7 0 4
v -7 1 4
v -7 2 4
v -7 3 4
v -7 4 4
v -7 5 4
v -7 6 4
v -7 0 5
v -7 1 5
v -7 2 5
v -7 3 5
v -7 4 5
v -7 5 5
v -7 6 5
v -7 4 6
v -7 5 6
v -7 6 6
v -7 7 6
v -7 8 6
v -7 4 7
v -7 5 7
v -7 6 7
v -7 7 7
v -7 8 7
v -7 3 8
v -7 4 8
v -7 5 8
v -7 6 8
v -7 7 8
v -7 1 9
v -7 2 9
v -7 3 9
v -7 4 9
v -7 5 9
v -7 6 9
v -7 7 9
v -7 8 9
v -7 1 10
v -7 2 10
v -7 3 10
v -7 4 10
v -7 5 10
v -7 6 10
v -7 7 10
v -7 8 10
v -7 2 11
v -7 3 11
v -7 4 11
v -7 5 11
v -7 6 11
v -7 7 11
v -7 8 11
v -7 2 12
v -7 3 12
v -7 4 12
v -7 5 12
v -7 6 12
v -7 7 12
v -7 8 12
v -7 2 13
v -7 3 13
v -7 4 13
v -7 5 13
v -7 6 13
v -7 7 13
v -7 8 13
v -7 9 13
v -7 2 14
v -7 3 14
v -7 4 14
v -7 5 14
v -7 6 14
v -7 7 14
v -7 8 14
v -7 9 14
v -7 1 15
v -7 2 15
v -7 3 15
v -7 4 15
v -7 5 15
v -7 6 15
v -7 7 15
v -7 8 15
v -7 9 15
v -7 1 16
v -7 2 16
v -7 3 16
v -7 4 16
v -7 5 16
v -7 6 16
v -7 7 16
v -7 8 16
v -7 9 16
v -6 0 -14
v -6 1 -14
v -6 0 -13
v -6 1 -13
v -6 0 -12
v -6 1 -12
v -6 0 -11
v -6 1 -11
v -6 0 -10
v -6 1 -10
v -6 0 -9
v -6 1 -9
v -6 0 -8
v -6 1 -8
v -6 0 -7
v -6 1 -7
v -6 0 -6
v -6 1 -6
v -6 2 -6
v -6 3 -6
v -6 0 -5
v -6 1 -5
v -6 2 -5
v -6 3 -5
v -6 4 -5
v -6 0 -4
v -6 1 -4
v -6 2 -4
v -6 3 -4
v -6 4 -4
v -6 5 -4
v -6 0 -3
v -6 1 -3
v -6 2 -3
v -6 3 -3
v -6 4 -3
v -6 5 -3
v -6 6 -3
v -6 0 -2
v -6 1 -2
v -6 2 -2
v -6 3 -2
v -6 4 -2
v -6 5 -2
v -6 6 -2
v -6 0 -1
v -6 1 -1
v -6 2 -1
v -6 3 -1
v -6 4 -1
v -6 5 -1
v -6 6 -1
v -6 0 0
v -6 1 0
v -6 2 0
v -6 3 0
v -6 4 0
v -6 5 0
v -6 6 0
v -6 0 1
v -6 1 1
v -6 2 1
v -6 3 1
v -6 4 1
v -6 5 1
v -6 6 1
v -6 0 2
v -6 1 2
v -6 2 2
v -6 3 2
v -6 4 2
v -6 5 2
v -6 6 2
v -6 0 3
v -6 1 3
v -6 2 3
v -6 3 3
v -6 4 3
v -6 5 3
v -6 0 4
v -6 1 4
v -6 2 4
v -6 3 4
v -6 4 4
v -6 5 4
v -6 6 4
v -6 0 5
v -6 1 5
v -6 2 5
v -6 3 5
v -6 4 5
v -6 5 5
v -6 6 5
v -6 3 6
v -6 4 6
v -6 5 6
v -6 6 6
v -6 7 6
v -6 8 6
v -6 4 7
v -6 5 7
v -6 6 7
v -6 7 7
v -6 8 7
v -6 3 8
v -6 4 8
v -6 5 8
v -6 6 8
v -6 7 8
v -6 1 9
v -6 2 9
v -6 3 9
v -6 4 9
v -6 5 9
v -6 6 9
v -6 7 9
v -6 1 10
v -6 2 10
v -6 3 10
v -6 4 10
v -6 5 10
v -6 6 10
v -6 7 10
v -6 8 10
v -6 1 11
v -6 2 11
v -6 3 11
v -6 4 11
v -6 5 11
v -6 6 11
v -6 7 11
v -6 8 11
v -6 2 12
v -6 3 12
v -6 4 12
v -6 5 12
v -6 6 12
v -6 7 12
v -6 8 12
v -6 2 13
v -6 3 13
v -6 4 13
v -6 5 13
v -6 6 13
v -6 7 13
v -6 8 13
v -6 9 13
v -6 2 14
v -6 3 14
v -6 4 14
v -6 5 14
v -6 6 14
v -6 7 14
v -6 8 14
v -6 9 14
v -6 1 15
v -6 2 15
v -6 3 15
v -6 4 15
v -6 5 15
v -6 6 15
v -6 7 15
v -6 8 15
v -6 9 15
v -6 1 16
v -6 2 16
v -6 3 16
v -6 4 16
v -6 5 16
v -6 6 16
v -6 7 16
v -6 8 16
v -6 9 16
v -5 0 -12
v -5 1 -12
v -5 0 -11
v -5 1 -11
v -5 0 -10
v -5 1 -10
v -5 0 -9
v -5 1 -9
v -5 0 -8
v -5 1 -8
v -5 0 -7
v -5 1 -7
v -5 0 -6
v -5 1 -6
v -5 2 -6
v -5 0 -5
v -5 1 -5
v -5 2 -5
v -5 3 -5
v -5 4 -5
v -5 0 -4
v -5 1 -4
v -5 2 -4
v -5 3 -4
v -5 4 -4
v -5 5 -4
v -5 0 -3
v -5 1 -3
v -5 2 -3
v -5 3 -3
v -5 4 -3
v -5 5 -3
v -5 6 -3
v -5 0 -2
v -5 1 -2
v -5 2 -2
v -5 3 -2
v -5 4 -2
v -5 5 -2
v -5 6 -2
v -5 0 -1
v -5 1 -1
v -5 2 -1
v -5 3 -1
v -5 4 -1
v -5 5 -1
v -5 6 -1
v -5 0 0
v -5 1 0
v -5 2 0
v -5 3 0
v -5 4 0
v -5 5 0
v -5 8 0
v -5 0 1
v -5 1 1
v -5 2 1
v -5 3 1
v -5 4 1
v -5 5 1
v -5 6 1
v -5 8 1
v -5 9 0
v -5 9 1
v -5 0 2
v -5 1 2
v -5 2 2
v -5 3 2
v -5 4 2
v -5 5 2
v -5 6 2
v -5 9 2
v -5 10 1
v -5 10 2
v -5 0 3
v -5 1 3
v -5 2 3
v -5 3 3
v -5 4 3
v -5 5 3
v -5 6 3
v -5 9 3
v -5 0 4
v -5 1 4
v -5 2 4
v -5 3 4
v -5 4 4
v -5 5 4
v -5 6 4
v -5 0 5
v -5 1 5
v -5 2 5
v -5 3 5
v -5 4 5
v -5 5 5
v -5 6 5
v -5 0 6
v -5 1 6
v -5 2 6
v -5 3 6
v -5 4 6
v -5 5 6
v -5 6 6
v -5 7 6
v -5 8 6
v -5 0 7
v -5 1 7
v -5 4 7
v -5 5 7
v -5 6 7
v -5 7 7
v -5 8 7
v -5 0 8
v -5 1 8
v -5 3 8
v -5 4 8
v -5 5 8
v -5 6 8
v -5 7 8
v -5 0 9
v -5 1 9
v -5 2 9
v -5 3 9
v -5 4 9
v -5 5 9
v -5 6 9
v -5 7 9
v -5 0 10
v -5 1 10
v -5 2 10
v -5 3 10
v -5 4 10
v -5 5 10
v -5 6 10
v -5 7 10
v -5 8 10
v -5 1 11
v -5 2 11
v -5 3 11
v -5 4 11
v -5 5 11
v -5 6 11
v -5 7 11
v -5 8 11
v -5 2 12
v -5 3 12
v -5 4 12
v -5 5 12
v -5 6 12
v -5 7 12
v -5 8 12
v -5 2 13
v -5 3 13
v -5 4 13
v -5 5 13
v -5 6 13
v -5 7 13
v -5 8 13
v -5 9 13
v -5 1 14
v -5 2 14
v -5 3 14
v -5 4 14
v -5 5 14
v -5 6 14
v -5 7 14
v -5 8 14
v -5 9 14
v -5 1 15
v -5 2 15
v -5 3 15
v -5 4 15
v -5 5 15
v -5 6 15
v -5 7 15
v -5 8 15
v -5 9 15
v -5 1 16
v -5 2 16
v -5 3 16
v -5 4 16
v -5 5 16
v -5 6 16
v -5 7 16
v -5 8 16
v -5 9 16
v -4 0 -11
v -4 1 -11
v -4 0 -10
v -4 1 -10
v -4 0 -9
v -4 1 -9
v -4 0 -8
v -4 1 -8
v -4 0 -7
v -4 1 -7
v -4 0 -6
v -4 1 -6
v -4 2 -6
v -4 0 -5
v -4 1 -5
v -4 2 -5
v -4 3 -5
v -4 0 -4
v -4 1 -4
v -4 2 -4
v -4 3 -4
v -4 4 -4
v -4 0 -3
v -4 1 -3
v -4 2 -3
v -4 3 -3
v -4 4 -3
v -4 5 -3
v -4 0 -2
v -4 1 -2
v -4 2 -2
v -4 3 -2
v -4 4 -2
v -4 5 -2
v -4 9 -2
v -4 0 -1
v -4 1 -1
v -4 2 -1
v -4 3 -1
v -4 4 -1
v -4 5 -1
v -4 9 -1
v -4 10 -2
v -4 10 -1
v -4 0 0
v -4 1 0
v -4 2 0
v -4 3 0
v -4 4 0
v -4 5 0
v -4 6 0
v -4 8 0
v -4 9 0
v -5 10 0
v -4 10 0
v -5 11 0
v -4 11 -1
v -4 11 0
v -5 12 0
v -4 12 -1
v -4 12 0
v -4 0 1
v -4 1 1
v -4 2 1
v -4 3 1
v -4 4 1
v -4 5 1
v -4 6 1
v -4 8 1
v -4 9 1
v -4 10 1
v -5 11 1
v -4 11 1
v -5 12 1
v -4 12 1
v -4 0 2
v -4 1 2
v -4 2 2
v -4 3 2
v -4 4 2
v -4 5 2
v -4 6 2
v -4 9 2
v -4 10 2
v -5 11 2
v -4 11 2
v -5 12 2
v -4 12 2
v -4 0 3
v -4 1 3
v -4 2 3
v -4 3 3
v -4 4 3
v -4 5 3
v -4 6 3
v -4 9 3
v -5 10 3
v -4 10 3
v -5 11 3
v -4 11 3
v -5 12 3
v -4 12 3
v -4 0 4
v -4 1 4
v -4 2 4
v -4 3 4
v -4 4 4
v -4 5 4
v -4 6 4
v -4 10 4
v -4 11 4
v -4 12 4
v -4 0 5
v -4 1 5
v -4 2 5
v -4 3 5
v -4 4 5
v -4 5 5
v -4 6 5
v -4 0 6
v -4 1 6
v -4 2 6
v -4 3 6
v -4 4 6
v -4 5 6
v -4 6 6
v -4 7 6
v -4 8 6
v -4 0 7
v -4 1 7
v -4 2 7
v -4 3 7
v -4 5 7
v -4 6 7
v -4 7 7
v -4 8 7
v -4 0 8
v -4 1 8
v -4 2 8
v -4 3 8
v -4 4 8
v -4 5 8
v -4 6 8
v -4 7 8
v -4 0 9
v -4 1 9
v -4 2 9
v -4 3 9
v -4 4 9
v -4 5 9
v -4 6 9
v -4 7 9
v -4 0 10
v -4 1 10
v -4 2 10
v -4 3 10
v -4 4 10
v -4 5 10
v -4 6 10
v -4 7 10
v -4 1 11
v -4 2 11
v -4 3 11
v -4 4 11
v -4 5 11
v -4 6 11
v -4 7 11
v -4 8 11
v -4 1 12
v -4 2 12
v -4 3 12
v -4 4 12
v -4 5 12
v -4 6 12
v -4 7 12
v -4 8 12
v -4 1 13
v -4 2 13
v -4 3 13
v -4 4 13
v -4 5 13
v -4 6 13
v -4 7 13
v -4 8 13
v -4 9 13
v -4 1 14
v -4 2 14
v -4 3 14
v -4 4 14
v -4 5 14
v -4 6 14
v -4 7 14
v -4 8 14
v -4 9 14
v -4 1 15
v -4 2 15
v -4 3 15
v -4 4 15
v -4 5 15
v -4 6 15
v -4 7 15
v -4 8 15
v -4 9 15
v -4 2 16
v -4 3 16
v -4 4 16
v -4 5 16
v -4 6 16
v -4 7 16
v -4 8 16
v -4 9 16
v -3 0 -10
v -3 1 -10
v -3 0 -9
v -3 1 -9
v -3 0 -8
v -3 1 -8
v -3 0 -7
v -3 1 -7
v -3 0 -6
v -3 1 -6
v -3 0 -5
v -3 1 -5
v -3 2 -5
v -3 0 -4
v -3 1 -4
v -3 2 -4
v -3 3 -4
v -3 0 -3
v -3 1 -3
v -3 2 -3
v -3 3 -3
v -3 4 -3
v -3 5 -3
v -3 6 -3
v -3 7 -3
v -3 9 -3
v -3 10 -3
v -3 0 -2
v -3 1 -2
v -3 2 -2
v -3 3 -2
v -3 4 -2
v -3 5 -2
v -3 6 -2
v -3 7 -2
v -3 9 -2
v -3 0 -1
v -3 1 -1
v -3 2 -1
v -3 3 -1
v -3 4 -1
v -3 5 -1
v -3 9 -1
v -3 10 -2
v -3 10 -1
v -4 11 -2
v -3 11 -2
v -3 11 -1
v -4 12 -2
v -3 12 -2
v -3 12 -1
v -3 0 0
v -3 1 0
v -3 2 0
v -3 3 0
v -3 4 0
v -3 5 0
v -3 6 0
v -3 0 1
v -3 1 1
v -3 2 1
v -3 3 1
v -3 4 1
v -3 5 1
v -3 6 1
v -3 0 2
v -3 1 2
v -3 2 2
v -3 3 2
v -3 4 2
v -3 5 2
v -3 6 2
v -3 0 3
v -3 1 3
v -3 2 3
v -3 3 3
v -3 4 3
v -3 5 3
v -3 6 3
v -3 0 4
v -3 1 4
v -3 2 4
v -3 3 4
v -3 4 4
v -3 5 4
v -3 6 4
v -3 0 5
v -3 1 5
v -3 2 5
v -3 3 5
v -3 4 5
v -3 5 5
v -3 6 5
v -4 10 5
v -3 10 4
v -3 10 5
v -4 11 5
v -3 11 4
v -3 11 5
v -4 12 5
v -3 12 4
v -3 12 5
v -3 2 6
v -3 3 6
v -3 4 6
v -3 5 6
v -3 6 6
v -3 0 7
v -3 1 7
v -3 2 7
v -3 3 7
v -3 4 7
v -3 5 7
v -3 6 7
v -3 0 8
v -3 1 8
v -3 2 8
v -3 3 8
v -3 4 8
v -3 6 8
v -3 7 8
v -3 0 9
v -3 1 9
v -3 2 9
v -3 3 9
v -3 4 9
v -3 5 9
v -3 6 9
v -3 7 9
v -3 0 10
v -3 1 10
v -3 2 10
v -3 3 10
v -3 4 10
v -3 5 10
v -3 6 10
v -3 7 10
v -3 1 11
v -3 2 11
v -3 3 11
v -3 4 11
v -3 5 11
v -3 6 11
v -3 7 11
v -3 8 11
v -3 1 12
v -3 2 12
v -3 3 12
v -3 4 12
v -3 5 12
v -3 6 12
v -3 7 12
v -3 8 12
v -3 1 13
v -3 2 13
v -3 3 13
v -3 4 13
v -3 5 13
v -3 6 13
v -3 7 13
v -3 8 13
v -3 9 13
v -3 2 14
v -3 3 14
v -3 4 14
v -3 5 14
v -3 6 14
v -3 7 14
v -3 8 14
v -3 9 14
v -3 2 15
v -3 3 15
v -3 4 15
v -3 5 15
v -3 6 15
v -3 7 15
v -3 8 15
v -3 9 15
v -3 2 16
v -3 3 16
v -3 4 16
v -3 5 16
v -3 6 16
v -3 7 16
v -3 8 16
v -3 9 16
v -2 0 -9
v -2 1 -9
v -2 0 -8
v -2 1 -8
v -2 0 -7
v -2 1 -7
v -2 0 -6
v -2 1 -6
v -2 0 -5
v -2 1 -5
v -2 0 -4
v -2 1 -4
v -2 2 -4
v -2 0 -3
v -2 1 -3
v -2 2 -3
v -2 3 -3
v -2 4 -3
v -2 5 -3
v -2 6 -3
v -2 7 -3
v -2 9 -3
v -2 0 -2
v -2 1 -2
v -2 2 -2
v -2 3 -2
v -2 4 -2
v -2 5 -2
v -2 6 -2
v -2 7 -2
v -2 9 -2
v -2 10 -3
v -2 10 -2
v -3 11 -3
v -2 11 -3
v -2 11 -2
v -3 12 -3
v -2 12 -3
v -2 12 -2
v -2 0 1
v -2 0 0
v -2 1 0
v -2 1 1
v -2 2 0
v -2 2 1
v -2 3 0
v -2 3 1
v -2 4 0
v -2 4 1
v -2 5 0
v -2 5 1
v -2 6 0
v -2 6 1
v -2 0 2
v -2 1 2
v -2 2 2
v -2 3 2
v -2 4 2
v -2 5 2
v -2 6 2
v -2 0 3
v -2 1 3
v -2 2 3
v -2 3 3
v -2 4 3
v -2 5 3
v -2 6 3
v -2 0 4
v -2 1 4
v -2 2 4
v -2 3 4
v -2 4 4
v -2 5 4
v -2 6 4
v -2 2 5
v -2 3 5
v -2 4 5
v -2 5 5
v -2 6 5
v -2 3 6
v -2 4 6
v -2 5 6
v -2 6 6
v -3 10 6
v -2 10 5
v -2 10 6
v -3 11 6
v -2 11 5
v -2 11 6
v -3 12 6
v -2 12 5
v -2 12 6
v -2 2 7
v -2 3 7
v -2 4 7
v -2 5 7
v -2 6 7
v -2 1 8
v -2 2 8
v -2 3 8
v -2 4 8
v -2 5 8
v -2 6 8
v -2 1 9
v -2 2 9
v -2 3 9
v -2 4 9
v -2 5 9
v -2 2 10
v -2 3 10
v -2 4 10
v -2 5 10
v -2 6 10
v -2 7 10
v -2 2 11
v -2 3 11
v -2 4 11
v -2 5 11
v -2 6 11
v -2 7 11
v -2 8 11
v -2 2 12
v -2 3 12
v -2 4 12
v -2 5 12
v -2 6 12
v -2 7 12
v -2 8 12
v -2 2 13
v -2 3 13
v -2 4 13
v -2 5 13
v -2 6 13
v -2 7 13
v -2 8 13
v -2 2 14
v -2 3 14
v -2 4 14
v -2 5 14
v -2 6 14
v -2 7 14
v -2 8 14
v -2 9 14
v -2 2 15
v -2 3 15
v -2 4 15
v -2 5 15
v -2 6 15
v -2 7 15
v -2 8 15
v -2 9 15
v -2 2 16
v -2 3 16
v -2 4 16
v -2 5 16
v -2 6 16
v -2 7 16
v -2 8 16
v -2 9 16
v -1 0 -7
v -1 1 -7
v -1 0 -6
v -1 1 -6
v -1 0 -5
v -1 1 -5
v -1 0 -4
v -1 1 -4
v -1 0 -3
v -1 1 -3
v -1 2 -3
v -1 6 -3
v -1 7 -3
v -1 9 -4
v -1 9 -3
v -1 10 -4
v -1 10 -3
v -1 11 -4
v -1 11 -3
v -1 12 -4
v -1 12 -3
v -1 0 -2
v -1 1 -2
v -1 2 -2
v -1 3 -2
v -1 4 -2
v -1 6 -2
v -1 7 -2
v -2 0 -1
v -2 1 -1
v -1 0 -1
v -1 1 -1
v -2 2 -1
v -1 2 -1
v -2 3 -1
v -1 3 -1
v -2 4 -1
v -1 4 -1
v -2 5 -1
v -1 5 -2
v -1 5 -1
v -2 6 -1
v -1 6 -1
v -1 0 0
v -1 1 0
v -1 2 0
v -1 3 0
v -1 4 0
v -1 5 0
v -1 6 0
v -1 0 1
v -1 1 1
v -1 2 1
v -1 3 1
v -1 4 1
v -1 5 1
v -1 6 1
v -1 0 2
v -1 1 2
v -1 2 2
v -1 3 2
v -1 4 2
v -1 5 2
v -1 6 2
v -1 0 3
v -1 1 3
v -1 2 3
v -1 3 3
v -1 4 3
v -1 5 3
v -1 6 3
v -1 0 4
v -1 1 4
v -1 2 4
v -1 3 4
v -1 4 4
v -1 5 4
v -1 6 4
v -1 1 5
v -1 2 5
v -1 3 5
v -1 4 5
v -1 5 5
v -1 6 5
v -1 3 6
v -1 4 6
v -1 5 6
v -1 6 6
v -1 9 6
v -1 2 7
v -1 3 7
v -1 4 7
v -1 5 7
v -1 6 7
v -1 9 7
v -1 10 6
v -1 10 7
v -1 11 6
v -1 11 7
v -1 12 6
v -1 12 7
v -1 2 8
v -1 3 8
v -1 4 8
v -1 5 8
v -1 6 8
v -1 2 9
v -1 3 9
v -1 4 9
v -1 5 9
v -1 6 9
v -1 2 10
v -1 3 10
v -1 4 10
v -1 5 10
v -1 6 10
v -1 7 10
v -1 2 11
v -1 3 11
v -1 4 11
v -1 5 11
v -1 6 11
v -1 7 11
v -1 2 12
v -1 3 12
v -1 4 12
v -1 5 12
v -1 6 12
v -1 7 12
v -1 8 12
v -1 2 13
v -1 3 13
v -1 4 13
v -1 5 13
v -1 6 13
v -1 7 13
v -1 8 13
v -1 2 14
v -1 3 14
v -1 4 14
v -1 5 14
v -1 6 14
v -1 7 14
v -1 8 14
v -1 2 15
v -1 3 15
v -1 4 15
v -1 5 15
v -1 6 15
v -1 7 15
v -1 8 15
v -1 9 15
v -1 2 16
v -1 3 16
v -1 4 16
v -1 5 16
v -1 6 16
v -1 7 16
v -1 8 16
v -1 9 16
v 0 0 -6
v 0 1 -6
v 0 0 -5
v 0 1 -5
v 0 0 -4
v 0 1 -4
v 0 0 -3
v 0 1 -3
v 0 9 -4
v 0 9 -3
v 0 10 -4
v 0 10 -3
v 0 11 -4
v 0 11 -3
v 0 12 -4
v 0 12 -3
v 0 0 -2
v 0 1 -2
v 0 2 -2
v 0 3 -2
v 0 0 -1
v 0 1 -1
v 0 2 -1
v 0 3 -1
v 0 4 -1
v 0 0 0
v 0 1 0
v 0 2 0
v 0 3 0
v 0 4 0
v 0 5 0
v 0 0 1
v 0 1 1
v 0 2 1
v 0 3 1
v 0 4 1
v 0 5 1
v 0 0 3
v 0 0 2
v 0 1 2
v 0 1 3
v 0 2 2
v 0 2 3
v 0 3 2
v 0 3 3
v 0 4 2
v 0 4 3
v 0 5 2
v 0 5 3
v 0 6 2
v 0 6 3
v 0 0 4
v 0 1 4
v 0 2 4
v 0 3 4
v 0 4 4
v 0 5 4
v 0 1 5
v 0 2 5
v 0 3 5
v 0 4 5
v 0 5 5
v 0 2 6
v 0 3 6
v 0 4 6
v 0 5 6
v 0 9 6
v 0 3 7
v 0 4 7
v 0 5 7
v 0 6 7
v 0 9 7
v 0 10 6
v 0 10 7
v 0 11 6
v 0 11 7
v 0 12 6
v 0 12 7
v 0 2 8
v 0 3 8
v 0 4 8
v 0 5 8
v 0 6 8
v 0 2 9
v 0 3 9
v 0 4 9
v 0 5 9
v 0 6 9
v 0 3 10
v 0 4 10
v 0 5 10
v 0 6 10
v 0 7 10
v 0 3 11
v 0 4 11
v 0 5 11
v 0 6 11
v 0 7 11
v 0 2 12
v 0 3 12
v 0 4 12
v 0 5 12
v 0 6 12
v 0 7 12
v 0 2 13
v 0 3 13
v 0 4 13
v 0 5 13
v 0 6 13
v 0 7 13
v 0 8 13
v 0 2 14
v 0 3 14
v 0 4 14
v 0 5 14
v 0 6 14
v 0 7 14
v 0 8 14
v 0 2 15
v 0 3 15
v 0 4 15
v 0 5 15
v 0 6 15
v 0 7 15
v 0 8 15
v 0 2 16
v 0 3 16
v 0 4 16
v 0 5 16
v 0 6 16
v 0 7 16
v 0 8 16
v 1 0 -4
v 1 1 -4
v 1 0 -3
v 1 1 -3
v 1 9 -3
v 1 9 -4
v 1 10 -4
v 1 10 -3
v 1 11 -4
v 1 11 -3
v 1 12 -4
v 1 12 -3
v 1 0 -2
v 1 1 -2
v 1 2 -2
v 1 0 -1
v 1 1 -1
v 1 2 -1
v 1 3 -1
v 1 4 -1
v 1 0 0
v 1 1 0
v 1 2 0
v 1 3 0
v 1 4 0
v 1 0 1
v 1 1 1
v 1 2 1
v 1 3 1
v 1 4 1
v 1 5 1
v 1 0 2
v 1 1 2
v 1 2 2
v 1 3 2
v 1 4 2
v 1 5 2
v 1 6 2
v 1 1 3
v 1 2 3
v 1 3 3
v 1 4 3
v 1 5 3
v 1 6 3
v 1 1 4
v 1 2 4
v 1 3 4
v 1 4 4
v 1 5 4
v 1 1 5
v 1 2 5
v 1 3 5
v 1 4 5
v 1 5 5
v 1 2 6
v 1 3 6
v 1 4 6
v 1 5 6
v 1 9 6
v 1 3 7
v 1 4 7
v 1 5 7
v 1 9 7
v 1 11 7
v 1 11 6
v 1 12 6
v 1 12 7
v 1 2 8
v 1 3 8
v 1 4 8
v 1 5 8
v 1 6 8
v 1 2 9
v 1 3 9
v 1 4 9
v 1 5 9
v 1 6 9
v 1 3 10
v 1 4 10
v 1 5 10
v 1 6 10
v 1 3 11
v 1 4 11
v 1 5 11
v 1 6 11
v 1 7 11
v 1 2 12
v 1 3 12
v 1 4 12
v 1 5 12
v 1 6 12
v 1 7 12
v 1 8 12
v 1 2 13
v 1 3 13
v 1 4 13
v 1 5 13
v 1 6 13
v 1 7 13
v 1 8 13
v 1 2 14
v 1 3 14
v 1 4 14
v 1 5 14
v 1 6 14
v 1 7 14
v 1 8 14
v 1 2 15
v 1 3 15
v 1 4 15
v 1 5 15
v 1 6 15
v 1 7 15
v 1 8 15
v 1 2 16
v 1 3 16
v 1 4 16
v 1 5 16
v 1 6 16
v 1 7 16
v 1 8 16
v 2 0 -3
v 2 1 -3
v 2 9 -3
v 2 9 -4
v 2 10 -4
v 2 10 -3
v 2 11 -4
v 2 11 -3
v 2 12 -4
v 2 12 -3
v 2 0 -2
v 2 1 -2
v 2 0 -1
v 2 1 -1
v 2 2 -1
v 2 3 -1
v 2 0 0
v 2 1 0
v 2 2 0
v 2 3 0
v 2 7 0
v 2 8 0
v 2 0 1
v 2 1 1
v 2 2 1
v 2 3 1
v 2 4 1
v 2 5 1
v 2 7 1
v 2 8 1
v 2 0 2
v 2 1 2
v 2 2 2
v 2 3 2
v 2 4 2
v 2 5 2
v 2 1 3
v 2 2 3
v 2 3 3
v 2 4 3
v 2 1 4
v 2 2 4
v 2 3 4
v 2 4 4
v 2 1 5
v 2 2 5
v 2 3 5
v 2 4 5
v 2 2 6
v 2 3 6
v 2 4 6
v 2 5 6
v 2 9 6
v 2 3 7
v 2 4 7
v 2 5 7
v 2 9 7
v 1 10 7
v 1 10 6
v 2 10 6
v 2 10 7
v 2 11 6
v 2 11 7
v 2 12 6
v 2 12 7
v 2 3 8
v 2 4 8
v 2 5 8
v 2 2 9
v 2 3 9
v 2 4 9
v 2 5 9
v 2 6 9
v 2 2 10
v 2 3 10
v 2 4 10
v 2 5 10
v 2 6 10
v 2 2 11
v 2 3 11
v 2 4 11
v 2 5 11
v 2 6 11
v 2 2 12
v 2 3 12
v 2 4 12
v 2 5 12
v 2 6 12
v 2 7 12
v 2 8 12
v 2 1 13
v 2 2 13
v 2 3 13
v 2 4 13
v 2 5 13
v 2 6 13
v 2 7 13
v 2 8 13
v 2 1 14
v 2 2 14
v 2 3 14
v 2 4 14
v 2 5 14
v 2 6 14
v 2 7 14
v 2 8 14
v 2 1 15
v 2 2 15
v 2 3 15
v 2 4 15
v 2 5 15
v 2 6 15
v 2 7 15
v 2 8 15
v 2 1 16
v 2 2 16
v 2 3 16
v 2 4 16
v 2 5 16
v 2 6 16
v 2 7 16
v 2 8 16
v 3 0 -3
v 3 1 -3
v 3 9 -3
v 3 10 -3
v 3 11 -3
v 3 12 -3
v 3 0 -2
v 3 1 -2
v 3 9 -2
v 3 0 -1
v 3 1 -1
v 3 2 -1
v 3 10 -2
v 3 11 -2
v 3 0 0
v 3 1 0
v 3 2 0
v 3 3 0
v 3 7 0
v 3 8 0
v 3 0 1
v 3 1 1
v 3 2 1
v 3 3 1
v 3 4 1
v 3 7 1
v 3 8 1
v 3 0 2
v 3 1 2
v 3 2 2
v 3 3 2
v 3 4 2
v 3 7 2
v 3 8 2
v 3 0 3
v 3 1 3
v 3 2 3
v 3 3 3
v 3 4 3
v 3 0 4
v 3 1 4
v 3 2 4
v 3 3 4
v 3 4 4
v 3 0 5
v 3 1 5
v 3 2 5
v 3 3 5
v 3 4 5
v 3 9 5
v 3 10 5
v 3 2 6
v 3 3 6
v 3 4 6
v 3 5 6
v 3 9 6
v 3 10 6
v 3 12 6
v 3 12 5
v 3 3 7
v 3 4 7
v 3 5 7
v 3 11 6
v 3 3 8
v 3 4 8
v 3 5 8
v 3 2 9
v 3 3 9
v 3 4 9
v 3 5 9
v 3 1 10
v 3 2 10
v 3 3 10
v 3 4 10
v 3 5 10
v 3 6 10
v 3 1 11
v 3 2 11
v 3 3 11
v 3 4 11
v 3 5 11
v 3 6 11
v 3 1 12
v 3 2 12
v 3 3 12
v 3 4 12
v 3 5 12
v 3 6 12
v 3 0 13
v 3 1 13
v 3 2 13
v 3 3 13
v 3 4 13
v 3 5 13
v 3 6 13
v 3 7 13
v 3 8 13
v 3 0 14
v 3 1 14
v 3 2 14
v 3 3 14
v 3 4 14
v 3 5 14
v 3 6 14
v 3 7 14
v 3 8 14
v 3 0 15
v 3 1 15
v 3 2 15
v 3 3 15
v 3 4 15
v 3 5 15
v 3 6 15
v 3 7 15
v 3 8 15
v 3 0 16
v 3 1 16
v 3 2 16
v 3 3 16
v 3 4 16
v 3 5 16
v 3 6 16
v 3 7 16
v 3 8 16
v 4 9 -3
v 4 9 -2
v 4 10 -3
v 4 10 -2
v 4 11 -3
v 4 11 -2
v 3 12 -2
v 4 12 -3
v 4 12 -2
v 4 0 -1
v 4 1 -1
v 4 2 -1
v 4 9 -1
v 4 0 0
v 4 1 0
v 4 2 0
v 4 3 0
v 4 0 1
v 4 1 1
v 4 2 1
v 4 3 1
v 4 4 1
v 4 7 1
v 4 8 1
v 4 0 2
v 4 1 2
v 4 2 2
v 4 3 2
v 4 4 2
v 4 7 2
v 4 8 2
v 4 0 3
v 4 1 3
v 4 2 3
v 4 3 3
v 4 4 3
v 4 0 4
v 4 1 4
v 4 2 4
v 4 3 4
v 4 4 4
v 4 9 4
v 4 10 4
v 4 11 4
v 4 12 4
v 4 0 5
v 4 1 5
v 4 2 5
v 4 3 5
v 4 4 5
v 4 9 5
v 4 0 6
v 4 1 6
v 4 2 6
v 4 3 6
v 4 4 6
v 4 5 6
v 4 9 6
v 4 10 5
v 4 10 6
v 3 11 5
v 4 11 5
v 4 11 6
v 4 12 5
v 4 12 6
v 4 3 7
v 4 4 7
v 4 5 7
v 4 3 8
v 4 4 8
v 4 5 8
v 4 2 9
v 4 3 9
v 4 4 9
v 4 5 9
v 4 0 10
v 4 1 10
v 4 2 10
v 4 3 10
v 4 4 10
v 4 5 10
v 4 0 11
v 4 1 11
v 4 2 11
v 4 3 11
v 4 4 11
v 4 5 11
v 4 6 11
v 4 0 12
v 4 1 12
v 4 2 12
v 4 3 12
v 4 4 12
v 4 5 12
v 4 6 12
v 4 0 13
v 4 1 13
v 4 2 13
v 4 3 13
v 4 4 13
v 4 5 13
v 4 6 13
v 4 7 13
v 4 0 14
v 4 1 14
v 4 2 14
v 4 3 14
v 4 4 14
v 4 5 14
v 4 6 14
v 4 7 14
v 4 8 14
v 4 0 15
v 4 1 15
v 4 2 15
v 4 3 15
v 4 4 15
v 4 5 15
v 4 6 15
v 4 7 15
v 4 8 15
v 4 0 16
v 4 1 16
v 4 2 16
v 4 3 16
v 4 4 16
v 4 5 16
v 4 6 16
v 4 7 16
v 4 8 16
v 5 9 -2
v 5 10 -2
v 5 0 -1
v 5 1 -1
v 5 9 -1
v 4 10 -1
v 5 10 -1
v 4 11 -1
v 5 11 -2
v 5 11 -1
v 4 12 -1
v 5 12 -2
v 5 12 -1
v 5 0 0
v 5 1 0
v 5 2 0
v 5 3 0
v 5 9 0
v 5 0 1
v 5 1 1
v 5 2 1
v 5 3 1
v 5 4 1
v 5 9 1
v 5 0 2
v 5 1 2
v 5 2 2
v 5 3 2
v 5 4 2
v 5 9 2
v 5 0 3
v 5 1 3
v 5 2 3
v 5 3 3
v 5 4 3
v 5 9 3
v 5 0 4
v 5 1 4
v 5 2 4
v 5 3 4
v 5 4 4
v 5 9 4
v 5 0 5
v 5 1 5
v 5 2 5
v 5 3 5
v 5 4 5
v 5 9 5
v 5 10 4
v 5 10 5
v 5 11 4
v 5 11 5
v 5 12 4
v 5 12 5
v 5 0 6
v 5 1 6
v 5 2 6
v 5 3 6
v 5 4 6
v 5 0 7
v 5 1 7
v 5 2 7
v 5 3 7
v 5 4 7
v 5 2 8
v 5 3 8
v 5 4 8
v 5 0 9
v 5 1 9
v 5 2 9
v 5 3 9
v 5 4 9
v 5 0 10
v 5 1 10
v 5 2 10
v 5 3 10
v 5 4 10
v 5 5 10
v 5 0 11
v 5 1 11
v 5 2 11
v 5 3 11
v 5 4 11
v 5 5 11
v 5 0 12
v 5 1 12
v 5 2 12
v 5 3 12
v 5 4 12
v 5 5 12
v 5 6 12
v 5 0 13
v 5 1 13
v 5 2 13
v 5 3 13
v 5 4 13
v 5 5 13
v 5 6 13
v 5 0 14
v 5 1 14
v 5 2 14
v 5 3 14
v 5 4 14
v 5 5 14
v 5 6 14
v 5 7 14
v 5 0 15
v 5 1 15
v 5 2 15
v 5 3 15
v 5 4 15
v 5 5 15
v 5 6 15
v 5 7 15
v 5 8 15
v 5 0 16
v 5 1 16
v 5 2 16
v 5 3 16
v 5 4 16
v 5 5 16
v 5 6 16
v 5 7 16
v 5 8 16
v 6 0 -1
v 6 1 -1
v 6 0 0
v 6 1 0
v 6 2 0
v 6 3 0
v 6 9 0
v 5 10 0
v 6 10 0
v 5 11 0
v 6 11 0
v 5 12 0
v 6 12 0
v 6 0 1
v 6 1 1
v 6 2 1
v 6 3 1
v 6 4 1
v 6 9 1
v 5 10 1
v 6 10 1
v 5 11 1
v 6 11 1
v 5 12 1
v 6 12 1
v 6 0 2
v 6 1 2
v 6 2 2
v 6 3 2
v 6 4 2
v 6 9 2
v 5 10 2
v 6 10 2
v 5 11 2
v 6 11 2
v 5 12 2
v 6 12 2
v 6 0 3
v 6 1 3
v 6 2 3
v 6 3 3
v 6 4 3
v 6 9 3
v 5 10 3
v 6 10 3
v 5 11 3
v 6 11 3
v 5 12 3
v 6 12 3
v 6 0 4
v 6 1 4
v 6 2 4
v 6 3 4
v 6 4 4
v 6 0 5
v 6 1 5
v 6 2 5
v 6 3 5
v 6 4 5
v 6 0 6
v 6 1 6
v 6 2 6
v 6 3 6
v 6 4 6
v 6 0 7
v 6 1 7
v 6 2 7
v 6 3 7
v 6 4 7
v 6 0 8
v 6 1 8
v 6 2 8
v 6 3 8
v 6 0 9
v 6 1 9
v 6 2 9
v 6 3 9
v 6 0 10
v 6 1 10
v 6 2 10
v 6 3 10
v 6 4 10
v 6 0 11
v 6 1 11
v 6 2 11
v 6 3 11
v 6 4 11
v 6 5 11
v 6 0 12
v 6 1 12
v 6 2 12
v 6 3 12
v 6 4 12
v 6 5 12
v 6 0 13
v 6 1 13
v 6 2 13
v 6 3 13
v 6 4 13
v 6 5 13
v 6 6 13
v 6 0 14
v 6 1 14
v 6 2 14
v 6 3 14
v 6 4 14
v 6 5 14
v 6 6 14
v 6 7 14
v 6 0 15
v 6 1 15
v 6 2 15
v 6 3 15
v 6 4 15
v 6 5 15
v 6 6 15
v 6 7 15
v 6 0 16
v 6 1 16
v 6 2 16
v 6 3 16
v 6 4 16
v 6 5 16
v 6 6 16
v 6 7 16
v 7 0 0
v 7 1 0
v 7 2 0
v 7 0 1
v 7 1 1
v 7 2 1
v 7 3 1
v 7 0 2
v 7 1 2
v 7 2 2
v 7 3 2
v 7 0 3
v 7 1 3
v 7 2 3
v 7 3 3
v 7 0 4
v 7 1 4
v 7 2 4
v 7 3 4
v 7 0 5
v 7 1 5
v 7 2 5
v 7 3 5
v 7 0 6
v 7 1 6
v 7 2 6
v 7 0 7
v 7 1 7
v 7 2 7
v 7 3 7
v 7 0 8
v 7 1 8
v 7 2 8
v 7 3 8
v 7 0 9
v 7 1 9
v 7 2 9
v 7 3 9
v 7 0 10
v 7 1 10
v 7 2 10
v 7 3 10
v 7 0 11
v 7 1 11
v 7 2 11
v 7 3 11
v 7 4 11
v 7 0 12
v 7 1 12
v 7 2 12
v 7 3 12
v 7 4 12
v 7 5 12
v 7 0 13
v 7 1 13
v 7 2 13
v 7 3 13
v 7 4 13
v 7 5 13
v 7 0 14
v 7 1 14
v 7 2 14
v 7 3 14
v 7 4 14
v 7 5 14
v 7 6 14
v 7 7 14
v 7 0 15
v 7 1 15
v 7 2 15
v 7 3 15
v 7 4 15
v 7 5 15
v 7 6 15
v 7 7 15
v 7 0 16
v 7 1 16
v 7 2 16
v 7 3 16
v 7 4 16
v 7 5 16
v 7 6 16
v 7 7 16
v 8 0 1
v 8 1 1
v 8 2 1
v 8 0 2
v 8 1 2
v 8 2 2
v 8 0 3
v 8 1 3
v 8 2 3
v 8 0 4
v 8 1 4
v 8 2 4
v 8 0 5
v 8 1 5
v 8 2 5
v 8 0 6
v 8 1 6
v 8 2 6
v 8 0 7
v 8 1 7
v 8 2 7
v 8 0 8
v 8 1 8
v 8 2 8
v 8 0 9
v 8 1 9
v 8 2 9
v 8 0 10
v 8 1 10
v 8 2 10
v 8 3 10
v 8 0 11
v 8 1 11
v 8 2 11
v 8 3 11
v 8 4 11
v 8 0 12
v 8 1 12
v 8 2 12
v 8 3 12
v 8 4 12
v 8 0 13
v 8 1 13
v 8 2 13
v 8 3 13
v 8 4 13
v 8 5 13
v 8 0 14
v 8 1 14
v 8 2 14
v 8 3 14
v 8 4 14
v 8 5 14
v 8 0 15
v 8 1 15
v 8 2 15
v 8 3 15
v 8 4 15
v 8 5 15
v 8 6 15
v 8 7 15
v 8 0 16
v 8 1 16
v 8 2 16
v 8 3 16
v 8 4 16
v 8 5 16
v 8 6 16
v 8 7 16
v 9 0 3
v 9 1 3
v 9 0 4
v 9 1 4
v 9 0 5
v 9 1 5
v 9 2 5
v 9 0 6
v 9 1 6
v 9 2 6
v 9 0 7
v 9 1 7
v 9 0 8
v 9 1 8
v 9 0 10
v 9 1 10
v 9 2 10
v 9 0 11
v 9 1 11
v 9 2 11
v 9 3 11
v 9 0 12
v 9 1 12
v 9 2 12
v 9 3 12
v 9 4 12
v 9 0 13
v 9 1 13
v 9 2 13
v 9 3 13
v 9 4 13
v 9 0 14
v 9 1 14
v 9 2 14
v 9 3 14
v 9 4 14
v 9 5 14
v 9 0 15
v 9 1 15
v 9 2 15
v 9 3 15
v 9 4 15
v 9 5 15
v 9 0 16
v 9 1 16
v 9 2 16
v 9 3 16
v 9 4 16
v 9 5 16
v 10 0 10
v 10 1 10
v 10 0 11
v 10 1 11
v 10 2 11
v 10 0 12
v 10 1 12
v 10 2 12
v 10 3 12
v 10 0 13
v 10 1 13
v 10 2 13
v 10 3 13
v 10 4 13
v 10 0 14
v 10 1 14
v 10 2 14
v 10 3 14
v 10 4 14
v 10 0 15
v 10 1 15
v 10 2 15
v 10 3 15
v 10 4 15
v 10 5 15
v 10 0 16
v 10 1 16
v 10 2 16
v 10 3 16
v 10 4 16
v 10 5 16
v 11 0 11
v 11 1 11
v 11 2 11
v 11 0 12
v 11 1 12
v 11 2 12
v 11 0 13
v 11 1 13
v 11 2 13
v 11 3 13
v 11 0 14
v 11 1 14
v 11 2 14
v 11 3 14
v 11 4 14
v 11 0 15
v 11 1 15
v 11 2 15
v 11 3 15
v 11 4 15
v 11 0 16
v 11 1 16
v 11 2 16
v 11 3 16
v 11 4 16
v 12 0 11
v 12 1 11
v 12 0 12
v 12 1 12
v 12 2 12
v 12 0 13
v 12 1 13
v 12 2 13
v 12 3 13
v 12 0 14
v 12 1 14
v 12 2 14
v 12 3 14
v 12 4 14
v 12 0 15
v 12 1 15
v 12 2 15
v 12 3 15
v 12 4 15
v 12 0 16
v 12 1 16
v 12 2 16
v 12 3 16
v 12 4 16
v 13 1 12
v 13 2 12
v 13 1 13
v 13 2 13
v 13 3 13
v 13 1 14
v 13 2 14
v 13 3 14
v 13 4 14
v 13 1 15
v 13 2 15
v 13 3 15
v 13 4 15
v 13 1 16
v 13 2 16
v 13 3 16
v 13 4 16
v 14 2 12
v 14 2 13
v 14 2 14
v 14 3 14
v 14 4 14
v 14 1 15
v 14 1 14
v 14 2 15
v 14 3 15
v 14 4 15
v 14 1 16
v 14 2 16
v 14 3 16
v 14 4 16
v 15 2 12
v 14 1 12
v 14 1 13
v 15 1 13
v 15 1 12
v 15 2 13
v 15 1 14
v 15 2 14
v 15 3 14
v 15 1 15
v 15 2 15
v 15 3 15
v 15 4 15
v 15 1 16
v 15 2 16
v 15 3 16
v 15 4 16
vt 0.000000000 0.000000000
vt 1.000000000 0.000000000
vt 0.000000000 0.500000000
vt 1.000000000 0.500000000
vt 0.000000000 1.000000000
vt 1.000000000 1.000000000
vn -1 0 0
vn 0 -1 0
vn 0 0 -1
vn 1 0 0
vn 0 1 0
vn 0 0 1
f 3/3/1 1/1/1 2/2/1 4/4/1
f 2/5/2 1/1/2 5/2/2 6/6/2
f 7/3/3 5/1/3 1/2/3 3/4/3
f 7/4/4 8/3/4 6/1/4 5/2/4
f 7/6/5 3/5/5 4/1/5 8/2/5
f 8/4/6 4/3/6 2/1/6 6/2/6
f 11/3/1 9/1/1 10/2/1 12/4/1
f 10/5/2 9/1/2 13/2/2 14/6/2
f 15/3/3 13/1/3 9/2/3 11/4/3
f 15/4/4 16/3/4 14/1/4 13/2/4
f 15/6/5 11/5/5 12/1/5 16/2/5
f 16/4/6 12/3/6 10/1/6 14/2/6
f 18/2/1 19/6/1 20/5/1 17/1/1
f 18/2/2 17/6/2 22/5/2 21/1/2
f 17/2/3 20/6/3 23/5/3 22/1/3
f 21/1/4 22/2/4 23/6/4 24/5/4
f 19/6/5 24/5/5 23/1/5 20/2/5
f 18/1/6 21/2/6 24/6/6 19/5/6
f 27/2/1 28/6/1 19/5/1 18/1/1
f 27/1/2 18/5/2 21/6/2 29/2/2
f 18/2/3 19/6/3 24/5/3 21/1/3
f 29/1/4 21/2/4 24/6/4 30/5/4
f 28/5/5 30/6/5 24/2/5 19/1/5
f 27/1/6 29/2/6 30/6/6 28/5/6
f 28/2/1 31/6/1 25/5/1 19/1/1
f 28/1/2 19/5/2 24/6/2 30/2/2
f 19/2/3 25/6/3 26/5/3 24/1/3
f 30/1/4 24/2/4 26/6/4 32/5/4
f 31/5/5 32/6/5 26/2/5 25/1/5
f 28/1/6 30/2/6 32/6/6 31/5/6
f 37/2/1 38/6/1 28/5/1 27/1/1
f 37/5/2 27/1/2 29/2/2 39/6/2
f 27/2/3 28/6/3 30/5/3 29/1/3
f 39/1/4 29/2/4 30/6/4 40/5/4
f 38/1/5 40/2/5 30/6/5 28/5/5
f 37/1/6 39/2/6 40/6/6 38/5/6
f 38/2/1 41/6/1 31/5/1 28/1/1
f 38/5/2 28/1/2 30/2/2 40/6/2
f 28/2/3 31/6/3 32/5/3 30/1/3
f 40/1/4 30/2/4 32/6/4 42/5/4
f 41/1/5 42/2/5 32/6/5 31/5/5
f 38/1/6 40/2/6 42/6/6 41/5/6
f 41/2/1 43/6/1 33/5/1 31/1/1
f 41/6/2 31/2/2 32/1/2 42/5/2
f 31/2/3 33/6/3 34/5/3 32/1/3
f 42/1/4 32/2/4 34/6/4 44/5/4
f 43/2/5 44/1/5 34/5/5 33/6/5
f 41/1/6 42/2/6 44/6/6 43/5/6
f 43/2/1 45/6/1 35/5/1 33/1/1
f 43/5/2 33/1/2 34/2/2 44/6/2
f 33/2/3 35/6/3 36/5/3 34/1/3
f 44/1/4 34/2/4 36/6/4 46/5/4
f 45/1/5 46/2/5 36/6/5 35/5/5
f 43/1/6 44/2/6 46/6/6 45/5/6
f 47/2/1 48/6/1 38/5/1 37/1/1
f 47/5/2 37/1/2 39/2/2 49/6/2
f 37/2/3 38/6/3 40/5/3 39/1/3
f 49/1/4 39/2/4 40/6/4 50/5/4
f 48/1/5 50/2/5 40/6/5 38/5/5
f 47/1/6 49/2/6 50/6/6 48/5/6
f 48/2/1 51/6/1 41/5/1 38/1/1
f 48/2/2 38/6/2 40/5/2 50/1/2
f 38/2/3 41/6/3 42/5/3 40/1/3
f 50/1/4 40/2/4 42/6/4 52/5/4
f 51/6/5 52/5/5 42/1/5 41/2/5
f 48/1/6 50/2/6 52/6/6 51/5/6
f 51/2/1 53/6/1 43/5/1 41/1/1
f 51/6/2 41/2/2 42/1/2 52/5/2
f 41/2/3 43/6/3 44/5/3 42/1/3
f 52/1/4 42/2/4 44/6/4 54/5/4
f 53/2/5 54/1/5 44/5/5 43/6/5
f 51/1/6 52/2/6 54/6/6 53/5/6
f 53/2/1 55/6/1 45/5/1 43/1/1
f 53/1/2 43/5/2 44/6/2 54/2/2
f 43/2/3 45/6/3 46/5/3 44/1/3
f 54/1/4 44/2/4 46/6/4 56/5/4
f 55/5/5 56/6/5 46/2/5 45/1/5
f 53/1/6 54/2/6 56/6/6 55/5/6
f 59/2/1 60/6/1 48/5/1 47/1/1
f 59/2/2 47/6/2 49/5/2 61/1/2
f 47/2/3 48/6/3 50/5/3 49/1/3
f 61/1/4 49/2/4 50/6/4 62/5/4
f 60/6/5 62/5/5 50/1/5 48/2/5
f 59/1/6 61/2/6 62/6/6 60/5/6
f 60/2/1 63/6/1 51/5/1 48/1/1
f 60/1/2 48/5/2 50/6/2 62/2/2
f 48/2/3 51/6/3 52/5/3 50/1/3
f 62/1/4 50/2/4 52/6/4 64/5/4
f 63/5/5 64/6/5 52/2/5 51/1/5
f 60/1/6 62/2/6 64/6/6 63/5/6
f 63/2/1 65/6/1 53/5/1 51/1/1
f 63/6/2 51/2/2 52/1/2 64/5/2
f 51/2/3 53/6/3 54/5/3 52/1/3
f 64/1/4 52/2/4 54/6/4 66/5/4
f 65/2/5 66/1/5 54/5/5 53/6/5
f 63/1/6 64/2/6 66/6/6 65/5/6
f 65/2/1 67/6/1 55/5/1 53/1/1
f 65/1/2 53/5/2 54/6/2 66/2/2
f 53/2/3 55/6/3 56/5/3 54/1/3
f 66/1/4 54/2/4 56/6/4 68/5/4
f 67/5/5 68/6/5 56/2/5 55/1/5
f 65/1/6 66/2/6 68/6/6 67/5/6
f 67/2/1 69/6/1 57/5/1 55/1/1
f 67/6/2 55/2/2 56/1/2 68/5/2
f 55/2/3 57/6/3 58/5/3 56/1/3
f 68/1/4 56/2/4 58/6/4 70/5/4
f 69/2/5 70/1/5 58/5/5 57/6/5
f 67/1/6 68/2/6 70/6/6 69/5/6
f 73/2/1 74/6/1 60/5/1 59/1/1
f 73/5/2 59/1/2 61/2/2 75/6/2
f 59/2/3 60/6/3 62/5/3 61/1/3
f 75/1/4 61/2/4 62/6/4 76/5/4
f 74/1/5 76/2/5 62/6/5 60/5/5
f 73/1/6 75/2/6 76/6/6 74/5/6
f 74/2/1 77/6/1 63/5/1 60/1/1
f 74/5/2 60/1/2 62/2/2 76/6/2
f 60/2/3 63/6/3 64/5/3 62/1/3
f 76/1/4 62/2/4 64/6/4 78/5/4
f 77/1/5 78/2/5 64/6/5 63/5/5
f 74/1/6 76/2/6 78/6/6 77/5/6
f 77/2/1 79/6/1 65/5/1 63/1/1
f 77/5/2 63/1/2 64/2/2 78/6/2
f 63/2/3 65/6/3 66/5/3 64/1/3
f 78/1/4 64/2/4 66/6/4 80/5/4
f 79/1/5 80/2/5 66/6/5 65/5/5
f 77/1/6 78/2/6 80/6/6 79/5/6
f 79/2/1 81/6/1 67/5/1 65/1/1
f 79/6/2 65/2/2 66/1/2 80/5/2
f 65/2/3 67/6/3 68/5/3 66/1/3
f 80/1/4 66/2/4 68/6/4 82/5/4
f 81/2/5 82/1/5 68/5/5 67/6/5
f 79/1/6 80/2/6 82/6/6 81/5/6
f 81/2/1 83/6/1 69/5/1 67/1/1
f 81/5/2 67/1/2 68/2/2 82/6/2
f 67/2/3 69/6/3 70/5/3 68/1/3
f 82/1/4 68/2/4 70/6/4 84/5/4
f 83/1/5 84/2/5 70/6/5 69/5/5
f 81/1/6 82/2/6 84/6/6 83/5/6
f 83/2/1 85/6/1 71/5/1 69/1/1
f 83/2/2 69/6/2 70/5/2 84/1/2
f 69/2/3 71/6/3 72/5/3 70/1/3
f 84/1/4 70/2/4 72/6/4 86/5/4
f 85/6/5 86/5/5 72/1/5 71/2/5
f 83/1/6 84/2/6 86/6/6 85/5/6
f 87/2/1 88/6/1 74/5/1 73/1/1
f 87/2/2 73/6/2 75/5/2 89/1/2
f 73/2/3 74/6/3 76/5/3 75/1/3
f 89/1/4 75/2/4 76/6/4 90/5/4
f 88/6/5 90/5/5 76/1/5 74/2/5
f 87/1/6 89/2/6 90/6/6 88/5/6
f 88/2/1 91/6/1 77/5/1 74/1/1
f 88/5/2 74/1/2 76/2/2 90/6/2
f 74/2/3 77/6/3 78/5/3 76/1/3
f 90/1/4 76/2/4 78/6/4 92/5/4
f 91/1/5 92/2/5 78/6/5 77/5/5
f 88/1/6 90/2/6 92/6/6 91/5/6
f 91/2/1 93/6/1 79/5/1 77/1/1
f 91/2/2 77/6/2 78/5/2 92/1/2
f 77/2/3 79/6/3 80/5/3 78/1/3
f 92/1/4 78/2/4 80/6/4 94/5/4
f 93/6/5 94/5/5 80/1/5 79/2/5
f 91/1/6 92/2/6 94/6/6 93/5/6
f 93/2/1 95/6/1 81/5/1 79/1/1
f 93/5/2 79/1/2 80/2/2 94/6/2
f 79/2/3 81/6/3 82/5/3 80/1/3
f 94/1/4 80/2/4 82/6/4 96/5/4
f 95/1/5 96/2/5 82/6/5 81/5/5
f 93/1/6 94/2/6 96/6/6 95/5/6
f 95/2/1 97/6/1 83/5/1 81/1/1
f 95/1/2 81/5/2 82/6/2 96/2/2
f 81/2/3 83/6/3 84/5/3 82/1/3
f 96/1/4 82/2/4 84/6/4 98/5/4
f 97/5/5 98/6/5 84/2/5 83/1/5
f 95/1/6 96/2/6 98/6/6 97/5/6
f 97/2/1 99/6/1 85/5/1 83/1/1
f 97/2/2 83/6/2 84/5/2 98/1/2
f 83/2/3 85/6/3 86/5/3 84/1/3
f 98/1/4 84/2/4 86/6/4 100/5/4
f 99/6/5 100/5/5 86/1/5 85/2/5
f 97/1/6 98/2/6 100/6/6 99/5/6
f 101/2/1 102/6/1 88/5/1 87/1/1
f 101/1/2 87/5/2 89/6/2 103/2/2
f 87/2/3 88/6/3 90/5/3 89/1/3
f 103/1/4 89/2/4 90/6/4 104/5/4
f 102/5/5 104/6/5 90/2/5 88/1/5
f 101/1/6 103/2/6 104/6/6 102/5/6
f 102/2/1 105/6/1 91/5/1 88/1/1
f 102/5/2 88/1/2 90/2/2 104/6/2
f 88/2/3 91/6/3 92/5/3 90/1/3
f 104/1/4 90/2/4 92/6/4 106/5/4
f 105/1/5 106/2/5 92/6/5 91/5/5
f 102/1/6 104/2/6 106/6/6 105/5/6
f 105/2/1 107/6/1 93/5/1 91/1/1
f 105/1/2 91/5/2 92/6/2 106/2/2
f 91/2/3 93/6/3 94/5/3 92/1/3
f 106/1/4 92/2/4 94/6/4 108/5/4
f 107/5/5 108/6/5 94/2/5 93/1/5
f 105/1/6 106/2/6 108/6/6 107/5/6
f 107/2/1 109/6/1 95/5/1 93/1/1
f 107/5/2 93/1/2 94/2/2 108/6/2
f 93/2/3 95/6/3 96/5/3 94/1/3
f 108/1/4 94/2/4 96/6/4 110/5/4
f 109/1/5 110/2/5 96/6/5 95/5/5
f 107/1/6 108/2/6 110/6/6 109/5/6
f 109/2/1 111/6/1 97/5/1 95/1/1
f 109/2/2 95/6/2 96/5/2 110/1/2
f 95/2/3 97/6/3 98/5/3 96/1/3
f 110/1/4 96/2/4 98/6/4 112/5/4
f 111/6/5 112/5/5 98/1/5 97/2/5
f 109/1/6 110/2/6 112/6/6 111/5/6
f 115/2/1 116/6/1 102/5/1 101/1/1
f 115/5/2 101/1/2 103/2/2 117/6/2
f 101/2/3 102/6/3 104/5/3 103/1/3
f 117/1/4 103/2/4 104/6/4 118/5/4
f 116/1/5 118/2/5 104/6/5 102/5/5
f 115/1/6 117/2/6 118/6/6 116/5/6
f 116/2/1 119/6/1 105/5/1 102/1/1
f 116/1/2 102/5/2 104/6/2 118/2/2
f 102/2/3 105/6/3 106/5/3 104/1/3
f 118/1/4 104/2/4 106/6/4 120/5/4
f 119/5/5 120/6/5 106/2/5 105/1/5
f 116/1/6 118/2/6 120/6/6 119/5/6
f 119/2/1 121/6/1 107/5/1 105/1/1
f 119/5/2 105/1/2 106/2/2 120/6/2
f 105/2/3 107/6/3 108/5/3 106/1/3
f 120/1/4 106/2/4 108/6/4 122/5/4
f 121/1/5 122/2/5 108/6/5 107/5/5
f 119/1/6 120/2/6 122/6/6 121/5/6
f 121/2/1 123/6/1 109/5/1 107/1/1
f 121/5/2 107/1/2 108/2/2 122/6/2
f 107/2/3 109/6/3 110/5/3 108/1/3
f 122/1/4 108/2/4 110/6/4 124/5/4
f 123/1/5 124/2/5 110/6/5 109/5/5
f 121/1/6 122/2/6 124/6/6 123/5/6
f 123/2/1 125/6/1 111/5/1 109/1/1
f 123/6/2 109/2/2 110/1/2 124/5/2
f 109/2/3 111/6/3 112/5/3 110/1/3
f 124/1/4 110/2/4 112/6/4 126/5/4
f 125/2/5 126/1/5 112/5/5 111/6/5
f 123/1/6 124/2/6 126/6/6 125/5/6
f 125/2/1 127/6/1 113/5/1 111/1/1
f 125/1/2 111/5/2 112/6/2 126/2/2
f 111/2/3 113/6/3 114/5/3 112/1/3
f 126/1/4 112/2/4 114/6/4 128/5/4
f 127/5/5 128/6/5 114/2/5 113/1/5
f 125/1/6 126/2/6 128/6/6 127/5/6
f 129/2/1 130/6/1 116/5/1 115/1/1
f 129/2/2 115/6/2 117/5/2 131/1/2
f 115/2/3 116/6/3 118/5/3 117/1/3
f 131/1/4 117/2/4 118/6/4 132/5/4
f 130/6/5 132/5/5 118/1/5 116/2/5
f 129/1/6 131/2/6 132/6/6 130/5/6
f 130/2/1 133/6/1 119/5/1 116/1/1
f 130/5/2 116/1/2 118/2/2 132/6/2
f 116/2/3 119/6/3 120/5/3 118/1/3
f 132/1/4 118/2/4 120/6/4 134/5/4
f 133/1/5 134/2/5 120/6/5 119/5/5
f 130/1/6 132/2/6 134/6/6 133/5/6
f 133/2/1 135/6/1 121/5/1 119/1/1
f 133/5/2 119/1/2 120/2/2 134/6/2
f 119/2/3 121/6/3 122/5/3 120/1/3
f 134/1/4 120/2/4 122/6/4 136/5/4
f 135/1/5 136/2/5 122/6/5 121/5/5
f 133/1/6 134/2/6 136/6/6 135/5/6
f 135/2/1 137/6/1 123/5/1 121/1/1
f 135/1/2 121/5/2 122/6/2 136/2/2
f 121/2/3 123/6/3 124/5/3 122/1/3
f 136/1/4 122/2/4 124/6/4 138/5/4
f 137/5/5 138/6/5 124/2/5 123/1/5
f 135/1/6 136/2/6 138/6/6 137/5/6
f 137/2/1 139/6/1 125/5/1 123/1/1
f 137/1/2 123/5/2 124/6/2 138/2/2
f 123/2/3 125/6/3 126/5/3 124/1/3
f 138/1/4 124/2/4 126/6/4 140/5/4
f 139/5/5 140/6/5 126/2/5 125/1/5
f 137/1/6 138/2/6 140/6/6 139/5/6
f 139/2/1 141/6/1 127/5/1 125/1/1
f 139/1/2 125/5/2 126/6/2 140/2/2
f 125/2/3 127/6/3 128/5/3 126/1/3
f 140/1/4 126/2/4 128/6/4 142/5/4
f 141/5/5 142/6/5 128/2/5 127/1/5
f 139/1/6 140/2/6 142/6/6 141/5/6
f 143/2/1 144/6/1 130/5/1 129/1/1
f 143/2/2 129/6/2 131/5/2 145/1/2
f 129/2/3 130/6/3 132/5/3 131/1/3
f 145/1/4 131/2/4 132/6/4 146/5/4
f 144/6/5 146/5/5 132/1/5 130/2/5
f 143/1/6 145/2/6 146/6/6 144/5/6
f 144/2/1 147/6/1 133/5/1 130/1/1
f 144/1/2 130/5/2 132/6/2 146/2/2
f 130/2/3 133/6/3 134/5/3 132/1/3
f 146/1/4 132/2/4 134/6/4 148/5/4
f 147/5/5 148/6/5 134/2/5 133/1/5
f 144/1/6 146/2/6 148/6/6 147/5/6
f 147/2/1 149/6/1 135/5/1 133/1/1
f 147/5/2 133/1/2 134/2/2 148/6/2
f 133/2/3 135/6/3 136/5/3 134/1/3
f 148/1/4 134/2/4 136/6/4 150/5/4
f 149/1/5 150/2/5 136/6/5 135/5/5
f 147/1/6 148/2/6 150/6/6 149/5/6
f 149/2/1 151/6/1 137/5/1 135/1/1
f 149/1/2 135/5/2 136/6/2 150/2/2
f 135/2/3 137/6/3 138/5/3 136/1/3
f 150/1/4 136/2/4 138/6/4 152/5/4
f 151/5/5 152/6/5 138/2/5 137/1/5
f 149/1/6 150/2/6 152/6/6 151/5/6
f 151/2/1 153/6/1 139/5/1 137/1/1
f 151/2/2 137/6/2 138/5/2 152/1/2
f 137/2/3 139/6/3 140/5/3 138/1/3
f 152/1/4 138/2/4 140/6/4 154/5/4
f 153/6/5 154/5/5 140/1/5 139/2/5
f 151/1/6 152/2/6 154/6/6 153/5/6
f 153/2/1 155/6/1 141/5/1 139/1/1
f 153/1/2 139/5/2 140/6/2 154/2/2
f 139/2/3 141/6/3 142/5/3 140/1/3
f 154/1/4 140/2/4 142/6/4 156/5/4
f 155/5/5 156/6/5 142/2/5 141/1/5
f 153/1/6 154/2/6 156/6/6 155/5/6
f 157/2/1 158/6/1 144/5/1 143/1/1
f 157/1/2 143/5/2 145/6/2 159/2/2
f 143/2/3 144/6/3 146/5/3 145/1/3
f 159/1/4 145/2/4 146/6/4 160/5/4
f 158/5/5 160/6/5 146/2/5 144/1/5
f 157/1/6 159/2/6 160/6/6 158/5/6
f 158/2/1 161/6/1 147/5/1 144/1/1
f 158/5/2 144/1/2 146/2/2 160/6/2
f 144/2/3 147/6/3 148/5/3 146/1/3
f 160/1/4 146/2/4 148/6/4 162/5/4
f 161/1/5 162/2/5 148/6/5 147/5/5
f 158/1/6 160/2/6 162/6/6 161/5/6
f 161/2/1 163/6/1 149/5/1 147/1/1
f 161/2/2 147/6/2 148/5/2 162/1/2
f 147/2/3 149/6/3 150/5/3 148/1/3
f 162/1/4 148/2/4 150/6/4 164/5/4
f 163/6/5 164/5/5 150/1/5 149/2/5
f 161/1/6 162/2/6 164/6/6 163/5/6
f 163/2/1 165/6/1 151/5/1 149/1/1
f 163/2/2 149/6/2 150/5/2 164/1/2
f 149/2/3 151/6/3 152/5/3 150/1/3
f 164/1/4 150/2/4 152/6/4 166/5/4
f 165/6/5 166/5/5 152/1/5 151/2/5
f 163/1/6 164/2/6 166/6/6 165/5/6
f 165/2/1 167/6/1 153/5/1 151/1/1
f 165/1/2 151/5/2 152/6/2 166/2/2
f 151/2/3 153/6/3 154/5/3 152/1/3
f 166/1/4 152/2/4 154/6/4 168/5/4
f 167/5/5 168/6/5 154/2/5 153/1/5
f 165/1/6 166/2/6 168/6/6 167/5/6
f 167/2/1 169/6/1 155/5/1 153/1/1
f 167/6/2 153/2/2 154/1/2 168/5/2
f 153/2/3 155/6/3 156/5/3 154/1/3
f 168/1/4 154/2/4 156/6/4 170/5/4
f 169/2/5 170/1/5 156/5/5 155/6/5
f 167/1/6 168/2/6 170/6/6 169/5/6
f 173/2/1 174/6/1 158/5/1 157/1/1
f 173/6/2 157/2/2 159/1/2 175/5/2
f 157/2/3 158/6/3 160/5/3 159/1/3
f 175/1/4 159/2/4 160/6/4 176/5/4
f 174/2/5 176/1/5 160/5/5 158/6/5
f 173/1/6 175/2/6 176/6/6 174/5/6
f 178/2/1 180/6/1 165/5/1 163/1/1
f 178/1/2 163/5/2 164/6/2 179/2/2
f 163/2/3 165/6/3 166/5/3 164/1/3
f 179/1/4 164/2/4 166/6/4 181/5/4
f 180/5/5 181/6/5 166/2/5 165/1/5
f 178/1/6 179/2/6 181/6/6 180/5/6
f 180/2/1 182/6/1 167/5/1 165/1/1
f 180/6/2 165/2/2 166/1/2 181/5/2
f 165/2/3 167/6/3 168/5/3 166/1/3
f 181/1/4 166/2/4 168/6/4 183/5/4
f 182/2/5 183/1/5 168/5/5 167/6/5
f 180/1/6 181/2/6 183/6/6 182/5/6
f 182/2/1 184/6/1 169/5/1 167/1/1
f 182/6/2 167/2/2 168/1/2 183/5/2
f 167/2/3 169/6/3 170/5/3 168/1/3
f 183/1/4 168/2/4 170/6/4 185/5/4
f 184/2/5 185/1/5 170/5/5 169/6/5
f 182/1/6 183/2/6 185/6/6 184/5/6
f 184/2/1 186/6/1 171/5/1 169/1/1
f 184/6/2 169/2/2 170/1/2 185/5/2
f 169/2/3 171/6/3 172/5/3 170/1/3
f 185/1/4 170/2/4 172/6/4 187/5/4
f 186/2/5 187/1/5 172/5/5 171/6/5
f 184/1/6 185/2/6 187/6/6 186/5/6
f 188/2/1 189/6/1 174/5/1 173/1/1
f 188/2/2 173/6/2 175/5/2 190/1/2
f 173/2/3 174/6/3 176/5/3 175/1/3
f 190/1/4 175/2/4 176/6/4 191/5/4
f 189/6/5 191/5/5 176/1/5 174/2/5
f 188/1/6 190/2/6 191/6/6 189/5/6
f 194/2/1 196/6/1 180/5/1 178/1/1
f 194/5/2 178/1/2 179/2/2 195/6/2
f 178/2/3 180/6/3 181/5/3 179/1/3
f 195/1/4 179/2/4 181/6/4 197/5/4
f 196/1/5 197/2/5 181/6/5 180/5/5
f 194/1/6 195/2/6 197/6/6 196/5/6
f 196/2/1 198/6/1 182/5/1 180/1/1
f 196/6/2 180/2/2 181/1/2 197/5/2
f 180/2/3 182/6/3 183/5/3 181/1/3
f 197/1/4 181/2/4 183/6/4 199/5/4
f 198/2/5 199/1/5 183/5/5 182/6/5
f 196/1/6 197/2/6 199/6/6 198/5/6
f 198/2/1 200/6/1 184/5/1 182/1/1
f 198/2/2 182/6/2 183/5/2 199/1/2
f 182/2/3 184/6/3 185/5/3 183/1/3
f 199/1/4 183/2/4 185/6/4 201/5/4
f 200/6/5 201/5/5 185/1/5 184/2/5
f 198/1/6 199/2/6 201/6/6 200/5/6
f 200/2/1 202/6/1 186/5/1 184/1/1
f 200/6/2 184/2/2 185/1/2 201/5/2
f 184/2/3 186/6/3 187/5/3 185/1/3
f 201/1/4 185/2/4 187/6/4 203/5/4
f 202/2/5 203/1/5 187/5/5 186/6/5
f 200/1/6 201/2/6 203/6/6 202/5/6
f 204/2/1 205/6/1 189/5/1 188/1/1
f 204/1/2 188/5/2 190/6/2 206/2/2
f 188/2/3 189/6/3 191/5/3 190/1/3
f 206/1/4 190/2/4 191/6/4 207/5/4
f 205/5/5 207/6/5 191/2/5 189/1/5
f 204/1/6 206/2/6 207/6/6 205/5/6
f 205/2/1 208/6/1 192/5/1 189/1/1
f 205/2/2 189/6/2 191/5/2 207/1/2
f 189/2/3 192/6/3 193/5/3 191/1/3
f 207/1/4 191/2/4 193/6/4 209/5/4
f 208/6/5 209/5/5 193/1/5 192/2/5
f 205/1/6 207/2/6 209/6/6 208/5/6
f 208/2/1 210/6/1 194/5/1 192/1/1
f 208/6/2 192/2/2 193/1/2 209/5/2
f 192/2/3 194/6/3 195/5/3 193/1/3
f 209/1/4 193/2/4 195/6/4 211/5/4
f 210/2/5 211/1/5 195/5/5 194/6/5
f 208/1/6 209/2/6 211/6/6 210/5/6
f 210/2/1 212/6/1 196/5/1 194/1/1
f 210/6/2 194/2/2 195/1/2 211/5/2
f 194/2/3 196/6/3 197/5/3 195/1/3
f 211/1/4 195/2/4 197/6/4 213/5/4
f 212/2/5 213/1/5 197/5/5 196/6/5
f 210/1/6 211/2/6 213/6/6 212/5/6
f 212/2/1 214/6/1 198/5/1 196/1/1
f 212/2/2 196/6/2 197/5/2 213/1/2
f 196/2/3 198/6/3 199/5/3 197/1/3
f 213/1/4 197/2/4 199/6/4 215/5/4
f 214/6/5 215/5/5 199/1/5 198/2/5
f 212/1/6 213/2/6 215/6/6 214/5/6
f 214/2/1 216/6/1 200/5/1 198/1/1
f 214/6/2 198/2/2 199/1/2 215/5/2
f 198/2/3 200/6/3 201/5/3 199/1/3
f 215/1/4 199/2/4 201/6/4 217/5/4
f 216/2/5 217/1/5 201/5/5 200/6/5
f 214/1/6 215/2/6 217/6/6 216/5/6
f 216/2/1 218/6/1 202/5/1 200/1/1
f 216/5/2 200/1/2 201/2/2 217/6/2
f 200/2/3 202/6/3 203/5/3 201/1/3
f 217/1/4 201/2/4 203/6/4 219/5/4
f 218/1/5 219/2/5 203/6/5 202/5/5
f 216/1/6 217/2/6 219/6/6 218/5/6
f 220/2/1 221/6/1 205/5/1 204/1/1
f 220/2/2 204/6/2 206/5/2 222/1/2
f 204/2/3 205/6/3 207/5/3 206/1/3
f 222/1/4 206/2/4 207/6/4 223/5/4
f 221/6/5 223/5/5 207/1/5 205/2/5
f 220/1/6 222/2/6 223/6/6 221/5/6
f 221/2/1 224/6/1 208/5/1 205/1/1
f 221/6/2 205/2/2 207/1/2 223/5/2
f 205/2/3 208/6/3 209/5/3 207/1/3
f 223/1/4 207/2/4 209/6/4 225/5/4
f 224/2/5 225/1/5 209/5/5 208/6/5
f 221/1/6 223/2/6 225/6/6 224/5/6
f 224/2/1 226/6/1 210/5/1 208/1/1
f 224/5/2 208/1/2 209/2/2 225/6/2
f 208/2/3 210/6/3 211/5/3 209/1/3
f 225/1/4 209/2/4 211/6/4 227/5/4
f 226/1/5 227/2/5 211/6/5 210/5/5
f 224/1/6 225/2/6 227/6/6 226/5/6
f 226/2/1 228/6/1 212/5/1 210/1/1
f 226/6/2 210/2/2 211/1/2 227/5/2
f 210/2/3 212/6/3 213/5/3 211/1/3
f 227/1/4 211/2/4 213/6/4 229/5/4
f 228/2/5 229/1/5 213/5/5 212/6/5
f 226/1/6 227/2/6 229/6/6 228/5/6
f 228/2/1 230/6/1 214/5/1 212/1/1
f 228/5/2 212/1/2 213/2/2 229/6/2
f 212/2/3 214/6/3 215/5/3 213/1/3
f 229/1/4 213/2/4 215/6/4 231/5/4
f 230/1/5 231/2/5 215/6/5 214/5/5
f 228/1/6 229/2/6 231/6/6 230/5/6
f 230/2/1 232/6/1 216/5/1 214/1/1
f 230/6/2 214/2/2 215/1/2 231/5/2
f 214/2/3 216/6/3 217/5/3 215/1/3
f 231/1/4 215/2/4 217/6/4 233/5/4
f 232/2/5 233/1/5 217/5/5 216/6/5
f 230/1/6 231/2/6 233/6/6 232/5/6
f 236/2/1 237/6/1 221/5/1 220/1/1
f 236/1/2 220/5/2 222/6/2 238/2/2
f 220/2/3 221/6/3 223/5/3 222/1/3
f 238/1/4 222/2/4 223/6/4 239/5/4
f 237/5/5 239/6/5 223/2/5 221/1/5
f 236/1/6 238/2/6 239/6/6 237/5/6
f 237/2/1 240/6/1 224/5/1 221/1/1
f 237/2/2 221/6/2 223/5/2 239/1/2
f 221/2/3 224/6/3 225/5/3 223/1/3
f 239/1/4 223/2/4 225/6/4 241/5/4
f 240/6/5 241/5/5 225/1/5 224/2/5
f 237/1/6 239/2/6 241/6/6 240/5/6
f 240/2/1 242/6/1 226/5/1 224/1/1
f 240/2/2 224/6/2 225/5/2 241/1/2
f 224/2/3 226/6/3 227/5/3 225/1/3
f 241/1/4 225/2/4 227/6/4 243/5/4
f 242/6/5 243/5/5 227/1/5 226/2/5
f 240/1/6 241/2/6 243/6/6 242/5/6
f 242/2/1 244/6/1 228/5/1 226/1/1
f 242/5/2 226/1/2 227/2/2 243/6/2
f 226/2/3 228/6/3 229/5/3 227/1/3
f 243/1/4 227/2/4 229/6/4 245/5/4
f 244/1/5 245/2/5 229/6/5 228/5/5
f 242/1/6 243/2/6 245/6/6 244/5/6
f 244/2/1 246/6/1 230/5/1 228/1/1
f 244/6/2 228/2/2 229/1/2 245/5/2
f 228/2/3 230/6/3 231/5/3 229/1/3
f 245/1/4 229/2/4 231/6/4 247/5/4
f 246/2/5 247/1/5 231/5/5 230/6/5
f 244/1/6 245/2/6 247/6/6 246/5/6
f 246/2/1 248/6/1 232/5/1 230/1/1
f 246/1/2 230/5/2 231/6/2 247/2/2
f 230/2/3 232/6/3 233/5/3 231/1/3
f 247/1/4 231/2/4 233/6/4 249/5/4
f 248/5/5 249/6/5 233/2/5 232/1/5
f 246/1/6 247/2/6 249/6/6 248/5/6
f 248/2/1 250/6/1 234/5/1 232/1/1
f 248/5/2 232/1/2 233/2/2 249/6/2
f 232/2/3 234/6/3 235/5/3 233/1/3
f 249/1/4 233/2/4 235/6/4 251/5/4
f 250/1/5 251/2/5 235/6/5 234/5/5
f 248/1/6 249/2/6 251/6/6 250/5/6
f 252/2/1 253/6/1 237/5/1 236/1/1
f 252/6/2 236/2/2 238/1/2 254/5/2
f 236/2/3 237/6/3 239/5/3 238/1/3
f 254/1/4 238/2/4 239/6/4 255/5/4
f 253/2/5 255/1/5 239/5/5 237/6/5
f 252/1/6 254/2/6 255/6/6 253/5/6
f 253/2/1 256/6/1 240/5/1 237/1/1
f 253/2/2 237/6/2 239/5/2 255/1/2
f 237/2/3 240/6/3 241/5/3 239/1/3
f 255/1/4 239/2/4 241/6/4 257/5/4
f 256/6/5 257/5/5 241/1/5 240/2/5
f 253/1/6 255/2/6 257/6/6 256/5/6
f 256/2/1 258/6/1 242/5/1 240/1/1
f 256/5/2 240/1/2 241/2/2 257/6/2
f 240/2/3 242/6/3 243/5/3 241/1/3
f 257/1/4 241/2/4 243/6/4 259/5/4
f 258/1/5 259/2/5 243/6/5 242/5/5
f 256/1/6 257/2/6 259/6/6 258/5/6
f 261/2/1 263/6/1 248/5/1 246/1/1
f 261/6/2 246/2/2 247/1/2 262/5/2
f 246/2/3 248/6/3 249/5/3 247/1/3
f 262/1/4 247/2/4 249/6/4 264/5/4
f 263/2/5 264/1/5 249/5/5 248/6/5
f 261/1/6 262/2/6 264/6/6 263/5/6
f 263/2/1 265/6/1 250/5/1 248/1/1
f 263/2/2 248/6/2 249/5/2 264/1/2
f 248/2/3 250/6/3 251/5/3 249/1/3
f 264/1/4 249/2/4 251/6/4 266/5/4
f 265/6/5 266/5/5 251/1/5 250/2/5
f 263/1/6 264/2/6 266/6/6 265/5/6
f 267/2/1 268/6/1 253/5/1 252/1/1
f 267/2/2 252/6/2 254/5/2 269/1/2
f 252/2/3 253/6/3 255/5/3 254/1/3
f 269/1/4 254/2/4 255/6/4 270/5/4
f 268/6/5 270/5/5 255/1/5 253/2/5
f 267/1/6 269/2/6 270/6/6 268/5/6
f 268/2/1 271/6/1 256/5/1 253/1/1
f 268/6/2 253/2/2 255/1/2 270/5/2
f 253/2/3 256/6/3 257/5/3 255/1/3
f 270/1/4 255/2/4 257/6/4 272/5/4
f 271/2/5 272/1/5 257/5/5 256/6/5
f 268/1/6 270/2/6 272/6/6 271/5/6
f 271/2/1 273/6/1 258/5/1 256/1/1
f 271/5/2 256/1/2 257/2/2 272/6/2
f 256/2/3 258/6/3 259/5/3 257/1/3
f 272/1/4 257/2/4 259/6/4 274/5/4
f 273/1/5 274/2/5 259/6/5 258/5/5
f 271/1/6 272/2/6 274/6/6 273/5/6
f 279/2/1 281/6/1 265/5/1 263/1/1
f 279/2/2 263/6/2 264/5/2 280/1/2
f 263/2/3 265/6/3 266/5/3 264/1/3
f 280/1/4 264/2/4 266/6/4 282/5/4
f 281/6/5 282/5/5 266/1/5 265/2/5
f 279/1/6 280/2/6 282/6/6 281/5/6
f 285/2/1 286/6/1 268/5/1 267/1/1
f 285/1/2 267/5/2 269/6/2 287/2/2
f 267/2/3 268/6/3 270/5/3 269/1/3
f 287/1/4 269/2/4 270/6/4 288/5/4
f 286/5/5 288/6/5 270/2/5 268/1/5
f 285/1/6 287/2/6 288/6/6 286/5/6
f 286/2/1 289/6/1 271/5/1 268/1/1
f 286/6/2 268/2/2 270/1/2 288/5/2
f 268/2/3 271/6/3 272/5/3 270/1/3
f 288/1/4 270/2/4 272/6/4 290/5/4
f 289/2/5 290/1/5 272/5/5 271/6/5
f 286/1/6 288/2/6 290/6/6 289/5/6
f 289/2/1 291/6/1 273/5/1 271/1/1
f 289/5/2 271/1/2 272/2/2 290/6/2
f 271/2/3 273/6/3 274/5/3 272/1/3
f 290/1/4 272/2/4 274/6/4 292/5/4
f 291/1/5 292/2/5 274/6/5 273/5/5
f 289/1/6 290/2/6 292/6/6 291/5/6
f 291/2/1 293/6/1 275/5/1 273/1/1
f 291/6/2 273/2/2 274/1/2 292/5/2
f 273/2/3 275/6/3 276/5/3 274/1/3
f 292/1/4 274/2/4 276/6/4 294/5/4
f 293/2/5 294/1/5 276/5/5 275/6/5
f 291/1/6 292/2/6 294/6/6 293/5/6
f 295/2/1 297/6/1 279/5/1 277/1/1
f 295/2/2 277/6/2 278/5/2 296/1/2
f 277/2/3 279/6/3 280/5/3 278/1/3
f 296/1/4 278/2/4 280/6/4 298/5/4
f 297/6/5 298/5/5 280/1/5 279/2/5
f 295/1/6 296/2/6 298/6/6 297/5/6
f 297/2/1 299/6/1 281/5/1 279/1/1
f 297/6/2 279/2/2 280/1/2 298/5/2
f 279/2/3 281/6/3 282/5/3 280/1/3
f 298/1/4 280/2/4 282/6/4 300/5/4
f 299/2/5 300/1/5 282/5/5 281/6/5
f 297/1/6 298/2/6 300/6/6 299/5/6
f 299/2/1 301/6/1 283/5/1 281/1/1
f 299/1/2 281/5/2 282/6/2 300/2/2
f 281/2/3 283/6/3 284/5/3 282/1/3
f 300/1/4 282/2/4 284/6/4 302/5/4
f 301/5/5 302/6/5 284/2/5 283/1/5
f 299/1/6 300/2/6 302/6/6 301/5/6
f 303/2/1 304/6/1 286/5/1 285/1/1
f 303/1/2 285/5/2 287/6/2 305/2/2
f 285/2/3 286/6/3 288/5/3 287/1/3
f 305/1/4 287/2/4 288/6/4 306/5/4
f 304/5/5 306/6/5 288/2/5 286/1/5
f 303/1/6 305/2/6 306/6/6 304/5/6
f 304/2/1 307/6/1 289/5/1 286/1/1
f 304/6/2 286/2/2 288/1/2 306/5/2
f 286/2/3 289/6/3 290/5/3 288/1/3
f 306/1/4 288/2/4 290/6/4 308/5/4
f 307/2/5 308/1/5 290/5/5 289/6/5
f 304/1/6 306/2/6 308/6/6 307/5/6
f 307/2/1 309/6/1 291/5/1 289/1/1
f 307/2/2 289/6/2 290/5/2 308/1/2
f 289/2/3 291/6/3 292/5/3 290/1/3
f 308/1/4 290/2/4 292/6/4 310/5/4
f 309/6/5 310/5/5 292/1/5 291/2/5
f 307/1/6 308/2/6 310/6/6 309/5/6
f 309/2/1 311/6/1 293/5/1 291/1/1
f 309/6/2 291/2/2 292/1/2 310/5/2
f 291/2/3 293/6/3 294/5/3 292/1/3
f 310/1/4 292/2/4 294/6/4 312/5/4
f 311/2/5 312/1/5 294/5/5 293/6/5
f 309/1/6 310/2/6 312/6/6 311/5/6
f 311/2/1 313/6/1 295/5/1 293/1/1
f 311/5/2 293/1/2 294/2/2 312/6/2
f 293/2/3 295/6/3 296/5/3 294/1/3
f 312/1/4 294/2/4 296/6/4 314/5/4
f 313/1/5 314/2/5 296/6/5 295/5/5
f 311/1/6 312/2/6 314/6/6 313/5/6
f 313/2/1 315/6/1 297/5/1 295/1/1
f 313/1/2 295/5/2 296/6/2 314/2/2
f 295/2/3 297/6/3 298/5/3 296/1/3
f 314/1/4 296/2/4 298/6/4 316/5/4
f 315/5/5 316/6/5 298/2/5 297/1/5
f 313/1/6 314/2/6 316/6/6 315/5/6
f 315/2/1 317/6/1 299/5/1 297/1/1
f 315/1/2 297/5/2 298/6/2 316/2/2
f 297/2/3 299/6/3 300/5/3 298/1/3
f 316/1/4 298/2/4 300/6/4 318/5/4
f 317/5/5 318/6/5 300/2/5 299/1/5
f 315/1/6 316/2/6 318/6/6 317/5/6
f 317/2/1 319/6/1 301/5/1 299/1/1
f 317/6/2 299/2/2 300/1/2 318/5/2
f 299/2/3 301/6/3 302/5/3 300/1/3
f 318/1/4 300/2/4 302/6/4 320/5/4
f 319/2/5 320/1/5 302/5/5 301/6/5
f 317/1/6 318/2/6 320/6/6 319/5/6
f 321/2/1 322/6/1 304/5/1 303/1/1
f 321/5/2 303/1/2 305/2/2 323/6/2
f 303/2/3 304/6/3 306/5/3 305/1/3
f 323/1/4 305/2/4 306/6/4 324/5/4
f 322/1/5 324/2/5 306/6/5 304/5/5
f 321/1/6 323/2/6 324/6/6 322/5/6
f 322/2/1 325/6/1 307/5/1 304/1/1
f 322/2/2 304/6/2 306/5/2 324/1/2
f 304/2/3 307/6/3 308/5/3 306/1/3
f 324/1/4 306/2/4 308/6/4 326/5/4
f 325/6/5 326/5/5 308/1/5 307/2/5
f 322/1/6 324/2/6 326/6/6 325/5/6
f 325/2/1 327/6/1 309/5/1 307/1/1
f 325/6/2 307/2/2 308/1/2 326/5/2
f 307/2/3 309/6/3 310/5/3 308/1/3
f 326/1/4 308/2/4 310/6/4 328/5/4
f 327/2/5 328/1/5 310/5/5 309/6/5
f 325/1/6 326/2/6 328/6/6 327/5/6
f 327/2/1 329/6/1 311/5/1 309/1/1
f 327/5/2 309/1/2 310/2/2 328/6/2
f 309/2/3 311/6/3 312/5/3 310/1/3
f 328/1/4 310/2/4 312/6/4 330/5/4
f 329/1/5 330/2/5 312/6/5 311/5/5
f 327/1/6 328/2/6 330/6/6 329/5/6
f 329/2/1 331/6/1 313/5/1 311/1/1
f 329/2/2 311/6/2 312/5/2 330/1/2
f 311/2/3 313/6/3 314/5/3 312/1/3
f 330/1/4 312/2/4 314/6/4 332/5/4
f 331/6/5 332/5/5 314/1/5 313/2/5
f 329/1/6 330/2/6 332/6/6 331/5/6
f 335/2/1 336/6/1 319/5/1 317/1/1
f 335/1/2 317/5/2 318/6/2 337/2/2
f 317/2/3 319/6/3 320/5/3 318/1/3
f 337/1/4 318/2/4 320/6/4 338/5/4
f 336/5/5 338/6/5 320/2/5 319/1/5
f 335/1/6 337/2/6 338/6/6 336/5/6
f 339/2/1 340/6/1 322/5/1 321/1/1
f 339/2/2 321/6/2 323/5/2 341/1/2
f 321/2/3 322/6/3 324/5/3 323/1/3
f 341/1/4 323/2/4 324/6/4 342/5/4
f 340/6/5 342/5/5 324/1/5 322/2/5
f 339/1/6 341/2/6 342/6/6 340/5/6
f 340/2/1 343/6/1 325/5/1 322/1/1
f 340/1/2 322/5/2 324/6/2 342/2/2
f 322/2/3 325/6/3 326/5/3 324/1/3
f 342/1/4 324/2/4 326/6/4 344/5/4
f 343/5/5 344/6/5 326/2/5 325/1/5
f 340/1/6 342/2/6 344/6/6 343/5/6
f 343/2/1 345/6/1 327/5/1 325/1/1
f 343/6/2 325/2/2 326/1/2 344/5/2
f 325/2/3 327/6/3 328/5/3 326/1/3
f 344/1/4 326/2/4 328/6/4 346/5/4
f 345/2/5 346/1/5 328/5/5 327/6/5
f 343/1/6 344/2/6 346/6/6 345/5/6
f 345/2/1 347/6/1 329/5/1 327/1/1
f 345/2/2 327/6/2 328/5/2 346/1/2
f 327/2/3 329/6/3 330/5/3 328/1/3
f 346/1/4 328/2/4 330/6/4 348/5/4
f 347/6/5 348/5/5 330/1/5 329/2/5
f 345/1/6 346/2/6 348/6/6 347/5/6
f 347/2/1 349/6/1 331/5/1 329/1/1
f 347/2/2 329/6/2 330/5/2 348/1/2
f 329/2/3 331/6/3 332/5/3 330/1/3
f 348/1/4 330/2/4 332/6/4 350/5/4
f 349/6/5 350/5/5 332/1/5 331/2/5
f 347/1/6 348/2/6 350/6/6 349/5/6
f 349/2/1 351/6/1 333/5/1 331/1/1
f 349/2/2 331/6/2 332/5/2 350/1/2
f 331/2/3 333/6/3 334/5/3 332/1/3
f 350/1/4 332/2/4 334/6/4 352/5/4
f 351/6/5 352/5/5 334/1/5 333/2/5
f 349/1/6 350/2/6 352/6/6 351/5/6
f 351/2/1 353/6/1 335/5/1 333/1/1
f 351/1/2 333/5/2 334/6/2 352/2/2
f 333/2/3 335/6/3 337/5/3 334/1/3
f 352/1/4 334/2/4 337/6/4 354/5/4
f 353/5/5 354/6/5 337/2/5 335/1/5
f 351/1/6 352/2/6 354/6/6 353/5/6
f 353/2/1 355/6/1 336/5/1 335/1/1
f 353/1/2 335/5/2 337/6/2 354/2/2
f 335/2/3 336/6/3 338/5/3 337/1/3
f 354/1/4 337/2/4 338/6/4 356/5/4
f 355/5/5 356/6/5 338/2/5 336/1/5
f 353/1/6 354/2/6 356/6/6 355/5/6
f 357/2/1 358/6/1 340/5/1 339/1/1
f 357/5/2 339/1/2 341/2/2 359/6/2
f 339/2/3 340/6/3 342/5/3 341/1/3
f 359/1/4 341/2/4 342/6/4 360/5/4
f 358/1/5 360/2/5 342/6/5 340/5/5
f 357/1/6 359/2/6 360/6/6 358/5/6
f 358/2/1 361/6/1 343/5/1 340/1/1
f 358/6/2 340/2/2 342/1/2 360/5/2
f 340/2/3 343/6/3 344/5/3 342/1/3
f 360/1/4 342/2/4 344/6/4 362/5/4
f 361/2/5 362/1/5 344/5/5 343/6/5
f 358/1/6 360/2/6 362/6/6 361/5/6
f 361/2/1 363/6/1 345/5/1 343/1/1
f 361/5/2 343/1/2 344/2/2 362/6/2
f 343/2/3 345/6/3 346/5/3 344/1/3
f 362/1/4 344/2/4 346/6/4 364/5/4
f 363/1/5 364/2/5 346/6/5 345/5/5
f 361/1/6 362/2/6 364/6/6 363/5/6
f 363/2/1 365/6/1 347/5/1 345/1/1
f 363/2/2 345/6/2 346/5/2 364/1/2
f 345/2/3 347/6/3 348/5/3 346/1/3
f 364/1/4 346/2/4 348/6/4 366/5/4
f 365/6/5 366/5/5 348/1/5 347/2/5
f 363/1/6 364/2/6 366/6/6 365/5/6
f 365/2/1 367/6/1 349/5/1 347/1/1
f 365/5/2 347/1/2 348/2/2 366/6/2
f 347/2/3 349/6/3 350/5/3 348/1/3
f 366/1/4 348/2/4 350/6/4 368/5/4
f 367/1/5 368/2/5 350/6/5 349/5/5
f 365/1/6 366/2/6 368/6/6 367/5/6
f 367/2/1 369/6/1 351/5/1 349/1/1
f 367/5/2 349/1/2 350/2/2 368/6/2
f 349/2/3 351/6/3 352/5/3 350/1/3
f 368/1/4 350/2/4 352/6/4 370/5/4
f 369/1/5 370/2/5 352/6/5 351/5/5
f 367/1/6 368/2/6 370/6/6 369/5/6
f 369/2/1 371/6/1 353/5/1 351/1/1
f 369/5/2 351/1/2 352/2/2 370/6/2
f 351/2/3 353/6/3 354/5/3 352/1/3
f 370/1/4 352/2/4 354/6/4 372/5/4
f 371/1/5 372/2/5 354/6/5 353/5/5
f 369/1/6 370/2/6 372/6/6 371/5/6
f 371/2/1 373/6/1 355/5/1 353/1/1
f 371/6/2 353/2/2 354/1/2 372/5/2
f 353/2/3 355/6/3 356/5/3 354/1/3
f 372/1/4 354/2/4 356/6/4 374/5/4
f 373/2/5 374/1/5 356/5/5 355/6/5
f 371/1/6 372/2/6 374/6/6 373/5/6
f 375/2/1 377/6/1 363/5/1 361/1/1
f 375/5/2 361/1/2 362/2/2 376/6/2
f 361/2/3 363/6/3 364/5/3 362/1/3
f 376/1/4 362/2/4 364/6/4 378/5/4
f 377/1/5 378/2/5 364/6/5 363/5/5
f 375/1/6 376/2/6 378/6/6 377/5/6
f 377/2/1 379/6/1 365/5/1 363/1/1
f 377/2/2 363/6/2 364/5/2 378/1/2
f 363/2/3 365/6/3 366/5/3 364/1/3
f 378/1/4 364/2/4 366/6/4 380/5/4
f 379/6/5 380/5/5 366/1/5 365/2/5
f 377/1/6 378/2/6 380/6/6 379/5/6
f 379/2/1 381/6/1 367/5/1 365/1/1
f 379/6/2 365/2/2 366/1/2 380/5/2
f 365/2/3 367/6/3 368/5/3 366/1/3
f 380/1/4 366/2/4 368/6/4 382/5/4
f 381/2/5 382/1/5 368/5/5 367/6/5
f 379/1/6 380/2/6 382/6/6 381/5/6
f 381/2/1 383/6/1 369/5/1 367/1/1
f 381/2/2 367/6/2 368/5/2 382/1/2
f 367/2/3 369/6/3 370/5/3 368/1/3
f 382/1/4 368/2/4 370/6/4 384/5/4
f 383/6/5 384/5/5 370/1/5 369/2/5
f 381/1/6 382/2/6 384/6/6 383/5/6
f 383/2/1 385/6/1 371/5/1 369/1/1
f 383/6/2 369/2/2 370/1/2 384/5/2
f 369/2/3 371/6/3 372/5/3 370/1/3
f 384/1/4 370/2/4 372/6/4 386/5/4
f 385/2/5 386/1/5 372/5/5 371/6/5
f 383/1/6 384/2/6 386/6/6 385/5/6
f 385/2/1 387/6/1 373/5/1 371/1/1
f 385/1/2 371/5/2 372/6/2 386/2/2
f 371/2/3 373/6/3 374/5/3 372/1/3
f 386/1/4 372/2/4 374/6/4 388/5/4
f 387/5/5 388/6/5 374/2/5 373/1/5
f 385/1/6 386/2/6 388/6/6 387/5/6
f 391/2/1 393/6/1 377/5/1 375/1/1
f 391/6/2 375/2/2 376/1/2 392/5/2
f 375/2/3 377/6/3 378/5/3 376/1/3
f 392/1/4 376/2/4 378/6/4 394/5/4
f 393/2/5 394/1/5 378/5/5 377/6/5
f 391/1/6 392/2/6 394/6/6 393/5/6
f 393/2/1 395/6/1 379/5/1 377/1/1
f 393/5/2 377/1/2 378/2/2 394/6/2
f 377/2/3 379/6/3 380/5/3 378/1/3
f 394/1/4 378/2/4 380/6/4 396/5/4
f 395/1/5 396/2/5 380/6/5 379/5/5
f 393/1/6 394/2/6 396/6/6 395/5/6
f 395/2/1 397/6/1 381/5/1 379/1/1
f 395/2/2 379/6/2 380/5/2 396/1/2
f 379/2/3 381/6/3 382/5/3 380/1/3
f 396/1/4 380/2/4 382/6/4 398/5/4
f 397/6/5 398/5/5 382/1/5 381/2/5
f 395/1/6 396/2/6 398/6/6 397/5/6
f 397/2/1 399/6/1 383/5/1 381/1/1
f 397/2/2 381/6/2 382/5/2 398/1/2
f 381/2/3 383/6/3 384/5/3 382/1/3
f 398/1/4 382/2/4 384/6/4 400/5/4
f 399/6/5 400/5/5 384/1/5 383/2/5
f 397/1/6 398/2/6 400/6/6 399/5/6
f 399/2/1 401/6/1 385/5/1 383/1/1
f 399/6/2 383/2/2 384/1/2 400/5/2
f 383/2/3 385/6/3 386/5/3 384/1/3
f 400/1/4 384/2/4 386/6/4 402/5/4
f 401/2/5 402/1/5 386/5/5 385/6/5
f 399/1/6 400/2/6 402/6/6 401/5/6
f 401/2/1 403/6/1 387/5/1 385/1/1
f 401/6/2 385/2/2 386/1/2 402/5/2
f 385/2/3 387/6/3 388/5/3 386/1/3
f 402/1/4 386/2/4 388/6/4 404/5/4
f 403/2/5 404/1/5 388/5/5 387/6/5
f 401/1/6 402/2/6 404/6/6 403/5/6
f 403/2/1 405/6/1 389/5/1 387/1/1
f 403/6/2 387/2/2 388/1/2 404/5/2
f 387/2/3 389/6/3 390/5/3 388/1/3
f 404/1/4 388/2/4 390/6/4 406/5/4
f 405/2/5 406/1/5 390/5/5 389/6/5
f 403/1/6 404/2/6 406/6/6 405/5/6
f 407/2/1 409/6/1 393/5/1 391/1/1
f 407/1/2 391/5/2 392/6/2 408/2/2
f 391/2/3 393/6/3 394/5/3 392/1/3
f 408/1/4 392/2/4 394/6/4 410/5/4
f 409/5/5 410/6/5 394/2/5 393/1/5
f 407/1/6 408/2/6 410/6/6 409/5/6
f 409/2/1 411/6/1 395/5/1 393/1/1
f 409/6/2 393/2/2 394/1/2 410/5/2
f 393/2/3 395/6/3 396/5/3 394/1/3
f 410/1/4 394/2/4 396/6/4 412/5/4
f 411/2/5 412/1/5 396/5/5 395/6/5
f 409/1/6 410/2/6 412/6/6 411/5/6
f 411/2/1 413/6/1 397/5/1 395/1/1
f 411/6/2 395/2/2 396/1/2 412/5/2
f 395/2/3 397/6/3 398/5/3 396/1/3
f 412/1/4 396/2/4 398/6/4 414/5/4
f 413/2/5 414/1/5 398/5/5 397/6/5
f 411/1/6 412/2/6 414/6/6 413/5/6
f 413/2/1 415/6/1 399/5/1 397/1/1
f 413/5/2 397/1/2 398/2/2 414/6/2
f 397/2/3 399/6/3 400/5/3 398/1/3
f 414/1/4 398/2/4 400/6/4 416/5/4
f 415/1/5 416/2/5 400/6/5 399/5/5
f 413/1/6 414/2/6 416/6/6 415/5/6
f 415/2/1 417/6/1 401/5/1 399/1/1
f 415/2/2 399/6/2 400/5/2 416/1/2
f 399/2/3 401/6/3 402/5/3 400/1/3
f 416/1/4 400/2/4 402/6/4 418/5/4
f 417/6/5 418/5/5 402/1/5 401/2/5
f 415/1/6 416/2/6 418/6/6 417/5/6
f 417/2/1 419/6/1 403/5/1 401/1/1
f 417/2/2 401/6/2 402/5/2 418/1/2
f 401/2/3 403/6/3 404/5/3 402/1/3
f 418/1/4 402/2/4 404/6/4 420/5/4
f 419/6/5 420/5/5 404/1/5 403/2/5
f 417/1/6 418/2/6 420/6/6 419/5/6
f 419/2/1 421/6/1 405/5/1 403/1/1
f 419/1/2 403/5/2 404/6/2 420/2/2
f 403/2/3 405/6/3 406/5/3 404/1/3
f 420/1/4 404/2/4 406/6/4 422/5/4
f 421/5/5 422/6/5 406/2/5 405/1/5
f 419/1/6 420/2/6 422/6/6 421/5/6
f 425/2/1 427/6/1 409/5/1 407/1/1
f 425/2/2 407/6/2 408/5/2 426/1/2
f 407/2/3 409/6/3 410/5/3 408/1/3
f 426/1/4 408/2/4 410/6/4 428/5/4
f 427/6/5 428/5/5 410/1/5 409/2/5
f 425/1/6 426/2/6 428/6/6 427/5/6
f 427/2/1 429/6/1 411/5/1 409/1/1
f 427/2/2 409/6/2 410/5/2 428/1/2
f 409/2/3 411/6/3 412/5/3 410/1/3
f 428/1/4 410/2/4 412/6/4 430/5/4
f 429/6/5 430/5/5 412/1/5 411/2/5
f 427/1/6 428/2/6 430/6/6 429/5/6
f 429/2/1 431/6/1 413/5/1 411/1/1
f 429/1/2 411/5/2 412/6/2 430/2/2
f 411/2/3 413/6/3 414/5/3 412/1/3
f 430/1/4 412/2/4 414/6/4 432/5/4
f 431/5/5 432/6/5 414/2/5 413/1/5
f 429/1/6 430/2/6 432/6/6 431/5/6
f 431/2/1 433/6/1 415/5/1 413/1/1
f 431/2/2 413/6/2 414/5/2 432/1/2
f 413/2/3 415/6/3 416/5/3 414/1/3
f 432/1/4 414/2/4 416/6/4 434/5/4
f 433/6/5 434/5/5 416/1/5 415/2/5
f 431/1/6 432/2/6 434/6/6 433/5/6
f 433/2/1 435/6/1 417/5/1 415/1/1
f 433/5/2 415/1/2 416/2/2 434/6/2
f 415/2/3 417/6/3 418/5/3 416/1/3
f 434/1/4 416/2/4 418/6/4 436/5/4
f 435/1/5 436/2/5 418/6/5 417/5/5
f 433/1/6 434/2/6 436/6/6 435/5/6
f 435/2/1 437/6/1 419/5/1 417/1/1
f 435/6/2 417/2/2 418/1/2 436/5/2
f 417/2/3 419/6/3 420/5/3 418/1/3
f 436/1/4 418/2/4 420/6/4 438/5/4
f 437/2/5 438/1/5 420/5/5 419/6/5
f 435/1/6 436/2/6 438/6/6 437/5/6
f 437/2/1 439/6/1 421/5/1 419/1/1
f 437/2/2 419/6/2 420/5/2 438/1/2
f 419/2/3 421/6/3 422/5/3 420/1/3
f 438/1/4 420/2/4 422/6/4 440/5/4
f 439/6/5 440/5/5 422/1/5 421/2/5
f 437/1/6 438/2/6 440/6/6 439/5/6
f 442/2/1 445/6/1 425/5/1 423/1/1
f 442/1/2 423/5/2 424/6/2 444/2/2
f 423/2/3 425/6/3 426/5/3 424/1/3
f 444/1/4 424/2/4 426/6/4 446/5/4
f 445/5/5 446/6/5 426/2/5 425/1/5
f 442/1/6 444/2/6 446/6/6 445/5/6
f 445/2/1 447/6/1 427/5/1 425/1/1
f 445/6/2 425/2/2 426/1/2 446/5/2
f 425/2/3 427/6/3 428/5/3 426/1/3
f 446/1/4 426/2/4 428/6/4 448/5/4
f 447/2/5 448/1/5 428/5/5 427/6/5
f 445/1/6 446/2/6 448/6/6 447/5/6
f 447/2/1 449/6/1 429/5/1 427/1/1
f 447/2/2 427/6/2 428/5/2 448/1/2
f 427/2/3 429/6/3 430/5/3 428/1/3
f 448/1/4 428/2/4 430/6/4 450/5/4
f 449/6/5 450/5/5 430/1/5 429/2/5
f 447/1/6 448/2/6 450/6/6 449/5/6
f 449/2/1 451/6/1 431/5/1 429/1/1
f 449/1/2 429/5/2 430/6/2 450/2/2
f 429/2/3 431/6/3 432/5/3 430/1/3
f 450/1/4 430/2/4 432/6/4 452/5/4
f 451/5/5 452/6/5 432/2/5 431/1/5
f 449/1/6 450/2/6 452/6/6 451/5/6
f 451/2/1 453/6/1 433/5/1 431/1/1
f 451/2/2 431/6/2 432/5/2 452/1/2
f 431/2/3 433/6/3 434/5/3 432/1/3
f 452/1/4 432/2/4 434/6/4 454/5/4
f 453/6/5 454/5/5 434/1/5 433/2/5
f 451/1/6 452/2/6 454/6/6 453/5/6
f 453/2/1 455/6/1 435/5/1 433/1/1
f 453/2/2 433/6/2 434/5/2 454/1/2
f 433/2/3 435/6/3 436/5/3 434/1/3
f 454/1/4 434/2/4 436/6/4 456/5/4
f 455/6/5 456/5/5 436/1/5 435/2/5
f 453/1/6 454/2/6 456/6/6 455/5/6
f 455/2/1 457/6/1 437/5/1 435/1/1
f 455/5/2 435/1/2 436/2/2 456/6/2
f 435/2/3 437/6/3 438/5/3 436/1/3
f 456/1/4 436/2/4 438/6/4 458/5/4
f 457/1/5 458/2/5 438/6/5 437/5/5
f 455/1/6 456/2/6 458/6/6 457/5/6
f 457/2/1 459/6/1 439/5/1 437/1/1
f 457/2/2 437/6/2 438/5/2 458/1/2
f 437/2/3 439/6/3 440/5/3 438/1/3
f 458/1/4 438/2/4 440/6/4 460/5/4
f 459/6/5 460/5/5 440/1/5 439/2/5
f 457/1/6 458/2/6 460/6/6 459/5/6
f 463/2/1 464/6/1 442/5/1 441/1/1
f 463/5/2 441/1/2 443/2/2 465/6/2
f 441/2/3 442/6/3 444/5/3 443/1/3
f 465/1/4 443/2/4 444/6/4 466/5/4
f 464/1/5 466/2/5 444/6/5 442/5/5
f 463/1/6 465/2/6 466/6/6 464/5/6
f 464/2/1 467/6/1 445/5/1 442/1/1
f 464/6/2 442/2/2 444/1/2 466/5/2
f 442/2/3 445/6/3 446/5/3 444/1/3
f 466/1/4 444/2/4 446/6/4 468/5/4
f 467/2/5 468/1/5 446/5/5 445/6/5
f 464/1/6 466/2/6 468/6/6 467/5/6
f 467/2/1 469/6/1 447/5/1 445/1/1
f 467/2/2 445/6/2 446/5/2 468/1/2
f 445/2/3 447/6/3 448/5/3 446/1/3
f 468/1/4 446/2/4 448/6/4 470/5/4
f 469/6/5 470/5/5 448/1/5 447/2/5
f 467/1/6 468/2/6 470/6/6 469/5/6
f 469/2/1 471/6/1 449/5/1 447/1/1
f 469/1/2 447/5/2 448/6/2 470/2/2
f 447/2/3 449/6/3 450/5/3 448/1/3
f 470/1/4 448/2/4 450/6/4 472/5/4
f 471/5/5 472/6/5 450/2/5 449/1/5
f 469/1/6 470/2/6 472/6/6 471/5/6
f 471/2/1 473/6/1 451/5/1 449/1/1
f 471/5/2 449/1/2 450/2/2 472/6/2
f 449/2/3 451/6/3 452/5/3 450/1/3
f 472/1/4 450/2/4 452/6/4 474/5/4
f 473/1/5 474/2/5 452/6/5 451/5/5
f 471/1/6 472/2/6 474/6/6 473/5/6
f 473/2/1 475/6/1 453/5/1 451/1/1
f 473/6/2 451/2/2 452/1/2 474/5/2
f 451/2/3 453/6/3 454/5/3 452/1/3
f 474/1/4 452/2/4 454/6/4 476/5/4
f 475/2/5 476/1/5 454/5/5 453/6/5
f 473/1/6 474/2/6 476/6/6 475/5/6
f 475/2/1 477/6/1 455/5/1 453/1/1
f 475/6/2 453/2/2 454/1/2 476/5/2
f 453/2/3 455/6/3 456/5/3 454/1/3
f 476/1/4 454/2/4 456/6/4 478/5/4
f 477/2/5 478/1/5 456/5/5 455/6/5
f 475/1/6 476/2/6 478/6/6 477/5/6
f 477/2/1 479/6/1 457/5/1 455/1/1
f 477/1/2 455/5/2 456/6/2 478/2/2
f 455/2/3 457/6/3 458/5/3 456/1/3
f 478/1/4 456/2/4 458/6/4 480/5/4
f 479/5/5 480/6/5 458/2/5 457/1/5
f 477/1/6 478/2/6 480/6/6 479/5/6
f 479/2/1 481/6/1 459/5/1 457/1/1
f 479/2/2 457/6/2 458/5/2 480/1/2
f 457/2/3 459/6/3 460/5/3 458/1/3
f 480/1/4 458/2/4 460/6/4 482/5/4
f 481/6/5 482/5/5 460/1/5 459/2/5
f 479/1/6 480/2/6 482/6/6 481/5/6
f 481/2/1 483/6/1 461/5/1 459/1/1
f 481/1/2 459/5/2 460/6/2 482/2/2
f 459/2/3 461/6/3 462/5/3 460/1/3
f 482/1/4 460/2/4 462/6/4 484/5/4
f 483/5/5 484/6/5 462/2/5 461/1/5
f 481/1/6 482/2/6 484/6/6 483/5/6
f 485/2/1 486/6/1 464/5/1 463/1/1
f 485/2/2 463/6/2 465/5/2 487/1/2
f 463/2/3 464/6/3 466/5/3 465/1/3
f 487/1/4 465/2/4 466/6/4 488/5/4
f 486/6/5 488/5/5 466/1/5 464/2/5
f 485/1/6 487/2/6 488/6/6 486/5/6
f 486/2/1 489/6/1 467/5/1 464/1/1
f 486/2/2 464/6/2 466/5/2 488/1/2
f 464/2/3 467/6/3 468/5/3 466/1/3
f 488/1/4 466/2/4 468/6/4 490/5/4
f 489/6/5 490/5/5 468/1/5 467/2/5
f 486/1/6 488/2/6 490/6/6 489/5/6
f 489/2/1 491/6/1 469/5/1 467/1/1
f 489/1/2 467/5/2 468/6/2 490/2/2
f 467/2/3 469/6/3 470/5/3 468/1/3
f 490/1/4 468/2/4 470/6/4 492/5/4
f 491/5/5 492/6/5 470/2/5 469/1/5
f 489/1/6 490/2/6 492/6/6 491/5/6
f 491/2/1 493/6/1 471/5/1 469/1/1
f 491/1/2 469/5/2 470/6/2 492/2/2
f 469/2/3 471/6/3 472/5/3 470/1/3
f 492/1/4 470/2/4 472/6/4 494/5/4
f 493/5/5 494/6/5 472/2/5 471/1/5
f 491/1/6 492/2/6 494/6/6 493/5/6
f 493/2/1 495/6/1 473/5/1 471/1/1
f 493/6/2 471/2/2 472/1/2 494/5/2
f 471/2/3 473/6/3 474/5/3 472/1/3
f 494/1/4 472/2/4 474/6/4 496/5/4
f 495/2/5 496/1/5 474/5/5 473/6/5
f 493/1/6 494/2/6 496/6/6 495/5/6
f 495/2/1 497/6/1 475/5/1 473/1/1
f 495/2/2 473/6/2 474/5/2 496/1/2
f 473/2/3 475/6/3 476/5/3 474/1/3
f 496/1/4 474/2/4 476/6/4 498/5/4
f 497/6/5 498/5/5 476/1/5 475/2/5
f 495/1/6 496/2/6 498/6/6 497/5/6
f 497/2/1 499/6/1 477/5/1 475/1/1
f 497/5/2 475/1/2 476/2/2 498/6/2
f 475/2/3 477/6/3 478/5/3 476/1/3
f 498/1/4 476/2/4 478/6/4 500/5/4
f 499/1/5 500/2/5 478/6/5 477/5/5
f 497/1/6 498/2/6 500/6/6 499/5/6
f 499/2/1 501/6/1 479/5/1 477/1/1
f 499/5/2 477/1/2 478/2/2 500/6/2
f 477/2/3 479/6/3 480/5/3 478/1/3
f 500/1/4 478/2/4 480/6/4 502/5/4
f 501/1/5 502/2/5 480/6/5 479/5/5
f 499/1/6 500/2/6 502/6/6 501/5/6
f 501/2/1 503/6/1 481/5/1 479/1/1
f 501/6/2 479/2/2 480/1/2 502/5/2
f 479/2/3 481/6/3 482/5/3 480/1/3
f 502/1/4 480/2/4 482/6/4 504/5/4
f 503/2/5 504/1/5 482/5/5 481/6/5
f 501/1/6 502/2/6 504/6/6 503/5/6
f 503/2/1 505/6/1 483/5/1 481/1/1
f 503/2/2 481/6/2 482/5/2 504/1/2
f 481/2/3 483/6/3 484/5/3 482/1/3
f 504/1/4 482/2/4 484/6/4 506/5/4
f 505/6/5 506/5/5 484/1/5 483/2/5
f 503/1/6 504/2/6 506/6/6 505/5/6
f 21/2/1 24/6/1 23/5/1 22/1/1
f 21/2/2 22/6/2 508/5/2 507/1/2
f 22/2/3 23/6/3 509/5/3 508/1/3
f 507/1/4 508/2/4 509/6/4 510/5/4
f 24/6/5 510/5/5 509/1/5 23/2/5
f 21/1/6 507/2/6 510/6/6 24/5/6
f 29/2/1 30/6/1 24/5/1 21/1/1
f 29/6/2 21/2/2 507/1/2 512/5/2
f 21/2/3 24/6/3 510/5/3 507/1/3
f 512/1/4 507/2/4 510/6/4 513/5/4
f 30/2/5 513/1/5 510/5/5 24/6/5
f 29/1/6 512/2/6 513/6/6 30/5/6
f 30/2/1 32/6/1 26/5/1 24/1/1
f 30/1/2 24/5/2 510/6/2 513/2/2
f 24/2/3 26/6/3 511/5/3 510/1/3
f 513/1/4 510/2/4 511/6/4 514/5/4
f 32/5/5 514/6/5 511/2/5 26/1/5
f 30/1/6 513/2/6 514/6/6 32/5/6
f 39/2/1 40/6/1 30/5/1 29/1/1
f 39/1/2 29/5/2 512/6/2 516/2/2
f 29/2/3 30/6/3 513/5/3 512/1/3
f 516/1/4 512/2/4 513/6/4 517/5/4
f 40/5/5 517/6/5 513/2/5 30/1/5
f 39/1/6 516/2/6 517/6/6 40/5/6
f 40/2/1 42/6/1 32/5/1 30/1/1
f 40/1/2 30/5/2 513/6/2 517/2/2
f 30/2/3 32/6/3 514/5/3 513/1/3
f 517/1/4 513/2/4 514/6/4 518/5/4
f 42/5/5 518/6/5 514/2/5 32/1/5
f 40/1/6 517/2/6 518/6/6 42/5/6
f 42/2/1 44/6/1 34/5/1 32/1/1
f 42/1/2 32/5/2 514/6/2 518/2/2
f 32/2/3 34/6/3 515/5/3 514/1/3
f 518/1/4 514/2/4 515/6/4 519/5/4
f 44/5/5 519/6/5 515/2/5 34/1/5
f 42/1/6 518/2/6 519/6/6 44/5/6
f 49/2/1 50/6/1 40/5/1 39/1/1
f 49/2/2 39/6/2 516/5/2 521/1/2
f 39/2/3 40/6/3 517/5/3 516/1/3
f 521/1/4 516/2/4 517/6/4 522/5/4
f 50/6/5 522/5/5 517/1/5 40/2/5
f 49/1/6 521/2/6 522/6/6 50/5/6
f 50/2/1 52/6/1 42/5/1 40/1/1
f 50/1/2 40/5/2 517/6/2 522/2/2
f 40/2/3 42/6/3 518/5/3 517/1/3
f 522/1/4 517/2/4 518/6/4 523/5/4
f 52/5/5 523/6/5 518/2/5 42/1/5
f 50/1/6 522/2/6 523/6/6 52/5/6
f 52/2/1 54/6/1 44/5/1 42/1/1
f 52/2/2 42/6/2 518/5/2 523/1/2
f 42/2/3 44/6/3 519/5/3 518/1/3
f 523/1/4 518/2/4 519/6/4 524/5/4
f 54/6/5 524/5/5 519/1/5 44/2/5
f 52/1/6 523/2/6 524/6/6 54/5/6
f 54/2/1 56/6/1 46/5/1 44/1/1
f 54/5/2 44/1/2 519/2/2 524/6/2
f 44/2/3 46/6/3 520/5/3 519/1/3
f 524/1/4 519/2/4 520/6/4 525/5/4
f 56/1/5 525/2/5 520/6/5 46/5/5
f 54/1/6 524/2/6 525/6/6 56/5/6
f 61/2/1 62/6/1 50/5/1 49/1/1
f 61/1/2 49/5/2 521/6/2 526/2/2
f 49/2/3 50/6/3 522/5/3 521/1/3
f 526/1/4 521/2/4 522/6/4 527/5/4
f 62/5/5 527/6/5 522/2/5 50/1/5
f 61/1/6 526/2/6 527/6/6 62/5/6
f 62/2/1 64/6/1 52/5/1 50/1/1
f 62/2/2 50/6/2 522/5/2 527/1/2
f 50/2/3 52/6/3 523/5/3 522/1/3
f 527/1/4 522/2/4 523/6/4 528/5/4
f 64/6/5 528/5/5 523/1/5 52/2/5
f 62/1/6 527/2/6 528/6/6 64/5/6
f 64/2/1 66/6/1 54/5/1 52/1/1
f 64/1/2 52/5/2 523/6/2 528/2/2
f 52/2/3 54/6/3 524/5/3 523/1/3
f 528/1/4 523/2/4 524/6/4 529/5/4
f 66/5/5 529/6/5 524/2/5 54/1/5
f 64/1/6 528/2/6 529/6/6 66/5/6
f 66/2/1 68/6/1 56/5/1 54/1/1
f 66/2/2 54/6/2 524/5/2 529/1/2
f 54/2/3 56/6/3 525/5/3 524/1/3
f 529/1/4 524/2/4 525/6/4 530/5/4
f 68/6/5 530/5/5 525/1/5 56/2/5
f 66/1/6 529/2/6 530/6/6 68/5/6
f 75/2/1 76/6/1 62/5/1 61/1/1
f 75/2/2 61/6/2 526/5/2 532/1/2
f 61/2/3 62/6/3 527/5/3 526/1/3
f 532/1/4 526/2/4 527/6/4 533/5/4
f 76/6/5 533/5/5 527/1/5 62/2/5
f 75/1/6 532/2/6 533/6/6 76/5/6
f 76/2/1 78/6/1 64/5/1 62/1/1
f 76/6/2 62/2/2 527/1/2 533/5/2
f 62/2/3 64/6/3 528/5/3 527/1/3
f 533/1/4 527/2/4 528/6/4 534/5/4
f 78/2/5 534/1/5 528/5/5 64/6/5
f 76/1/6 533/2/6 534/6/6 78/5/6
f 78/2/1 80/6/1 66/5/1 64/1/1
f 78/2/2 64/6/2 528/5/2 534/1/2
f 64/2/3 66/6/3 529/5/3 528/1/3
f 534/1/4 528/2/4 529/6/4 535/5/4
f 80/6/5 535/5/5 529/1/5 66/2/5
f 78/1/6 534/2/6 535/6/6 80/5/6
f 80/2/1 82/6/1 68/5/1 66/1/1
f 80/2/2 66/6/2 529/5/2 535/1/2
f 66/2/3 68/6/3 530/5/3 529/1/3
f 535/1/4 529/2/4 530/6/4 536/5/4
f 82/6/5 536/5/5 530/1/5 68/2/5
f 80/1/6 535/2/6 536/6/6 82/5/6
f 82/2/1 84/6/1 70/5/1 68/1/1
f 82/2/2 68/6/2 530/5/2 536/1/2
f 68/2/3 70/6/3 531/5/3 530/1/3
f 536/1/4 530/2/4 531/6/4 537/5/4
f 84/6/5 537/5/5 531/1/5 70/2/5
f 82/1/6 536/2/6 537/6/6 84/5/6
f 89/2/1 90/6/1 76/5/1 75/1/1
f 89/1/2 75/5/2 532/6/2 538/2/2
f 75/2/3 76/6/3 533/5/3 532/1/3
f 538/1/4 532/2/4 533/6/4 539/5/4
f 90/5/5 539/6/5 533/2/5 76/1/5
f 89/1/6 538/2/6 539/6/6 90/5/6
f 90/2/1 92/6/1 78/5/1 76/1/1
f 90/2/2 76/6/2 533/5/2 539/1/2
f 76/2/3 78/6/3 534/5/3 533/1/3
f 539/1/4 533/2/4 534/6/4 540/5/4
f 92/6/5 540/5/5 534/1/5 78/2/5
f 90/1/6 539/2/6 540/6/6 92/5/6
f 92/2/1 94/6/1 80/5/1 78/1/1
f 92/6/2 78/2/2 534/1/2 540/5/2
f 78/2/3 80/6/3 535/5/3 534/1/3
f 540/1/4 534/2/4 535/6/4 541/5/4
f 94/2/5 541/1/5 535/5/5 80/6/5
f 92/1/6 540/2/6 541/6/6 94/5/6
f 94/2/1 96/6/1 82/5/1 80/1/1
f 94/1/2 80/5/2 535/6/2 541/2/2
f 80/2/3 82/6/3 536/5/3 535/1/3
f 541/1/4 535/2/4 536/6/4 542/5/4
f 96/5/5 542/6/5 536/2/5 82/1/5
f 94/1/6 541/2/6 542/6/6 96/5/6
f 96/2/1 98/6/1 84/5/1 82/1/1
f 96/6/2 82/2/2 536/1/2 542/5/2
f 82/2/3 84/6/3 537/5/3 536/1/3
f 542/1/4 536/2/4 537/6/4 543/5/4
f 98/2/5 543/1/5 537/5/5 84/6/5
f 96/1/6 542/2/6 543/6/6 98/5/6
f 103/2/1 104/6/1 90/5/1 89/1/1
f 103/5/2 89/1/2 538/2/2 545/6/2
f 89/2/3 90/6/3 539/5/3 538/1/3
f 545/1/4 538/2/4 539/6/4 546/5/4
f 104/1/5 546/2/5 539/6/5 90/5/5
f 103/1/6 545/2/6 546/6/6 104/5/6
f 104/2/1 106/6/1 92/5/1 90/1/1
f 104/1/2 90/5/2 539/6/2 546/2/2
f 90/2/3 92/6/3 540/5/3 539/1/3
f 546/1/4 539/2/4 540/6/4 547/5/4
f 106/5/5 547/6/5 540/2/5 92/1/5
f 104/1/6 546/2/6 547/6/6 106/5/6
f 106/2/1 108/6/1 94/5/1 92/1/1
f 106/1/2 92/5/2 540/6/2 547/2/2
f 92/2/3 94/6/3 541/5/3 540/1/3
f 547/1/4 540/2/4 541/6/4 548/5/4
f 108/5/5 548/6/5 541/2/5 94/1/5
f 106/1/6 547/2/6 548/6/6 108/5/6
f 108/2/1 110/6/1 96/5/1 94/1/1
f 108/2/2 94/6/2 541/5/2 548/1/2
f 94/2/3 96/6/3 542/5/3 541/1/3
f 548/1/4 541/2/4 542/6/4 549/5/4
f 110/6/5 549/5/5 542/1/5 96/2/5
f 108/1/6 548/2/6 549/6/6 110/5/6
f 110/2/1 112/6/1 98/5/1 96/1/1
f 110/1/2 96/5/2 542/6/2 549/2/2
f 96/2/3 98/6/3 543/5/3 542/1/3
f 549/1/4 542/2/4 543/6/4 550/5/4
f 112/5/5 550/6/5 543/2/5 98/1/5
f 110/1/6 549/2/6 550/6/6 112/5/6
f 112/2/1 114/6/1 100/5/1 98/1/1
f 112/1/2 98/5/2 543/6/2 550/2/2
f 98/2/3 100/6/3 544/5/3 543/1/3
f 550/1/4 543/2/4 544/6/4 551/5/4
f 114/5/5 551/6/5 544/2/5 100/1/5
f 112/1/6 550/2/6 551/6/6 114/5/6
f 117/2/1 118/6/1 104/5/1 103/1/1
f 117/1/2 103/5/2 545/6/2 552/2/2
f 103/2/3 104/6/3 546/5/3 545/1/3
f 552/1/4 545/2/4 546/6/4 553/5/4
f 118/5/5 553/6/5 546/2/5 104/1/5
f 117/1/6 552/2/6 553/6/6 118/5/6
f 118/2/1 120/6/1 106/5/1 104/1/1
f 118/5/2 104/1/2 546/2/2 553/6/2
f 104/2/3 106/6/3 547/5/3 546/1/3
f 553/1/4 546/2/4 547/6/4 554/5/4
f 120/1/5 554/2/5 547/6/5 106/5/5
f 118/1/6 553/2/6 554/6/6 120/5/6
f 120/2/1 122/6/1 108/5/1 106/1/1
f 120/5/2 106/1/2 547/2/2 554/6/2
f 106/2/3 108/6/3 548/5/3 547/1/3
f 554/1/4 547/2/4 548/6/4 555/5/4
f 122/1/5 555/2/5 548/6/5 108/5/5
f 120/1/6 554/2/6 555/6/6 122/5/6
f 122/2/1 124/6/1 110/5/1 108/1/1
f 122/2/2 108/6/2 548/5/2 555/1/2
f 108/2/3 110/6/3 549/5/3 548/1/3
f 555/1/4 548/2/4 549/6/4 556/5/4
f 124/6/5 556/5/5 549/1/5 110/2/5
f 122/1/6 555/2/6 556/6/6 124/5/6
f 124/2/1 126/6/1 112/5/1 110/1/1
f 124/1/2 110/5/2 549/6/2 556/2/2
f 110/2/3 112/6/3 550/5/3 549/1/3
f 556/1/4 549/2/4 550/6/4 557/5/4
f 126/5/5 557/6/5 550/2/5 112/1/5
f 124/1/6 556/2/6 557/6/6 126/5/6
f 126/2/1 128/6/1 114/5/1 112/1/1
f 126/5/2 112/1/2 550/2/2 557/6/2
f 112/2/3 114/6/3 551/5/3 550/1/3
f 557/1/4 550/2/4 551/6/4 558/5/4
f 128/1/5 558/2/5 551/6/5 114/5/5
f 126/1/6 557/2/6 558/6/6 128/5/6
f 131/2/1 132/6/1 118/5/1 117/1/1
f 131/5/2 117/1/2 552/2/2 559/6/2
f 117/2/3 118/6/3 553/5/3 552/1/3
f 559/1/4 552/2/4 553/6/4 560/5/4
f 132/1/5 560/2/5 553/6/5 118/5/5
f 131/1/6 559/2/6 560/6/6 132/5/6
f 132/2/1 134/6/1 120/5/1 118/1/1
f 132/1/2 118/5/2 553/6/2 560/2/2
f 118/2/3 120/6/3 554/5/3 553/1/3
f 560/1/4 553/2/4 554/6/4 561/5/4
f 134/5/5 561/6/5 554/2/5 120/1/5
f 132/1/6 560/2/6 561/6/6 134/5/6
f 134/2/1 136/6/1 122/5/1 120/1/1
f 134/1/2 120/5/2 554/6/2 561/2/2
f 120/2/3 122/6/3 555/5/3 554/1/3
f 561/1/4 554/2/4 555/6/4 562/5/4
f 136/5/5 562/6/5 555/2/5 122/1/5
f 134/1/6 561/2/6 562/6/6 136/5/6
f 136/2/1 138/6/1 124/5/1 122/1/1
f 136/1/2 122/5/2 555/6/2 562/2/2
f 122/2/3 124/6/3 556/5/3 555/1/3
f 562/1/4 555/2/4 556/6/4 563/5/4
f 138/5/5 563/6/5 556/2/5 124/1/5
f 136/1/6 562/2/6 563/6/6 138/5/6
f 138/2/1 140/6/1 126/5/1 124/1/1
f 138/2/2 124/6/2 556/5/2 563/1/2
f 124/2/3 126/6/3 557/5/3 556/1/3
f 563/1/4 556/2/4 557/6/4 564/5/4
f 140/6/5 564/5/5 557/1/5 126/2/5
f 138/1/6 563/2/6 564/6/6 140/5/6
f 140/2/1 142/6/1 128/5/1 126/1/1
f 140/1/2 126/5/2 557/6/2 564/2/2
f 126/2/3 128/6/3 558/5/3 557/1/3
f 564/1/4 557/2/4 558/6/4 565/5/4
f 142/5/5 565/6/5 558/2/5 128/1/5
f 140/1/6 564/2/6 565/6/6 142/5/6
f 145/2/1 146/6/1 132/5/1 131/1/1
f 145/1/2 131/5/2 559/6/2 566/2/2
f 131/2/3 132/6/3 560/5/3 559/1/3
f 566/1/4 559/2/4 560/6/4 567/5/4
f 146/5/5 567/6/5 560/2/5 132/1/5
f 145/1/6 566/2/6 567/6/6 146/5/6
f 146/2/1 148/6/1 134/5/1 132/1/1
f 146/2/2 132/6/2 560/5/2 567/1/2
f 132/2/3 134/6/3 561/5/3 560/1/3
f 567/1/4 560/2/4 561/6/4 568/5/4
f 148/6/5 568/5/5 561/1/5 134/2/5
f 146/1/6 567/2/6 568/6/6 148/5/6
f 148/2/1 150/6/1 136/5/1 134/1/1
f 148/1/2 134/5/2 561/6/2 568/2/2
f 134/2/3 136/6/3 562/5/3 561/1/3
f 568/1/4 561/2/4 562/6/4 569/5/4
f 150/5/5 569/6/5 562/2/5 136/1/5
f 148/1/6 568/2/6 569/6/6 150/5/6
f 150/2/1 152/6/1 138/5/1 136/1/1
f 150/6/2 136/2/2 562/1/2 569/5/2
f 136/2/3 138/6/3 563/5/3 562/1/3
f 569/1/4 562/2/4 563/6/4 570/5/4
f 152/2/5 570/1/5 563/5/5 138/6/5
f 150/1/6 569/2/6 570/6/6 152/5/6
f 152/2/1 154/6/1 140/5/1 138/1/1
f 152/2/2 138/6/2 563/5/2 570/1/2
f 138/2/3 140/6/3 564/5/3 563/1/3
f 570/1/4 563/2/4 564/6/4 571/5/4
f 154/6/5 571/5/5 564/1/5 140/2/5
f 152/1/6 570/2/6 571/6/6 154/5/6
f 154/2/1 156/6/1 142/5/1 140/1/1
f 154/5/2 140/1/2 564/2/2 571/6/2
f 140/2/3 142/6/3 565/5/3 564/1/3
f 571/1/4 564/2/4 565/6/4 572/5/4
f 156/1/5 572/2/5 565/6/5 142/5/5
f 154/1/6 571/2/6 572/6/6 156/5/6
f 159/2/1 160/6/1 146/5/1 145/1/1
f 159/2/2 145/6/2 566/5/2 573/1/2
f 145/2/3 146/6/3 567/5/3 566/1/3
f 573/1/4 566/2/4 567/6/4 574/5/4
f 160/6/5 574/5/5 567/1/5 146/2/5
f 159/1/6 573/2/6 574/6/6 160/5/6
f 160/2/1 162/6/1 148/5/1 146/1/1
f 160/6/2 146/2/2 567/1/2 574/5/2
f 146/2/3 148/6/3 568/5/3 567/1/3
f 574/1/4 567/2/4 568/6/4 575/5/4
f 162/2/5 575/1/5 568/5/5 148/6/5
f 160/1/6 574/2/6 575/6/6 162/5/6
f 162/2/1 164/6/1 150/5/1 148/1/1
f 162/2/2 148/6/2 568/5/2 575/1/2
f 148/2/3 150/6/3 569/5/3 568/1/3
f 575/1/4 568/2/4 569/6/4 576/5/4
f 164/6/5 576/5/5 569/1/5 150/2/5
f 162/1/6 575/2/6 576/6/6 164/5/6
f 164/2/1 166/6/1 152/5/1 150/1/1
f 164/1/2 150/5/2 569/6/2 576/2/2
f 150/2/3 152/6/3 570/5/3 569/1/3
f 576/1/4 569/2/4 570/6/4 577/5/4
f 166/5/5 577/6/5 570/2/5 152/1/5
f 164/1/6 576/2/6 577/6/6 166/5/6
f 166/2/1 168/6/1 154/5/1 152/1/1
f 166/6/2 152/2/2 570/1/2 577/5/2
f 152/2/3 154/6/3 571/5/3 570/1/3
f 577/1/4 570/2/4 571/6/4 578/5/4
f 168/2/5 578/1/5 571/5/5 154/6/5
f 166/1/6 577/2/6 578/6/6 168/5/6
f 168/2/1 170/6/1 156/5/1 154/1/1
f 168/1/2 154/5/2 571/6/2 578/2/2
f 154/2/3 156/6/3 572/5/3 571/1/3
f 578/1/4 571/2/4 572/6/4 579/5/4
f 170/5/5 579/6/5 572/2/5 156/1/5
f 168/1/6 578/2/6 579/6/6 170/5/6
f 175/2/1 176/6/1 160/5/1 159/1/1
f 175/5/2 159/1/2 573/2/2 580/6/2
f 159/2/3 160/6/3 574/5/3 573/1/3
f 580/1/4 573/2/4 574/6/4 581/5/4
f 176/1/5 581/2/5 574/6/5 160/5/5
f 175/1/6 580/2/6 581/6/6 176/5/6
f 176/2/1 177/6/1 162/5/1 160/1/1
f 176/6/2 160/2/2 574/1/2 581/5/2
f 160/2/3 162/6/3 575/5/3 574/1/3
f 581/1/4 574/2/4 575/6/4 582/5/4
f 177/2/5 582/1/5 575/5/5 162/6/5
f 176/1/6 581/2/6 582/6/6 177/5/6
f 177/2/1 179/6/1 164/5/1 162/1/1
f 177/6/2 162/2/2 575/1/2 582/5/2
f 162/2/3 164/6/3 576/5/3 575/1/3
f 582/1/4 575/2/4 576/6/4 583/5/4
f 179/2/5 583/1/5 576/5/5 164/6/5
f 177/1/6 582/2/6 583/6/6 179/5/6
f 179/2/1 181/6/1 166/5/1 164/1/1
f 179/1/2 164/5/2 576/6/2 583/2/2
f 164/2/3 166/6/3 577/5/3 576/1/3
f 583/1/4 576/2/4 577/6/4 584/5/4
f 181/5/5 584/6/5 577/2/5 166/1/5
f 179/1/6 583/2/6 584/6/6 181/5/6
f 181/2/1 183/6/1 168/5/1 166/1/1
f 181/2/2 166/6/2 577/5/2 584/1/2
f 166/2/3 168/6/3 578/5/3 577/1/3
f 584/1/4 577/2/4 578/6/4 585/5/4
f 183/6/5 585/5/5 578/1/5 168/2/5
f 181/1/6 584/2/6 585/6/6 183/5/6
f 183/2/1 185/6/1 170/5/1 168/1/1
f 183/5/2 168/1/2 578/2/2 585/6/2
f 168/2/3 170/6/3 579/5/3 578/1/3
f 585/1/4 578/2/4 579/6/4 586/5/4
f 185/1/5 586/2/5 579/6/5 170/5/5
f 183/1/6 585/2/6 586/6/6 185/5/6
f 190/2/1 191/6/1 176/5/1 175/1/1
f 190/5/2 175/1/2 580/2/2 587/6/2
f 175/2/3 176/6/3 581/5/3 580/1/3
f 587/1/4 580/2/4 581/6/4 588/5/4
f 191/1/5 588/2/5 581/6/5 176/5/5
f 190/1/6 587/2/6 588/6/6 191/5/6
f 191/2/1 193/6/1 177/5/1 176/1/1
f 191/2/2 176/6/2 581/5/2 588/1/2
f 176/2/3 177/6/3 582/5/3 581/1/3
f 588/1/4 581/2/4 582/6/4 589/5/4
f 193/6/5 589/5/5 582/1/5 177/2/5
f 191/1/6 588/2/6 589/6/6 193/5/6
f 193/2/1 195/6/1 179/5/1 177/1/1
f 193/6/2 177/2/2 582/1/2 589/5/2
f 177/2/3 179/6/3 583/5/3 582/1/3
f 589/1/4 582/2/4 583/6/4 590/5/4
f 195/2/5 590/1/5 583/5/5 179/6/5
f 193/1/6 589/2/6 590/6/6 195/5/6
f 195/2/1 197/6/1 181/5/1 179/1/1
f 195/6/2 179/2/2 583/1/2 590/5/2
f 179/2/3 181/6/3 584/5/3 583/1/3
f 590/1/4 583/2/4 584/6/4 591/5/4
f 197/2/5 591/1/5 584/5/5 181/6/5
f 195/1/6 590/2/6 591/6/6 197/5/6
f 197/2/1 199/6/1 183/5/1 181/1/1
f 197/2/2 181/6/2 584/5/2 591/1/2
f 181/2/3 183/6/3 585/5/3 584/1/3
f 591/1/4 584/2/4 585/6/4 592/5/4
f 199/6/5 592/5/5 585/1/5 183/2/5
f 197/1/6 591/2/6 592/6/6 199/5/6
f 199/2/1 201/6/1 185/5/1 183/1/1
f 199/2/2 183/6/2 585/5/2 592/1/2
f 183/2/3 185/6/3 586/5/3 585/1/3
f 592/1/4 585/2/4 586/6/4 593/5/4
f 201/6/5 593/5/5 586/1/5 185/2/5
f 199/1/6 592/2/6 593/6/6 201/5/6
f 206/2/1 207/6/1 191/5/1 190/1/1
f 206/5/2 190/1/2 587/2/2 594/6/2
f 190/2/3 191/6/3 588/5/3 587/1/3
f 594/1/4 587/2/4 588/6/4 595/5/4
f 207/1/5 595/2/5 588/6/5 191/5/5
f 206/1/6 594/2/6 595/6/6 207/5/6
f 207/2/1 209/6/1 193/5/1 191/1/1
f 207/1/2 191/5/2 588/6/2 595/2/2
f 191/2/3 193/6/3 589/5/3 588/1/3
f 595/1/4 588/2/4 589/6/4 596/5/4
f 209/5/5 596/6/5 589/2/5 193/1/5
f 207/1/6 595/2/6 596/6/6 209/5/6
f 209/2/1 211/6/1 195/5/1 193/1/1
f 209/5/2 193/1/2 589/2/2 596/6/2
f 193/2/3 195/6/3 590/5/3 589/1/3
f 596/1/4 589/2/4 590/6/4 597/5/4
f 211/1/5 597/2/5 590/6/5 195/5/5
f 209/1/6 596/2/6 597/6/6 211/5/6
f 211/2/1 213/6/1 197/5/1 195/1/1
f 211/2/2 195/6/2 590/5/2 597/1/2
f 195/2/3 197/6/3 591/5/3 590/1/3
f 597/1/4 590/2/4 591/6/4 598/5/4
f 213/6/5 598/5/5 591/1/5 197/2/5
f 211/1/6 597/2/6 598/6/6 213/5/6
f 213/2/1 215/6/1 199/5/1 197/1/1
f 213/6/2 197/2/2 591/1/2 598/5/2
f 197/2/3 199/6/3 592/5/3 591/1/3
f 598/1/4 591/2/4 592/6/4 599/5/4
f 215/2/5 599/1/5 592/5/5 199/6/5
f 213/1/6 598/2/6 599/6/6 215/5/6
f 215/2/1 217/6/1 201/5/1 199/1/1
f 215/2/2 199/6/2 592/5/2 599/1/2
f 199/2/3 201/6/3 593/5/3 592/1/3
f 599/1/4 592/2/4 593/6/4 600/5/4
f 217/6/5 600/5/5 593/1/5 201/2/5
f 215/1/6 599/2/6 600/6/6 217/5/6
f 222/2/1 223/6/1 207/5/1 206/1/1
f 222/2/2 206/6/2 594/5/2 601/1/2
f 206/2/3 207/6/3 595/5/3 594/1/3
f 601/1/4 594/2/4 595/6/4 602/5/4
f 223/6/5 602/5/5 595/1/5 207/2/5
f 222/1/6 601/2/6 602/6/6 223/5/6
f 223/2/1 225/6/1 209/5/1 207/1/1
f 223/6/2 207/2/2 595/1/2 602/5/2
f 207/2/3 209/6/3 596/5/3 595/1/3
f 602/1/4 595/2/4 596/6/4 603/5/4
f 225/2/5 603/1/5 596/5/5 209/6/5
f 223/1/6 602/2/6 603/6/6 225/5/6
f 225/2/1 227/6/1 211/5/1 209/1/1
f 225/5/2 209/1/2 596/2/2 603/6/2
f 209/2/3 211/6/3 597/5/3 596/1/3
f 603/1/4 596/2/4 597/6/4 604/5/4
f 227/1/5 604/2/5 597/6/5 211/5/5
f 225/1/6 603/2/6 604/6/6 227/5/6
f 227/2/1 229/6/1 213/5/1 211/1/1
f 227/2/2 211/6/2 597/5/2 604/1/2
f 211/2/3 213/6/3 598/5/3 597/1/3
f 604/1/4 597/2/4 598/6/4 605/5/4
f 229/6/5 605/5/5 598/1/5 213/2/5
f 227/1/6 604/2/6 605/6/6 229/5/6
f 229/2/1 231/6/1 215/5/1 213/1/1
f 229/5/2 213/1/2 598/2/2 605/6/2
f 213/2/3 215/6/3 599/5/3 598/1/3
f 605/1/4 598/2/4 599/6/4 606/5/4
f 231/1/5 606/2/5 599/6/5 215/5/5
f 229/1/6 605/2/6 606/6/6 231/5/6
f 231/2/1 233/6/1 217/5/1 215/1/1
f 231/1/2 215/5/2 599/6/2 606/2/2
f 215/2/3 217/6/3 600/5/3 599/1/3
f 606/1/4 599/2/4 600/6/4 607/5/4
f 233/5/5 607/6/5 600/2/5 217/1/5
f 231/1/6 606/2/6 607/6/6 233/5/6
f 238/2/1 239/6/1 223/5/1 222/1/1
f 238/1/2 222/5/2 601/6/2 608/2/2
f 222/2/3 223/6/3 602/5/3 601/1/3
f 608/1/4 601/2/4 602/6/4 609/5/4
f 239/5/5 609/6/5 602/2/5 223/1/5
f 238/1/6 608/2/6 609/6/6 239/5/6
f 239/2/1 241/6/1 225/5/1 223/1/1
f 239/2/2 223/6/2 602/5/2 609/1/2
f 223/2/3 225/6/3 603/5/3 602/1/3
f 609/1/4 602/2/4 603/6/4 610/5/4
f 241/6/5 610/5/5 603/1/5 225/2/5
f 239/1/6 609/2/6 610/6/6 241/5/6
f 241/2/1 243/6/1 227/5/1 225/1/1
f 241/6/2 225/2/2 603/1/2 610/5/2
f 225/2/3 227/6/3 604/5/3 603/1/3
f 610/1/4 603/2/4 604/6/4 611/5/4
f 243/2/5 611/1/5 604/5/5 227/6/5
f 241/1/6 610/2/6 611/6/6 243/5/6
f 243/2/1 245/6/1 229/5/1 227/1/1
f 243/1/2 227/5/2 604/6/2 611/2/2
f 227/2/3 229/6/3 605/5/3 604/1/3
f 611/1/4 604/2/4 605/6/4 612/5/4
f 245/5/5 612/6/5 605/2/5 229/1/5
f 243/1/6 611/2/6 612/6/6 245/5/6
f 245/2/1 247/6/1 231/5/1 229/1/1
f 245/1/2 229/5/2 605/6/2 612/2/2
f 229/2/3 231/6/3 606/5/3 605/1/3
f 612/1/4 605/2/4 606/6/4 613/5/4
f 247/5/5 613/6/5 606/2/5 231/1/5
f 245/1/6 612/2/6 613/6/6 247/5/6
f 247/2/1 249/6/1 233/5/1 231/1/1
f 247/1/2 231/5/2 606/6/2 613/2/2
f 231/2/3 233/6/3 607/5/3 606/1/3
f 613/1/4 606/2/4 607/6/4 614/5/4
f 249/5/5 614/6/5 607/2/5 233/1/5
f 247/1/6 613/2/6 614/6/6 249/5/6
f 254/2/1 255/6/1 239/5/1 238/1/1
f 254/2/2 238/6/2 608/5/2 616/1/2
f 238/2/3 239/6/3 609/5/3 608/1/3
f 616/1/4 608/2/4 609/6/4 617/5/4
f 255/6/5 617/5/5 609/1/5 239/2/5
f 254/1/6 616/2/6 617/6/6 255/5/6
f 255/2/1 257/6/1 241/5/1 239/1/1
f 255/1/2 239/5/2 609/6/2 617/2/2
f 239/2/3 241/6/3 610/5/3 609/1/3
f 617/1/4 609/2/4 610/6/4 618/5/4
f 257/5/5 618/6/5 610/2/5 241/1/5
f 255/1/6 617/2/6 618/6/6 257/5/6
f 257/2/1 259/6/1 243/5/1 241/1/1
f 257/6/2 241/2/2 610/1/2 618/5/2
f 241/2/3 243/6/3 611/5/3 610/1/3
f 618/1/4 610/2/4 611/6/4 619/5/4
f 259/2/5 619/1/5 611/5/5 243/6/5
f 257/1/6 618/2/6 619/6/6 259/5/6
f 259/2/1 260/6/1 245/5/1 243/1/1
f 259/1/2 243/5/2 611/6/2 619/2/2
f 243/2/3 245/6/3 612/5/3 611/1/3
f 619/1/4 611/2/4 612/6/4 620/5/4
f 260/5/5 620/6/5 612/2/5 245/1/5
f 259/1/6 619/2/6 620/6/6 260/5/6
f 260/2/1 262/6/1 247/5/1 245/1/1
f 260/5/2 245/1/2 612/2/2 620/6/2
f 245/2/3 247/6/3 613/5/3 612/1/3
f 620/1/4 612/2/4 613/6/4 621/5/4
f 262/1/5 621/2/5 613/6/5 247/5/5
f 260/1/6 620/2/6 621/6/6 262/5/6
f 262/2/1 264/6/1 249/5/1 247/1/1
f 262/6/2 247/2/2 613/1/2 621/5/2
f 247/2/3 249/6/3 614/5/3 613/1/3
f 621/1/4 613/2/4 614/6/4 622/5/4
f 264/2/5 622/1/5 614/5/5 249/6/5
f 262/1/6 621/2/6 622/6/6 264/5/6
f 264/2/1 266/6/1 251/5/1 249/1/1
f 264/1/2 249/5/2 614/6/2 622/2/2
f 249/2/3 251/6/3 615/5/3 614/1/3
f 622/1/4 614/2/4 615/6/4 623/5/4
f 266/5/5 623/6/5 615/2/5 251/1/5
f 264/1/6 622/2/6 623/6/6 266/5/6
f 269/2/1 270/6/1 255/5/1 254/1/1
f 269/2/2 254/6/2 616/5/2 624/1/2
f 254/2/3 255/6/3 617/5/3 616/1/3
f 624/1/4 616/2/4 617/6/4 625/5/4
f 270/6/5 625/5/5 617/1/5 255/2/5
f 269/1/6 624/2/6 625/6/6 270/5/6
f 270/2/1 272/6/1 257/5/1 255/1/1
f 270/1/2 255/5/2 617/6/2 625/2/2
f 255/2/3 257/6/3 618/5/3 617/1/3
f 625/1/4 617/2/4 618/6/4 626/5/4
f 272/5/5 626/6/5 618/2/5 257/1/5
f 270/1/6 625/2/6 626/6/6 272/5/6
f 272/2/1 274/6/1 259/5/1 257/1/1
f 272/2/2 257/6/2 618/5/2 626/1/2
f 257/2/3 259/6/3 619/5/3 618/1/3
f 626/1/4 618/2/4 619/6/4 627/5/4
f 274/6/5 627/5/5 619/1/5 259/2/5
f 272/1/6 626/2/6 627/6/6 274/5/6
f 274/2/1 276/6/1 260/5/1 259/1/1
f 274/5/2 259/1/2 619/2/2 627/6/2
f 259/2/3 260/6/3 620/5/3 619/1/3
f 627/1/4 619/2/4 620/6/4 628/5/4
f 276/1/5 628/2/5 620/6/5 260/5/5
f 274/1/6 627/2/6 628/6/6 276/5/6
f 276/2/1 278/6/1 262/5/1 260/1/1
f 276/2/2 260/6/2 620/5/2 628/1/2
f 260/2/3 262/6/3 621/5/3 620/1/3
f 628/1/4 620/2/4 621/6/4 629/5/4
f 278/6/5 629/5/5 621/1/5 262/2/5
f 276/1/6 628/2/6 629/6/6 278/5/6
f 278/2/1 280/6/1 264/5/1 262/1/1
f 278/6/2 262/2/2 621/1/2 629/5/2
f 262/2/3 264/6/3 622/5/3 621/1/3
f 629/1/4 621/2/4 622/6/4 630/5/4
f 280/2/5 630/1/5 622/5/5 264/6/5
f 278/1/6 629/2/6 630/6/6 280/5/6
f 280/2/1 282/6/1 266/5/1 264/1/1
f 280/5/2 264/1/2 622/2/2 630/6/2
f 264/2/3 266/6/3 623/5/3 622/1/3
f 630/1/4 622/2/4 623/6/4 631/5/4
f 282/1/5 631/2/5 623/6/5 266/5/5
f 280/1/6 630/2/6 631/6/6 282/5/6
f 287/2/1 288/6/1 270/5/1 269/1/1
f 287/1/2 269/5/2 624/6/2 632/2/2
f 269/2/3 270/6/3 625/5/3 624/1/3
f 632/1/4 624/2/4 625/6/4 633/5/4
f 288/5/5 633/6/5 625/2/5 270/1/5
f 287/1/6 632/2/6 633/6/6 288/5/6
f 288/2/1 290/6/1 272/5/1 270/1/1
f 288/5/2 270/1/2 625/2/2 633/6/2
f 270/2/3 272/6/3 626/5/3 625/1/3
f 633/1/4 625/2/4 626/6/4 634/5/4
f 290/1/5 634/2/5 626/6/5 272/5/5
f 288/1/6 633/2/6 634/6/6 290/5/6
f 290/2/1 292/6/1 274/5/1 272/1/1
f 290/2/2 272/6/2 626/5/2 634/1/2
f 272/2/3 274/6/3 627/5/3 626/1/3
f 634/1/4 626/2/4 627/6/4 635/5/4
f 292/6/5 635/5/5 627/1/5 274/2/5
f 290/1/6 634/2/6 635/6/6 292/5/6
f 292/2/1 294/6/1 276/5/1 274/1/1
f 292/2/2 274/6/2 627/5/2 635/1/2
f 274/2/3 276/6/3 628/5/3 627/1/3
f 635/1/4 627/2/4 628/6/4 636/5/4
f 294/6/5 636/5/5 628/1/5 276/2/5
f 292/1/6 635/2/6 636/6/6 294/5/6
f 294/2/1 296/6/1 278/5/1 276/1/1
f 294/2/2 276/6/2 628/5/2 636/1/2
f 276/2/3 278/6/3 629/5/3 628/1/3
f 636/1/4 628/2/4 629/6/4 637/5/4
f 296/6/5 637/5/5 629/1/5 278/2/5
f 294/1/6 636/2/6 637/6/6 296/5/6
f 296/2/1 298/6/1 280/5/1 278/1/1
f 296/1/2 278/5/2 629/6/2 637/2/2
f 278/2/3 280/6/3 630/5/3 629/1/3
f 637/1/4 629/2/4 630/6/4 638/5/4
f 298/5/5 638/6/5 630/2/5 280/1/5
f 296/1/6 637/2/6 638/6/6 298/5/6
f 298/2/1 300/6/1 282/5/1 280/1/1
f 298/5/2 280/1/2 630/2/2 638/6/2
f 280/2/3 282/6/3 631/5/3 630/1/3
f 638/1/4 630/2/4 631/6/4 639/5/4
f 300/1/5 639/2/5 631/6/5 282/5/5
f 298/1/6 638/2/6 639/6/6 300/5/6
f 305/2/1 306/6/1 288/5/1 287/1/1
f 305/5/2 287/1/2 632/2/2 640/6/2
f 287/2/3 288/6/3 633/5/3 632/1/3
f 640/1/4 632/2/4 633/6/4 641/5/4
f 306/1/5 641/2/5 633/6/5 288/5/5
f 305/1/6 640/2/6 641/6/6 306/5/6
f 306/2/1 308/6/1 290/5/1 288/1/1
f 306/2/2 288/6/2 633/5/2 641/1/2
f 288/2/3 290/6/3 634/5/3 633/1/3
f 641/1/4 633/2/4 634/6/4 642/5/4
f 308/6/5 642/5/5 634/1/5 290/2/5
f 306/1/6 641/2/6 642/6/6 308/5/6
f 308/2/1 310/6/1 292/5/1 290/1/1
f 308/6/2 290/2/2 634/1/2 642/5/2
f 290/2/3 292/6/3 635/5/3 634/1/3
f 642/1/4 634/2/4 635/6/4 643/5/4
f 310/2/5 643/1/5 635/5/5 292/6/5
f 308/1/6 642/2/6 643/6/6 310/5/6
f 310/2/1 312/6/1 294/5/1 292/1/1
f 310/5/2 292/1/2 635/2/2 643/6/2
f 292/2/3 294/6/3 636/5/3 635/1/3
f 643/1/4 635/2/4 636/6/4 644/5/4
f 312/1/5 644/2/5 636/6/5 294/5/5
f 310/1/6 643/2/6 644/6/6 312/5/6
f 312/2/1 314/6/1 296/5/1 294/1/1
f 312/1/2 294/5/2 636/6/2 644/2/2
f 294/2/3 296/6/3 637/5/3 636/1/3
f 644/1/4 636/2/4 637/6/4 645/5/4
f 314/5/5 645/6/5 637/2/5 296/1/5
f 312/1/6 644/2/6 645/6/6 314/5/6
f 314/2/1 316/6/1 298/5/1 296/1/1
f 314/5/2 296/1/2 637/2/2 645/6/2
f 296/2/3 298/6/3 638/5/3 637/1/3
f 645/1/4 637/2/4 638/6/4 646/5/4
f 316/1/5 646/2/5 638/6/5 298/5/5
f 314/1/6 645/2/6 646/6/6 316/5/6
f 316/2/1 318/6/1 300/5/1 298/1/1
f 316/6/2 298/2/2 638/1/2 646/5/2
f 298/2/3 300/6/3 639/5/3 638/1/3
f 646/1/4 638/2/4 639/6/4 647/5/4
f 318/2/5 647/1/5 639/5/5 300/6/5
f 316/1/6 646/2/6 647/6/6 318/5/6
f 323/2/1 324/6/1 306/5/1 305/1/1
f 323/6/2 305/2/2 640/1/2 649/5/2
f 305/2/3 306/6/3 641/5/3 640/1/3
f 649/1/4 640/2/4 641/6/4 650/5/4
f 324/2/5 650/1/5 641/5/5 306/6/5
f 323/1/6 649/2/6 650/6/6 324/5/6
f 324/2/1 326/6/1 308/5/1 306/1/1
f 324/1/2 306/5/2 641/6/2 650/2/2
f 306/2/3 308/6/3 642/5/3 641/1/3
f 650/1/4 641/2/4 642/6/4 651/5/4
f 326/5/5 651/6/5 642/2/5 308/1/5
f 324/1/6 650/2/6 651/6/6 326/5/6
f 326/2/1 328/6/1 310/5/1 308/1/1
f 326/1/2 308/5/2 642/6/2 651/2/2
f 308/2/3 310/6/3 643/5/3 642/1/3
f 651/1/4 642/2/4 643/6/4 652/5/4
f 328/5/5 652/6/5 643/2/5 310/1/5
f 326/1/6 651/2/6 652/6/6 328/5/6
f 328/2/1 330/6/1 312/5/1 310/1/1
f 328/2/2 310/6/2 643/5/2 652/1/2
f 310/2/3 312/6/3 644/5/3 643/1/3
f 652/1/4 643/2/4 644/6/4 653/5/4
f 330/6/5 653/5/5 644/1/5 312/2/5
f 328/1/6 652/2/6 653/6/6 330/5/6
f 330/2/1 332/6/1 314/5/1 312/1/1
f 330/5/2 312/1/2 644/2/2 653/6/2
f 312/2/3 314/6/3 645/5/3 644/1/3
f 653/1/4 644/2/4 645/6/4 654/5/4
f 332/1/5 654/2/5 645/6/5 314/5/5
f 330/1/6 653/2/6 654/6/6 332/5/6
f 337/2/1 338/6/1 320/5/1 318/1/1
f 337/5/2 318/1/2 647/2/2 655/6/2
f 318/2/3 320/6/3 648/5/3 647/1/3
f 655/1/4 647/2/4 648/6/4 656/5/4
f 338/1/5 656/2/5 648/6/5 320/5/5
f 337/1/6 655/2/6 656/6/6 338/5/6
f 341/2/1 342/6/1 324/5/1 323/1/1
f 341/2/2 323/6/2 649/5/2 657/1/2
f 323/2/3 324/6/3 650/5/3 649/1/3
f 657/1/4 649/2/4 650/6/4 658/5/4
f 342/6/5 658/5/5 650/1/5 324/2/5
f 341/1/6 657/2/6 658/6/6 342/5/6
f 342/2/1 344/6/1 326/5/1 324/1/1
f 342/1/2 324/5/2 650/6/2 658/2/2
f 324/2/3 326/6/3 651/5/3 650/1/3
f 658/1/4 650/2/4 651/6/4 659/5/4
f 344/5/5 659/6/5 651/2/5 326/1/5
f 342/1/6 658/2/6 659/6/6 344/5/6
f 344/2/1 346/6/1 328/5/1 326/1/1
f 344/1/2 326/5/2 651/6/2 659/2/2
f 326/2/3 328/6/3 652/5/3 651/1/3
f 659/1/4 651/2/4 652/6/4 660/5/4
f 346/5/5 660/6/5 652/2/5 328/1/5
f 344/1/6 659/2/6 660/6/6 346/5/6
f 346/2/1 348/6/1 330/5/1 328/1/1
f 346/6/2 328/2/2 652/1/2 660/5/2
f 328/2/3 330/6/3 653/5/3 652/1/3
f 660/1/4 652/2/4 653/6/4 661/5/4
f 348/2/5 661/1/5 653/5/5 330/6/5
f 346/1/6 660/2/6 661/6/6 348/5/6
f 348/2/1 350/6/1 332/5/1 330/1/1
f 348/2/2 330/6/2 653/5/2 661/1/2
f 330/2/3 332/6/3 654/5/3 653/1/3
f 661/1/4 653/2/4 654/6/4 662/5/4
f 350/6/5 662/5/5 654/1/5 332/2/5
f 348/1/6 661/2/6 662/6/6 350/5/6
f 350/2/1 352/6/1 334/5/1 332/1/1
f 350/6/2 332/2/2 654/1/2 662/5/2
f 332/2/3 334/6/3 663/5/3 654/1/3
f 662/1/4 654/2/4 663/6/4 664/5/4
f 352/2/5 664/1/5 663/5/5 334/6/5
f 350/1/6 662/2/6 664/6/6 352/5/6
f 352/2/1 354/6/1 337/5/1 334/1/1
f 352/6/2 334/2/2 663/1/2 664/5/2
f 334/2/3 337/6/3 655/5/3 663/1/3
f 664/1/4 663/2/4 655/6/4 665/5/4
f 354/2/5 665/1/5 655/5/5 337/6/5
f 352/1/6 664/2/6 665/6/6 354/5/6
f 354/2/1 356/6/1 338/5/1 337/1/1
f 354/1/2 337/5/2 655/6/2 665/2/2
f 337/2/3 338/6/3 656/5/3 655/1/3
f 665/1/4 655/2/4 656/6/4 666/5/4
f 356/5/5 666/6/5 656/2/5 338/1/5
f 354/1/6 665/2/6 666/6/6 356/5/6
f 360/2/1 362/6/1 344/5/1 342/1/1
f 360/1/2 342/5/2 658/6/2 668/2/2
f 342/2/3 344/6/3 659/5/3 658/1/3
f 668/1/4 658/2/4 659/6/4 669/5/4
f 362/5/5 669/6/5 659/2/5 344/1/5
f 360/1/6 668/2/6 669/6/6 362/5/6
f 362/2/1 364/6/1 346/5/1 344/1/1
f 362/5/2 344/1/2 659/2/2 669/6/2
f 344/2/3 346/6/3 660/5/3 659/1/3
f 669/1/4 659/2/4 660/6/4 670/5/4
f 364/1/5 670/2/5 660/6/5 346/5/5
f 362/1/6 669/2/6 670/6/6 364/5/6
f 364/2/1 366/6/1 348/5/1 346/1/1
f 364/6/2 346/2/2 660/1/2 670/5/2
f 346/2/3 348/6/3 661/5/3 660/1/3
f 670/1/4 660/2/4 661/6/4 671/5/4
f 366/2/5 671/1/5 661/5/5 348/6/5
f 364/1/6 670/2/6 671/6/6 366/5/6
f 366/2/1 368/6/1 350/5/1 348/1/1
f 366/5/2 348/1/2 661/2/2 671/6/2
f 348/2/3 350/6/3 662/5/3 661/1/3
f 671/1/4 661/2/4 662/6/4 672/5/4
f 368/1/5 672/2/5 662/6/5 350/5/5
f 366/1/6 671/2/6 672/6/6 368/5/6
f 368/2/1 370/6/1 352/5/1 350/1/1
f 368/6/2 350/2/2 662/1/2 672/5/2
f 350/2/3 352/6/3 664/5/3 662/1/3
f 672/1/4 662/2/4 664/6/4 673/5/4
f 370/2/5 673/1/5 664/5/5 352/6/5
f 368/1/6 672/2/6 673/6/6 370/5/6
f 370/2/1 372/6/1 354/5/1 352/1/1
f 370/1/2 352/5/2 664/6/2 673/2/2
f 352/2/3 354/6/3 665/5/3 664/1/3
f 673/1/4 664/2/4 665/6/4 674/5/4
f 372/5/5 674/6/5 665/2/5 354/1/5
f 370/1/6 673/2/6 674/6/6 372/5/6
f 372/2/1 374/6/1 356/5/1 354/1/1
f 372/1/2 354/5/2 665/6/2 674/2/2
f 354/2/3 356/6/3 666/5/3 665/1/3
f 674/1/4 665/2/4 666/6/4 675/5/4
f 374/5/5 675/6/5 666/2/5 356/1/5
f 372/1/6 674/2/6 675/6/6 374/5/6
f 376/2/1 378/6/1 364/5/1 362/1/1
f 376/2/2 362/6/2 669/5/2 677/1/2
f 362/2/3 364/6/3 670/5/3 669/1/3
f 677/1/4 669/2/4 670/6/4 678/5/4
f 378/6/5 678/5/5 670/1/5 364/2/5
f 376/1/6 677/2/6 678/6/6 378/5/6
f 378/2/1 380/6/1 366/5/1 364/1/1
f 378/2/2 364/6/2 670/5/2 678/1/2
f 364/2/3 366/6/3 671/5/3 670/1/3
f 678/1/4 670/2/4 671/6/4 679/5/4
f 380/6/5 679/5/5 671/1/5 366/2/5
f 378/1/6 678/2/6 679/6/6 380/5/6
f 380/2/1 382/6/1 368/5/1 366/1/1
f 380/5/2 366/1/2 671/2/2 679/6/2
f 366/2/3 368/6/3 672/5/3 671/1/3
f 679/1/4 671/2/4 672/6/4 680/5/4
f 382/1/5 680/2/5 672/6/5 368/5/5
f 380/1/6 679/2/6 680/6/6 382/5/6
f 382/2/1 384/6/1 370/5/1 368/1/1
f 382/6/2 368/2/2 672/1/2 680/5/2
f 368/2/3 370/6/3 673/5/3 672/1/3
f 680/1/4 672/2/4 673/6/4 681/5/4
f 384/2/5 681/1/5 673/5/5 370/6/5
f 382/1/6 680/2/6 681/6/6 384/5/6
f 384/2/1 386/6/1 372/5/1 370/1/1
f 384/2/2 370/6/2 673/5/2 681/1/2
f 370/2/3 372/6/3 674/5/3 673/1/3
f 681/1/4 673/2/4 674/6/4 682/5/4
f 386/6/5 682/5/5 674/1/5 372/2/5
f 384/1/6 681/2/6 682/6/6 386/5/6
f 386/2/1 388/6/1 374/5/1 372/1/1
f 386/5/2 372/1/2 674/2/2 682/6/2
f 372/2/3 374/6/3 675/5/3 674/1/3
f 682/1/4 674/2/4 675/6/4 683/5/4
f 388/1/5 683/2/5 675/6/5 374/5/5
f 386/1/6 682/2/6 683/6/6 388/5/6
f 392/2/1 394/6/1 378/5/1 376/1/1
f 392/2/2 376/6/2 677/5/2 685/1/2
f 376/2/3 378/6/3 678/5/3 677/1/3
f 685/1/4 677/2/4 678/6/4 686/5/4
f 394/6/5 686/5/5 678/1/5 378/2/5
f 392/1/6 685/2/6 686/6/6 394/5/6
f 394/2/1 396/6/1 380/5/1 378/1/1
f 394/5/2 378/1/2 678/2/2 686/6/2
f 378/2/3 380/6/3 679/5/3 678/1/3
f 686/1/4 678/2/4 679/6/4 687/5/4
f 396/1/5 687/2/5 679/6/5 380/5/5
f 394/1/6 686/2/6 687/6/6 396/5/6
f 396/2/1 398/6/1 382/5/1 380/1/1
f 396/1/2 380/5/2 679/6/2 687/2/2
f 380/2/3 382/6/3 680/5/3 679/1/3
f 687/1/4 679/2/4 680/6/4 688/5/4
f 398/5/5 688/6/5 680/2/5 382/1/5
f 396/1/6 687/2/6 688/6/6 398/5/6
f 398/2/1 400/6/1 384/5/1 382/1/1
f 398/2/2 382/6/2 680/5/2 688/1/2
f 382/2/3 384/6/3 681/5/3 680/1/3
f 688/1/4 680/2/4 681/6/4 689/5/4
f 400/6/5 689/5/5 681/1/5 384/2/5
f 398/1/6 688/2/6 689/6/6 400/5/6
f 400/2/1 402/6/1 386/5/1 384/1/1
f 400/5/2 384/1/2 681/2/2 689/6/2
f 384/2/3 386/6/3 682/5/3 681/1/3
f 689/1/4 681/2/4 682/6/4 690/5/4
f 402/1/5 690/2/5 682/6/5 386/5/5
f 400/1/6 689/2/6 690/6/6 402/5/6
f 402/2/1 404/6/1 388/5/1 386/1/1
f 402/6/2 386/2/2 682/1/2 690/5/2
f 386/2/3 388/6/3 683/5/3 682/1/3
f 690/1/4 682/2/4 683/6/4 691/5/4
f 404/2/5 691/1/5 683/5/5 388/6/5
f 402/1/6 690/2/6 691/6/6 404/5/6
f 404/2/1 406/6/1 390/5/1 388/1/1
f 404/6/2 388/2/2 683/1/2 691/5/2
f 388/2/3 390/6/3 684/5/3 683/1/3
f 691/1/4 683/2/4 684/6/4 692/5/4
f 406/2/5 692/1/5 684/5/5 390/6/5
f 404/1/6 691/2/6 692/6/6 406/5/6
f 408/2/1 410/6/1 394/5/1 392/1/1
f 408/5/2 392/1/2 685/2/2 693/6/2
f 392/2/3 394/6/3 686/5/3 685/1/3
f 693/1/4 685/2/4 686/6/4 694/5/4
f 410/1/5 694/2/5 686/6/5 394/5/5
f 408/1/6 693/2/6 694/6/6 410/5/6
f 410/2/1 412/6/1 396/5/1 394/1/1
f 410/5/2 394/1/2 686/2/2 694/6/2
f 394/2/3 396/6/3 687/5/3 686/1/3
f 694/1/4 686/2/4 687/6/4 695/5/4
f 412/1/5 695/2/5 687/6/5 396/5/5
f 410/1/6 694/2/6 695/6/6 412/5/6
f 412/2/1 414/6/1 398/5/1 396/1/1
f 412/1/2 396/5/2 687/6/2 695/2/2
f 396/2/3 398/6/3 688/5/3 687/1/3
f 695/1/4 687/2/4 688/6/4 696/5/4
f 414/5/5 696/6/5 688/2/5 398/1/5
f 412/1/6 695/2/6 696/6/6 414/5/6
f 414/2/1 416/6/1 400/5/1 398/1/1
f 414/1/2 398/5/2 688/6/2 696/2/2
f 398/2/3 400/6/3 689/5/3 688/1/3
f 696/1/4 688/2/4 689/6/4 697/5/4
f 416/5/5 697/6/5 689/2/5 400/1/5
f 414/1/6 696/2/6 697/6/6 416/5/6
f 416/2/1 418/6/1 402/5/1 400/1/1
f 416/2/2 400/6/2 689/5/2 697/1/2
f 400/2/3 402/6/3 690/5/3 689/1/3
f 697/1/4 689/2/4 690/6/4 698/5/4
f 418/6/5 698/5/5 690/1/5 402/2/5
f 416/1/6 697/2/6 698/6/6 418/5/6
f 418/2/1 420/6/1 404/5/1 402/1/1
f 418/6/2 402/2/2 690/1/2 698/5/2
f 402/2/3 404/6/3 691/5/3 690/1/3
f 698/1/4 690/2/4 691/6/4 699/5/4
f 420/2/5 699/1/5 691/5/5 404/6/5
f 418/1/6 698/2/6 699/6/6 420/5/6
f 420/2/1 422/6/1 406/5/1 404/1/1
f 420/2/2 404/6/2 691/5/2 699/1/2
f 404/2/3 406/6/3 692/5/3 691/1/3
f 699/1/4 691/2/4 692/6/4 700/5/4
f 422/6/5 700/5/5 692/1/5 406/2/5
f 420/1/6 699/2/6 700/6/6 422/5/6
f 426/2/1 428/6/1 410/5/1 408/1/1
f 426/6/2 408/2/2 693/1/2 701/5/2
f 408/2/3 410/6/3 694/5/3 693/1/3
f 701/1/4 693/2/4 694/6/4 702/5/4
f 428/2/5 702/1/5 694/5/5 410/6/5
f 426/1/6 701/2/6 702/6/6 428/5/6
f 428/2/1 430/6/1 412/5/1 410/1/1
f 428/1/2 410/5/2 694/6/2 702/2/2
f 410/2/3 412/6/3 695/5/3 694/1/3
f 702/1/4 694/2/4 695/6/4 703/5/4
f 430/5/5 703/6/5 695/2/5 412/1/5
f 428/1/6 702/2/6 703/6/6 430/5/6
f 430/2/1 432/6/1 414/5/1 412/1/1
f 430/2/2 412/6/2 695/5/2 703/1/2
f 412/2/3 414/6/3 696/5/3 695/1/3
f 703/1/4 695/2/4 696/6/4 704/5/4
f 432/6/5 704/5/5 696/1/5 414/2/5
f 430/1/6 703/2/6 704/6/6 432/5/6
f 432/2/1 434/6/1 416/5/1 414/1/1
f 432/6/2 414/2/2 696/1/2 704/5/2
f 414/2/3 416/6/3 697/5/3 696/1/3
f 704/1/4 696/2/4 697/6/4 705/5/4
f 434/2/5 705/1/5 697/5/5 416/6/5
f 432/1/6 704/2/6 705/6/6 434/5/6
f 434/2/1 436/6/1 418/5/1 416/1/1
f 434/2/2 416/6/2 697/5/2 705/1/2
f 416/2/3 418/6/3 698/5/3 697/1/3
f 705/1/4 697/2/4 698/6/4 706/5/4
f 436/6/5 706/5/5 698/1/5 418/2/5
f 434/1/6 705/2/6 706/6/6 436/5/6
f 436/2/1 438/6/1 420/5/1 418/1/1
f 436/1/2 418/5/2 698/6/2 706/2/2
f 418/2/3 420/6/3 699/5/3 698/1/3
f 706/1/4 698/2/4 699/6/4 707/5/4
f 438/5/5 707/6/5 699/2/5 420/1/5
f 436/1/6 706/2/6 707/6/6 438/5/6
f 438/2/1 440/6/1 422/5/1 420/1/1
f 438/5/2 420/1/2 699/2/2 707/6/2
f 420/2/3 422/6/3 700/5/3 699/1/3
f 707/1/4 699/2/4 700/6/4 708/5/4
f 440/1/5 708/2/5 700/6/5 422/5/5
f 438/1/6 707/2/6 708/6/6 440/5/6
f 446/2/1 448/6/1 428/5/1 426/1/1
f 446/2/2 426/6/2 701/5/2 710/1/2
f 426/2/3 428/6/3 702/5/3 701/1/3
f 710/1/4 701/2/4 702/6/4 711/5/4
f 448/6/5 711/5/5 702/1/5 428/2/5
f 446/1/6 710/2/6 711/6/6 448/5/6
f 448/2/1 450/6/1 430/5/1 428/1/1
f 448/6/2 428/2/2 702/1/2 711/5/2
f 428/2/3 430/6/3 703/5/3 702/1/3
f 711/1/4 702/2/4 703/6/4 712/5/4
f 450/2/5 712/1/5 703/5/5 430/6/5
f 448/1/6 711/2/6 712/6/6 450/5/6
f 450/2/1 452/6/1 432/5/1 430/1/1
f 450/6/2 430/2/2 703/1/2 712/5/2
f 430/2/3 432/6/3 704/5/3 703/1/3
f 712/1/4 703/2/4 704/6/4 713/5/4
f 452/2/5 713/1/5 704/5/5 432/6/5
f 450/1/6 712/2/6 713/6/6 452/5/6
f 452/2/1 454/6/1 434/5/1 432/1/1
f 452/2/2 432/6/2 704/5/2 713/1/2
f 432/2/3 434/6/3 705/5/3 704/1/3
f 713/1/4 704/2/4 705/6/4 714/5/4
f 454/6/5 714/5/5 705/1/5 434/2/5
f 452/1/6 713/2/6 714/6/6 454/5/6
f 454/2/1 456/6/1 436/5/1 434/1/1
f 454/5/2 434/1/2 705/2/2 714/6/2
f 434/2/3 436/6/3 706/5/3 705/1/3
f 714/1/4 705/2/4 706/6/4 715/5/4
f 456/1/5 715/2/5 706/6/5 436/5/5
f 454/1/6 714/2/6 715/6/6 456/5/6
f 456/2/1 458/6/1 438/5/1 436/1/1
f 456/2/2 436/6/2 706/5/2 715/1/2
f 436/2/3 438/6/3 707/5/3 706/1/3
f 715/1/4 706/2/4 707/6/4 716/5/4
f 458/6/5 716/5/5 707/1/5 438/2/5
f 456/1/6 715/2/6 716/6/6 458/5/6
f 458/2/1 460/6/1 440/5/1 438/1/1
f 458/1/2 438/5/2 707/6/2 716/2/2
f 438/2/3 440/6/3 708/5/3 707/1/3
f 716/1/4 707/2/4 708/6/4 717/5/4
f 460/5/5 717/6/5 708/2/5 440/1/5
f 458/1/6 716/2/6 717/6/6 460/5/6
f 466/2/1 468/6/1 446/5/1 444/1/1
f 466/6/2 444/2/2 709/1/2 720/5/2
f 444/2/3 446/6/3 710/5/3 709/1/3
f 720/1/4 709/2/4 710/6/4 721/5/4
f 468/2/5 721/1/5 710/5/5 446/6/5
f 466/1/6 720/2/6 721/6/6 468/5/6
f 468/2/1 470/6/1 448/5/1 446/1/1
f 468/1/2 446/5/2 710/6/2 721/2/2
f 446/2/3 448/6/3 711/5/3 710/1/3
f 721/1/4 710/2/4 711/6/4 722/5/4
f 470/5/5 722/6/5 711/2/5 448/1/5
f 468/1/6 721/2/6 722/6/6 470/5/6
f 470/2/1 472/6/1 450/5/1 448/1/1
f 470/6/2 448/2/2 711/1/2 722/5/2
f 448/2/3 450/6/3 712/5/3 711/1/3
f 722/1/4 711/2/4 712/6/4 723/5/4
f 472/2/5 723/1/5 712/5/5 450/6/5
f 470/1/6 722/2/6 723/6/6 472/5/6
f 472/2/1 474/6/1 452/5/1 450/1/1
f 472/1/2 450/5/2 712/6/2 723/2/2
f 450/2/3 452/6/3 713/5/3 712/1/3
f 723/1/4 712/2/4 713/6/4 724/5/4
f 474/5/5 724/6/5 713/2/5 452/1/5
f 472/1/6 723/2/6 724/6/6 474/5/6
f 474/2/1 476/6/1 454/5/1 452/1/1
f 474/2/2 452/6/2 713/5/2 724/1/2
f 452/2/3 454/6/3 714/5/3 713/1/3
f 724/1/4 713/2/4 714/6/4 725/5/4
f 476/6/5 725/5/5 714/1/5 454/2/5
f 474/1/6 724/2/6 725/6/6 476/5/6
f 476/2/1 478/6/1 456/5/1 454/1/1
f 476/6/2 454/2/2 714/1/2 725/5/2
f 454/2/3 456/6/3 715/5/3 714/1/3
f 725/1/4 714/2/4 715/6/4 726/5/4
f 478/2/5 726/1/5 715/5/5 456/6/5
f 476/1/6 725/2/6 726/6/6 478/5/6
f 478/2/1 480/6/1 458/5/1 456/1/1
f 478/5/2 456/1/2 715/2/2 726/6/2
f 456/2/3 458/6/3 716/5/3 715/1/3
f 726/1/4 715/2/4 716/6/4 727/5/4
f 480/1/5 727/2/5 716/6/5 458/5/5
f 478/1/6 726/2/6 727/6/6 480/5/6
f 480/2/1 482/6/1 460/5/1 458/1/1
f 480/2/2 458/6/2 716/5/2 727/1/2
f 458/2/3 460/6/3 717/5/3 716/1/3
f 727/1/4 716/2/4 717/6/4 728/5/4
f 482/6/5 728/5/5 717/1/5 460/2/5
f 480/1/6 727/2/6 728/6/6 482/5/6
f 487/2/1 488/6/1 466/5/1 465/1/1
f 487/2/2 465/6/2 719/5/2 733/1/2
f 465/2/3 466/6/3 720/5/3 719/1/3
f 733/1/4 719/2/4 720/6/4 734/5/4
f 488/6/5 734/5/5 720/1/5 466/2/5
f 487/1/6 733/2/6 734/6/6 488/5/6
f 488/2/1 490/6/1 468/5/1 466/1/1
f 488/6/2 466/2/2 720/1/2 734/5/2
f 466/2/3 468/6/3 721/5/3 720/1/3
f 734/1/4 720/2/4 721/6/4 735/5/4
f 490/2/5 735/1/5 721/5/5 468/6/5
f 488/1/6 734/2/6 735/6/6 490/5/6
f 490/2/1 492/6/1 470/5/1 468/1/1
f 490/2/2 468/6/2 721/5/2 735/1/2
f 468/2/3 470/6/3 722/5/3 721/1/3
f 735/1/4 721/2/4 722/6/4 736/5/4
f 492/6/5 736/5/5 722/1/5 470/2/5
f 490/1/6 735/2/6 736/6/6 492/5/6
f 492/2/1 494/6/1 472/5/1 470/1/1
f 492/2/2 470/6/2 722/5/2 736/1/2
f 470/2/3 472/6/3 723/5/3 722/1/3
f 736/1/4 722/2/4 723/6/4 737/5/4
f 494/6/5 737/5/5 723/1/5 472/2/5
f 492/1/6 736/2/6 737/6/6 494/5/6
f 494/2/1 496/6/1 474/5/1 472/1/1
f 494/1/2 472/5/2 723/6/2 737/2/2
f 472/2/3 474/6/3 724/5/3 723/1/3
f 737/1/4 723/2/4 724/6/4 738/5/4
f 496/5/5 738/6/5 724/2/5 474/1/5
f 494/1/6 737/2/6 738/6/6 496/5/6
f 496/2/1 498/6/1 476/5/1 474/1/1
f 496/1/2 474/5/2 724/6/2 738/2/2
f 474/2/3 476/6/3 725/5/3 724/1/3
f 738/1/4 724/2/4 725/6/4 739/5/4
f 498/5/5 739/6/5 725/2/5 476/1/5
f 496/1/6 738/2/6 739/6/6 498/5/6
f 498/2/1 500/6/1 478/5/1 476/1/1
f 498/1/2 476/5/2 725/6/2 739/2/2
f 476/2/3 478/6/3 726/5/3 725/1/3
f 739/1/4 725/2/4 726/6/4 740/5/4
f 500/5/5 740/6/5 726/2/5 478/1/5
f 498/1/6 739/2/6 740/6/6 500/5/6
f 500/2/1 502/6/1 480/5/1 478/1/1
f 500/1/2 478/5/2 726/6/2 740/2/2
f 478/2/3 480/6/3 727/5/3 726/1/3
f 740/1/4 726/2/4 727/6/4 741/5/4
f 502/5/5 741/6/5 727/2/5 480/1/5
f 500/1/6 740/2/6 741/6/6 502/5/6
f 502/2/1 504/6/1 482/5/1 480/1/1
f 502/2/2 480/6/2 727/5/2 741/1/2
f 480/2/3 482/6/3 728/5/3 727/1/3
f 741/1/4 727/2/4 728/6/4 742/5/4
f 504/6/5 742/5/5 728/1/5 482/2/5
f 502/1/6 741/2/6 742/6/6 504/5/6
f 504/2/1 506/6/1 484/5/1 482/1/1
f 504/1/2 482/5/2 728/6/2 742/2/2
f 482/2/3 484/6/3 729/5/3 728/1/3
f 742/1/4 728/2/4 729/6/4 743/5/4
f 506/5/5 743/6/5 729/2/5 484/1/5
f 504/1/6 742/2/6 743/6/6 506/5/6
f 507/2/1 510/6/1 509/5/1 508/1/1
f 507/6/2 508/2/2 745/1/2 744/5/2
f 508/2/3 509/6/3 746/5/3 745/1/3
f 744/1/4 745/2/4 746/6/4 747/5/4
f 510/2/5 747/1/5 746/5/5 509/6/5
f 507/1/6 744/2/6 747/6/6 510/5/6
f 512/2/1 513/6/1 510/5/1 507/1/1
f 512/5/2 507/1/2 744/2/2 748/6/2
f 507/2/3 510/6/3 747/5/3 744/1/3
f 748/1/4 744/2/4 747/6/4 749/5/4
f 513/1/5 749/2/5 747/6/5 510/5/5
f 512/1/6 748/2/6 749/6/6 513/5/6
f 516/2/1 517/6/1 513/5/1 512/1/1
f 516/5/2 512/1/2 748/2/2 751/6/2
f 512/2/3 513/6/3 749/5/3 748/1/3
f 751/1/4 748/2/4 749/6/4 752/5/4
f 517/1/5 752/2/5 749/6/5 513/5/5
f 516/1/6 751/2/6 752/6/6 517/5/6
f 517/2/1 518/6/1 514/5/1 513/1/1
f 517/2/2 513/6/2 749/5/2 752/1/2
f 513/2/3 514/6/3 750/5/3 749/1/3
f 752/1/4 749/2/4 750/6/4 753/5/4
f 518/6/5 753/5/5 750/1/5 514/2/5
f 517/1/6 752/2/6 753/6/6 518/5/6
f 521/2/1 522/6/1 517/5/1 516/1/1
f 521/6/2 516/2/2 751/1/2 755/5/2
f 516/2/3 517/6/3 752/5/3 751/1/3
f 755/1/4 751/2/4 752/6/4 756/5/4
f 522/2/5 756/1/5 752/5/5 517/6/5
f 521/1/6 755/2/6 756/6/6 522/5/6
f 522/2/1 523/6/1 518/5/1 517/1/1
f 522/6/2 517/2/2 752/1/2 756/5/2
f 517/2/3 518/6/3 753/5/3 752/1/3
f 756/1/4 752/2/4 753/6/4 757/5/4
f 523/2/5 757/1/5 753/5/5 518/6/5
f 522/1/6 756/2/6 757/6/6 523/5/6
f 523/2/1 524/6/1 519/5/1 518/1/1
f 523/6/2 518/2/2 753/1/2 757/5/2
f 518/2/3 519/6/3 754/5/3 753/1/3
f 757/1/4 753/2/4 754/6/4 758/5/4
f 524/2/5 758/1/5 754/5/5 519/6/5
f 523/1/6 757/2/6 758/6/6 524/5/6
f 526/2/1 527/6/1 522/5/1 521/1/1
f 526/2/2 521/6/2 755/5/2 760/1/2
f 521/2/3 522/6/3 756/5/3 755/1/3
f 760/1/4 755/2/4 756/6/4 761/5/4
f 527/6/5 761/5/5 756/1/5 522/2/5
f 526/1/6 760/2/6 761/6/6 527/5/6
f 527/2/1 528/6/1 523/5/1 522/1/1
f 527/5/2 522/1/2 756/2/2 761/6/2
f 522/2/3 523/6/3 757/5/3 756/1/3
f 761/1/4 756/2/4 757/6/4 762/5/4
f 528/1/5 762/2/5 757/6/5 523/5/5
f 527/1/6 761/2/6 762/6/6 528/5/6
f 528/2/1 529/6/1 524/5/1 523/1/1
f 528/2/2 523/6/2 757/5/2 762/1/2
f 523/2/3 524/6/3 758/5/3 757/1/3
f 762/1/4 757/2/4 758/6/4 763/5/4
f 529/6/5 763/5/5 758/1/5 524/2/5
f 528/1/6 762/2/6 763/6/6 529/5/6
f 529/2/1 530/6/1 525/5/1 524/1/1
f 529/5/2 524/1/2 758/2/2 763/6/2
f 524/2/3 525/6/3 759/5/3 758/1/3
f 763/1/4 758/2/4 759/6/4 764/5/4
f 530/1/5 764/2/5 759/6/5 525/5/5
f 529/1/6 763/2/6 764/6/6 530/5/6
f 532/2/1 533/6/1 527/5/1 526/1/1
f 532/5/2 526/1/2 760/2/2 765/6/2
f 526/2/3 527/6/3 761/5/3 760/1/3
f 765/1/4 760/2/4 761/6/4 766/5/4
f 533/1/5 766/2/5 761/6/5 527/5/5
f 532/1/6 765/2/6 766/6/6 533/5/6
f 533/2/1 534/6/1 528/5/1 527/1/1
f 533/5/2 527/1/2 761/2/2 766/6/2
f 527/2/3 528/6/3 762/5/3 761/1/3
f 766/1/4 761/2/4 762/6/4 767/5/4
f 534/1/5 767/2/5 762/6/5 528/5/5
f 533/1/6 766/2/6 767/6/6 534/5/6
f 534/2/1 535/6/1 529/5/1 528/1/1
f 534/1/2 528/5/2 762/6/2 767/2/2
f 528/2/3 529/6/3 763/5/3 762/1/3
f 767/1/4 762/2/4 763/6/4 768/5/4
f 535/5/5 768/6/5 763/2/5 529/1/5
f 534/1/6 767/2/6 768/6/6 535/5/6
f 535/2/1 536/6/1 530/5/1 529/1/1
f 535/5/2 529/1/2 763/2/2 768/6/2
f 529/2/3 530/6/3 764/5/3 763/1/3
f 768/1/4 763/2/4 764/6/4 769/5/4
f 536/1/5 769/2/5 764/6/5 530/5/5
f 535/1/6 768/2/6 769/6/6 536/5/6
f 538/2/1 539/6/1 533/5/1 532/1/1
f 538/6/2 532/2/2 765/1/2 771/5/2
f 532/2/3 533/6/3 766/5/3 765/1/3
f 771/1/4 765/2/4 766/6/4 772/5/4
f 539/2/5 772/1/5 766/5/5 533/6/5
f 538/1/6 771/2/6 772/6/6 539/5/6
f 539/2/1 540/6/1 534/5/1 533/1/1
f 539/1/2 533/5/2 766/6/2 772/2/2
f 533/2/3 534/6/3 767/5/3 766/1/3
f 772/1/4 766/2/4 767/6/4 773/5/4
f 540/5/5 773/6/5 767/2/5 534/1/5
f 539/1/6 772/2/6 773/6/6 540/5/6
f 540/2/1 541/6/1 535/5/1 534/1/1
f 540/5/2 534/1/2 767/2/2 773/6/2
f 534/2/3 535/6/3 768/5/3 767/1/3
f 773/1/4 767/2/4 768/6/4 774/5/4
f 541/1/5 774/2/5 768/6/5 535/5/5
f 540/1/6 773/2/6 774/6/6 541/5/6
f 541/2/1 542/6/1 536/5/1 535/1/1
f 541/6/2 535/2/2 768/1/2 774/5/2
f 535/2/3 536/6/3 769/5/3 768/1/3
f 774/1/4 768/2/4 769/6/4 775/5/4
f 542/2/5 775/1/5 769/5/5 536/6/5
f 541/1/6 774/2/6 775/6/6 542/5/6
f 542/2/1 543/6/1 537/5/1 536/1/1
f 542/2/2 536/6/2 769/5/2 775/1/2
f 536/2/3 537/6/3 770/5/3 769/1/3
f 775/1/4 769/2/4 770/6/4 776/5/4
f 543/6/5 776/5/5 770/1/5 537/2/5
f 542/1/6 775/2/6 776/6/6 543/5/6
f 545/2/1 546/6/1 539/5/1 538/1/1
f 545/6/2 538/2/2 771/1/2 777/5/2
f 538/2/3 539/6/3 772/5/3 771/1/3
f 777/1/4 771/2/4 772/6/4 778/5/4
f 546/2/5 778/1/5 772/5/5 539/6/5
f 545/1/6 777/2/6 778/6/6 546/5/6
f 546/2/1 547/6/1 540/5/1 539/1/1
f 546/2/2 539/6/2 772/5/2 778/1/2
f 539/2/3 540/6/3 773/5/3 772/1/3
f 778/1/4 772/2/4 773/6/4 779/5/4
f 547/6/5 779/5/5 773/1/5 540/2/5
f 546/1/6 778/2/6 779/6/6 547/5/6
f 547/2/1 548/6/1 541/5/1 540/1/1
f 547/1/2 540/5/2 773/6/2 779/2/2
f 540/2/3 541/6/3 774/5/3 773/1/3
f 779/1/4 773/2/4 774/6/4 780/5/4
f 548/5/5 780/6/5 774/2/5 541/1/5
f 547/1/6 779/2/6 780/6/6 548/5/6
f 548/2/1 549/6/1 542/5/1 541/1/1
f 548/5/2 541/1/2 774/2/2 780/6/2
f 541/2/3 542/6/3 775/5/3 774/1/3
f 780/1/4 774/2/4 775/6/4 781/5/4
f 549/1/5 781/2/5 775/6/5 542/5/5
f 548/1/6 780/2/6 781/6/6 549/5/6
f 549/2/1 550/6/1 543/5/1 542/1/1
f 549/2/2 542/6/2 775/5/2 781/1/2
f 542/2/3 543/6/3 776/5/3 775/1/3
f 781/1/4 775/2/4 776/6/4 782/5/4
f 550/6/5 782/5/5 776/1/5 543/2/5
f 549/1/6 781/2/6 782/6/6 550/5/6
f 552/2/1 553/6/1 546/5/1 545/1/1
f 552/6/2 545/2/2 777/1/2 784/5/2
f 545/2/3 546/6/3 778/5/3 777/1/3
f 784/1/4 777/2/4 778/6/4 785/5/4
f 553/2/5 785/1/5 778/5/5 546/6/5
f 552/1/6 784/2/6 785/6/6 553/5/6
f 553/2/1 554/6/1 547/5/1 546/1/1
f 553/6/2 546/2/2 778/1/2 785/5/2
f 546/2/3 547/6/3 779/5/3 778/1/3
f 785/1/4 778/2/4 779/6/4 786/5/4
f 554/2/5 786/1/5 779/5/5 547/6/5
f 553/1/6 785/2/6 786/6/6 554/5/6
f 554/2/1 555/6/1 548/5/1 547/1/1
f 554/6/2 547/2/2 779/1/2 786/5/2
f 547/2/3 548/6/3 780/5/3 779/1/3
f 786/1/4 779/2/4 780/6/4 787/5/4
f 555/2/5 787/1/5 780/5/5 548/6/5
f 554/1/6 786/2/6 787/6/6 555/5/6
f 555/2/1 556/6/1 549/5/1 548/1/1
f 555/5/2 548/1/2 780/2/2 787/6/2
f 548/2/3 549/6/3 781/5/3 780/1/3
f 787/1/4 780/2/4 781/6/4 788/5/4
f 556/1/5 788/2/5 781/6/5 549/5/5
f 555/1/6 787/2/6 788/6/6 556/5/6
f 556/2/1 557/6/1 550/5/1 549/1/1
f 556/1/2 549/5/2 781/6/2 788/2/2
f 549/2/3 550/6/3 782/5/3 781/1/3
f 788/1/4 781/2/4 782/6/4 789/5/4
f 557/5/5 789/6/5 782/2/5 550/1/5
f 556/1/6 788/2/6 789/6/6 557/5/6
f 557/2/1 558/6/1 551/5/1 550/1/1
f 557/1/2 550/5/2 782/6/2 789/2/2
f 550/2/3 551/6/3 783/5/3 782/1/3
f 789/1/4 782/2/4 783/6/4 790/5/4
f 558/5/5 790/6/5 783/2/5 551/1/5
f 557/1/6 789/2/6 790/6/6 558/5/6
f 559/2/1 560/6/1 553/5/1 552/1/1
f 559/2/2 552/6/2 784/5/2 791/1/2
f 552/2/3 553/6/3 785/5/3 784/1/3
f 791/1/4 784/2/4 785/6/4 792/5/4
f 560/6/5 792/5/5 785/1/5 553/2/5
f 559/1/6 791/2/6 792/6/6 560/5/6
f 560/2/1 561/6/1 554/5/1 553/1/1
f 560/1/2 553/5/2 785/6/2 792/2/2
f 553/2/3 554/6/3 786/5/3 785/1/3
f 792/1/4 785/2/4 786/6/4 793/5/4
f 561/5/5 793/6/5 786/2/5 554/1/5
f 560/1/6 792/2/6 793/6/6 561/5/6
f 561/2/1 562/6/1 555/5/1 554/1/1
f 561/6/2 554/2/2 786/1/2 793/5/2
f 554/2/3 555/6/3 787/5/3 786/1/3
f 793/1/4 786/2/4 787/6/4 794/5/4
f 562/2/5 794/1/5 787/5/5 555/6/5
f 561/1/6 793/2/6 794/6/6 562/5/6
f 562/2/1 563/6/1 556/5/1 555/1/1
f 562/6/2 555/2/2 787/1/2 794/5/2
f 555/2/3 556/6/3 788/5/3 787/1/3
f 794/1/4 787/2/4 788/6/4 795/5/4
f 563/2/5 795/1/5 788/5/5 556/6/5
f 562/1/6 794/2/6 795/6/6 563/5/6
f 563/2/1 564/6/1 557/5/1 556/1/1
f 563/6/2 556/2/2 788/1/2 795/5/2
f 556/2/3 557/6/3 789/5/3 788/1/3
f 795/1/4 788/2/4 789/6/4 796/5/4
f 564/2/5 796/1/5 789/5/5 557/6/5
f 563/1/6 795/2/6 796/6/6 564/5/6
f 566/2/1 567/6/1 560/5/1 559/1/1
f 566/2/2 559/6/2 791/5/2 798/1/2
f 559/2/3 560/6/3 792/5/3 791/1/3
f 798/1/4 791/2/4 792/6/4 799/5/4
f 567/6/5 799/5/5 792/1/5 560/2/5
f 566/1/6 798/2/6 799/6/6 567/5/6
f 567/2/1 568/6/1 561/5/1 560/1/1
f 567/1/2 560/5/2 792/6/2 799/2/2
f 560/2/3 561/6/3 793/5/3 792/1/3
f 799/1/4 792/2/4 793/6/4 800/5/4
f 568/5/5 800/6/5 793/2/5 561/1/5
f 567/1/6 799/2/6 800/6/6 568/5/6
f 568/2/1 569/6/1 562/5/1 561/1/1
f 568/2/2 561/6/2 793/5/2 800/1/2
f 561/2/3 562/6/3 794/5/3 793/1/3
f 800/1/4 793/2/4 794/6/4 801/5/4
f 569/6/5 801/5/5 794/1/5 562/2/5
f 568/1/6 800/2/6 801/6/6 569/5/6
f 569/2/1 570/6/1 563/5/1 562/1/1
f 569/1/2 562/5/2 794/6/2 801/2/2
f 562/2/3 563/6/3 795/5/3 794/1/3
f 801/1/4 794/2/4 795/6/4 802/5/4
f 570/5/5 802/6/5 795/2/5 563/1/5
f 569/1/6 801/2/6 802/6/6 570/5/6
f 570/2/1 571/6/1 564/5/1 563/1/1
f 570/5/2 563/1/2 795/2/2 802/6/2
f 563/2/3 564/6/3 796/5/3 795/1/3
f 802/1/4 795/2/4 796/6/4 803/5/4
f 571/1/5 803/2/5 796/6/5 564/5/5
f 570/1/6 802/2/6 803/6/6 571/5/6
f 571/2/1 572/6/1 565/5/1 564/1/1
f 571/6/2 564/2/2 796/1/2 803/5/2
f 564/2/3 565/6/3 797/5/3 796/1/3
f 803/1/4 796/2/4 797/6/4 804/5/4
f 572/2/5 804/1/5 797/5/5 565/6/5
f 571/1/6 803/2/6 804/6/6 572/5/6
f 573/2/1 574/6/1 567/5/1 566/1/1
f 573/2/2 566/6/2 798/5/2 805/1/2
f 566/2/3 567/6/3 799/5/3 798/1/3
f 805/1/4 798/2/4 799/6/4 806/5/4
f 574/6/5 806/5/5 799/1/5 567/2/5
f 573/1/6 805/2/6 806/6/6 574/5/6
f 574/2/1 575/6/1 568/5/1 567/1/1
f 574/1/2 567/5/2 799/6/2 806/2/2
f 567/2/3 568/6/3 800/5/3 799/1/3
f 806/1/4 799/2/4 800/6/4 807/5/4
f 575/5/5 807/6/5 800/2/5 568/1/5
f 574/1/6 806/2/6 807/6/6 575/5/6
f 575/2/1 576/6/1 569/5/1 568/1/1
f 575/1/2 568/5/2 800/6/2 807/2/2
f 568/2/3 569/6/3 801/5/3 800/1/3
f 807/1/4 800/2/4 801/6/4 808/5/4
f 576/5/5 808/6/5 801/2/5 569/1/5
f 575/1/6 807/2/6 808/6/6 576/5/6
f 576/2/1 577/6/1 570/5/1 569/1/1
f 576/5/2 569/1/2 801/2/2 808/6/2
f 569/2/3 570/6/3 802/5/3 801/1/3
f 808/1/4 801/2/4 802/6/4 809/5/4
f 577/1/5 809/2/5 802/6/5 570/5/5
f 576/1/6 808/2/6 809/6/6 577/5/6
f 577/2/1 578/6/1 571/5/1 570/1/1
f 577/5/2 570/1/2 802/2/2 809/6/2
f 570/2/3 571/6/3 803/5/3 802/1/3
f 809/1/4 802/2/4 803/6/4 810/5/4
f 578/1/5 810/2/5 803/6/5 571/5/5
f 577/1/6 809/2/6 810/6/6 578/5/6
f 578/2/1 579/6/1 572/5/1 571/1/1
f 578/2/2 571/6/2 803/5/2 810/1/2
f 571/2/3 572/6/3 804/5/3 803/1/3
f 810/1/4 803/2/4 804/6/4 811/5/4
f 579/6/5 811/5/5 804/1/5 572/2/5
f 578/1/6 810/2/6 811/6/6 579/5/6
f 580/2/1 581/6/1 574/5/1 573/1/1
f 580/2/2 573/6/2 805/5/2 812/1/2
f 573/2/3 574/6/3 806/5/3 805/1/3
f 812/1/4 805/2/4 806/6/4 813/5/4
f 581/6/5 813/5/5 806/1/5 574/2/5
f 580/1/6 812/2/6 813/6/6 581/5/6
f 581/2/1 582/6/1 575/5/1 574/1/1
f 581/5/2 574/1/2 806/2/2 813/6/2
f 574/2/3 575/6/3 807/5/3 806/1/3
f 813/1/4 806/2/4 807/6/4 814/5/4
f 582/1/5 814/2/5 807/6/5 575/5/5
f 581/1/6 813/2/6 814/6/6 582/5/6
f 582/2/1 583/6/1 576/5/1 575/1/1
f 582/2/2 575/6/2 807/5/2 814/1/2
f 575/2/3 576/6/3 808/5/3 807/1/3
f 814/1/4 807/2/4 808/6/4 815/5/4
f 583/6/5 815/5/5 808/1/5 576/2/5
f 582/1/6 814/2/6 815/6/6 583/5/6
f 583/2/1 584/6/1 577/5/1 576/1/1
f 583/1/2 576/5/2 808/6/2 815/2/2
f 576/2/3 577/6/3 809/5/3 808/1/3
f 815/1/4 808/2/4 809/6/4 816/5/4
f 584/5/5 816/6/5 809/2/5 577/1/5
f 583/1/6 815/2/6 816/6/6 584/5/6
f 584/2/1 585/6/1 578/5/1 577/1/1
f 584/2/2 577/6/2 809/5/2 816/1/2
f 577/2/3 578/6/3 810/5/3 809/1/3
f 816/1/4 809/2/4 810/6/4 817/5/4
f 585/6/5 817/5/5 810/1/5 578/2/5
f 584/1/6 816/2/6 817/6/6 585/5/6
f 585/2/1 586/6/1 579/5/1 578/1/1
f 585/5/2 578/1/2 810/2/2 817/6/2
f 578/2/3 579/6/3 811/5/3 810/1/3
f 817/1/4 810/2/4 811/6/4 818/5/4
f 586/1/5 818/2/5 811/6/5 579/5/5
f 585/1/6 817/2/6 818/6/6 586/5/6
f 587/2/1 588/6/1 581/5/1 580/1/1
f 587/6/2 580/2/2 812/1/2 819/5/2
f 580/2/3 581/6/3 813/5/3 812/1/3
f 819/1/4 812/2/4 813/6/4 820/5/4
f 588/2/5 820/1/5 813/5/5 581/6/5
f 587/1/6 819/2/6 820/6/6 588/5/6
f 588/2/1 589/6/1 582/5/1 581/1/1
f 588/1/2 581/5/2 813/6/2 820/2/2
f 581/2/3 582/6/3 814/5/3 813/1/3
f 820/1/4 813/2/4 814/6/4 821/5/4
f 589/5/5 821/6/5 814/2/5 582/1/5
f 588/1/6 820/2/6 821/6/6 589/5/6
f 589/2/1 590/6/1 583/5/1 582/1/1
f 589/2/2 582/6/2 814/5/2 821/1/2
f 582/2/3 583/6/3 815/5/3 814/1/3
f 821/1/4 814/2/4 815/6/4 822/5/4
f 590/6/5 822/5/5 815/1/5 583/2/5
f 589/1/6 821/2/6 822/6/6 590/5/6
f 590/2/1 591/6/1 584/5/1 583/1/1
f 590/6/2 583/2/2 815/1/2 822/5/2
f 583/2/3 584/6/3 816/5/3 815/1/3
f 822/1/4 815/2/4 816/6/4 823/5/4
f 591/2/5 823/1/5 816/5/5 584/6/5
f 590/1/6 822/2/6 823/6/6 591/5/6
f 591/2/1 592/6/1 585/5/1 584/1/1
f 591/6/2 584/2/2 816/1/2 823/5/2
f 584/2/3 585/6/3 817/5/3 816/1/3
f 823/1/4 816/2/4 817/6/4 824/5/4
f 592/2/5 824/1/5 817/5/5 585/6/5
f 591/1/6 823/2/6 824/6/6 592/5/6
f 592/2/1 593/6/1 586/5/1 585/1/1
f 592/2/2 585/6/2 817/5/2 824/1/2
f 585/2/3 586/6/3 818/5/3 817/1/3
f 824/1/4 817/2/4 818/6/4 825/5/4
f 593/6/5 825/5/5 818/1/5 586/2/5
f 592/1/6 824/2/6 825/6/6 593/5/6
f 594/2/1 595/6/1 588/5/1 587/1/1
f 594/2/2 587/6/2 819/5/2 826/1/2
f 587/2/3 588/6/3 820/5/3 819/1/3
f 826/1/4 819/2/4 820/6/4 827/5/4
f 595/6/5 827/5/5 820/1/5 588/2/5
f 594/1/6 826/2/6 827/6/6 595/5/6
f 595/2/1 596/6/1 589/5/1 588/1/1
f 595/5/2 588/1/2 820/2/2 827/6/2
f 588/2/3 589/6/3 821/5/3 820/1/3
f 827/1/4 820/2/4 821/6/4 828/5/4
f 596/1/5 828/2/5 821/6/5 589/5/5
f 595/1/6 827/2/6 828/6/6 596/5/6
f 596/2/1 597/6/1 590/5/1 589/1/1
f 596/6/2 589/2/2 821/1/2 828/5/2
f 589/2/3 590/6/3 822/5/3 821/1/3
f 828/1/4 821/2/4 822/6/4 829/5/4
f 597/2/5 829/1/5 822/5/5 590/6/5
f 596/1/6 828/2/6 829/6/6 597/5/6
f 597/2/1 598/6/1 591/5/1 590/1/1
f 597/6/2 590/2/2 822/1/2 829/5/2
f 590/2/3 591/6/3 823/5/3 822/1/3
f 829/1/4 822/2/4 823/6/4 830/5/4
f 598/2/5 830/1/5 823/5/5 591/6/5
f 597/1/6 829/2/6 830/6/6 598/5/6
f 598/2/1 599/6/1 592/5/1 591/1/1
f 598/1/2 591/5/2 823/6/2 830/2/2
f 591/2/3 592/6/3 824/5/3 823/1/3
f 830/1/4 823/2/4 824/6/4 831/5/4
f 599/5/5 831/6/5 824/2/5 592/1/5
f 598/1/6 830/2/6 831/6/6 599/5/6
f 599/2/1 600/6/1 593/5/1 592/1/1
f 599/2/2 592/6/2 824/5/2 831/1/2
f 592/2/3 593/6/3 825/5/3 824/1/3
f 831/1/4 824/2/4 825/6/4 832/5/4
f 600/6/5 832/5/5 825/1/5 593/2/5
f 599/1/6 831/2/6 832/6/6 600/5/6
f 601/2/1 602/6/1 595/5/1 594/1/1
f 601/5/2 594/1/2 826/2/2 833/6/2
f 594/2/3 595/6/3 827/5/3 826/1/3
f 833/1/4 826/2/4 827/6/4 834/5/4
f 602/1/5 834/2/5 827/6/5 595/5/5
f 601/1/6 833/2/6 834/6/6 602/5/6
f 602/2/1 603/6/1 596/5/1 595/1/1
f 602/2/2 595/6/2 827/5/2 834/1/2
f 595/2/3 596/6/3 828/5/3 827/1/3
f 834/1/4 827/2/4 828/6/4 835/5/4
f 603/6/5 835/5/5 828/1/5 596/2/5
f 602/1/6 834/2/6 835/6/6 603/5/6
f 603/2/1 604/6/1 597/5/1 596/1/1
f 603/2/2 596/6/2 828/5/2 835/1/2
f 596/2/3 597/6/3 829/5/3 828/1/3
f 835/1/4 828/2/4 829/6/4 836/5/4
f 604/6/5 836/5/5 829/1/5 597/2/5
f 603/1/6 835/2/6 836/6/6 604/5/6
f 604/2/1 605/6/1 598/5/1 597/1/1
f 604/1/2 597/5/2 829/6/2 836/2/2
f 597/2/3 598/6/3 830/5/3 829/1/3
f 836/1/4 829/2/4 830/6/4 837/5/4
f 605/5/5 837/6/5 830/2/5 598/1/5
f 604/1/6 836/2/6 837/6/6 605/5/6
f 605/2/1 606/6/1 599/5/1 598/1/1
f 605/1/2 598/5/2 830/6/2 837/2/2
f 598/2/3 599/6/3 831/5/3 830/1/3
f 837/1/4 830/2/4 831/6/4 838/5/4
f 606/5/5 838/6/5 831/2/5 599/1/5
f 605/1/6 837/2/6 838/6/6 606/5/6
f 606/2/1 607/6/1 600/5/1 599/1/1
f 606/5/2 599/1/2 831/2/2 838/6/2
f 599/2/3 600/6/3 832/5/3 831/1/3
f 838/1/4 831/2/4 832/6/4 839/5/4
f 607/1/5 839/2/5 832/6/5 600/5/5
f 606/1/6 838/2/6 839/6/6 607/5/6
f 608/2/1 609/6/1 602/5/1 601/1/1
f 608/5/2 601/1/2 833/2/2 840/6/2
f 601/2/3 602/6/3 834/5/3 833/1/3
f 840/1/4 833/2/4 834/6/4 841/5/4
f 609/1/5 841/2/5 834/6/5 602/5/5
f 608/1/6 840/2/6 841/6/6 609/5/6
f 609/2/1 610/6/1 603/5/1 602/1/1
f 609/2/2 602/6/2 834/5/2 841/1/2
f 602/2/3 603/6/3 835/5/3 834/1/3
f 841/1/4 834/2/4 835/6/4 842/5/4
f 610/6/5 842/5/5 835/1/5 603/2/5
f 609/1/6 841/2/6 842/6/6 610/5/6
f 610/2/1 611/6/1 604/5/1 603/1/1
f 610/6/2 603/2/2 835/1/2 842/5/2
f 603/2/3 604/6/3 836/5/3 835/1/3
f 842/1/4 835/2/4 836/6/4 843/5/4
f 611/2/5 843/1/5 836/5/5 604/6/5
f 610/1/6 842/2/6 843/6/6 611/5/6
f 611/2/1 612/6/1 605/5/1 604/1/1
f 611/2/2 604/6/2 836/5/2 843/1/2
f 604/2/3 605/6/3 837/5/3 836/1/3
f 843/1/4 836/2/4 837/6/4 844/5/4
f 612/6/5 844/5/5 837/1/5 605/2/5
f 611/1/6 843/2/6 844/6/6 612/5/6
f 612/2/1 613/6/1 606/5/1 605/1/1
f 612/1/2 605/5/2 837/6/2 844/2/2
f 605/2/3 606/6/3 838/5/3 837/1/3
f 844/1/4 837/2/4 838/6/4 845/5/4
f 613/5/5 845/6/5 838/2/5 606/1/5
f 612/1/6 844/2/6 845/6/6 613/5/6
f 613/2/1 614/6/1 607/5/1 606/1/1
f 613/6/2 606/2/2 838/1/2 845/5/2
f 606/2/3 607/6/3 839/5/3 838/1/3
f 845/1/4 838/2/4 839/6/4 846/5/4
f 614/2/5 846/1/5 839/5/5 607/6/5
f 613/1/6 845/2/6 846/6/6 614/5/6
f 616/2/1 617/6/1 609/5/1 608/1/1
f 616/6/2 608/2/2 840/1/2 847/5/2
f 608/2/3 609/6/3 841/5/3 840/1/3
f 847/1/4 840/2/4 841/6/4 848/5/4
f 617/2/5 848/1/5 841/5/5 609/6/5
f 616/1/6 847/2/6 848/6/6 617/5/6
f 617/2/1 618/6/1 610/5/1 609/1/1
f 617/6/2 609/2/2 841/1/2 848/5/2
f 609/2/3 610/6/3 842/5/3 841/1/3
f 848/1/4 841/2/4 842/6/4 849/5/4
f 618/2/5 849/1/5 842/5/5 610/6/5
f 617/1/6 848/2/6 849/6/6 618/5/6
f 618/2/1 619/6/1 611/5/1 610/1/1
f 618/1/2 610/5/2 842/6/2 849/2/2
f 610/2/3 611/6/3 843/5/3 842/1/3
f 849/1/4 842/2/4 843/6/4 850/5/4
f 619/5/5 850/6/5 843/2/5 611/1/5
f 618/1/6 849/2/6 850/6/6 619/5/6
f 619/2/1 620/6/1 612/5/1 611/1/1
f 619/1/2 611/5/2 843/6/2 850/2/2
f 611/2/3 612/6/3 844/5/3 843/1/3
f 850/1/4 843/2/4 844/6/4 851/5/4
f 620/5/5 851/6/5 844/2/5 612/1/5
f 619/1/6 850/2/6 851/6/6 620/5/6
f 620/2/1 621/6/1 613/5/1 612/1/1
f 620/5/2 612/1/2 844/2/2 851/6/2
f 612/2/3 613/6/3 845/5/3 844/1/3
f 851/1/4 844/2/4 845/6/4 852/5/4
f 621/1/5 852/2/5 845/6/5 613/5/5
f 620/1/6 851/2/6 852/6/6 621/5/6
f 621/2/1 622/6/1 614/5/1 613/1/1
f 621/2/2 613/6/2 845/5/2 852/1/2
f 613/2/3 614/6/3 846/5/3 845/1/3
f 852/1/4 845/2/4 846/6/4 853/5/4
f 622/6/5 853/5/5 846/1/5 614/2/5
f 621/1/6 852/2/6 853/6/6 622/5/6
f 626/2/1 627/6/1 619/5/1 618/1/1
f 626/2/2 618/6/2 849/5/2 857/1/2
f 618/2/3 619/6/3 850/5/3 849/1/3
f 857/1/4 849/2/4 850/6/4 858/5/4
f 627/6/5 858/5/5 850/1/5 619/2/5
f 626/1/6 857/2/6 858/6/6 627/5/6
f 627/2/1 628/6/1 620/5/1 619/1/1
f 627/2/2 619/6/2 850/5/2 858/1/2
f 619/2/3 620/6/3 851/5/3 850/1/3
f 858/1/4 850/2/4 851/6/4 859/5/4
f 628/6/5 859/5/5 851/1/5 620/2/5
f 627/1/6 858/2/6 859/6/6 628/5/6
f 628/2/1 629/6/1 621/5/1 620/1/1
f 628/6/2 620/2/2 851/1/2 859/5/2
f 620/2/3 621/6/3 852/5/3 851/1/3
f 859/1/4 851/2/4 852/6/4 860/5/4
f 629/2/5 860/1/5 852/5/5 621/6/5
f 628/1/6 859/2/6 860/6/6 629/5/6
f 629/2/1 630/6/1 622/5/1 621/1/1
f 629/6/2 621/2/2 852/1/2 860/5/2
f 621/2/3 622/6/3 853/5/3 852/1/3
f 860/1/4 852/2/4 853/6/4 861/5/4
f 630/2/5 861/1/5 853/5/5 622/6/5
f 629/1/6 860/2/6 861/6/6 630/5/6
f 630/2/1 631/6/1 623/5/1 622/1/1
f 630/1/2 622/5/2 853/6/2 861/2/2
f 622/2/3 623/6/3 854/5/3 853/1/3
f 861/1/4 853/2/4 854/6/4 862/5/4
f 631/5/5 862/6/5 854/2/5 623/1/5
f 630/1/6 861/2/6 862/6/6 631/5/6
f 632/2/1 633/6/1 625/5/1 624/1/1
f 632/2/2 624/6/2 855/5/2 863/1/2
f 624/2/3 625/6/3 856/5/3 855/1/3
f 863/1/4 855/2/4 856/6/4 864/5/4
f 633/6/5 864/5/5 856/1/5 625/2/5
f 632/1/6 863/2/6 864/6/6 633/5/6
f 633/2/1 634/6/1 626/5/1 625/1/1
f 633/1/2 625/5/2 856/6/2 864/2/2
f 625/2/3 626/6/3 857/5/3 856/1/3
f 864/1/4 856/2/4 857/6/4 865/5/4
f 634/5/5 865/6/5 857/2/5 626/1/5
f 633/1/6 864/2/6 865/6/6 634/5/6
f 634/2/1 635/6/1 627/5/1 626/1/1
f 634/6/2 626/2/2 857/1/2 865/5/2
f 626/2/3 627/6/3 858/5/3 857/1/3
f 865/1/4 857/2/4 858/6/4 866/5/4
f 635/2/5 866/1/5 858/5/5 627/6/5
f 634/1/6 865/2/6 866/6/6 635/5/6
f 635/2/1 636/6/1 628/5/1 627/1/1
f 635/6/2 627/2/2 858/1/2 866/5/2
f 627/2/3 628/6/3 859/5/3 858/1/3
f 866/1/4 858/2/4 859/6/4 867/5/4
f 636/2/5 867/1/5 859/5/5 628/6/5
f 635/1/6 866/2/6 867/6/6 636/5/6
f 636/2/1 637/6/1 629/5/1 628/1/1
f 636/5/2 628/1/2 859/2/2 867/6/2
f 628/2/3 629/6/3 860/5/3 859/1/3
f 867/1/4 859/2/4 860/6/4 868/5/4
f 637/1/5 868/2/5 860/6/5 629/5/5
f 636/1/6 867/2/6 868/6/6 637/5/6
f 637/2/1 638/6/1 630/5/1 629/1/1
f 637/1/2 629/5/2 860/6/2 868/2/2
f 629/2/3 630/6/3 861/5/3 860/1/3
f 868/1/4 860/2/4 861/6/4 869/5/4
f 638/5/5 869/6/5 861/2/5 630/1/5
f 637/1/6 868/2/6 869/6/6 638/5/6
f 638/2/1 639/6/1 631/5/1 630/1/1
f 638/1/2 630/5/2 861/6/2 869/2/2
f 630/2/3 631/6/3 862/5/3 861/1/3
f 869/1/4 861/2/4 862/6/4 870/5/4
f 639/5/5 870/6/5 862/2/5 631/1/5
f 638/1/6 869/2/6 870/6/6 639/5/6
f 640/2/1 641/6/1 633/5/1 632/1/1
f 640/1/2 632/5/2 863/6/2 871/2/2
f 632/2/3 633/6/3 864/5/3 863/1/3
f 871/1/4 863/2/4 864/6/4 872/5/4
f 641/5/5 872/6/5 864/2/5 633/1/5
f 640/1/6 871/2/6 872/6/6 641/5/6
f 641/2/1 642/6/1 634/5/1 633/1/1
f 641/2/2 633/6/2 864/5/2 872/1/2
f 633/2/3 634/6/3 865/5/3 864/1/3
f 872/1/4 864/2/4 865/6/4 873/5/4
f 642/6/5 873/5/5 865/1/5 634/2/5
f 641/1/6 872/2/6 873/6/6 642/5/6
f 642/2/1 643/6/1 635/5/1 634/1/1
f 642/2/2 634/6/2 865/5/2 873/1/2
f 634/2/3 635/6/3 866/5/3 865/1/3
f 873/1/4 865/2/4 866/6/4 874/5/4
f 643/6/5 874/5/5 866/1/5 635/2/5
f 642/1/6 873/2/6 874/6/6 643/5/6
f 643/2/1 644/6/1 636/5/1 635/1/1
f 643/5/2 635/1/2 866/2/2 874/6/2
f 635/2/3 636/6/3 867/5/3 866/1/3
f 874/1/4 866/2/4 867/6/4 875/5/4
f 644/1/5 875/2/5 867/6/5 636/5/5
f 643/1/6 874/2/6 875/6/6 644/5/6
f 644/2/1 645/6/1 637/5/1 636/1/1
f 644/1/2 636/5/2 867/6/2 875/2/2
f 636/2/3 637/6/3 868/5/3 867/1/3
f 875/1/4 867/2/4 868/6/4 876/5/4
f 645/5/5 876/6/5 868/2/5 637/1/5
f 644/1/6 875/2/6 876/6/6 645/5/6
f 645/2/1 646/6/1 638/5/1 637/1/1
f 645/5/2 637/1/2 868/2/2 876/6/2
f 637/2/3 638/6/3 869/5/3 868/1/3
f 876/1/4 868/2/4 869/6/4 877/5/4
f 646/1/5 877/2/5 869/6/5 638/5/5
f 645/1/6 876/2/6 877/6/6 646/5/6
f 646/2/1 647/6/1 639/5/1 638/1/1
f 646/2/2 638/6/2 869/5/2 877/1/2
f 638/2/3 639/6/3 870/5/3 869/1/3
f 877/1/4 869/2/4 870/6/4 878/5/4
f 647/6/5 878/5/5 870/1/5 639/2/5
f 646/1/6 877/2/6 878/6/6 647/5/6
f 649/2/1 650/6/1 641/5/1 640/1/1
f 649/6/2 640/2/2 871/1/2 879/5/2
f 640/2/3 641/6/3 872/5/3 871/1/3
f 879/1/4 871/2/4 872/6/4 880/5/4
f 650/2/5 880/1/5 872/5/5 641/6/5
f 649/1/6 879/2/6 880/6/6 650/5/6
f 650/2/1 651/6/1 642/5/1 641/1/1
f 650/2/2 641/6/2 872/5/2 880/1/2
f 641/2/3 642/6/3 873/5/3 872/1/3
f 880/1/4 872/2/4 873/6/4 881/5/4
f 651/6/5 881/5/5 873/1/5 642/2/5
f 650/1/6 880/2/6 881/6/6 651/5/6
f 651/2/1 652/6/1 643/5/1 642/1/1
f 651/6/2 642/2/2 873/1/2 881/5/2
f 642/2/3 643/6/3 874/5/3 873/1/3
f 881/1/4 873/2/4 874/6/4 882/5/4
f 652/2/5 882/1/5 874/5/5 643/6/5
f 651/1/6 881/2/6 882/6/6 652/5/6
f 652/2/1 653/6/1 644/5/1 643/1/1
f 652/2/2 643/6/2 874/5/2 882/1/2
f 643/2/3 644/6/3 875/5/3 874/1/3
f 882/1/4 874/2/4 875/6/4 883/5/4
f 653/6/5 883/5/5 875/1/5 644/2/5
f 652/1/6 882/2/6 883/6/6 653/5/6
f 653/2/1 654/6/1 645/5/1 644/1/1
f 653/5/2 644/1/2 875/2/2 883/6/2
f 644/2/3 645/6/3 876/5/3 875/1/3
f 883/1/4 875/2/4 876/6/4 884/5/4
f 654/1/5 884/2/5 876/6/5 645/5/5
f 653/1/6 883/2/6 884/6/6 654/5/6
f 657/2/1 658/6/1 650/5/1 649/1/1
f 657/2/2 649/6/2 879/5/2 887/1/2
f 649/2/3 650/6/3 880/5/3 879/1/3
f 887/1/4 879/2/4 880/6/4 888/5/4
f 658/6/5 888/5/5 880/1/5 650/2/5
f 657/1/6 887/2/6 888/6/6 658/5/6
f 658/2/1 659/6/1 651/5/1 650/1/1
f 658/6/2 650/2/2 880/1/2 888/5/2
f 650/2/3 651/6/3 881/5/3 880/1/3
f 888/1/4 880/2/4 881/6/4 889/5/4
f 659/2/5 889/1/5 881/5/5 651/6/5
f 658/1/6 888/2/6 889/6/6 659/5/6
f 659/2/1 660/6/1 652/5/1 651/1/1
f 659/6/2 651/2/2 881/1/2 889/5/2
f 651/2/3 652/6/3 882/5/3 881/1/3
f 889/1/4 881/2/4 882/6/4 890/5/4
f 660/2/5 890/1/5 882/5/5 652/6/5
f 659/1/6 889/2/6 890/6/6 660/5/6
f 660/2/1 661/6/1 653/5/1 652/1/1
f 660/2/2 652/6/2 882/5/2 890/1/2
f 652/2/3 653/6/3 883/5/3 882/1/3
f 890/1/4 882/2/4 883/6/4 891/5/4
f 661/6/5 891/5/5 883/1/5 653/2/5
f 660/1/6 890/2/6 891/6/6 661/5/6
f 661/2/1 662/6/1 654/5/1 653/1/1
f 661/5/2 653/1/2 883/2/2 891/6/2
f 653/2/3 654/6/3 884/5/3 883/1/3
f 891/1/4 883/2/4 884/6/4 892/5/4
f 662/1/5 892/2/5 884/6/5 654/5/5
f 661/1/6 891/2/6 892/6/6 662/5/6
f 668/2/1 669/6/1 659/5/1 658/1/1
f 668/5/2 658/1/2 888/2/2 896/6/2
f 658/2/3 659/6/3 889/5/3 888/1/3
f 896/1/4 888/2/4 889/6/4 897/5/4
f 669/1/5 897/2/5 889/6/5 659/5/5
f 668/1/6 896/2/6 897/6/6 669/5/6
f 669/2/1 670/6/1 660/5/1 659/1/1
f 669/1/2 659/5/2 889/6/2 897/2/2
f 659/2/3 660/6/3 890/5/3 889/1/3
f 897/1/4 889/2/4 890/6/4 898/5/4
f 670/5/5 898/6/5 890/2/5 660/1/5
f 669/1/6 897/2/6 898/6/6 670/5/6
f 670/2/1 671/6/1 661/5/1 660/1/1
f 670/1/2 660/5/2 890/6/2 898/2/2
f 660/2/3 661/6/3 891/5/3 890/1/3
f 898/1/4 890/2/4 891/6/4 899/5/4
f 671/5/5 899/6/5 891/2/5 661/1/5
f 670/1/6 898/2/6 899/6/6 671/5/6
f 671/2/1 672/6/1 662/5/1 661/1/1
f 671/5/2 661/1/2 891/2/2 899/6/2
f 661/2/3 662/6/3 892/5/3 891/1/3
f 899/1/4 891/2/4 892/6/4 900/5/4
f 672/1/5 900/2/5 892/6/5 662/5/5
f 671/1/6 899/2/6 900/6/6 672/5/6
f 674/2/1 675/6/1 666/5/1 665/1/1
f 674/6/2 665/2/2 893/1/2 901/5/2
f 665/2/3 666/6/3 894/5/3 893/1/3
f 901/1/4 893/2/4 894/6/4 902/5/4
f 675/2/5 902/1/5 894/5/5 666/6/5
f 674/1/6 901/2/6 902/6/6 675/5/6
f 675/2/1 676/6/1 667/5/1 666/1/1
f 675/5/2 666/1/2 894/2/2 902/6/2
f 666/2/3 667/6/3 895/5/3 894/1/3
f 902/1/4 894/2/4 895/6/4 903/5/4
f 676/1/5 903/2/5 895/6/5 667/5/5
f 675/1/6 902/2/6 903/6/6 676/5/6
f 677/2/1 678/6/1 670/5/1 669/1/1
f 677/2/2 669/6/2 897/5/2 904/1/2
f 669/2/3 670/6/3 898/5/3 897/1/3
f 904/1/4 897/2/4 898/6/4 905/5/4
f 678/6/5 905/5/5 898/1/5 670/2/5
f 677/1/6 904/2/6 905/6/6 678/5/6
f 678/2/1 679/6/1 671/5/1 670/1/1
f 678/5/2 670/1/2 898/2/2 905/6/2
f 670/2/3 671/6/3 899/5/3 898/1/3
f 905/1/4 898/2/4 899/6/4 906/5/4
f 679/1/5 906/2/5 899/6/5 671/5/5
f 678/1/6 905/2/6 906/6/6 679/5/6
f 679/2/1 680/6/1 672/5/1 671/1/1
f 679/1/2 671/5/2 899/6/2 906/2/2
f 671/2/3 672/6/3 900/5/3 899/1/3
f 906/1/4 899/2/4 900/6/4 907/5/4
f 680/5/5 907/6/5 900/2/5 672/1/5
f 679/1/6 906/2/6 907/6/6 680/5/6
f 680/2/1 681/6/1 673/5/1 672/1/1
f 680/5/2 672/1/2 900/2/2 907/6/2
f 672/2/3 673/6/3 908/5/3 900/1/3
f 907/1/4 900/2/4 908/6/4 909/5/4
f 681/1/5 909/2/5 908/6/5 673/5/5
f 680/1/6 907/2/6 909/6/6 681/5/6
f 681/2/1 682/6/1 674/5/1 673/1/1
f 681/2/2 673/6/2 908/5/2 909/1/2
f 673/2/3 674/6/3 901/5/3 908/1/3
f 909/1/4 908/2/4 901/6/4 910/5/4
f 682/6/5 910/5/5 901/1/5 674/2/5
f 681/1/6 909/2/6 910/6/6 682/5/6
f 682/2/1 683/6/1 675/5/1 674/1/1
f 682/1/2 674/5/2 901/6/2 910/2/2
f 674/2/3 675/6/3 902/5/3 901/1/3
f 910/1/4 901/2/4 902/6/4 911/5/4
f 683/5/5 911/6/5 902/2/5 675/1/5
f 682/1/6 910/2/6 911/6/6 683/5/6
f 683/2/1 684/6/1 676/5/1 675/1/1
f 683/2/2 675/6/2 902/5/2 911/1/2
f 675/2/3 676/6/3 903/5/3 902/1/3
f 911/1/4 902/2/4 903/6/4 912/5/4
f 684/6/5 912/5/5 903/1/5 676/2/5
f 683/1/6 911/2/6 912/6/6 684/5/6
f 686/2/1 687/6/1 679/5/1 678/1/1
f 686/2/2 678/6/2 905/5/2 913/1/2
f 678/2/3 679/6/3 906/5/3 905/1/3
f 913/1/4 905/2/4 906/6/4 914/5/4
f 687/6/5 914/5/5 906/1/5 679/2/5
f 686/1/6 913/2/6 914/6/6 687/5/6
f 687/2/1 688/6/1 680/5/1 679/1/1
f 687/5/2 679/1/2 906/2/2 914/6/2
f 679/2/3 680/6/3 907/5/3 906/1/3
f 914/1/4 906/2/4 907/6/4 915/5/4
f 688/1/5 915/2/5 907/6/5 680/5/5
f 687/1/6 914/2/6 915/6/6 688/5/6
f 688/2/1 689/6/1 681/5/1 680/1/1
f 688/2/2 680/6/2 907/5/2 915/1/2
f 680/2/3 681/6/3 909/5/3 907/1/3
f 915/1/4 907/2/4 909/6/4 916/5/4
f 689/6/5 916/5/5 909/1/5 681/2/5
f 688/1/6 915/2/6 916/6/6 689/5/6
f 689/2/1 690/6/1 682/5/1 681/1/1
f 689/1/2 681/5/2 909/6/2 916/2/2
f 681/2/3 682/6/3 910/5/3 909/1/3
f 916/1/4 909/2/4 910/6/4 917/5/4
f 690/5/5 917/6/5 910/2/5 682/1/5
f 689/1/6 916/2/6 917/6/6 690/5/6
f 690/2/1 691/6/1 683/5/1 682/1/1
f 690/2/2 682/6/2 910/5/2 917/1/2
f 682/2/3 683/6/3 911/5/3 910/1/3
f 917/1/4 910/2/4 911/6/4 918/5/4
f 691/6/5 918/5/5 911/1/5 683/2/5
f 690/1/6 917/2/6 918/6/6 691/5/6
f 691/2/1 692/6/1 684/5/1 683/1/1
f 691/6/2 683/2/2 911/1/2 918/5/2
f 683/2/3 684/6/3 912/5/3 911/1/3
f 918/1/4 911/2/4 912/6/4 919/5/4
f 692/2/5 919/1/5 912/5/5 684/6/5
f 691/1/6 918/2/6 919/6/6 692/5/6
f 694/2/1 695/6/1 687/5/1 686/1/1
f 694/5/2 686/1/2 913/2/2 920/6/2
f 686/2/3 687/6/3 914/5/3 913/1/3
f 920/1/4 913/2/4 914/6/4 921/5/4
f 695/1/5 921/2/5 914/6/5 687/5/5
f 694/1/6 920/2/6 921/6/6 695/5/6
f 695/2/1 696/6/1 688/5/1 687/1/1
f 695/2/2 687/6/2 914/5/2 921/1/2
f 687/2/3 688/6/3 915/5/3 914/1/3
f 921/1/4 914/2/4 915/6/4 922/5/4
f 696/6/5 922/5/5 915/1/5 688/2/5
f 695/1/6 921/2/6 922/6/6 696/5/6
f 696/2/1 697/6/1 689/5/1 688/1/1
f 696/1/2 688/5/2 915/6/2 922/2/2
f 688/2/3 689/6/3 916/5/3 915/1/3
f 922/1/4 915/2/4 916/6/4 923/5/4
f 697/5/5 923/6/5 916/2/5 689/1/5
f 696/1/6 922/2/6 923/6/6 697/5/6
f 697/2/1 698/6/1 690/5/1 689/1/1
f 697/6/2 689/2/2 916/1/2 923/5/2
f 689/2/3 690/6/3 917/5/3 916/1/3
f 923/1/4 916/2/4 917/6/4 924/5/4
f 698/2/5 924/1/5 917/5/5 690/6/5
f 697/1/6 923/2/6 924/6/6 698/5/6
f 698/2/1 699/6/1 691/5/1 690/1/1
f 698/6/2 690/2/2 917/1/2 924/5/2
f 690/2/3 691/6/3 918/5/3 917/1/3
f 924/1/4 917/2/4 918/6/4 925/5/4
f 699/2/5 925/1/5 918/5/5 691/6/5
f 698/1/6 924/2/6 925/6/6 699/5/6
f 699/2/1 700/6/1 692/5/1 691/1/1
f 699/5/2 691/1/2 918/2/2 925/6/2
f 691/2/3 692/6/3 919/5/3 918/1/3
f 925/1/4 918/2/4 919/6/4 926/5/4
f 700/1/5 926/2/5 919/6/5 692/5/5
f 699/1/6 925/2/6 926/6/6 700/5/6
f 702/2/1 703/6/1 695/5/1 694/1/1
f 702/6/2 694/2/2 920/1/2 928/5/2
f 694/2/3 695/6/3 921/5/3 920/1/3
f 928/1/4 920/2/4 921/6/4 929/5/4
f 703/2/5 929/1/5 921/5/5 695/6/5
f 702/1/6 928/2/6 929/6/6 703/5/6
f 703/2/1 704/6/1 696/5/1 695/1/1
f 703/2/2 695/6/2 921/5/2 929/1/2
f 695/2/3 696/6/3 922/5/3 921/1/3
f 929/1/4 921/2/4 922/6/4 930/5/4
f 704/6/5 930/5/5 922/1/5 696/2/5
f 703/1/6 929/2/6 930/6/6 704/5/6
f 704/2/1 705/6/1 697/5/1 696/1/1
f 704/2/2 696/6/2 922/5/2 930/1/2
f 696/2/3 697/6/3 923/5/3 922/1/3
f 930/1/4 922/2/4 923/6/4 931/5/4
f 705/6/5 931/5/5 923/1/5 697/2/5
f 704/1/6 930/2/6 931/6/6 705/5/6
f 705/2/1 706/6/1 698/5/1 697/1/1
f 705/5/2 697/1/2 923/2/2 931/6/2
f 697/2/3 698/6/3 924/5/3 923/1/3
f 931/1/4 923/2/4 924/6/4 932/5/4
f 706/1/5 932/2/5 924/6/5 698/5/5
f 705/1/6 931/2/6 932/6/6 706/5/6
f 706/2/1 707/6/1 699/5/1 698/1/1
f 706/1/2 698/5/2 924/6/2 932/2/2
f 698/2/3 699/6/3 925/5/3 924/1/3
f 932/1/4 924/2/4 925/6/4 933/5/4
f 707/5/5 933/6/5 925/2/5 699/1/5
f 706/1/6 932/2/6 933/6/6 707/5/6
f 707/2/1 708/6/1 700/5/1 699/1/1
f 707/1/2 699/5/2 925/6/2 933/2/2
f 699/2/3 700/6/3 926/5/3 925/1/3
f 933/1/4 925/2/4 926/6/4 934/5/4
f 708/5/5 934/6/5 926/2/5 700/1/5
f 707/1/6 933/2/6 934/6/6 708/5/6
f 710/2/1 711/6/1 702/5/1 701/1/1
f 710/2/2 701/6/2 927/5/2 935/1/2
f 701/2/3 702/6/3 928/5/3 927/1/3
f 935/1/4 927/2/4 928/6/4 936/5/4
f 711/6/5 936/5/5 928/1/5 702/2/5
f 710/1/6 935/2/6 936/6/6 711/5/6
f 711/2/1 712/6/1 703/5/1 702/1/1
f 711/1/2 702/5/2 928/6/2 936/2/2
f 702/2/3 703/6/3 929/5/3 928/1/3
f 936/1/4 928/2/4 929/6/4 937/5/4
f 712/5/5 937/6/5 929/2/5 703/1/5
f 711/1/6 936/2/6 937/6/6 712/5/6
f 712/2/1 713/6/1 704/5/1 703/1/1
f 712/1/2 703/5/2 929/6/2 937/2/2
f 703/2/3 704/6/3 930/5/3 929/1/3
f 937/1/4 929/2/4 930/6/4 938/5/4
f 713/5/5 938/6/5 930/2/5 704/1/5
f 712/1/6 937/2/6 938/6/6 713/5/6
f 713/2/1 714/6/1 705/5/1 704/1/1
f 713/6/2 704/2/2 930/1/2 938/5/2
f 704/2/3 705/6/3 931/5/3 930/1/3
f 938/1/4 930/2/4 931/6/4 939/5/4
f 714/2/5 939/1/5 931/5/5 705/6/5
f 713/1/6 938/2/6 939/6/6 714/5/6
f 714/2/1 715/6/1 706/5/1 705/1/1
f 714/5/2 705/1/2 931/2/2 939/6/2
f 705/2/3 706/6/3 932/5/3 931/1/3
f 939/1/4 931/2/4 932/6/4 940/5/4
f 715/1/5 940/2/5 932/6/5 706/5/5
f 714/1/6 939/2/6 940/6/6 715/5/6
f 715/2/1 716/6/1 707/5/1 706/1/1
f 715/2/2 706/6/2 932/5/2 940/1/2
f 706/2/3 707/6/3 933/5/3 932/1/3
f 940/1/4 932/2/4 933/6/4 941/5/4
f 716/6/5 941/5/5 933/1/5 707/2/5
f 715/1/6 940/2/6 941/6/6 716/5/6
f 716/2/1 717/6/1 708/5/1 707/1/1
f 716/5/2 707/1/2 933/2/2 941/6/2
f 707/2/3 708/6/3 934/5/3 933/1/3
f 941/1/4 933/2/4 934/6/4 942/5/4
f 717/1/5 942/2/5 934/6/5 708/5/5
f 716/1/6 941/2/6 942/6/6 717/5/6
f 721/2/1 722/6/1 711/5/1 710/1/1
f 721/2/2 710/6/2 935/5/2 945/1/2
f 710/2/3 711/6/3 936/5/3 935/1/3
f 945/1/4 935/2/4 936/6/4 946/5/4
f 722/6/5 946/5/5 936/1/5 711/2/5
f 721/1/6 945/2/6 946/6/6 722/5/6
f 722/2/1 723/6/1 712/5/1 711/1/1
f 722/1/2 711/5/2 936/6/2 946/2/2
f 711/2/3 712/6/3 937/5/3 936/1/3
f 946/1/4 936/2/4 937/6/4 947/5/4
f 723/5/5 947/6/5 937/2/5 712/1/5
f 722/1/6 946/2/6 947/6/6 723/5/6
f 723/2/1 724/6/1 713/5/1 712/1/1
f 723/5/2 712/1/2 937/2/2 947/6/2
f 712/2/3 713/6/3 938/5/3 937/1/3
f 947/1/4 937/2/4 938/6/4 948/5/4
f 724/1/5 948/2/5 938/6/5 713/5/5
f 723/1/6 947/2/6 948/6/6 724/5/6
f 724/2/1 725/6/1 714/5/1 713/1/1
f 724/1/2 713/5/2 938/6/2 948/2/2
f 713/2/3 714/6/3 939/5/3 938/1/3
f 948/1/4 938/2/4 939/6/4 949/5/4
f 725/5/5 949/6/5 939/2/5 714/1/5
f 724/1/6 948/2/6 949/6/6 725/5/6
f 725/2/1 726/6/1 715/5/1 714/1/1
f 725/1/2 714/5/2 939/6/2 949/2/2
f 714/2/3 715/6/3 940/5/3 939/1/3
f 949/1/4 939/2/4 940/6/4 950/5/4
f 726/5/5 950/6/5 940/2/5 715/1/5
f 725/1/6 949/2/6 950/6/6 726/5/6
f 726/2/1 727/6/1 716/5/1 715/1/1
f 726/1/2 715/5/2 940/6/2 950/2/2
f 715/2/3 716/6/3 941/5/3 940/1/3
f 950/1/4 940/2/4 941/6/4 951/5/4
f 727/5/5 951/6/5 941/2/5 716/1/5
f 726/1/6 950/2/6 951/6/6 727/5/6
f 727/2/1 728/6/1 717/5/1 716/1/1
f 727/5/2 716/1/2 941/2/2 951/6/2
f 716/2/3 717/6/3 942/5/3 941/1/3
f 951/1/4 941/2/4 942/6/4 952/5/4
f 728/1/5 952/2/5 942/6/5 717/5/5
f 727/1/6 951/2/6 952/6/6 728/5/6
f 730/2/1 732/6/1 731/5/1 718/1/1
f 730/5/2 718/1/2 954/2/2 955/6/2
f 718/2/3 731/6/3 956/5/3 954/1/3
f 955/1/4 954/2/4 956/6/4 957/5/4
f 732/1/5 957/2/5 956/6/5 731/5/5
f 730/1/6 955/2/6 957/6/6 732/5/6
f 733/2/1 734/6/1 720/5/1 719/1/1
f 733/6/2 719/2/2 943/1/2 958/5/2
f 719/2/3 720/6/3 944/5/3 943/1/3
f 958/1/4 943/2/4 944/6/4 959/5/4
f 734/2/5 959/1/5 944/5/5 720/6/5
f 733/1/6 958/2/6 959/6/6 734/5/6
f 734/2/1 735/6/1 721/5/1 720/1/1
f 734/2/2 720/6/2 944/5/2 959/1/2
f 720/2/3 721/6/3 945/5/3 944/1/3
f 959/1/4 944/2/4 945/6/4 960/5/4
f 735/6/5 960/5/5 945/1/5 721/2/5
f 734/1/6 959/2/6 960/6/6 735/5/6
f 735/2/1 736/6/1 722/5/1 721/1/1
f 735/1/2 721/5/2 945/6/2 960/2/2
f 721/2/3 722/6/3 946/5/3 945/1/3
f 960/1/4 945/2/4 946/6/4 961/5/4
f 736/5/5 961/6/5 946/2/5 722/1/5
f 735/1/6 960/2/6 961/6/6 736/5/6
f 736/2/1 737/6/1 723/5/1 722/1/1
f 736/5/2 722/1/2 946/2/2 961/6/2
f 722/2/3 723/6/3 947/5/3 946/1/3
f 961/1/4 946/2/4 947/6/4 962/5/4
f 737/1/5 962/2/5 947/6/5 723/5/5
f 736/1/6 961/2/6 962/6/6 737/5/6
f 737/2/1 738/6/1 724/5/1 723/1/1
f 737/6/2 723/2/2 947/1/2 962/5/2
f 723/2/3 724/6/3 948/5/3 947/1/3
f 962/1/4 947/2/4 948/6/4 963/5/4
f 738/2/5 963/1/5 948/5/5 724/6/5
f 737/1/6 962/2/6 963/6/6 738/5/6
f 738/2/1 739/6/1 725/5/1 724/1/1
f 738/2/2 724/6/2 948/5/2 963/1/2
f 724/2/3 725/6/3 949/5/3 948/1/3
f 963/1/4 948/2/4 949/6/4 964/5/4
f 739/6/5 964/5/5 949/1/5 725/2/5
f 738/1/6 963/2/6 964/6/6 739/5/6
f 739/2/1 740/6/1 726/5/1 725/1/1
f 739/2/2 725/6/2 949/5/2 964/1/2
f 725/2/3 726/6/3 950/5/3 949/1/3
f 964/1/4 949/2/4 950/6/4 965/5/4
f 740/6/5 965/5/5 950/1/5 726/2/5
f 739/1/6 964/2/6 965/6/6 740/5/6
f 740/2/1 741/6/1 727/5/1 726/1/1
f 740/5/2 726/1/2 950/2/2 965/6/2
f 726/2/3 727/6/3 951/5/3 950/1/3
f 965/1/4 950/2/4 951/6/4 966/5/4
f 741/1/5 966/2/5 951/6/5 727/5/5
f 740/1/6 965/2/6 966/6/6 741/5/6
f 741/2/1 742/6/1 728/5/1 727/1/1
f 741/5/2 727/1/2 951/2/2 966/6/2
f 727/2/3 728/6/3 952/5/3 951/1/3
f 966/1/4 951/2/4 952/6/4 967/5/4
f 742/1/5 967/2/5 952/6/5 728/5/5
f 741/1/6 966/2/6 967/6/6 742/5/6
f 744/2/1 747/6/1 746/5/1 745/1/1
f 744/6/2 745/2/2 972/1/2 971/5/2
f 745/2/3 746/6/3 973/5/3 972/1/3
f 971/1/4 972/2/4 973/6/4 974/5/4
f 747/2/5 974/1/5 973/5/5 746/6/5
f 744/1/6 971/2/6 974/6/6 747/5/6
f 748/2/1 749/6/1 747/5/1 744/1/1
f 748/1/2 744/5/2 971/6/2 975/2/2
f 744/2/3 747/6/3 974/5/3 971/1/3
f 975/1/4 971/2/4 974/6/4 976/5/4
f 749/5/5 976/6/5 974/2/5 747/1/5
f 748/1/6 975/2/6 976/6/6 749/5/6
f 751/2/1 752/6/1 749/5/1 748/1/1
f 751/5/2 748/1/2 975/2/2 977/6/2
f 748/2/3 749/6/3 976/5/3 975/1/3
f 977/1/4 975/2/4 976/6/4 978/5/4
f 752/1/5 978/2/5 976/6/5 749/5/5
f 751/1/6 977/2/6 978/6/6 752/5/6
f 755/2/1 756/6/1 752/5/1 751/1/1
f 755/5/2 751/1/2 977/2/2 980/6/2
f 751/2/3 752/6/3 978/5/3 977/1/3
f 980/1/4 977/2/4 978/6/4 981/5/4
f 756/1/5 981/2/5 978/6/5 752/5/5
f 755/1/6 980/2/6 981/6/6 756/5/6
f 756/2/1 757/6/1 753/5/1 752/1/1
f 756/1/2 752/5/2 978/6/2 981/2/2
f 752/2/3 753/6/3 979/5/3 978/1/3
f 981/1/4 978/2/4 979/6/4 982/5/4
f 757/5/5 982/6/5 979/2/5 753/1/5
f 756/1/6 981/2/6 982/6/6 757/5/6
f 760/2/1 761/6/1 756/5/1 755/1/1
f 760/5/2 755/1/2 980/2/2 984/6/2
f 755/2/3 756/6/3 981/5/3 980/1/3
f 984/1/4 980/2/4 981/6/4 985/5/4
f 761/1/5 985/2/5 981/6/5 756/5/5
f 760/1/6 984/2/6 985/6/6 761/5/6
f 761/2/1 762/6/1 757/5/1 756/1/1
f 761/6/2 756/2/2 981/1/2 985/5/2
f 756/2/3 757/6/3 982/5/3 981/1/3
f 985/1/4 981/2/4 982/6/4 986/5/4
f 762/2/5 986/1/5 982/5/5 757/6/5
f 761/1/6 985/2/6 986/6/6 762/5/6
f 762/2/1 763/6/1 758/5/1 757/1/1
f 762/2/2 757/6/2 982/5/2 986/1/2
f 757/2/3 758/6/3 983/5/3 982/1/3
f 986/1/4 982/2/4 983/6/4 987/5/4
f 763/6/5 987/5/5 983/1/5 758/2/5
f 762/1/6 986/2/6 987/6/6 763/5/6
f 765/2/1 766/6/1 761/5/1 760/1/1
f 765/2/2 760/6/2 984/5/2 988/1/2
f 760/2/3 761/6/3 985/5/3 984/1/3
f 988/1/4 984/2/4 985/6/4 989/5/4
f 766/6/5 989/5/5 985/1/5 761/2/5
f 765/1/6 988/2/6 989/6/6 766/5/6
f 766/2/1 767/6/1 762/5/1 761/1/1
f 766/6/2 761/2/2 985/1/2 989/5/2
f 761/2/3 762/6/3 986/5/3 985/1/3
f 989/1/4 985/2/4 986/6/4 990/5/4
f 767/2/5 990/1/5 986/5/5 762/6/5
f 766/1/6 989/2/6 990/6/6 767/5/6
f 767/2/1 768/6/1 763/5/1 762/1/1
f 767/5/2 762/1/2 986/2/2 990/6/2
f 762/2/3 763/6/3 987/5/3 986/1/3
f 990/1/4 986/2/4 987/6/4 991/5/4
f 768/1/5 991/2/5 987/6/5 763/5/5
f 767/1/6 990/2/6 991/6/6 768/5/6
f 771/2/1 772/6/1 766/5/1 765/1/1
f 771/1/2 765/5/2 988/6/2 993/2/2
f 765/2/3 766/6/3 989/5/3 988/1/3
f 993/1/4 988/2/4 989/6/4 994/5/4
f 772/5/5 994/6/5 989/2/5 766/1/5
f 771/1/6 993/2/6 994/6/6 772/5/6
f 772/2/1 773/6/1 767/5/1 766/1/1
f 772/6/2 766/2/2 989/1/2 994/5/2
f 766/2/3 767/6/3 990/5/3 989/1/3
f 994/1/4 989/2/4 990/6/4 995/5/4
f 773/2/5 995/1/5 990/5/5 767/6/5
f 772/1/6 994/2/6 995/6/6 773/5/6
f 773/2/1 774/6/1 768/5/1 767/1/1
f 773/6/2 767/2/2 990/1/2 995/5/2
f 767/2/3 768/6/3 991/5/3 990/1/3
f 995/1/4 990/2/4 991/6/4 996/5/4
f 774/2/5 996/1/5 991/5/5 768/6/5
f 773/1/6 995/2/6 996/6/6 774/5/6
f 774/2/1 775/6/1 769/5/1 768/1/1
f 774/2/2 768/6/2 991/5/2 996/1/2
f 768/2/3 769/6/3 992/5/3 991/1/3
f 996/1/4 991/2/4 992/6/4 997/5/4
f 775/6/5 997/5/5 992/1/5 769/2/5
f 774/1/6 996/2/6 997/6/6 775/5/6
f 777/2/1 778/6/1 772/5/1 771/1/1
f 777/6/2 771/2/2 993/1/2 999/5/2
f 771/2/3 772/6/3 994/5/3 993/1/3
f 999/1/4 993/2/4 994/6/4 1000/5/4
f 778/2/5 1000/1/5 994/5/5 772/6/5
f 777/1/6 999/2/6 1000/6/6 778/5/6
f 778/2/1 779/6/1 773/5/1 772/1/1
f 778/6/2 772/2/2 994/1/2 1000/5/2
f 772/2/3 773/6/3 995/5/3 994/1/3
f 1000/1/4 994/2/4 995/6/4 1001/5/4
f 779/2/5 1001/1/5 995/5/5 773/6/5
f 778/1/6 1000/2/6 1001/6/6 779/5/6
f 779/2/1 780/6/1 774/5/1 773/1/1
f 779/2/2 773/6/2 995/5/2 1001/1/2
f 773/2/3 774/6/3 996/5/3 995/1/3
f 1001/1/4 995/2/4 996/6/4 1002/5/4
f 780/6/5 1002/5/5 996/1/5 774/2/5
f 779/1/6 1001/2/6 1002/6/6 780/5/6
f 780/2/1 781/6/1 775/5/1 774/1/1
f 780/5/2 774/1/2 996/2/2 1002/6/2
f 774/2/3 775/6/3 997/5/3 996/1/3
f 1002/1/4 996/2/4 997/6/4 1003/5/4
f 781/1/5 1003/2/5 997/6/5 775/5/5
f 780/1/6 1002/2/6 1003/6/6 781/5/6
f 781/2/1 782/6/1 776/5/1 775/1/1
f 781/1/2 775/5/2 997/6/2 1003/2/2
f 775/2/3 776/6/3 998/5/3 997/1/3
f 1003/1/4 997/2/4 998/6/4 1004/5/4
f 782/5/5 1004/6/5 998/2/5 776/1/5
f 781/1/6 1003/2/6 1004/6/6 782/5/6
f 784/2/1 785/6/1 778/5/1 777/1/1
f 784/6/2 777/2/2 999/1/2 1005/5/2
f 777/2/3 778/6/3 1000/5/3 999/1/3
f 1005/1/4 999/2/4 1000/6/4 1006/5/4
f 785/2/5 1006/1/5 1000/5/5 778/6/5
f 784/1/6 1005/2/6 1006/6/6 785/5/6
f 785/2/1 786/6/1 779/5/1 778/1/1
f 785/6/2 778/2/2 1000/1/2 1006/5/2
f 778/2/3 779/6/3 1001/5/3 1000/1/3
f 1006/1/4 1000/2/4 1001/6/4 1007/5/4
f 786/2/5 1007/1/5 1001/5/5 779/6/5
f 785/1/6 1006/2/6 1007/6/6 786/5/6
f 786/2/1 787/6/1 780/5/1 779/1/1
f 786/1/2 779/5/2 1001/6/2 1007/2/2
f 779/2/3 780/6/3 1002/5/3 1001/1/3
f 1007/1/4 1001/2/4 1002/6/4 1008/5/4
f 787/5/5 1008/6/5 1002/2/5 780/1/5
f 786/1/6 1007/2/6 1008/6/6 787/5/6
f 787/2/1 788/6/1 781/5/1 780/1/1
f 787/5/2 780/1/2 1002/2/2 1008/6/2
f 780/2/3 781/6/3 1003/5/3 1002/1/3
f 1008/1/4 1002/2/4 1003/6/4 1009/5/4
f 788/1/5 1009/2/5 1003/6/5 781/5/5
f 787/1/6 1008/2/6 1009/6/6 788/5/6
f 788/2/1 789/6/1 782/5/1 781/1/1
f 788/5/2 781/1/2 1003/2/2 1009/6/2
f 781/2/3 782/6/3 1004/5/3 1003/1/3
f 1009/1/4 1003/2/4 1004/6/4 1010/5/4
f 789/1/5 1010/2/5 1004/6/5 782/5/5
f 788/1/6 1009/2/6 1010/6/6 789/5/6
f 791/2/1 792/6/1 785/5/1 784/1/1
f 791/6/2 784/2/2 1005/1/2 1011/5/2
f 784/2/3 785/6/3 1006/5/3 1005/1/3
f 1011/1/4 1005/2/4 1006/6/4 1012/5/4
f 792/2/5 1012/1/5 1006/5/5 785/6/5
f 791/1/6 1011/2/6 1012/6/6 792/5/6
f 792/2/1 793/6/1 786/5/1 785/1/1
f 792/5/2 785/1/2 1006/2/2 1012/6/2
f 785/2/3 786/6/3 1007/5/3 1006/1/3
f 1012/1/4 1006/2/4 1007/6/4 1013/5/4
f 793/1/5 1013/2/5 1007/6/5 786/5/5
f 792/1/6 1012/2/6 1013/6/6 793/5/6
f 793/2/1 794/6/1 787/5/1 786/1/1
f 793/6/2 786/2/2 1007/1/2 1013/5/2
f 786/2/3 787/6/3 1008/5/3 1007/1/3
f 1013/1/4 1007/2/4 1008/6/4 1014/5/4
f 794/2/5 1014/1/5 1008/5/5 787/6/5
f 793/1/6 1013/2/6 1014/6/6 794/5/6
f 794/2/1 795/6/1 788/5/1 787/1/1
f 794/6/2 787/2/2 1008/1/2 1014/5/2
f 787/2/3 788/6/3 1009/5/3 1008/1/3
f 1014/1/4 1008/2/4 1009/6/4 1015/5/4
f 795/2/5 1015/1/5 1009/5/5 788/6/5
f 794/1/6 1014/2/6 1015/6/6 795/5/6
f 795/2/1 796/6/1 789/5/1 788/1/1
f 795/1/2 788/5/2 1009/6/2 1015/2/2
f 788/2/3 789/6/3 1010/5/3 1009/1/3
f 1015/1/4 1009/2/4 1010/6/4 1016/5/4
f 796/5/5 1016/6/5 1010/2/5 789/1/5
f 795/1/6 1015/2/6 1016/6/6 796/5/6
f 798/2/1 799/6/1 792/5/1 791/1/1
f 798/1/2 791/5/2 1011/6/2 1017/2/2
f 791/2/3 792/6/3 1012/5/3 1011/1/3
f 1017/1/4 1011/2/4 1012/6/4 1018/5/4
f 799/5/5 1018/6/5 1012/2/5 792/1/5
f 798/1/6 1017/2/6 1018/6/6 799/5/6
f 799/2/1 800/6/1 793/5/1 792/1/1
f 799/6/2 792/2/2 1012/1/2 1018/5/2
f 792/2/3 793/6/3 1013/5/3 1012/1/3
f 1018/1/4 1012/2/4 1013/6/4 1019/5/4
f 800/2/5 1019/1/5 1013/5/5 793/6/5
f 799/1/6 1018/2/6 1019/6/6 800/5/6
f 800/2/1 801/6/1 794/5/1 793/1/1
f 800/1/2 793/5/2 1013/6/2 1019/2/2
f 793/2/3 794/6/3 1014/5/3 1013/1/3
f 1019/1/4 1013/2/4 1014/6/4 1020/5/4
f 801/5/5 1020/6/5 1014/2/5 794/1/5
f 800/1/6 1019/2/6 1020/6/6 801/5/6
f 801/2/1 802/6/1 795/5/1 794/1/1
f 801/6/2 794/2/2 1014/1/2 1020/5/2
f 794/2/3 795/6/3 1015/5/3 1014/1/3
f 1020/1/4 1014/2/4 1015/6/4 1021/5/4
f 802/2/5 1021/1/5 1015/5/5 795/6/5
f 801/1/6 1020/2/6 1021/6/6 802/5/6
f 802/2/1 803/6/1 796/5/1 795/1/1
f 802/6/2 795/2/2 1015/1/2 1021/5/2
f 795/2/3 796/6/3 1016/5/3 1015/1/3
f 1021/1/4 1015/2/4 1016/6/4 1022/5/4
f 803/2/5 1022/1/5 1016/5/5 796/6/5
f 802/1/6 1021/2/6 1022/6/6 803/5/6
f 805/2/1 806/6/1 799/5/1 798/1/1
f 805/5/2 798/1/2 1017/2/2 1024/6/2
f 798/2/3 799/6/3 1018/5/3 1017/1/3
f 1024/1/4 1017/2/4 1018/6/4 1025/5/4
f 806/1/5 1025/2/5 1018/6/5 799/5/5
f 805/1/6 1024/2/6 1025/6/6 806/5/6
f 806/2/1 807/6/1 800/5/1 799/1/1
f 806/1/2 799/5/2 1018/6/2 1025/2/2
f 799/2/3 800/6/3 1019/5/3 1018/1/3
f 1025/1/4 1018/2/4 1019/6/4 1026/5/4
f 807/5/5 1026/6/5 1019/2/5 800/1/5
f 806/1/6 1025/2/6 1026/6/6 807/5/6
f 807/2/1 808/6/1 801/5/1 800/1/1
f 807/1/2 800/5/2 1019/6/2 1026/2/2
f 800/2/3 801/6/3 1020/5/3 1019/1/3
f 1026/1/4 1019/2/4 1020/6/4 1027/5/4
f 808/5/5 1027/6/5 1020/2/5 801/1/5
f 807/1/6 1026/2/6 1027/6/6 808/5/6
f 808/2/1 809/6/1 802/5/1 801/1/1
f 808/2/2 801/6/2 1020/5/2 1027/1/2
f 801/2/3 802/6/3 1021/5/3 1020/1/3
f 1027/1/4 1020/2/4 1021/6/4 1028/5/4
f 809/6/5 1028/5/5 1021/1/5 802/2/5
f 808/1/6 1027/2/6 1028/6/6 809/5/6
f 809/2/1 810/6/1 803/5/1 802/1/1
f 809/2/2 802/6/2 1021/5/2 1028/1/2
f 802/2/3 803/6/3 1022/5/3 1021/1/3
f 1028/1/4 1021/2/4 1022/6/4 1029/5/4
f 810/6/5 1029/5/5 1022/1/5 803/2/5
f 809/1/6 1028/2/6 1029/6/6 810/5/6
f 810/2/1 811/6/1 804/5/1 803/1/1
f 810/1/2 803/5/2 1022/6/2 1029/2/2
f 803/2/3 804/6/3 1023/5/3 1022/1/3
f 1029/1/4 1022/2/4 1023/6/4 1030/5/4
f 811/5/5 1030/6/5 1023/2/5 804/1/5
f 810/1/6 1029/2/6 1030/6/6 811/5/6
f 812/2/1 813/6/1 806/5/1 805/1/1
f 812/2/2 805/6/2 1024/5/2 1031/1/2
f 805/2/3 806/6/3 1025/5/3 1024/1/3
f 1031/1/4 1024/2/4 1025/6/4 1032/5/4
f 813/6/5 1032/5/5 1025/1/5 806/2/5
f 812/1/6 1031/2/6 1032/6/6 813/5/6
f 813/2/1 814/6/1 807/5/1 806/1/1
f 813/1/2 806/5/2 1025/6/2 1032/2/2
f 806/2/3 807/6/3 1026/5/3 1025/1/3
f 1032/1/4 1025/2/4 1026/6/4 1033/5/4
f 814/5/5 1033/6/5 1026/2/5 807/1/5
f 813/1/6 1032/2/6 1033/6/6 814/5/6
f 814/2/1 815/6/1 808/5/1 807/1/1
f 814/5/2 807/1/2 1026/2/2 1033/6/2
f 807/2/3 808/6/3 1027/5/3 1026/1/3
f 1033/1/4 1026/2/4 1027/6/4 1034/5/4
f 815/1/5 1034/2/5 1027/6/5 808/5/5
f 814/1/6 1033/2/6 1034/6/6 815/5/6
f 815/2/1 816/6/1 809/5/1 808/1/1
f 815/5/2 808/1/2 1027/2/2 1034/6/2
f 808/2/3 809/6/3 1028/5/3 1027/1/3
f 1034/1/4 1027/2/4 1028/6/4 1035/5/4
f 816/1/5 1035/2/5 1028/6/5 809/5/5
f 815/1/6 1034/2/6 1035/6/6 816/5/6
f 816/2/1 817/6/1 810/5/1 809/1/1
f 816/2/2 809/6/2 1028/5/2 1035/1/2
f 809/2/3 810/6/3 1029/5/3 1028/1/3
f 1035/1/4 1028/2/4 1029/6/4 1036/5/4
f 817/6/5 1036/5/5 1029/1/5 810/2/5
f 816/1/6 1035/2/6 1036/6/6 817/5/6
f 817/2/1 818/6/1 811/5/1 810/1/1
f 817/2/2 810/6/2 1029/5/2 1036/1/2
f 810/2/3 811/6/3 1030/5/3 1029/1/3
f 1036/1/4 1029/2/4 1030/6/4 1037/5/4
f 818/6/5 1037/5/5 1030/1/5 811/2/5
f 817/1/6 1036/2/6 1037/6/6 818/5/6
f 819/2/1 820/6/1 813/5/1 812/1/1
f 819/6/2 812/2/2 1031/1/2 1038/5/2
f 812/2/3 813/6/3 1032/5/3 1031/1/3
f 1038/1/4 1031/2/4 1032/6/4 1039/5/4
f 820/2/5 1039/1/5 1032/5/5 813/6/5
f 819/1/6 1038/2/6 1039/6/6 820/5/6
f 820/2/1 821/6/1 814/5/1 813/1/1
f 820/6/2 813/2/2 1032/1/2 1039/5/2
f 813/2/3 814/6/3 1033/5/3 1032/1/3
f 1039/1/4 1032/2/4 1033/6/4 1040/5/4
f 821/2/5 1040/1/5 1033/5/5 814/6/5
f 820/1/6 1039/2/6 1040/6/6 821/5/6
f 821/2/1 822/6/1 815/5/1 814/1/1
f 821/1/2 814/5/2 1033/6/2 1040/2/2
f 814/2/3 815/6/3 1034/5/3 1033/1/3
f 1040/1/4 1033/2/4 1034/6/4 1041/5/4
f 822/5/5 1041/6/5 1034/2/5 815/1/5
f 821/1/6 1040/2/6 1041/6/6 822/5/6
f 822/2/1 823/6/1 816/5/1 815/1/1
f 822/2/2 815/6/2 1034/5/2 1041/1/2
f 815/2/3 816/6/3 1035/5/3 1034/1/3
f 1041/1/4 1034/2/4 1035/6/4 1042/5/4
f 823/6/5 1042/5/5 1035/1/5 816/2/5
f 822/1/6 1041/2/6 1042/6/6 823/5/6
f 823/2/1 824/6/1 817/5/1 816/1/1
f 823/2/2 816/6/2 1035/5/2 1042/1/2
f 816/2/3 817/6/3 1036/5/3 1035/1/3
f 1042/1/4 1035/2/4 1036/6/4 1043/5/4
f 824/6/5 1043/5/5 1036/1/5 817/2/5
f 823/1/6 1042/2/6 1043/6/6 824/5/6
f 824/2/1 825/6/1 818/5/1 817/1/1
f 824/6/2 817/2/2 1036/1/2 1043/5/2
f 817/2/3 818/6/3 1037/5/3 1036/1/3
f 1043/1/4 1036/2/4 1037/6/4 1044/5/4
f 825/2/5 1044/1/5 1037/5/5 818/6/5
f 824/1/6 1043/2/6 1044/6/6 825/5/6
f 826/2/1 827/6/1 820/5/1 819/1/1
f 826/6/2 819/2/2 1038/1/2 1045/5/2
f 819/2/3 820/6/3 1039/5/3 1038/1/3
f 1045/1/4 1038/2/4 1039/6/4 1046/5/4
f 827/2/5 1046/1/5 1039/5/5 820/6/5
f 826/1/6 1045/2/6 1046/6/6 827/5/6
f 827/2/1 828/6/1 821/5/1 820/1/1
f 827/2/2 820/6/2 1039/5/2 1046/1/2
f 820/2/3 821/6/3 1040/5/3 1039/1/3
f 1046/1/4 1039/2/4 1040/6/4 1047/5/4
f 828/6/5 1047/5/5 1040/1/5 821/2/5
f 827/1/6 1046/2/6 1047/6/6 828/5/6
f 828/2/1 829/6/1 822/5/1 821/1/1
f 828/1/2 821/5/2 1040/6/2 1047/2/2
f 821/2/3 822/6/3 1041/5/3 1040/1/3
f 1047/1/4 1040/2/4 1041/6/4 1048/5/4
f 829/5/5 1048/6/5 1041/2/5 822/1/5
f 828/1/6 1047/2/6 1048/6/6 829/5/6
f 829/2/1 830/6/1 823/5/1 822/1/1
f 829/5/2 822/1/2 1041/2/2 1048/6/2
f 822/2/3 823/6/3 1042/5/3 1041/1/3
f 1048/1/4 1041/2/4 1042/6/4 1049/5/4
f 830/1/5 1049/2/5 1042/6/5 823/5/5
f 829/1/6 1048/2/6 1049/6/6 830/5/6
f 830/2/1 831/6/1 824/5/1 823/1/1
f 830/2/2 823/6/2 1042/5/2 1049/1/2
f 823/2/3 824/6/3 1043/5/3 1042/1/3
f 1049/1/4 1042/2/4 1043/6/4 1050/5/4
f 831/6/5 1050/5/5 1043/1/5 824/2/5
f 830/1/6 1049/2/6 1050/6/6 831/5/6
f 831/2/1 832/6/1 825/5/1 824/1/1
f 831/2/2 824/6/2 1043/5/2 1050/1/2
f 824/2/3 825/6/3 1044/5/3 1043/1/3
f 1050/1/4 1043/2/4 1044/6/4 1051/5/4
f 832/6/5 1051/5/5 1044/1/5 825/2/5
f 831/1/6 1050/2/6 1051/6/6 832/5/6
f 833/2/1 834/6/1 827/5/1 826/1/1
f 833/2/2 826/6/2 1045/5/2 1052/1/2
f 826/2/3 827/6/3 1046/5/3 1045/1/3
f 1052/1/4 1045/2/4 1046/6/4 1053/5/4
f 834/6/5 1053/5/5 1046/1/5 827/2/5
f 833/1/6 1052/2/6 1053/6/6 834/5/6
f 834/2/1 835/6/1 828/5/1 827/1/1
f 834/6/2 827/2/2 1046/1/2 1053/5/2
f 827/2/3 828/6/3 1047/5/3 1046/1/3
f 1053/1/4 1046/2/4 1047/6/4 1054/5/4
f 835/2/5 1054/1/5 1047/5/5 828/6/5
f 834/1/6 1053/2/6 1054/6/6 835/5/6
f 835/2/1 836/6/1 829/5/1 828/1/1
f 835/1/2 828/5/2 1047/6/2 1054/2/2
f 828/2/3 829/6/3 1048/5/3 1047/1/3
f 1054/1/4 1047/2/4 1048/6/4 1055/5/4
f 836/5/5 1055/6/5 1048/2/5 829/1/5
f 835/1/6 1054/2/6 1055/6/6 836/5/6
f 836/2/1 837/6/1 830/5/1 829/1/1
f 836/6/2 829/2/2 1048/1/2 1055/5/2
f 829/2/3 830/6/3 1049/5/3 1048/1/3
f 1055/1/4 1048/2/4 1049/6/4 1056/5/4
f 837/2/5 1056/1/5 1049/5/5 830/6/5
f 836/1/6 1055/2/6 1056/6/6 837/5/6
f 837/2/1 838/6/1 831/5/1 830/1/1
f 837/6/2 830/2/2 1049/1/2 1056/5/2
f 830/2/3 831/6/3 1050/5/3 1049/1/3
f 1056/1/4 1049/2/4 1050/6/4 1057/5/4
f 838/2/5 1057/1/5 1050/5/5 831/6/5
f 837/1/6 1056/2/6 1057/6/6 838/5/6
f 838/2/1 839/6/1 832/5/1 831/1/1
f 838/6/2 831/2/2 1050/1/2 1057/5/2
f 831/2/3 832/6/3 1051/5/3 1050/1/3
f 1057/1/4 1050/2/4 1051/6/4 1058/5/4
f 839/2/5 1058/1/5 1051/5/5 832/6/5
f 838/1/6 1057/2/6 1058/6/6 839/5/6
f 840/2/1 841/6/1 834/5/1 833/1/1
f 840/5/2 833/1/2 1052/2/2 1059/6/2
f 833/2/3 834/6/3 1053/5/3 1052/1/3
f 1059/1/4 1052/2/4 1053/6/4 1060/5/4
f 841/1/5 1060/2/5 1053/6/5 834/5/5
f 840/1/6 1059/2/6 1060/6/6 841/5/6
f 841/2/1 842/6/1 835/5/1 834/1/1
f 841/1/2 834/5/2 1053/6/2 1060/2/2
f 834/2/3 835/6/3 1054/5/3 1053/1/3
f 1060/1/4 1053/2/4 1054/6/4 1061/5/4
f 842/5/5 1061/6/5 1054/2/5 835/1/5
f 841/1/6 1060/2/6 1061/6/6 842/5/6
f 842/2/1 843/6/1 836/5/1 835/1/1
f 842/5/2 835/1/2 1054/2/2 1061/6/2
f 835/2/3 836/6/3 1055/5/3 1054/1/3
f 1061/1/4 1054/2/4 1055/6/4 1062/5/4
f 843/1/5 1062/2/5 1055/6/5 836/5/5
f 842/1/6 1061/2/6 1062/6/6 843/5/6
f 843/2/1 844/6/1 837/5/1 836/1/1
f 843/5/2 836/1/2 1055/2/2 1062/6/2
f 836/2/3 837/6/3 1056/5/3 1055/1/3
f 1062/1/4 1055/2/4 1056/6/4 1063/5/4
f 844/1/5 1063/2/5 1056/6/5 837/5/5
f 843/1/6 1062/2/6 1063/6/6 844/5/6
f 844/2/1 845/6/1 838/5/1 837/1/1
f 844/5/2 837/1/2 1056/2/2 1063/6/2
f 837/2/3 838/6/3 1057/5/3 1056/1/3
f 1063/1/4 1056/2/4 1057/6/4 1064/5/4
f 845/1/5 1064/2/5 1057/6/5 838/5/5
f 844/1/6 1063/2/6 1064/6/6 845/5/6
f 849/2/1 850/6/1 843/5/1 842/1/1
f 849/5/2 842/1/2 1061/2/2 1068/6/2
f 842/2/3 843/6/3 1062/5/3 1061/1/3
f 1068/1/4 1061/2/4 1062/6/4 1069/5/4
f 850/1/5 1069/2/5 1062/6/5 843/5/5
f 849/1/6 1068/2/6 1069/6/6 850/5/6
f 850/2/1 851/6/1 844/5/1 843/1/1
f 850/6/2 843/2/2 1062/1/2 1069/5/2
f 843/2/3 844/6/3 1063/5/3 1062/1/3
f 1069/1/4 1062/2/4 1063/6/4 1070/5/4
f 851/2/5 1070/1/5 1063/5/5 844/6/5
f 850/1/6 1069/2/6 1070/6/6 851/5/6
f 851/2/1 852/6/1 845/5/1 844/1/1
f 851/6/2 844/2/2 1063/1/2 1070/5/2
f 844/2/3 845/6/3 1064/5/3 1063/1/3
f 1070/1/4 1063/2/4 1064/6/4 1071/5/4
f 852/2/5 1071/1/5 1064/5/5 845/6/5
f 851/1/6 1070/2/6 1071/6/6 852/5/6
f 852/2/1 853/6/1 846/5/1 845/1/1
f 852/1/2 845/5/2 1064/6/2 1071/2/2
f 845/2/3 846/6/3 1065/5/3 1064/1/3
f 1071/1/4 1064/2/4 1065/6/4 1072/5/4
f 853/5/5 1072/6/5 1065/2/5 846/1/5
f 852/1/6 1071/2/6 1072/6/6 853/5/6
f 857/2/1 858/6/1 850/5/1 849/1/1
f 857/6/2 849/2/2 1068/1/2 1073/5/2
f 849/2/3 850/6/3 1069/5/3 1068/1/3
f 1073/1/4 1068/2/4 1069/6/4 1074/5/4
f 858/2/5 1074/1/5 1069/5/5 850/6/5
f 857/1/6 1073/2/6 1074/6/6 858/5/6
f 858/2/1 859/6/1 851/5/1 850/1/1
f 858/1/2 850/5/2 1069/6/2 1074/2/2
f 850/2/3 851/6/3 1070/5/3 1069/1/3
f 1074/1/4 1069/2/4 1070/6/4 1075/5/4
f 859/5/5 1075/6/5 1070/2/5 851/1/5
f 858/1/6 1074/2/6 1075/6/6 859/5/6
f 859/2/1 860/6/1 852/5/1 851/1/1
f 859/1/2 851/5/2 1070/6/2 1075/2/2
f 851/2/3 852/6/3 1071/5/3 1070/1/3
f 1075/1/4 1070/2/4 1071/6/4 1076/5/4
f 860/5/5 1076/6/5 1071/2/5 852/1/5
f 859/1/6 1075/2/6 1076/6/6 860/5/6
f 860/2/1 861/6/1 853/5/1 852/1/1
f 860/1/2 852/5/2 1071/6/2 1076/2/2
f 852/2/3 853/6/3 1072/5/3 1071/1/3
f 1076/1/4 1071/2/4 1072/6/4 1077/5/4
f 861/5/5 1077/6/5 1072/2/5 853/1/5
f 860/1/6 1076/2/6 1077/6/6 861/5/6
f 865/2/1 866/6/1 858/5/1 857/1/1
f 865/5/2 857/1/2 1073/2/2 1078/6/2
f 857/2/3 858/6/3 1074/5/3 1073/1/3
f 1078/1/4 1073/2/4 1074/6/4 1079/5/4
f 866/1/5 1079/2/5 1074/6/5 858/5/5
f 865/1/6 1078/2/6 1079/6/6 866/5/6
f 866/2/1 867/6/1 859/5/1 858/1/1
f 866/1/2 858/5/2 1074/6/2 1079/2/2
f 858/2/3 859/6/3 1075/5/3 1074/1/3
f 1079/1/4 1074/2/4 1075/6/4 1080/5/4
f 867/5/5 1080/6/5 1075/2/5 859/1/5
f 866/1/6 1079/2/6 1080/6/6 867/5/6
f 867/2/1 868/6/1 860/5/1 859/1/1
f 867/5/2 859/1/2 1075/2/2 1080/6/2
f 859/2/3 860/6/3 1076/5/3 1075/1/3
f 1080/1/4 1075/2/4 1076/6/4 1081/5/4
f 868/1/5 1081/2/5 1076/6/5 860/5/5
f 867/1/6 1080/2/6 1081/6/6 868/5/6
f 868/2/1 869/6/1 861/5/1 860/1/1
f 868/5/2 860/1/2 1076/2/2 1081/6/2
f 860/2/3 861/6/3 1077/5/3 1076/1/3
f 1081/1/4 1076/2/4 1077/6/4 1082/5/4
f 869/1/5 1082/2/5 1077/6/5 861/5/5
f 868/1/6 1081/2/6 1082/6/6 869/5/6
f 873/2/1 874/6/1 866/5/1 865/1/1
f 873/5/2 865/1/2 1078/2/2 1086/6/2
f 865/2/3 866/6/3 1079/5/3 1078/1/3
f 1086/1/4 1078/2/4 1079/6/4 1087/5/4
f 874/1/5 1087/2/5 1079/6/5 866/5/5
f 873/1/6 1086/2/6 1087/6/6 874/5/6
f 874/2/1 875/6/1 867/5/1 866/1/1
f 874/5/2 866/1/2 1079/2/2 1087/6/2
f 866/2/3 867/6/3 1080/5/3 1079/1/3
f 1087/1/4 1079/2/4 1080/6/4 1088/5/4
f 875/1/5 1088/2/5 1080/6/5 867/5/5
f 874/1/6 1087/2/6 1088/6/6 875/5/6
f 875/2/1 876/6/1 868/5/1 867/1/1
f 875/5/2 867/1/2 1080/2/2 1088/6/2
f 867/2/3 868/6/3 1081/5/3 1080/1/3
f 1088/1/4 1080/2/4 1081/6/4 1089/5/4
f 876/1/5 1089/2/5 1081/6/5 868/5/5
f 875/1/6 1088/2/6 1089/6/6 876/5/6
f 876/2/1 877/6/1 869/5/1 868/1/1
f 876/2/2 868/6/2 1081/5/2 1089/1/2
f 868/2/3 869/6/3 1082/5/3 1081/1/3
f 1089/1/4 1081/2/4 1082/6/4 1090/5/4
f 877/6/5 1090/5/5 1082/1/5 869/2/5
f 876/1/6 1089/2/6 1090/6/6 877/5/6
f 877/2/1 878/6/1 870/5/1 869/1/1
f 877/2/2 869/6/2 1082/5/2 1090/1/2
f 869/2/3 870/6/3 1083/5/3 1082/1/3
f 1090/1/4 1082/2/4 1083/6/4 1091/5/4
f 878/6/5 1091/5/5 1083/1/5 870/2/5
f 877/1/6 1090/2/6 1091/6/6 878/5/6
f 879/2/1 880/6/1 872/5/1 871/1/1
f 879/5/2 871/1/2 1084/2/2 1093/6/2
f 871/2/3 872/6/3 1085/5/3 1084/1/3
f 1093/1/4 1084/2/4 1085/6/4 1094/5/4
f 880/1/5 1094/2/5 1085/6/5 872/5/5
f 879/1/6 1093/2/6 1094/6/6 880/5/6
f 880/2/1 881/6/1 873/5/1 872/1/1
f 880/6/2 872/2/2 1085/1/2 1094/5/2
f 872/2/3 873/6/3 1086/5/3 1085/1/3
f 1094/1/4 1085/2/4 1086/6/4 1095/5/4
f 881/2/5 1095/1/5 1086/5/5 873/6/5
f 880/1/6 1094/2/6 1095/6/6 881/5/6
f 881/2/1 882/6/1 874/5/1 873/1/1
f 881/5/2 873/1/2 1086/2/2 1095/6/2
f 873/2/3 874/6/3 1087/5/3 1086/1/3
f 1095/1/4 1086/2/4 1087/6/4 1096/5/4
f 882/1/5 1096/2/5 1087/6/5 874/5/5
f 881/1/6 1095/2/6 1096/6/6 882/5/6
f 882/2/1 883/6/1 875/5/1 874/1/1
f 882/6/2 874/2/2 1087/1/2 1096/5/2
f 874/2/3 875/6/3 1088/5/3 1087/1/3
f 1096/1/4 1087/2/4 1088/6/4 1097/5/4
f 883/2/5 1097/1/5 1088/5/5 875/6/5
f 882/1/6 1096/2/6 1097/6/6 883/5/6
f 883/2/1 884/6/1 876/5/1 875/1/1
f 883/5/2 875/1/2 1088/2/2 1097/6/2
f 875/2/3 876/6/3 1089/5/3 1088/1/3
f 1097/1/4 1088/2/4 1089/6/4 1098/5/4
f 884/1/5 1098/2/5 1089/6/5 876/5/5
f 883/1/6 1097/2/6 1098/6/6 884/5/6
f 887/2/1 888/6/1 880/5/1 879/1/1
f 887/1/2 879/5/2 1093/6/2 1101/2/2
f 879/2/3 880/6/3 1094/5/3 1093/1/3
f 1101/1/4 1093/2/4 1094/6/4 1102/5/4
f 888/5/5 1102/6/5 1094/2/5 880/1/5
f 887/1/6 1101/2/6 1102/6/6 888/5/6
f 888/2/1 889/6/1 881/5/1 880/1/1
f 888/5/2 880/1/2 1094/2/2 1102/6/2
f 880/2/3 881/6/3 1095/5/3 1094/1/3
f 1102/1/4 1094/2/4 1095/6/4 1103/5/4
f 889/1/5 1103/2/5 1095/6/5 881/5/5
f 888/1/6 1102/2/6 1103/6/6 889/5/6
f 889/2/1 890/6/1 882/5/1 881/1/1
f 889/5/2 881/1/2 1095/2/2 1103/6/2
f 881/2/3 882/6/3 1096/5/3 1095/1/3
f 1103/1/4 1095/2/4 1096/6/4 1104/5/4
f 890/1/5 1104/2/5 1096/6/5 882/5/5
f 889/1/6 1103/2/6 1104/6/6 890/5/6
f 890/2/1 891/6/1 883/5/1 882/1/1
f 890/2/2 882/6/2 1096/5/2 1104/1/2
f 882/2/3 883/6/3 1097/5/3 1096/1/3
f 1104/1/4 1096/2/4 1097/6/4 1105/5/4
f 891/6/5 1105/5/5 1097/1/5 883/2/5
f 890/1/6 1104/2/6 1105/6/6 891/5/6
f 891/2/1 892/6/1 884/5/1 883/1/1
f 891/2/2 883/6/2 1097/5/2 1105/1/2
f 883/2/3 884/6/3 1098/5/3 1097/1/3
f 1105/1/4 1097/2/4 1098/6/4 1106/5/4
f 892/6/5 1106/5/5 1098/1/5 884/2/5
f 891/1/6 1105/2/6 1106/6/6 892/5/6
f 893/2/1 894/6/1 886/5/1 885/1/1
f 893/2/2 885/6/2 1099/5/2 1107/1/2
f 885/2/3 886/6/3 1100/5/3 1099/1/3
f 1107/1/4 1099/2/4 1100/6/4 1108/5/4
f 894/6/5 1108/5/5 1100/1/5 886/2/5
f 893/1/6 1107/2/6 1108/6/6 894/5/6
f 896/2/1 897/6/1 889/5/1 888/1/1
f 896/6/2 888/2/2 1102/1/2 1109/5/2
f 888/2/3 889/6/3 1103/5/3 1102/1/3
f 1109/1/4 1102/2/4 1103/6/4 1110/5/4
f 897/2/5 1110/1/5 1103/5/5 889/6/5
f 896/1/6 1109/2/6 1110/6/6 897/5/6
f 897/2/1 898/6/1 890/5/1 889/1/1
f 897/1/2 889/5/2 1103/6/2 1110/2/2
f 889/2/3 890/6/3 1104/5/3 1103/1/3
f 1110/1/4 1103/2/4 1104/6/4 1111/5/4
f 898/5/5 1111/6/5 1104/2/5 890/1/5
f 897/1/6 1110/2/6 1111/6/6 898/5/6
f 898/2/1 899/6/1 891/5/1 890/1/1
f 898/2/2 890/6/2 1104/5/2 1111/1/2
f 890/2/3 891/6/3 1105/5/3 1104/1/3
f 1111/1/4 1104/2/4 1105/6/4 1112/5/4
f 899/6/5 1112/5/5 1105/1/5 891/2/5
f 898/1/6 1111/2/6 1112/6/6 899/5/6
f 899/2/1 900/6/1 892/5/1 891/1/1
f 899/1/2 891/5/2 1105/6/2 1112/2/2
f 891/2/3 892/6/3 1106/5/3 1105/1/3
f 1112/1/4 1105/2/4 1106/6/4 1113/5/4
f 900/5/5 1113/6/5 1106/2/5 892/1/5
f 899/1/6 1112/2/6 1113/6/6 900/5/6
f 904/2/1 905/6/1 898/5/1 897/1/1
f 904/5/2 897/1/2 1110/2/2 1117/6/2
f 897/2/3 898/6/3 1111/5/3 1110/1/3
f 1117/1/4 1110/2/4 1111/6/4 1118/5/4
f 905/1/5 1118/2/5 1111/6/5 898/5/5
f 904/1/6 1117/2/6 1118/6/6 905/5/6
f 905/2/1 906/6/1 899/5/1 898/1/1
f 905/6/2 898/2/2 1111/1/2 1118/5/2
f 898/2/3 899/6/3 1112/5/3 1111/1/3
f 1118/1/4 1111/2/4 1112/6/4 1119/5/4
f 906/2/5 1119/1/5 1112/5/5 899/6/5
f 905/1/6 1118/2/6 1119/6/6 906/5/6
f 906/2/1 907/6/1 900/5/1 899/1/1
f 906/5/2 899/1/2 1112/2/2 1119/6/2
f 899/2/3 900/6/3 1113/5/3 1112/1/3
f 1119/1/4 1112/2/4 1113/6/4 1120/5/4
f 907/1/5 1120/2/5 1113/6/5 900/5/5
f 906/1/6 1119/2/6 1120/6/6 907/5/6
f 907/2/1 909/6/1 908/5/1 900/1/1
f 907/5/2 900/1/2 1113/2/2 1120/6/2
f 900/2/3 908/6/3 1121/5/3 1113/1/3
f 1120/1/4 1113/2/4 1121/6/4 1122/5/4
f 909/1/5 1122/2/5 1121/6/5 908/5/5
f 907/1/6 1120/2/6 1122/6/6 909/5/6
f 909/2/1 910/6/1 901/5/1 908/1/1
f 909/2/2 908/6/2 1121/5/2 1122/1/2
f 908/2/3 901/6/3 1114/5/3 1121/1/3
f 1122/1/4 1121/2/4 1114/6/4 1123/5/4
f 910/6/5 1123/5/5 1114/1/5 901/2/5
f 909/1/6 1122/2/6 1123/6/6 910/5/6
f 910/2/1 911/6/1 902/5/1 901/1/1
f 910/2/2 901/6/2 1114/5/2 1123/1/2
f 901/2/3 902/6/3 1115/5/3 1114/1/3
f 1123/1/4 1114/2/4 1115/6/4 1124/5/4
f 911/6/5 1124/5/5 1115/1/5 902/2/5
f 910/1/6 1123/2/6 1124/6/6 911/5/6
f 911/2/1 912/6/1 903/5/1 902/1/1
f 911/6/2 902/2/2 1115/1/2 1124/5/2
f 902/2/3 903/6/3 1116/5/3 1115/1/3
f 1124/1/4 1115/2/4 1116/6/4 1125/5/4
f 912/2/5 1125/1/5 1116/5/5 903/6/5
f 911/1/6 1124/2/6 1125/6/6 912/5/6
f 913/2/1 914/6/1 906/5/1 905/1/1
f 913/1/2 905/5/2 1118/6/2 1127/2/2
f 905/2/3 906/6/3 1119/5/3 1118/1/3
f 1127/1/4 1118/2/4 1119/6/4 1128/5/4
f 914/5/5 1128/6/5 1119/2/5 906/1/5
f 913/1/6 1127/2/6 1128/6/6 914/5/6
f 914/2/1 915/6/1 907/5/1 906/1/1
f 914/1/2 906/5/2 1119/6/2 1128/2/2
f 906/2/3 907/6/3 1120/5/3 1119/1/3
f 1128/1/4 1119/2/4 1120/6/4 1129/5/4
f 915/5/5 1129/6/5 1120/2/5 907/1/5
f 914/1/6 1128/2/6 1129/6/6 915/5/6
f 915/2/1 916/6/1 909/5/1 907/1/1
f 915/6/2 907/2/2 1120/1/2 1129/5/2
f 907/2/3 909/6/3 1122/5/3 1120/1/3
f 1129/1/4 1120/2/4 1122/6/4 1130/5/4
f 916/2/5 1130/1/5 1122/5/5 909/6/5
f 915/1/6 1129/2/6 1130/6/6 916/5/6
f 916/2/1 917/6/1 910/5/1 909/1/1
f 916/2/2 909/6/2 1122/5/2 1130/1/2
f 909/2/3 910/6/3 1123/5/3 1122/1/3
f 1130/1/4 1122/2/4 1123/6/4 1131/5/4
f 917/6/5 1131/5/5 1123/1/5 910/2/5
f 916/1/6 1130/2/6 1131/6/6 917/5/6
f 917/2/1 918/6/1 911/5/1 910/1/1
f 917/6/2 910/2/2 1123/1/2 1131/5/2
f 910/2/3 911/6/3 1124/5/3 1123/1/3
f 1131/1/4 1123/2/4 1124/6/4 1132/5/4
f 918/2/5 1132/1/5 1124/5/5 911/6/5
f 917/1/6 1131/2/6 1132/6/6 918/5/6
f 918/2/1 919/6/1 912/5/1 911/1/1
f 918/5/2 911/1/2 1124/2/2 1132/6/2
f 911/2/3 912/6/3 1125/5/3 1124/1/3
f 1132/1/4 1124/2/4 1125/6/4 1133/5/4
f 919/1/5 1133/2/5 1125/6/5 912/5/5
f 918/1/6 1132/2/6 1133/6/6 919/5/6
f 920/2/1 921/6/1 914/5/1 913/1/1
f 920/2/2 913/6/2 1127/5/2 1134/1/2
f 913/2/3 914/6/3 1128/5/3 1127/1/3
f 1134/1/4 1127/2/4 1128/6/4 1135/5/4
f 921/6/5 1135/5/5 1128/1/5 914/2/5
f 920/1/6 1134/2/6 1135/6/6 921/5/6
f 921/2/1 922/6/1 915/5/1 914/1/1
f 921/6/2 914/2/2 1128/1/2 1135/5/2
f 914/2/3 915/6/3 1129/5/3 1128/1/3
f 1135/1/4 1128/2/4 1129/6/4 1136/5/4
f 922/2/5 1136/1/5 1129/5/5 915/6/5
f 921/1/6 1135/2/6 1136/6/6 922/5/6
f 922/2/1 923/6/1 916/5/1 915/1/1
f 922/5/2 915/1/2 1129/2/2 1136/6/2
f 915/2/3 916/6/3 1130/5/3 1129/1/3
f 1136/1/4 1129/2/4 1130/6/4 1137/5/4
f 923/1/5 1137/2/5 1130/6/5 916/5/5
f 922/1/6 1136/2/6 1137/6/6 923/5/6
f 923/2/1 924/6/1 917/5/1 916/1/1
f 923/1/2 916/5/2 1130/6/2 1137/2/2
f 916/2/3 917/6/3 1131/5/3 1130/1/3
f 1137/1/4 1130/2/4 1131/6/4 1138/5/4
f 924/5/5 1138/6/5 1131/2/5 917/1/5
f 923/1/6 1137/2/6 1138/6/6 924/5/6
f 924/2/1 925/6/1 918/5/1 917/1/1
f 924/5/2 917/1/2 1131/2/2 1138/6/2
f 917/2/3 918/6/3 1132/5/3 1131/1/3
f 1138/1/4 1131/2/4 1132/6/4 1139/5/4
f 925/1/5 1139/2/5 1132/6/5 918/5/5
f 924/1/6 1138/2/6 1139/6/6 925/5/6
f 925/2/1 926/6/1 919/5/1 918/1/1
f 925/2/2 918/6/2 1132/5/2 1139/1/2
f 918/2/3 919/6/3 1133/5/3 1132/1/3
f 1139/1/4 1132/2/4 1133/6/4 1140/5/4
f 926/6/5 1140/5/5 1133/1/5 919/2/5
f 925/1/6 1139/2/6 1140/6/6 926/5/6
f 928/2/1 929/6/1 921/5/1 920/1/1
f 928/5/2 920/1/2 1134/2/2 1142/6/2
f 920/2/3 921/6/3 1135/5/3 1134/1/3
f 1142/1/4 1134/2/4 1135/6/4 1143/5/4
f 929/1/5 1143/2/5 1135/6/5 921/5/5
f 928/1/6 1142/2/6 1143/6/6 929/5/6
f 929/2/1 930/6/1 922/5/1 921/1/1
f 929/5/2 921/1/2 1135/2/2 1143/6/2
f 921/2/3 922/6/3 1136/5/3 1135/1/3
f 1143/1/4 1135/2/4 1136/6/4 1144/5/4
f 930/1/5 1144/2/5 1136/6/5 922/5/5
f 929/1/6 1143/2/6 1144/6/6 930/5/6
f 930/2/1 931/6/1 923/5/1 922/1/1
f 930/2/2 922/6/2 1136/5/2 1144/1/2
f 922/2/3 923/6/3 1137/5/3 1136/1/3
f 1144/1/4 1136/2/4 1137/6/4 1145/5/4
f 931/6/5 1145/5/5 1137/1/5 923/2/5
f 930/1/6 1144/2/6 1145/6/6 931/5/6
f 931/2/1 932/6/1 924/5/1 923/1/1
f 931/1/2 923/5/2 1137/6/2 1145/2/2
f 923/2/3 924/6/3 1138/5/3 1137/1/3
f 1145/1/4 1137/2/4 1138/6/4 1146/5/4
f 932/5/5 1146/6/5 1138/2/5 924/1/5
f 931/1/6 1145/2/6 1146/6/6 932/5/6
f 932/2/1 933/6/1 925/5/1 924/1/1
f 932/2/2 924/6/2 1138/5/2 1146/1/2
f 924/2/3 925/6/3 1139/5/3 1138/1/3
f 1146/1/4 1138/2/4 1139/6/4 1147/5/4
f 933/6/5 1147/5/5 1139/1/5 925/2/5
f 932/1/6 1146/2/6 1147/6/6 933/5/6
f 933/2/1 934/6/1 926/5/1 925/1/1
f 933/2/2 925/6/2 1139/5/2 1147/1/2
f 925/2/3 926/6/3 1140/5/3 1139/1/3
f 1147/1/4 1139/2/4 1140/6/4 1148/5/4
f 934/6/5 1148/5/5 1140/1/5 926/2/5
f 933/1/6 1147/2/6 1148/6/6 934/5/6
f 935/2/1 936/6/1 928/5/1 927/1/1
f 935/2/2 927/6/2 1141/5/2 1149/1/2
f 927/2/3 928/6/3 1142/5/3 1141/1/3
f 1149/1/4 1141/2/4 1142/6/4 1150/5/4
f 936/6/5 1150/5/5 1142/1/5 928/2/5
f 935/1/6 1149/2/6 1150/6/6 936/5/6
f 936/2/1 937/6/1 929/5/1 928/1/1
f 936/6/2 928/2/2 1142/1/2 1150/5/2
f 928/2/3 929/6/3 1143/5/3 1142/1/3
f 1150/1/4 1142/2/4 1143/6/4 1151/5/4
f 937/2/5 1151/1/5 1143/5/5 929/6/5
f 936/1/6 1150/2/6 1151/6/6 937/5/6
f 937/2/1 938/6/1 930/5/1 929/1/1
f 937/2/2 929/6/2 1143/5/2 1151/1/2
f 929/2/3 930/6/3 1144/5/3 1143/1/3
f 1151/1/4 1143/2/4 1144/6/4 1152/5/4
f 938/6/5 1152/5/5 1144/1/5 930/2/5
f 937/1/6 1151/2/6 1152/6/6 938/5/6
f 938/2/1 939/6/1 931/5/1 930/1/1
f 938/2/2 930/6/2 1144/5/2 1152/1/2
f 930/2/3 931/6/3 1145/5/3 1144/1/3
f 1152/1/4 1144/2/4 1145/6/4 1153/5/4
f 939/6/5 1153/5/5 1145/1/5 931/2/5
f 938/1/6 1152/2/6 1153/6/6 939/5/6
f 939/2/1 940/6/1 932/5/1 931/1/1
f 939/2/2 931/6/2 1145/5/2 1153/1/2
f 931/2/3 932/6/3 1146/5/3 1145/1/3
f 1153/1/4 1145/2/4 1146/6/4 1154/5/4
f 940/6/5 1154/5/5 1146/1/5 932/2/5
f 939/1/6 1153/2/6 1154/6/6 940/5/6
f 940/2/1 941/6/1 933/5/1 932/1/1
f 940/5/2 932/1/2 1146/2/2 1154/6/2
f 932/2/3 933/6/3 1147/5/3 1146/1/3
f 1154/1/4 1146/2/4 1147/6/4 1155/5/4
f 941/1/5 1155/2/5 1147/6/5 933/5/5
f 940/1/6 1154/2/6 1155/6/6 941/5/6
f 941/2/1 942/6/1 934/5/1 933/1/1
f 941/1/2 933/5/2 1147/6/2 1155/2/2
f 933/2/3 934/6/3 1148/5/3 1147/1/3
f 1155/1/4 1147/2/4 1148/6/4 1156/5/4
f 942/5/5 1156/6/5 1148/2/5 934/1/5
f 941/1/6 1155/2/6 1156/6/6 942/5/6
f 945/2/1 946/6/1 936/5/1 935/1/1
f 945/1/2 935/5/2 1149/6/2 1159/2/2
f 935/2/3 936/6/3 1150/5/3 1149/1/3
f 1159/1/4 1149/2/4 1150/6/4 1160/5/4
f 946/5/5 1160/6/5 1150/2/5 936/1/5
f 945/1/6 1159/2/6 1160/6/6 946/5/6
f 946/2/1 947/6/1 937/5/1 936/1/1
f 946/5/2 936/1/2 1150/2/2 1160/6/2
f 936/2/3 937/6/3 1151/5/3 1150/1/3
f 1160/1/4 1150/2/4 1151/6/4 1161/5/4
f 947/1/5 1161/2/5 1151/6/5 937/5/5
f 946/1/6 1160/2/6 1161/6/6 947/5/6
f 947/2/1 948/6/1 938/5/1 937/1/1
f 947/5/2 937/1/2 1151/2/2 1161/6/2
f 937/2/3 938/6/3 1152/5/3 1151/1/3
f 1161/1/4 1151/2/4 1152/6/4 1162/5/4
f 948/1/5 1162/2/5 1152/6/5 938/5/5
f 947/1/6 1161/2/6 1162/6/6 948/5/6
f 948/2/1 949/6/1 939/5/1 938/1/1
f 948/6/2 938/2/2 1152/1/2 1162/5/2
f 938/2/3 939/6/3 1153/5/3 1152/1/3
f 1162/1/4 1152/2/4 1153/6/4 1163/5/4
f 949/2/5 1163/1/5 1153/5/5 939/6/5
f 948/1/6 1162/2/6 1163/6/6 949/5/6
f 949/2/1 950/6/1 940/5/1 939/1/1
f 949/5/2 939/1/2 1153/2/2 1163/6/2
f 939/2/3 940/6/3 1154/5/3 1153/1/3
f 1163/1/4 1153/2/4 1154/6/4 1164/5/4
f 950/1/5 1164/2/5 1154/6/5 940/5/5
f 949/1/6 1163/2/6 1164/6/6 950/5/6
f 950/2/1 951/6/1 941/5/1 940/1/1
f 950/2/2 940/6/2 1154/5/2 1164/1/2
f 940/2/3 941/6/3 1155/5/3 1154/1/3
f 1164/1/4 1154/2/4 1155/6/4 1165/5/4
f 951/6/5 1165/5/5 1155/1/5 941/2/5
f 950/1/6 1164/2/6 1165/6/6 951/5/6
f 951/2/1 952/6/1 942/5/1 941/1/1
f 951/1/2 941/5/2 1155/6/2 1165/2/2
f 941/2/3 942/6/3 1156/5/3 1155/1/3
f 1165/1/4 1155/2/4 1156/6/4 1166/5/4
f 952/5/5 1166/6/5 1156/2/5 942/1/5
f 951/1/6 1165/2/6 1166/6/6 952/5/6
f 958/2/1 959/6/1 944/5/1 943/1/1
f 958/5/2 943/1/2 1157/2/2 1168/6/2
f 943/2/3 944/6/3 1158/5/3 1157/1/3
f 1168/1/4 1157/2/4 1158/6/4 1169/5/4
f 959/1/5 1169/2/5 1158/6/5 944/5/5
f 958/1/6 1168/2/6 1169/6/6 959/5/6
f 959/2/1 960/6/1 945/5/1 944/1/1
f 959/6/2 944/2/2 1158/1/2 1169/5/2
f 944/2/3 945/6/3 1159/5/3 1158/1/3
f 1169/1/4 1158/2/4 1159/6/4 1170/5/4
f 960/2/5 1170/1/5 1159/5/5 945/6/5
f 959/1/6 1169/2/6 1170/6/6 960/5/6
f 960/2/1 961/6/1 946/5/1 945/1/1
f 960/6/2 945/2/2 1159/1/2 1170/5/2
f 945/2/3 946/6/3 1160/5/3 1159/1/3
f 1170/1/4 1159/2/4 1160/6/4 1171/5/4
f 961/2/5 1171/1/5 1160/5/5 946/6/5
f 960/1/6 1170/2/6 1171/6/6 961/5/6
f 961/2/1 962/6/1 947/5/1 946/1/1
f 961/5/2 946/1/2 1160/2/2 1171/6/2
f 946/2/3 947/6/3 1161/5/3 1160/1/3
f 1171/1/4 1160/2/4 1161/6/4 1172/5/4
f 962/1/5 1172/2/5 1161/6/5 947/5/5
f 961/1/6 1171/2/6 1172/6/6 962/5/6
f 962/2/1 963/6/1 948/5/1 947/1/1
f 962/6/2 947/2/2 1161/1/2 1172/5/2
f 947/2/3 948/6/3 1162/5/3 1161/1/3
f 1172/1/4 1161/2/4 1162/6/4 1173/5/4
f 963/2/5 1173/1/5 1162/5/5 948/6/5
f 962/1/6 1172/2/6 1173/6/6 963/5/6
f 963/2/1 964/6/1 949/5/1 948/1/1
f 963/1/2 948/5/2 1162/6/2 1173/2/2
f 948/2/3 949/6/3 1163/5/3 1162/1/3
f 1173/1/4 1162/2/4 1163/6/4 1174/5/4
f 964/5/5 1174/6/5 1163/2/5 949/1/5
f 963/1/6 1173/2/6 1174/6/6 964/5/6
f 964/2/1 965/6/1 950/5/1 949/1/1
f 964/5/2 949/1/2 1163/2/2 1174/6/2
f 949/2/3 950/6/3 1164/5/3 1163/1/3
f 1174/1/4 1163/2/4 1164/6/4 1175/5/4
f 965/1/5 1175/2/5 1164/6/5 950/5/5
f 964/1/6 1174/2/6 1175/6/6 965/5/6
f 965/2/1 966/6/1 951/5/1 950/1/1
f 965/1/2 950/5/2 1164/6/2 1175/2/2
f 950/2/3 951/6/3 1165/5/3 1164/1/3
f 1175/1/4 1164/2/4 1165/6/4 1176/5/4
f 966/5/5 1176/6/5 1165/2/5 951/1/5
f 965/1/6 1175/2/6 1176/6/6 966/5/6
f 966/2/1 967/6/1 952/5/1 951/1/1
f 966/6/2 951/2/2 1165/1/2 1176/5/2
f 951/2/3 952/6/3 1166/5/3 1165/1/3
f 1176/1/4 1165/2/4 1166/6/4 1177/5/4
f 967/2/5 1177/1/5 1166/5/5 952/6/5
f 966/1/6 1176/2/6 1177/6/6 967/5/6
f 968/2/1 969/6/1 955/5/1 953/1/1
f 968/2/2 953/6/2 1167/5/2 1178/1/2
f 953/2/3 955/6/3 1179/5/3 1167/1/3
f 1178/1/4 1167/2/4 1179/6/4 1180/5/4
f 969/6/5 1180/5/5 1179/1/5 955/2/5
f 968/1/6 1178/2/6 1180/6/6 969/5/6
f 969/2/1 970/6/1 957/5/1 955/1/1
f 969/2/2 955/6/2 1179/5/2 1180/1/2
f 955/2/3 957/6/3 1181/5/3 1179/1/3
f 1180/1/4 1179/2/4 1181/6/4 1182/5/4
f 970/6/5 1182/5/5 1181/1/5 957/2/5
f 969/1/6 1180/2/6 1182/6/6 970/5/6
f 971/2/1 974/6/1 973/5/1 972/1/1
f 971/5/2 972/1/2 1184/2/2 1183/6/2
f 972/2/3 973/6/3 1185/5/3 1184/1/3
f 1183/1/4 1184/2/4 1185/6/4 1186/5/4
f 974/1/5 1186/2/5 1185/6/5 973/5/5
f 971/1/6 1183/2/6 1186/6/6 974/5/6
f 975/2/1 976/6/1 974/5/1 971/1/1
f 975/5/2 971/1/2 1183/2/2 1187/6/2
f 971/2/3 974/6/3 1186/5/3 1183/1/3
f 1187/1/4 1183/2/4 1186/6/4 1188/5/4
f 976/1/5 1188/2/5 1186/6/5 974/5/5
f 975/1/6 1187/2/6 1188/6/6 976/5/6
f 977/2/1 978/6/1 976/5/1 975/1/1
f 977/1/2 975/5/2 1187/6/2 1189/2/2
f 975/2/3 976/6/3 1188/5/3 1187/1/3
f 1189/1/4 1187/2/4 1188/6/4 1190/5/4
f 978/5/5 1190/6/5 1188/2/5 976/1/5
f 977/1/6 1189/2/6 1190/6/6 978/5/6
f 980/2/1 981/6/1 978/5/1 977/1/1
f 980/6/2 977/2/2 1189/1/2 1191/5/2
f 977/2/3 978/6/3 1190/5/3 1189/1/3
f 1191/1/4 1189/2/4 1190/6/4 1192/5/4
f 981/2/5 1192/1/5 1190/5/5 978/6/5
f 980/1/6 1191/2/6 1192/6/6 981/5/6
f 984/2/1 985/6/1 981/5/1 980/1/1
f 984/5/2 980/1/2 1191/2/2 1194/6/2
f 980/2/3 981/6/3 1192/5/3 1191/1/3
f 1194/1/4 1191/2/4 1192/6/4 1195/5/4
f 985/1/5 1195/2/5 1192/6/5 981/5/5
f 984/1/6 1194/2/6 1195/6/6 985/5/6
f 985/2/1 986/6/1 982/5/1 981/1/1
f 985/2/2 981/6/2 1192/5/2 1195/1/2
f 981/2/3 982/6/3 1193/5/3 1192/1/3
f 1195/1/4 1192/2/4 1193/6/4 1196/5/4
f 986/6/5 1196/5/5 1193/1/5 982/2/5
f 985/1/6 1195/2/6 1196/6/6 986/5/6
f 988/2/1 989/6/1 985/5/1 984/1/1
f 988/6/2 984/2/2 1194/1/2 1197/5/2
f 984/2/3 985/6/3 1195/5/3 1194/1/3
f 1197/1/4 1194/2/4 1195/6/4 1198/5/4
f 989/2/5 1198/1/5 1195/5/5 985/6/5
f 988/1/6 1197/2/6 1198/6/6 989/5/6
f 989/2/1 990/6/1 986/5/1 985/1/1
f 989/1/2 985/5/2 1195/6/2 1198/2/2
f 985/2/3 986/6/3 1196/5/3 1195/1/3
f 1198/1/4 1195/2/4 1196/6/4 1199/5/4
f 990/5/5 1199/6/5 1196/2/5 986/1/5
f 989/1/6 1198/2/6 1199/6/6 990/5/6
f 993/2/1 994/6/1 989/5/1 988/1/1
f 993/6/2 988/2/2 1197/1/2 1201/5/2
f 988/2/3 989/6/3 1198/5/3 1197/1/3
f 1201/1/4 1197/2/4 1198/6/4 1202/5/4
f 994/2/5 1202/1/5 1198/5/5 989/6/5
f 993/1/6 1201/2/6 1202/6/6 994/5/6
f 994/2/1 995/6/1 990/5/1 989/1/1
f 994/5/2 989/1/2 1198/2/2 1202/6/2
f 989/2/3 990/6/3 1199/5/3 1198/1/3
f 1202/1/4 1198/2/4 1199/6/4 1203/5/4
f 995/1/5 1203/2/5 1199/6/5 990/5/5
f 994/1/6 1202/2/6 1203/6/6 995/5/6
f 995/2/1 996/6/1 991/5/1 990/1/1
f 995/1/2 990/5/2 1199/6/2 1203/2/2
f 990/2/3 991/6/3 1200/5/3 1199/1/3
f 1203/1/4 1199/2/4 1200/6/4 1204/5/4
f 996/5/5 1204/6/5 1200/2/5 991/1/5
f 995/1/6 1203/2/6 1204/6/6 996/5/6
f 999/2/1 1000/6/1 994/5/1 993/1/1
f 999/6/2 993/2/2 1201/1/2 1206/5/2
f 993/2/3 994/6/3 1202/5/3 1201/1/3
f 1206/1/4 1201/2/4 1202/6/4 1207/5/4
f 1000/2/5 1207/1/5 1202/5/5 994/6/5
f 999/1/6 1206/2/6 1207/6/6 1000/5/6
f 1000/2/1 1001/6/1 995/5/1 994/1/1
f 1000/6/2 994/2/2 1202/1/2 1207/5/2
f 994/2/3 995/6/3 1203/5/3 1202/1/3
f 1207/1/4 1202/2/4 1203/6/4 1208/5/4
f 1001/2/5 1208/1/5 1203/5/5 995/6/5
f 1000/1/6 1207/2/6 1208/6/6 1001/5/6
f 1001/2/1 1002/6/1 996/5/1 995/1/1
f 1001/1/2 995/5/2 1203/6/2 1208/2/2
f 995/2/3 996/6/3 1204/5/3 1203/1/3
f 1208/1/4 1203/2/4 1204/6/4 1209/5/4
f 1002/5/5 1209/6/5 1204/2/5 996/1/5
f 1001/1/6 1208/2/6 1209/6/6 1002/5/6
f 1002/2/1 1003/6/1 997/5/1 996/1/1
f 1002/6/2 996/2/2 1204/1/2 1209/5/2
f 996/2/3 997/6/3 1205/5/3 1204/1/3
f 1209/1/4 1204/2/4 1205/6/4 1210/5/4
f 1003/2/5 1210/1/5 1205/5/5 997/6/5
f 1002/1/6 1209/2/6 1210/6/6 1003/5/6
f 1005/2/1 1006/6/1 1000/5/1 999/1/1
f 1005/1/2 999/5/2 1206/6/2 1212/2/2
f 999/2/3 1000/6/3 1207/5/3 1206/1/3
f 1212/1/4 1206/2/4 1207/6/4 1213/5/4
f 1006/5/5 1213/6/5 1207/2/5 1000/1/5
f 1005/1/6 1212/2/6 1213/6/6 1006/5/6
f 1006/2/1 1007/6/1 1001/5/1 1000/1/1
f 1006/5/2 1000/1/2 1207/2/2 1213/6/2
f 1000/2/3 1001/6/3 1208/5/3 1207/1/3
f 1213/1/4 1207/2/4 1208/6/4 1214/5/4
f 1007/1/5 1214/2/5 1208/6/5 1001/5/5
f 1006/1/6 1213/2/6 1214/6/6 1007/5/6
f 1007/2/1 1008/6/1 1002/5/1 1001/1/1
f 1007/1/2 1001/5/2 1208/6/2 1214/2/2
f 1001/2/3 1002/6/3 1209/5/3 1208/1/3
f 1214/1/4 1208/2/4 1209/6/4 1215/5/4
f 1008/5/5 1215/6/5 1209/2/5 1002/1/5
f 1007/1/6 1214/2/6 1215/6/6 1008/5/6
f 1008/2/1 1009/6/1 1003/5/1 1002/1/1
f 1008/2/2 1002/6/2 1209/5/2 1215/1/2
f 1002/2/3 1003/6/3 1210/5/3 1209/1/3
f 1215/1/4 1209/2/4 1210/6/4 1216/5/4
f 1009/6/5 1216/5/5 1210/1/5 1003/2/5
f 1008/1/6 1215/2/6 1216/6/6 1009/5/6
f 1009/2/1 1010/6/1 1004/5/1 1003/1/1
f 1009/6/2 1003/2/2 1210/1/2 1216/5/2
f 1003/2/3 1004/6/3 1211/5/3 1210/1/3
f 1216/1/4 1210/2/4 1211/6/4 1217/5/4
f 1010/2/5 1217/1/5 1211/5/5 1004/6/5
f 1009/1/6 1216/2/6 1217/6/6 1010/5/6
f 1011/2/1 1012/6/1 1006/5/1 1005/1/1
f 1011/1/2 1005/5/2 1212/6/2 1218/2/2
f 1005/2/3 1006/6/3 1213/5/3 1212/1/3
f 1218/1/4 1212/2/4 1213/6/4 1219/5/4
f 1012/5/5 1219/6/5 1213/2/5 1006/1/5
f 1011/1/6 1218/2/6 1219/6/6 1012/5/6
f 1012/2/1 1013/6/1 1007/5/1 1006/1/1
f 1012/1/2 1006/5/2 1213/6/2 1219/2/2
f 1006/2/3 1007/6/3 1214/5/3 1213/1/3
f 1219/1/4 1213/2/4 1214/6/4 1220/5/4
f 1013/5/5 1220/6/5 1214/2/5 1007/1/5
f 1012/1/6 1219/2/6 1220/6/6 1013/5/6
f 1013/2/1 1014/6/1 1008/5/1 1007/1/1
f 1013/6/2 1007/2/2 1214/1/2 1220/5/2
f 1007/2/3 1008/6/3 1215/5/3 1214/1/3
f 1220/1/4 1214/2/4 1215/6/4 1221/5/4
f 1014/2/5 1221/1/5 1215/5/5 1008/6/5
f 1013/1/6 1220/2/6 1221/6/6 1014/5/6
f 1014/2/1 1015/6/1 1009/5/1 1008/1/1
f 1014/1/2 1008/5/2 1215/6/2 1221/2/2
f 1008/2/3 1009/6/3 1216/5/3 1215/1/3
f 1221/1/4 1215/2/4 1216/6/4 1222/5/4
f 1015/5/5 1222/6/5 1216/2/5 1009/1/5
f 1014/1/6 1221/2/6 1222/6/6 1015/5/6
f 1015/2/1 1016/6/1 1010/5/1 1009/1/1
f 1015/2/2 1009/6/2 1216/5/2 1222/1/2
f 1009/2/3 1010/6/3 1217/5/3 1216/1/3
f 1222/1/4 1216/2/4 1217/6/4 1223/5/4
f 1016/6/5 1223/5/5 1217/1/5 1010/2/5
f 1015/1/6 1222/2/6 1223/6/6 1016/5/6
f 1017/2/1 1018/6/1 1012/5/1 1011/1/1
f 1017/5/2 1011/1/2 1218/2/2 1224/6/2
f 1011/2/3 1012/6/3 1219/5/3 1218/1/3
f 1224/1/4 1218/2/4 1219/6/4 1225/5/4
f 1018/1/5 1225/2/5 1219/6/5 1012/5/5
f 1017/1/6 1224/2/6 1225/6/6 1018/5/6
f 1018/2/1 1019/6/1 1013/5/1 1012/1/1
f 1018/1/2 1012/5/2 1219/6/2 1225/2/2
f 1012/2/3 1013/6/3 1220/5/3 1219/1/3
f 1225/1/4 1219/2/4 1220/6/4 1226/5/4
f 1019/5/5 1226/6/5 1220/2/5 1013/1/5
f 1018/1/6 1225/2/6 1226/6/6 1019/5/6
f 1019/2/1 1020/6/1 1014/5/1 1013/1/1
f 1019/5/2 1013/1/2 1220/2/2 1226/6/2
f 1013/2/3 1014/6/3 1221/5/3 1220/1/3
f 1226/1/4 1220/2/4 1221/6/4 1227/5/4
f 1020/1/5 1227/2/5 1221/6/5 1014/5/5
f 1019/1/6 1226/2/6 1227/6/6 1020/5/6
f 1020/2/1 1021/6/1 1015/5/1 1014/1/1
f 1020/1/2 1014/5/2 1221/6/2 1227/2/2
f 1014/2/3 1015/6/3 1222/5/3 1221/1/3
f 1227/1/4 1221/2/4 1222/6/4 1228/5/4
f 1021/5/5 1228/6/5 1222/2/5 1015/1/5
f 1020/1/6 1227/2/6 1228/6/6 1021/5/6
f 1021/2/1 1022/6/1 1016/5/1 1015/1/1
f 1021/1/2 1015/5/2 1222/6/2 1228/2/2
f 1015/2/3 1016/6/3 1223/5/3 1222/1/3
f 1228/1/4 1222/2/4 1223/6/4 1229/5/4
f 1022/5/5 1229/6/5 1223/2/5 1016/1/5
f 1021/1/6 1228/2/6 1229/6/6 1022/5/6
f 1024/2/1 1025/6/1 1018/5/1 1017/1/1
f 1024/1/2 1017/5/2 1224/6/2 1231/2/2
f 1017/2/3 1018/6/3 1225/5/3 1224/1/3
f 1231/1/4 1224/2/4 1225/6/4 1232/5/4
f 1025/5/5 1232/6/5 1225/2/5 1018/1/5
f 1024/1/6 1231/2/6 1232/6/6 1025/5/6
f 1025/2/1 1026/6/1 1019/5/1 1018/1/1
f 1025/5/2 1018/1/2 1225/2/2 1232/6/2
f 1018/2/3 1019/6/3 1226/5/3 1225/1/3
f 1232/1/4 1225/2/4 1226/6/4 1233/5/4
f 1026/1/5 1233/2/5 1226/6/5 1019/5/5
f 1025/1/6 1232/2/6 1233/6/6 1026/5/6
f 1026/2/1 1027/6/1 1020/5/1 1019/1/1
f 1026/1/2 1019/5/2 1226/6/2 1233/2/2
f 1019/2/3 1020/6/3 1227/5/3 1226/1/3
f 1233/1/4 1226/2/4 1227/6/4 1234/5/4
f 1027/5/5 1234/6/5 1227/2/5 1020/1/5
f 1026/1/6 1233/2/6 1234/6/6 1027/5/6
f 1027/2/1 1028/6/1 1021/5/1 1020/1/1
f 1027/5/2 1020/1/2 1227/2/2 1234/6/2
f 1020/2/3 1021/6/3 1228/5/3 1227/1/3
f 1234/1/4 1227/2/4 1228/6/4 1235/5/4
f 1028/1/5 1235/2/5 1228/6/5 1021/5/5
f 1027/1/6 1234/2/6 1235/6/6 1028/5/6
f 1028/2/1 1029/6/1 1022/5/1 1021/1/1
f 1028/2/2 1021/6/2 1228/5/2 1235/1/2
f 1021/2/3 1022/6/3 1229/5/3 1228/1/3
f 1235/1/4 1228/2/4 1229/6/4 1236/5/4
f 1029/6/5 1236/5/5 1229/1/5 1022/2/5
f 1028/1/6 1235/2/6 1236/6/6 1029/5/6
f 1029/2/1 1030/6/1 1023/5/1 1022/1/1
f 1029/5/2 1022/1/2 1229/2/2 1236/6/2
f 1022/2/3 1023/6/3 1230/5/3 1229/1/3
f 1236/1/4 1229/2/4 1230/6/4 1237/5/4
f 1030/1/5 1237/2/5 1230/6/5 1023/5/5
f 1029/1/6 1236/2/6 1237/6/6 1030/5/6
f 1031/2/1 1032/6/1 1025/5/1 1024/1/1
f 1031/6/2 1024/2/2 1231/1/2 1238/5/2
f 1024/2/3 1025/6/3 1232/5/3 1231/1/3
f 1238/1/4 1231/2/4 1232/6/4 1239/5/4
f 1032/2/5 1239/1/5 1232/5/5 1025/6/5
f 1031/1/6 1238/2/6 1239/6/6 1032/5/6
f 1032/2/1 1033/6/1 1026/5/1 1025/1/1
f 1032/2/2 1025/6/2 1232/5/2 1239/1/2
f 1025/2/3 1026/6/3 1233/5/3 1232/1/3
f 1239/1/4 1232/2/4 1233/6/4 1240/5/4
f 1033/6/5 1240/5/5 1233/1/5 1026/2/5
f 1032/1/6 1239/2/6 1240/6/6 1033/5/6
f 1033/2/1 1034/6/1 1027/5/1 1026/1/1
f 1033/5/2 1026/1/2 1233/2/2 1240/6/2
f 1026/2/3 1027/6/3 1234/5/3 1233/1/3
f 1240/1/4 1233/2/4 1234/6/4 1241/5/4
f 1034/1/5 1241/2/5 1234/6/5 1027/5/5
f 1033/1/6 1240/2/6 1241/6/6 1034/5/6
f 1034/2/1 1035/6/1 1028/5/1 1027/1/1
f 1034/6/2 1027/2/2 1234/1/2 1241/5/2
f 1027/2/3 1028/6/3 1235/5/3 1234/1/3
f 1241/1/4 1234/2/4 1235/6/4 1242/5/4
f 1035/2/5 1242/1/5 1235/5/5 1028/6/5
f 1034/1/6 1241/2/6 1242/6/6 1035/5/6
f 1035/2/1 1036/6/1 1029/5/1 1028/1/1
f 1035/1/2 1028/5/2 1235/6/2 1242/2/2
f 1028/2/3 1029/6/3 1236/5/3 1235/1/3
f 1242/1/4 1235/2/4 1236/6/4 1243/5/4
f 1036/5/5 1243/6/5 1236/2/5 1029/1/5
f 1035/1/6 1242/2/6 1243/6/6 1036/5/6
f 1036/2/1 1037/6/1 1030/5/1 1029/1/1
f 1036/5/2 1029/1/2 1236/2/2 1243/6/2
f 1029/2/3 1030/6/3 1237/5/3 1236/1/3
f 1243/1/4 1236/2/4 1237/6/4 1244/5/4
f 1037/1/5 1244/2/5 1237/6/5 1030/5/5
f 1036/1/6 1243/2/6 1244/6/6 1037/5/6
f 1038/2/1 1039/6/1 1032/5/1 1031/1/1
f 1038/1/2 1031/5/2 1238/6/2 1245/2/2
f 1031/2/3 1032/6/3 1239/5/3 1238/1/3
f 1245/1/4 1238/2/4 1239/6/4 1246/5/4
f 1039/5/5 1246/6/5 1239/2/5 1032/1/5
f 1038/1/6 1245/2/6 1246/6/6 1039/5/6
f 1039/2/1 1040/6/1 1033/5/1 1032/1/1
f 1039/5/2 1032/1/2 1239/2/2 1246/6/2
f 1032/2/3 1033/6/3 1240/5/3 1239/1/3
f 1246/1/4 1239/2/4 1240/6/4 1247/5/4
f 1040/1/5 1247/2/5 1240/6/5 1033/5/5
f 1039/1/6 1246/2/6 1247/6/6 1040/5/6
f 1040/2/1 1041/6/1 1034/5/1 1033/1/1
f 1040/2/2 1033/6/2 1240/5/2 1247/1/2
f 1033/2/3 1034/6/3 1241/5/3 1240/1/3
f 1247/1/4 1240/2/4 1241/6/4 1248/5/4
f 1041/6/5 1248/5/5 1241/1/5 1034/2/5
f 1040/1/6 1247/2/6 1248/6/6 1041/5/6
f 1041/2/1 1042/6/1 1035/5/1 1034/1/1
f 1041/6/2 1034/2/2 1241/1/2 1248/5/2
f 1034/2/3 1035/6/3 1242/5/3 1241/1/3
f 1248/1/4 1241/2/4 1242/6/4 1249/5/4
f 1042/2/5 1249/1/5 1242/5/5 1035/6/5
f 1041/1/6 1248/2/6 1249/6/6 1042/5/6
f 1042/2/1 1043/6/1 1036/5/1 1035/1/1
f 1042/2/2 1035/6/2 1242/5/2 1249/1/2
f 1035/2/3 1036/6/3 1243/5/3 1242/1/3
f 1249/1/4 1242/2/4 1243/6/4 1250/5/4
f 1043/6/5 1250/5/5 1243/1/5 1036/2/5
f 1042/1/6 1249/2/6 1250/6/6 1043/5/6
f 1043/2/1 1044/6/1 1037/5/1 1036/1/1
f 1043/2/2 1036/6/2 1243/5/2 1250/1/2
f 1036/2/3 1037/6/3 1244/5/3 1243/1/3
f 1250/1/4 1243/2/4 1244/6/4 1251/5/4
f 1044/6/5 1251/5/5 1244/1/5 1037/2/5
f 1043/1/6 1250/2/6 1251/6/6 1044/5/6
f 1045/2/1 1046/6/1 1039/5/1 1038/1/1
f 1045/1/2 1038/5/2 1245/6/2 1252/2/2
f 1038/2/3 1039/6/3 1246/5/3 1245/1/3
f 1252/1/4 1245/2/4 1246/6/4 1253/5/4
f 1046/5/5 1253/6/5 1246/2/5 1039/1/5
f 1045/1/6 1252/2/6 1253/6/6 1046/5/6
f 1046/2/1 1047/6/1 1040/5/1 1039/1/1
f 1046/2/2 1039/6/2 1246/5/2 1253/1/2
f 1039/2/3 1040/6/3 1247/5/3 1246/1/3
f 1253/1/4 1246/2/4 1247/6/4 1254/5/4
f 1047/6/5 1254/5/5 1247/1/5 1040/2/5
f 1046/1/6 1253/2/6 1254/6/6 1047/5/6
f 1047/2/1 1048/6/1 1041/5/1 1040/1/1
f 1047/1/2 1040/5/2 1247/6/2 1254/2/2
f 1040/2/3 1041/6/3 1248/5/3 1247/1/3
f 1254/1/4 1247/2/4 1248/6/4 1255/5/4
f 1048/5/5 1255/6/5 1248/2/5 1041/1/5
f 1047/1/6 1254/2/6 1255/6/6 1048/5/6
f 1048/2/1 1049/6/1 1042/5/1 1041/1/1
f 1048/2/2 1041/6/2 1248/5/2 1255/1/2
f 1041/2/3 1042/6/3 1249/5/3 1248/1/3
f 1255/1/4 1248/2/4 1249/6/4 1256/5/4
f 1049/6/5 1256/5/5 1249/1/5 1042/2/5
f 1048/1/6 1255/2/6 1256/6/6 1049/5/6
f 1049/2/1 1050/6/1 1043/5/1 1042/1/1
f 1049/5/2 1042/1/2 1249/2/2 1256/6/2
f 1042/2/3 1043/6/3 1250/5/3 1249/1/3
f 1256/1/4 1249/2/4 1250/6/4 1257/5/4
f 1050/1/5 1257/2/5 1250/6/5 1043/5/5
f 1049/1/6 1256/2/6 1257/6/6 1050/5/6
f 1052/2/1 1053/6/1 1046/5/1 1045/1/1
f 1052/2/2 1045/6/2 1252/5/2 1258/1/2
f 1045/2/3 1046/6/3 1253/5/3 1252/1/3
f 1258/1/4 1252/2/4 1253/6/4 1259/5/4
f 1053/6/5 1259/5/5 1253/1/5 1046/2/5
f 1052/1/6 1258/2/6 1259/6/6 1053/5/6
f 1053/2/1 1054/6/1 1047/5/1 1046/1/1
f 1053/6/2 1046/2/2 1253/1/2 1259/5/2
f 1046/2/3 1047/6/3 1254/5/3 1253/1/3
f 1259/1/4 1253/2/4 1254/6/4 1260/5/4
f 1054/2/5 1260/1/5 1254/5/5 1047/6/5
f 1053/1/6 1259/2/6 1260/6/6 1054/5/6
f 1054/2/1 1055/6/1 1048/5/1 1047/1/1
f 1054/5/2 1047/1/2 1254/2/2 1260/6/2
f 1047/2/3 1048/6/3 1255/5/3 1254/1/3
f 1260/1/4 1254/2/4 1255/6/4 1261/5/4
f 1055/1/5 1261/2/5 1255/6/5 1048/5/5
f 1054/1/6 1260/2/6 1261/6/6 1055/5/6
f 1055/2/1 1056/6/1 1049/5/1 1048/1/1
f 1055/1/2 1048/5/2 1255/6/2 1261/2/2
f 1048/2/3 1049/6/3 1256/5/3 1255/1/3
f 1261/1/4 1255/2/4 1256/6/4 1262/5/4
f 1056/5/5 1262/6/5 1256/2/5 1049/1/5
f 1055/1/6 1261/2/6 1262/6/6 1056/5/6
f 1056/2/1 1057/6/1 1050/5/1 1049/1/1
f 1056/2/2 1049/6/2 1256/5/2 1262/1/2
f 1049/2/3 1050/6/3 1257/5/3 1256/1/3
f 1262/1/4 1256/2/4 1257/6/4 1263/5/4
f 1057/6/5 1263/5/5 1257/1/5 1050/2/5
f 1056/1/6 1262/2/6 1263/6/6 1057/5/6
f 1059/2/1 1060/6/1 1053/5/1 1052/1/1
f 1059/2/2 1052/6/2 1258/5/2 1264/1/2
f 1052/2/3 1053/6/3 1259/5/3 1258/1/3
f 1264/1/4 1258/2/4 1259/6/4 1265/5/4
f 1060/6/5 1265/5/5 1259/1/5 1053/2/5
f 1059/1/6 1264/2/6 1265/6/6 1060/5/6
f 1060/2/1 1061/6/1 1054/5/1 1053/1/1
f 1060/2/2 1053/6/2 1259/5/2 1265/1/2
f 1053/2/3 1054/6/3 1260/5/3 1259/1/3
f 1265/1/4 1259/2/4 1260/6/4 1266/5/4
f 1061/6/5 1266/5/5 1260/1/5 1054/2/5
f 1060/1/6 1265/2/6 1266/6/6 1061/5/6
f 1061/2/1 1062/6/1 1055/5/1 1054/1/1
f 1061/6/2 1054/2/2 1260/1/2 1266/5/2
f 1054/2/3 1055/6/3 1261/5/3 1260/1/3
f 1266/1/4 1260/2/4 1261/6/4 1267/5/4
f 1062/2/5 1267/1/5 1261/5/5 1055/6/5
f 1061/1/6 1266/2/6 1267/6/6 1062/5/6
f 1062/2/1 1063/6/1 1056/5/1 1055/1/1
f 1062/2/2 1055/6/2 1261/5/2 1267/1/2
f 1055/2/3 1056/6/3 1262/5/3 1261/1/3
f 1267/1/4 1261/2/4 1262/6/4 1268/5/4
f 1063/6/5 1268/5/5 1262/1/5 1056/2/5
f 1062/1/6 1267/2/6 1268/6/6 1063/5/6
f 1063/2/1 1064/6/1 1057/5/1 1056/1/1
f 1063/1/2 1056/5/2 1262/6/2 1268/2/2
f 1056/2/3 1057/6/3 1263/5/3 1262/1/3
f 1268/1/4 1262/2/4 1263/6/4 1269/5/4
f 1064/5/5 1269/6/5 1263/2/5 1057/1/5
f 1063/1/6 1268/2/6 1269/6/6 1064/5/6
f 1066/2/1 1067/6/1 1060/5/1 1059/1/1
f 1066/1/2 1059/5/2 1264/6/2 1270/2/2
f 1059/2/3 1060/6/3 1265/5/3 1264/1/3
f 1270/1/4 1264/2/4 1265/6/4 1271/5/4
f 1067/5/5 1271/6/5 1265/2/5 1060/1/5
f 1066/1/6 1270/2/6 1271/6/6 1067/5/6
f 1067/2/1 1068/6/1 1061/5/1 1060/1/1
f 1067/1/2 1060/5/2 1265/6/2 1271/2/2
f 1060/2/3 1061/6/3 1266/5/3 1265/1/3
f 1271/1/4 1265/2/4 1266/6/4 1272/5/4
f 1068/5/5 1272/6/5 1266/2/5 1061/1/5
f 1067/1/6 1271/2/6 1272/6/6 1068/5/6
f 1068/2/1 1069/6/1 1062/5/1 1061/1/1
f 1068/5/2 1061/1/2 1266/2/2 1272/6/2
f 1061/2/3 1062/6/3 1267/5/3 1266/1/3
f 1272/1/4 1266/2/4 1267/6/4 1273/5/4
f 1069/1/5 1273/2/5 1267/6/5 1062/5/5
f 1068/1/6 1272/2/6 1273/6/6 1069/5/6
f 1069/2/1 1070/6/1 1063/5/1 1062/1/1
f 1069/5/2 1062/1/2 1267/2/2 1273/6/2
f 1062/2/3 1063/6/3 1268/5/3 1267/1/3
f 1273/1/4 1267/2/4 1268/6/4 1274/5/4
f 1070/1/5 1274/2/5 1268/6/5 1063/5/5
f 1069/1/6 1273/2/6 1274/6/6 1070/5/6
f 1070/2/1 1071/6/1 1064/5/1 1063/1/1
f 1070/5/2 1063/1/2 1268/2/2 1274/6/2
f 1063/2/3 1064/6/3 1269/5/3 1268/1/3
f 1274/1/4 1268/2/4 1269/6/4 1275/5/4
f 1071/1/5 1275/2/5 1269/6/5 1064/5/5
f 1070/1/6 1274/2/6 1275/6/6 1071/5/6
f 1074/2/1 1075/6/1 1070/5/1 1069/1/1
f 1074/6/2 1069/2/2 1273/1/2 1277/5/2
f 1069/2/3 1070/6/3 1274/5/3 1273/1/3
f 1277/1/4 1273/2/4 1274/6/4 1278/5/4
f 1075/2/5 1278/1/5 1274/5/5 1070/6/5
f 1074/1/6 1277/2/6 1278/6/6 1075/5/6
f 1075/2/1 1076/6/1 1071/5/1 1070/1/1
f 1075/5/2 1070/1/2 1274/2/2 1278/6/2
f 1070/2/3 1071/6/3 1275/5/3 1274/1/3
f 1278/1/4 1274/2/4 1275/6/4 1279/5/4
f 1076/1/5 1279/2/5 1275/6/5 1071/5/5
f 1075/1/6 1278/2/6 1279/6/6 1076/5/6
f 1076/2/1 1077/6/1 1072/5/1 1071/1/1
f 1076/6/2 1071/2/2 1275/1/2 1279/5/2
f 1071/2/3 1072/6/3 1276/5/3 1275/1/3
f 1279/1/4 1275/2/4 1276/6/4 1280/5/4
f 1077/2/5 1280/1/5 1276/5/5 1072/6/5
f 1076/1/6 1279/2/6 1280/6/6 1077/5/6
f 1079/2/1 1080/6/1 1075/5/1 1074/1/1
f 1079/6/2 1074/2/2 1277/1/2 1281/5/2
f 1074/2/3 1075/6/3 1278/5/3 1277/1/3
f 1281/1/4 1277/2/4 1278/6/4 1282/5/4
f 1080/2/5 1282/1/5 1278/5/5 1075/6/5
f 1079/1/6 1281/2/6 1282/6/6 1080/5/6
f 1080/2/1 1081/6/1 1076/5/1 1075/1/1
f 1080/1/2 1075/5/2 1278/6/2 1282/2/2
f 1075/2/3 1076/6/3 1279/5/3 1278/1/3
f 1282/1/4 1278/2/4 1279/6/4 1283/5/4
f 1081/5/5 1283/6/5 1279/2/5 1076/1/5
f 1080/1/6 1282/2/6 1283/6/6 1081/5/6
f 1081/2/1 1082/6/1 1077/5/1 1076/1/1
f 1081/6/2 1076/2/2 1279/1/2 1283/5/2
f 1076/2/3 1077/6/3 1280/5/3 1279/1/3
f 1283/1/4 1279/2/4 1280/6/4 1284/5/4
f 1082/2/5 1284/1/5 1280/5/5 1077/6/5
f 1081/1/6 1283/2/6 1284/6/6 1082/5/6
f 1087/2/1 1088/6/1 1080/5/1 1079/1/1
f 1087/1/2 1079/5/2 1281/6/2 1285/2/2
f 1079/2/3 1080/6/3 1282/5/3 1281/1/3
f 1285/1/4 1281/2/4 1282/6/4 1286/5/4
f 1088/5/5 1286/6/5 1282/2/5 1080/1/5
f 1087/1/6 1285/2/6 1286/6/6 1088/5/6
f 1088/2/1 1089/6/1 1081/5/1 1080/1/1
f 1088/2/2 1080/6/2 1282/5/2 1286/1/2
f 1080/2/3 1081/6/3 1283/5/3 1282/1/3
f 1286/1/4 1282/2/4 1283/6/4 1287/5/4
f 1089/6/5 1287/5/5 1283/1/5 1081/2/5
f 1088/1/6 1286/2/6 1287/6/6 1089/5/6
f 1089/2/1 1090/6/1 1082/5/1 1081/1/1
f 1089/6/2 1081/2/2 1283/1/2 1287/5/2
f 1081/2/3 1082/6/3 1284/5/3 1283/1/3
f 1287/1/4 1283/2/4 1284/6/4 1288/5/4
f 1090/2/5 1288/1/5 1284/5/5 1082/6/5
f 1089/1/6 1287/2/6 1288/6/6 1090/5/6
f 1096/2/1 1097/6/1 1088/5/1 1087/1/1
f 1096/1/2 1087/5/2 1285/6/2 1293/2/2
f 1087/2/3 1088/6/3 1286/5/3 1285/1/3
f 1293/1/4 1285/2/4 1286/6/4 1294/5/4
f 1097/5/5 1294/6/5 1286/2/5 1088/1/5
f 1096/1/6 1293/2/6 1294/6/6 1097/5/6
f 1097/2/1 1098/6/1 1089/5/1 1088/1/1
f 1097/6/2 1088/2/2 1286/1/2 1294/5/2
f 1088/2/3 1089/6/3 1287/5/3 1286/1/3
f 1294/1/4 1286/2/4 1287/6/4 1295/5/4
f 1098/2/5 1295/1/5 1287/5/5 1089/6/5
f 1097/1/6 1294/2/6 1295/6/6 1098/5/6
f 1297/2/1 1099/6/1 1091/5/1 1090/1/1
f 1297/5/2 1090/1/2 1288/2/2 1296/6/2
f 1090/2/3 1091/6/3 1298/5/3 1288/1/3
f 1296/1/4 1288/2/4 1298/6/4 1299/5/4
f 1099/1/5 1299/2/5 1298/6/5 1091/5/5
f 1297/1/6 1296/2/6 1299/6/6 1099/5/6
f 1099/2/1 1100/6/1 1092/5/1 1091/1/1
f 1099/5/2 1091/1/2 1298/2/2 1299/6/2
f 1091/2/3 1092/6/3 1289/5/3 1298/1/3
f 1299/1/4 1298/2/4 1289/6/4 1300/5/4
f 1100/1/5 1300/2/5 1289/6/5 1092/5/5
f 1099/1/6 1299/2/6 1300/6/6 1100/5/6
f 1101/2/1 1102/6/1 1094/5/1 1093/1/1
f 1101/5/2 1093/1/2 1290/2/2 1301/6/2
f 1093/2/3 1094/6/3 1291/5/3 1290/1/3
f 1301/1/4 1290/2/4 1291/6/4 1302/5/4
f 1102/1/5 1302/2/5 1291/6/5 1094/5/5
f 1101/1/6 1301/2/6 1302/6/6 1102/5/6
f 1102/2/1 1103/6/1 1095/5/1 1094/1/1
f 1102/6/2 1094/2/2 1291/1/2 1302/5/2
f 1094/2/3 1095/6/3 1292/5/3 1291/1/3
f 1302/1/4 1291/2/4 1292/6/4 1303/5/4
f 1103/2/5 1303/1/5 1292/5/5 1095/6/5
f 1102/1/6 1302/2/6 1303/6/6 1103/5/6
f 1103/2/1 1104/6/1 1096/5/1 1095/1/1
f 1103/1/2 1095/5/2 1292/6/2 1303/2/2
f 1095/2/3 1096/6/3 1293/5/3 1292/1/3
f 1303/1/4 1292/2/4 1293/6/4 1304/5/4
f 1104/5/5 1304/6/5 1293/2/5 1096/1/5
f 1103/1/6 1303/2/6 1304/6/6 1104/5/6
f 1104/2/1 1105/6/1 1097/5/1 1096/1/1
f 1104/6/2 1096/2/2 1293/1/2 1304/5/2
f 1096/2/3 1097/6/3 1294/5/3 1293/1/3
f 1304/1/4 1293/2/4 1294/6/4 1305/5/4
f 1105/2/5 1305/1/5 1294/5/5 1097/6/5
f 1104/1/6 1304/2/6 1305/6/6 1105/5/6
f 1105/2/1 1106/6/1 1098/5/1 1097/1/1
f 1105/1/2 1097/5/2 1294/6/2 1305/2/2
f 1097/2/3 1098/6/3 1295/5/3 1294/1/3
f 1305/1/4 1294/2/4 1295/6/4 1306/5/4
f 1106/5/5 1306/6/5 1295/2/5 1098/1/5
f 1105/1/6 1305/2/6 1306/6/6 1106/5/6
f 1106/2/1 1307/6/1 1297/5/1 1098/1/1
f 1106/2/2 1098/6/2 1295/5/2 1306/1/2
f 1098/2/3 1297/6/3 1296/5/3 1295/1/3
f 1306/1/4 1295/2/4 1296/6/4 1308/5/4
f 1307/6/5 1308/5/5 1296/1/5 1297/2/5
f 1106/1/6 1306/2/6 1308/6/6 1307/5/6
f 1307/2/1 1107/6/1 1099/5/1 1297/1/1
f 1307/1/2 1297/5/2 1296/6/2 1308/2/2
f 1297/2/3 1099/6/3 1299/5/3 1296/1/3
f 1308/1/4 1296/2/4 1299/6/4 1309/5/4
f 1107/5/5 1309/6/5 1299/2/5 1099/1/5
f 1307/1/6 1308/2/6 1309/6/6 1107/5/6
f 1109/2/1 1110/6/1 1103/5/1 1102/1/1
f 1109/2/2 1102/6/2 1302/5/2 1312/1/2
f 1102/2/3 1103/6/3 1303/5/3 1302/1/3
f 1312/1/4 1302/2/4 1303/6/4 1313/5/4
f 1110/6/5 1313/5/5 1303/1/5 1103/2/5
f 1109/1/6 1312/2/6 1313/6/6 1110/5/6
f 1110/2/1 1111/6/1 1104/5/1 1103/1/1
f 1110/6/2 1103/2/2 1303/1/2 1313/5/2
f 1103/2/3 1104/6/3 1304/5/3 1303/1/3
f 1313/1/4 1303/2/4 1304/6/4 1314/5/4
f 1111/2/5 1314/1/5 1304/5/5 1104/6/5
f 1110/1/6 1313/2/6 1314/6/6 1111/5/6
f 1111/2/1 1112/6/1 1105/5/1 1104/1/1
f 1111/5/2 1104/1/2 1304/2/2 1314/6/2
f 1104/2/3 1105/6/3 1305/5/3 1304/1/3
f 1314/1/4 1304/2/4 1305/6/4 1315/5/4
f 1112/1/5 1315/2/5 1305/6/5 1105/5/5
f 1111/1/6 1314/2/6 1315/6/6 1112/5/6
f 1112/2/1 1113/6/1 1106/5/1 1105/1/1
f 1112/2/2 1105/6/2 1305/5/2 1315/1/2
f 1105/2/3 1106/6/3 1306/5/3 1305/1/3
f 1315/1/4 1305/2/4 1306/6/4 1316/5/4
f 1113/6/5 1316/5/5 1306/1/5 1106/2/5
f 1112/1/6 1315/2/6 1316/6/6 1113/5/6
f 1113/2/1 1121/6/1 1307/5/1 1106/1/1
f 1113/2/2 1106/6/2 1306/5/2 1316/1/2
f 1106/2/3 1307/6/3 1308/5/3 1306/1/3
f 1316/1/4 1306/2/4 1308/6/4 1317/5/4
f 1121/6/5 1317/5/5 1308/1/5 1307/2/5
f 1113/1/6 1316/2/6 1317/6/6 1121/5/6
f 1121/2/1 1114/6/1 1107/5/1 1307/1/1
f 1121/6/2 1307/2/2 1308/1/2 1317/5/2
f 1307/2/3 1107/6/3 1309/5/3 1308/1/3
f 1317/1/4 1308/2/4 1309/6/4 1318/5/4
f 1114/2/5 1318/1/5 1309/5/5 1107/6/5
f 1121/1/6 1317/2/6 1318/6/6 1114/5/6
f 1114/2/1 1115/6/1 1108/5/1 1107/1/1
f 1114/6/2 1107/2/2 1309/1/2 1318/5/2
f 1107/2/3 1108/6/3 1310/5/3 1309/1/3
f 1318/1/4 1309/2/4 1310/6/4 1319/5/4
f 1115/2/5 1319/1/5 1310/5/5 1108/6/5
f 1114/1/6 1318/2/6 1319/6/6 1115/5/6
f 1117/2/1 1118/6/1 1111/5/1 1110/1/1
f 1117/6/2 1110/2/2 1313/1/2 1321/5/2
f 1110/2/3 1111/6/3 1314/5/3 1313/1/3
f 1321/1/4 1313/2/4 1314/6/4 1322/5/4
f 1118/2/5 1322/1/5 1314/5/5 1111/6/5
f 1117/1/6 1321/2/6 1322/6/6 1118/5/6
f 1118/2/1 1119/6/1 1112/5/1 1111/1/1
f 1118/2/2 1111/6/2 1314/5/2 1322/1/2
f 1111/2/3 1112/6/3 1315/5/3 1314/1/3
f 1322/1/4 1314/2/4 1315/6/4 1323/5/4
f 1119/6/5 1323/5/5 1315/1/5 1112/2/5
f 1118/1/6 1322/2/6 1323/6/6 1119/5/6
f 1119/2/1 1120/6/1 1113/5/1 1112/1/1
f 1119/6/2 1112/2/2 1315/1/2 1323/5/2
f 1112/2/3 1113/6/3 1316/5/3 1315/1/3
f 1323/1/4 1315/2/4 1316/6/4 1324/5/4
f 1120/2/5 1324/1/5 1316/5/5 1113/6/5
f 1119/1/6 1323/2/6 1324/6/6 1120/5/6
f 1120/2/1 1122/6/1 1121/5/1 1113/1/1
f 1120/1/2 1113/5/2 1316/6/2 1324/2/2
f 1113/2/3 1121/6/3 1317/5/3 1316/1/3
f 1324/1/4 1316/2/4 1317/6/4 1325/5/4
f 1122/5/5 1325/6/5 1317/2/5 1121/1/5
f 1120/1/6 1324/2/6 1325/6/6 1122/5/6
f 1122/2/1 1123/6/1 1114/5/1 1121/1/1
f 1122/2/2 1121/6/2 1317/5/2 1325/1/2
f 1121/2/3 1114/6/3 1318/5/3 1317/1/3
f 1325/1/4 1317/2/4 1318/6/4 1326/5/4
f 1123/6/5 1326/5/5 1318/1/5 1114/2/5
f 1122/1/6 1325/2/6 1326/6/6 1123/5/6
f 1123/2/1 1124/6/1 1115/5/1 1114/1/1
f 1123/6/2 1114/2/2 1318/1/2 1326/5/2
f 1114/2/3 1115/6/3 1319/5/3 1318/1/3
f 1326/1/4 1318/2/4 1319/6/4 1327/5/4
f 1124/2/5 1327/1/5 1319/5/5 1115/6/5
f 1123/1/6 1326/2/6 1327/6/6 1124/5/6
f 1126/2/1 1127/6/1 1118/5/1 1117/1/1
f 1126/1/2 1117/5/2 1321/6/2 1328/2/2
f 1117/2/3 1118/6/3 1322/5/3 1321/1/3
f 1328/1/4 1321/2/4 1322/6/4 1329/5/4
f 1127/5/5 1329/6/5 1322/2/5 1118/1/5
f 1126/1/6 1328/2/6 1329/6/6 1127/5/6
f 1127/2/1 1128/6/1 1119/5/1 1118/1/1
f 1127/1/2 1118/5/2 1322/6/2 1329/2/2
f 1118/2/3 1119/6/3 1323/5/3 1322/1/3
f 1329/1/4 1322/2/4 1323/6/4 1330/5/4
f 1128/5/5 1330/6/5 1323/2/5 1119/1/5
f 1127/1/6 1329/2/6 1330/6/6 1128/5/6
f 1128/2/1 1129/6/1 1120/5/1 1119/1/1
f 1128/5/2 1119/1/2 1323/2/2 1330/6/2
f 1119/2/3 1120/6/3 1324/5/3 1323/1/3
f 1330/1/4 1323/2/4 1324/6/4 1331/5/4
f 1129/1/5 1331/2/5 1324/6/5 1120/5/5
f 1128/1/6 1330/2/6 1331/6/6 1129/5/6
f 1129/2/1 1130/6/1 1122/5/1 1120/1/1
f 1129/5/2 1120/1/2 1324/2/2 1331/6/2
f 1120/2/3 1122/6/3 1325/5/3 1324/1/3
f 1331/1/4 1324/2/4 1325/6/4 1332/5/4
f 1130/1/5 1332/2/5 1325/6/5 1122/5/5
f 1129/1/6 1331/2/6 1332/6/6 1130/5/6
f 1130/2/1 1131/6/1 1123/5/1 1122/1/1
f 1130/5/2 1122/1/2 1325/2/2 1332/6/2
f 1122/2/3 1123/6/3 1326/5/3 1325/1/3
f 1332/1/4 1325/2/4 1326/6/4 1333/5/4
f 1131/1/5 1333/2/5 1326/6/5 1123/5/5
f 1130/1/6 1332/2/6 1333/6/6 1131/5/6
f 1131/2/1 1132/6/1 1124/5/1 1123/1/1
f 1131/2/2 1123/6/2 1326/5/2 1333/1/2
f 1123/2/3 1124/6/3 1327/5/3 1326/1/3
f 1333/1/4 1326/2/4 1327/6/4 1334/5/4
f 1132/6/5 1334/5/5 1327/1/5 1124/2/5
f 1131/1/6 1333/2/6 1334/6/6 1132/5/6
f 1134/2/1 1135/6/1 1128/5/1 1127/1/1
f 1134/5/2 1127/1/2 1329/2/2 1337/6/2
f 1127/2/3 1128/6/3 1330/5/3 1329/1/3
f 1337/1/4 1329/2/4 1330/6/4 1338/5/4
f 1135/1/5 1338/2/5 1330/6/5 1128/5/5
f 1134/1/6 1337/2/6 1338/6/6 1135/5/6
f 1135/2/1 1136/6/1 1129/5/1 1128/1/1
f 1135/5/2 1128/1/2 1330/2/2 1338/6/2
f 1128/2/3 1129/6/3 1331/5/3 1330/1/3
f 1338/1/4 1330/2/4 1331/6/4 1339/5/4
f 1136/1/5 1339/2/5 1331/6/5 1129/5/5
f 1135/1/6 1338/2/6 1339/6/6 1136/5/6
f 1136/2/1 1137/6/1 1130/5/1 1129/1/1
f 1136/2/2 1129/6/2 1331/5/2 1339/1/2
f 1129/2/3 1130/6/3 1332/5/3 1331/1/3
f 1339/1/4 1331/2/4 1332/6/4 1340/5/4
f 1137/6/5 1340/5/5 1332/1/5 1130/2/5
f 1136/1/6 1339/2/6 1340/6/6 1137/5/6
f 1137/2/1 1138/6/1 1131/5/1 1130/1/1
f 1137/1/2 1130/5/2 1332/6/2 1340/2/2
f 1130/2/3 1131/6/3 1333/5/3 1332/1/3
f 1340/1/4 1332/2/4 1333/6/4 1341/5/4
f 1138/5/5 1341/6/5 1333/2/5 1131/1/5
f 1137/1/6 1340/2/6 1341/6/6 1138/5/6
f 1138/2/1 1139/6/1 1132/5/1 1131/1/1
f 1138/1/2 1131/5/2 1333/6/2 1341/2/2
f 1131/2/3 1132/6/3 1334/5/3 1333/1/3
f 1341/1/4 1333/2/4 1334/6/4 1342/5/4
f 1139/5/5 1342/6/5 1334/2/5 1132/1/5
f 1138/1/6 1341/2/6 1342/6/6 1139/5/6
f 1139/2/1 1140/6/1 1133/5/1 1132/1/1
f 1139/1/2 1132/5/2 1334/6/2 1342/2/2
f 1132/2/3 1133/6/3 1335/5/3 1334/1/3
f 1342/1/4 1334/2/4 1335/6/4 1343/5/4
f 1140/5/5 1343/6/5 1335/2/5 1133/1/5
f 1139/1/6 1342/2/6 1343/6/6 1140/5/6
f 1142/2/1 1143/6/1 1135/5/1 1134/1/1
f 1142/5/2 1134/1/2 1337/2/2 1345/6/2
f 1134/2/3 1135/6/3 1338/5/3 1337/1/3
f 1345/1/4 1337/2/4 1338/6/4 1346/5/4
f 1143/1/5 1346/2/5 1338/6/5 1135/5/5
f 1142/1/6 1345/2/6 1346/6/6 1143/5/6
f 1143/2/1 1144/6/1 1136/5/1 1135/1/1
f 1143/5/2 1135/1/2 1338/2/2 1346/6/2
f 1135/2/3 1136/6/3 1339/5/3 1338/1/3
f 1346/1/4 1338/2/4 1339/6/4 1347/5/4
f 1144/1/5 1347/2/5 1339/6/5 1136/5/5
f 1143/1/6 1346/2/6 1347/6/6 1144/5/6
f 1144/2/1 1145/6/1 1137/5/1 1136/1/1
f 1144/5/2 1136/1/2 1339/2/2 1347/6/2
f 1136/2/3 1137/6/3 1340/5/3 1339/1/3
f 1347/1/4 1339/2/4 1340/6/4 1348/5/4
f 1145/1/5 1348/2/5 1340/6/5 1137/5/5
f 1144/1/6 1347/2/6 1348/6/6 1145/5/6
f 1145/2/1 1146/6/1 1138/5/1 1137/1/1
f 1145/2/2 1137/6/2 1340/5/2 1348/1/2
f 1137/2/3 1138/6/3 1341/5/3 1340/1/3
f 1348/1/4 1340/2/4 1341/6/4 1349/5/4
f 1146/6/5 1349/5/5 1341/1/5 1138/2/5
f 1145/1/6 1348/2/6 1349/6/6 1146/5/6
f 1146/2/1 1147/6/1 1139/5/1 1138/1/1
f 1146/6/2 1138/2/2 1341/1/2 1349/5/2
f 1138/2/3 1139/6/3 1342/5/3 1341/1/3
f 1349/1/4 1341/2/4 1342/6/4 1350/5/4
f 1147/2/5 1350/1/5 1342/5/5 1139/6/5
f 1146/1/6 1349/2/6 1350/6/6 1147/5/6
f 1149/2/1 1150/6/1 1142/5/1 1141/1/1
f 1149/6/2 1141/2/2 1344/1/2 1352/5/2
f 1141/2/3 1142/6/3 1345/5/3 1344/1/3
f 1352/1/4 1344/2/4 1345/6/4 1353/5/4
f 1150/2/5 1353/1/5 1345/5/5 1142/6/5
f 1149/1/6 1352/2/6 1353/6/6 1150/5/6
f 1150/2/1 1151/6/1 1143/5/1 1142/1/1
f 1150/2/2 1142/6/2 1345/5/2 1353/1/2
f 1142/2/3 1143/6/3 1346/5/3 1345/1/3
f 1353/1/4 1345/2/4 1346/6/4 1354/5/4
f 1151/6/5 1354/5/5 1346/1/5 1143/2/5
f 1150/1/6 1353/2/6 1354/6/6 1151/5/6
f 1151/2/1 1152/6/1 1144/5/1 1143/1/1
f 1151/5/2 1143/1/2 1346/2/2 1354/6/2
f 1143/2/3 1144/6/3 1347/5/3 1346/1/3
f 1354/1/4 1346/2/4 1347/6/4 1355/5/4
f 1152/1/5 1355/2/5 1347/6/5 1144/5/5
f 1151/1/6 1354/2/6 1355/6/6 1152/5/6
f 1152/2/1 1153/6/1 1145/5/1 1144/1/1
f 1152/5/2 1144/1/2 1347/2/2 1355/6/2
f 1144/2/3 1145/6/3 1348/5/3 1347/1/3
f 1355/1/4 1347/2/4 1348/6/4 1356/5/4
f 1153/1/5 1356/2/5 1348/6/5 1145/5/5
f 1152/1/6 1355/2/6 1356/6/6 1153/5/6
f 1153/2/1 1154/6/1 1146/5/1 1145/1/1
f 1153/6/2 1145/2/2 1348/1/2 1356/5/2
f 1145/2/3 1146/6/3 1349/5/3 1348/1/3
f 1356/1/4 1348/2/4 1349/6/4 1357/5/4
f 1154/2/5 1357/1/5 1349/5/5 1146/6/5
f 1153/1/6 1356/2/6 1357/6/6 1154/5/6
f 1154/2/1 1155/6/1 1147/5/1 1146/1/1
f 1154/2/2 1146/6/2 1349/5/2 1357/1/2
f 1146/2/3 1147/6/3 1350/5/3 1349/1/3
f 1357/1/4 1349/2/4 1350/6/4 1358/5/4
f 1155/6/5 1358/5/5 1350/1/5 1147/2/5
f 1154/1/6 1357/2/6 1358/6/6 1155/5/6
f 1159/2/1 1160/6/1 1150/5/1 1149/1/1
f 1159/5/2 1149/1/2 1352/2/2 1361/6/2
f 1149/2/3 1150/6/3 1353/5/3 1352/1/3
f 1361/1/4 1352/2/4 1353/6/4 1362/5/4
f 1160/1/5 1362/2/5 1353/6/5 1150/5/5
f 1159/1/6 1361/2/6 1362/6/6 1160/5/6
f 1160/2/1 1161/6/1 1151/5/1 1150/1/1
f 1160/2/2 1150/6/2 1353/5/2 1362/1/2
f 1150/2/3 1151/6/3 1354/5/3 1353/1/3
f 1362/1/4 1353/2/4 1354/6/4 1363/5/4
f 1161/6/5 1363/5/5 1354/1/5 1151/2/5
f 1160/1/6 1362/2/6 1363/6/6 1161/5/6
f 1161/2/1 1162/6/1 1152/5/1 1151/1/1
f 1161/2/2 1151/6/2 1354/5/2 1363/1/2
f 1151/2/3 1152/6/3 1355/5/3 1354/1/3
f 1363/1/4 1354/2/4 1355/6/4 1364/5/4
f 1162/6/5 1364/5/5 1355/1/5 1152/2/5
f 1161/1/6 1363/2/6 1364/6/6 1162/5/6
f 1162/2/1 1163/6/1 1153/5/1 1152/1/1
f 1162/5/2 1152/1/2 1355/2/2 1364/6/2
f 1152/2/3 1153/6/3 1356/5/3 1355/1/3
f 1364/1/4 1355/2/4 1356/6/4 1365/5/4
f 1163/1/5 1365/2/5 1356/6/5 1153/5/5
f 1162/1/6 1364/2/6 1365/6/6 1163/5/6
f 1163/2/1 1164/6/1 1154/5/1 1153/1/1
f 1163/5/2 1153/1/2 1356/2/2 1365/6/2
f 1153/2/3 1154/6/3 1357/5/3 1356/1/3
f 1365/1/4 1356/2/4 1357/6/4 1366/5/4
f 1164/1/5 1366/2/5 1357/6/5 1154/5/5
f 1163/1/6 1365/2/6 1366/6/6 1164/5/6
f 1168/2/1 1169/6/1 1158/5/1 1157/1/1
f 1168/2/2 1157/6/2 1359/5/2 1368/1/2
f 1157/2/3 1158/6/3 1360/5/3 1359/1/3
f 1368/1/4 1359/2/4 1360/6/4 1369/5/4
f 1169/6/5 1369/5/5 1360/1/5 1158/2/5
f 1168/1/6 1368/2/6 1369/6/6 1169/5/6
f 1169/2/1 1170/6/1 1159/5/1 1158/1/1
f 1169/6/2 1158/2/2 1360/1/2 1369/5/2
f 1158/2/3 1159/6/3 1361/5/3 1360/1/3
f 1369/1/4 1360/2/4 1361/6/4 1370/5/4
f 1170/2/5 1370/1/5 1361/5/5 1159/6/5
f 1169/1/6 1369/2/6 1370/6/6 1170/5/6
f 1170/2/1 1171/6/1 1160/5/1 1159/1/1
f 1170/2/2 1159/6/2 1361/5/2 1370/1/2
f 1159/2/3 1160/6/3 1362/5/3 1361/1/3
f 1370/1/4 1361/2/4 1362/6/4 1371/5/4
f 1171/6/5 1371/5/5 1362/1/5 1160/2/5
f 1170/1/6 1370/2/6 1371/6/6 1171/5/6
f 1171/2/1 1172/6/1 1161/5/1 1160/1/1
f 1171/6/2 1160/2/2 1362/1/2 1371/5/2
f 1160/2/3 1161/6/3 1363/5/3 1362/1/3
f 1371/1/4 1362/2/4 1363/6/4 1372/5/4
f 1172/2/5 1372/1/5 1363/5/5 1161/6/5
f 1171/1/6 1371/2/6 1372/6/6 1172/5/6
f 1172/2/1 1173/6/1 1162/5/1 1161/1/1
f 1172/2/2 1161/6/2 1363/5/2 1372/1/2
f 1161/2/3 1162/6/3 1364/5/3 1363/1/3
f 1372/1/4 1363/2/4 1364/6/4 1373/5/4
f 1173/6/5 1373/5/5 1364/1/5 1162/2/5
f 1172/1/6 1372/2/6 1373/6/6 1173/5/6
f 1173/2/1 1174/6/1 1163/5/1 1162/1/1
f 1173/6/2 1162/2/2 1364/1/2 1373/5/2
f 1162/2/3 1163/6/3 1365/5/3 1364/1/3
f 1373/1/4 1364/2/4 1365/6/4 1374/5/4
f 1174/2/5 1374/1/5 1365/5/5 1163/6/5
f 1173/1/6 1373/2/6 1374/6/6 1174/5/6
f 1174/2/1 1175/6/1 1164/5/1 1163/1/1
f 1174/1/2 1163/5/2 1365/6/2 1374/2/2
f 1163/2/3 1164/6/3 1366/5/3 1365/1/3
f 1374/1/4 1365/2/4 1366/6/4 1375/5/4
f 1175/5/5 1375/6/5 1366/2/5 1164/1/5
f 1174/1/6 1374/2/6 1375/6/6 1175/5/6
f 1175/2/1 1176/6/1 1165/5/1 1164/1/1
f 1175/1/2 1164/5/2 1366/6/2 1375/2/2
f 1164/2/3 1165/6/3 1367/5/3 1366/1/3
f 1375/1/4 1366/2/4 1367/6/4 1376/5/4
f 1176/5/5 1376/6/5 1367/2/5 1165/1/5
f 1175/1/6 1375/2/6 1376/6/6 1176/5/6
f 1183/2/1 1186/6/1 1185/5/1 1184/1/1
f 1183/5/2 1184/1/2 1378/2/2 1377/6/2
f 1184/2/3 1185/6/3 1379/5/3 1378/1/3
f 1377/1/4 1378/2/4 1379/6/4 1380/5/4
f 1186/1/5 1380/2/5 1379/6/5 1185/5/5
f 1183/1/6 1377/2/6 1380/6/6 1186/5/6
f 1187/2/1 1188/6/1 1186/5/1 1183/1/1
f 1187/6/2 1183/2/2 1377/1/2 1381/5/2
f 1183/2/3 1186/6/3 1380/5/3 1377/1/3
f 1381/1/4 1377/2/4 1380/6/4 1382/5/4
f 1188/2/5 1382/1/5 1380/5/5 1186/6/5
f 1187/1/6 1381/2/6 1382/6/6 1188/5/6
f 1189/2/1 1190/6/1 1188/5/1 1187/1/1
f 1189/2/2 1187/6/2 1381/5/2 1383/1/2
f 1187/2/3 1188/6/3 1382/5/3 1381/1/3
f 1383/1/4 1381/2/4 1382/6/4 1384/5/4
f 1190/6/5 1384/5/5 1382/1/5 1188/2/5
f 1189/1/6 1383/2/6 1384/6/6 1190/5/6
f 1191/2/1 1192/6/1 1190/5/1 1189/1/1
f 1191/2/2 1189/6/2 1383/5/2 1385/1/2
f 1189/2/3 1190/6/3 1384/5/3 1383/1/3
f 1385/1/4 1383/2/4 1384/6/4 1386/5/4
f 1192/6/5 1386/5/5 1384/1/5 1190/2/5
f 1191/1/6 1385/2/6 1386/6/6 1192/5/6
f 1194/2/1 1195/6/1 1192/5/1 1191/1/1
f 1194/6/2 1191/2/2 1385/1/2 1387/5/2
f 1191/2/3 1192/6/3 1386/5/3 1385/1/3
f 1387/1/4 1385/2/4 1386/6/4 1388/5/4
f 1195/2/5 1388/1/5 1386/5/5 1192/6/5
f 1194/1/6 1387/2/6 1388/6/6 1195/5/6
f 1197/2/1 1198/6/1 1195/5/1 1194/1/1
f 1197/2/2 1194/6/2 1387/5/2 1390/1/2
f 1194/2/3 1195/6/3 1388/5/3 1387/1/3
f 1390/1/4 1387/2/4 1388/6/4 1391/5/4
f 1198/6/5 1391/5/5 1388/1/5 1195/2/5
f 1197/1/6 1390/2/6 1391/6/6 1198/5/6
f 1198/2/1 1199/6/1 1196/5/1 1195/1/1
f 1198/1/2 1195/5/2 1388/6/2 1391/2/2
f 1195/2/3 1196/6/3 1389/5/3 1388/1/3
f 1391/1/4 1388/2/4 1389/6/4 1392/5/4
f 1199/5/5 1392/6/5 1389/2/5 1196/1/5
f 1198/1/6 1391/2/6 1392/6/6 1199/5/6
f 1201/2/1 1202/6/1 1198/5/1 1197/1/1
f 1201/1/2 1197/5/2 1390/6/2 1394/2/2
f 1197/2/3 1198/6/3 1391/5/3 1390/1/3
f 1394/1/4 1390/2/4 1391/6/4 1395/5/4
f 1202/5/5 1395/6/5 1391/2/5 1198/1/5
f 1201/1/6 1394/2/6 1395/6/6 1202/5/6
f 1202/2/1 1203/6/1 1199/5/1 1198/1/1
f 1202/5/2 1198/1/2 1391/2/2 1395/6/2
f 1198/2/3 1199/6/3 1392/5/3 1391/1/3
f 1395/1/4 1391/2/4 1392/6/4 1396/5/4
f 1203/1/5 1396/2/5 1392/6/5 1199/5/5
f 1202/1/6 1395/2/6 1396/6/6 1203/5/6
f 1203/2/1 1204/6/1 1200/5/1 1199/1/1
f 1203/2/2 1199/6/2 1392/5/2 1396/1/2
f 1199/2/3 1200/6/3 1393/5/3 1392/1/3
f 1396/1/4 1392/2/4 1393/6/4 1397/5/4
f 1204/6/5 1397/5/5 1393/1/5 1200/2/5
f 1203/1/6 1396/2/6 1397/6/6 1204/5/6
f 1206/2/1 1207/6/1 1202/5/1 1201/1/1
f 1206/6/2 1201/2/2 1394/1/2 1398/5/2
f 1201/2/3 1202/6/3 1395/5/3 1394/1/3
f 1398/1/4 1394/2/4 1395/6/4 1399/5/4
f 1207/2/5 1399/1/5 1395/5/5 1202/6/5
f 1206/1/6 1398/2/6 1399/6/6 1207/5/6
f 1207/2/1 1208/6/1 1203/5/1 1202/1/1
f 1207/2/2 1202/6/2 1395/5/2 1399/1/2
f 1202/2/3 1203/6/3 1396/5/3 1395/1/3
f 1399/1/4 1395/2/4 1396/6/4 1400/5/4
f 1208/6/5 1400/5/5 1396/1/5 1203/2/5
f 1207/1/6 1399/2/6 1400/6/6 1208/5/6
f 1208/2/1 1209/6/1 1204/5/1 1203/1/1
f 1208/1/2 1203/5/2 1396/6/2 1400/2/2
f 1203/2/3 1204/6/3 1397/5/3 1396/1/3
f 1400/1/4 1396/2/4 1397/6/4 1401/5/4
f 1209/5/5 1401/6/5 1397/2/5 1204/1/5
f 1208/1/6 1400/2/6 1401/6/6 1209/5/6
f 1212/2/1 1213/6/1 1207/5/1 1206/1/1
f 1212/1/2 1206/5/2 1398/6/2 1403/2/2
f 1206/2/3 1207/6/3 1399/5/3 1398/1/3
f 1403/1/4 1398/2/4 1399/6/4 1404/5/4
f 1213/5/5 1404/6/5 1399/2/5 1207/1/5
f 1212/1/6 1403/2/6 1404/6/6 1213/5/6
f 1213/2/1 1214/6/1 1208/5/1 1207/1/1
f 1213/5/2 1207/1/2 1399/2/2 1404/6/2
f 1207/2/3 1208/6/3 1400/5/3 1399/1/3
f 1404/1/4 1399/2/4 1400/6/4 1405/5/4
f 1214/1/5 1405/2/5 1400/6/5 1208/5/5
f 1213/1/6 1404/2/6 1405/6/6 1214/5/6
f 1214/2/1 1215/6/1 1209/5/1 1208/1/1
f 1214/2/2 1208/6/2 1400/5/2 1405/1/2
f 1208/2/3 1209/6/3 1401/5/3 1400/1/3
f 1405/1/4 1400/2/4 1401/6/4 1406/5/4
f 1215/6/5 1406/5/5 1401/1/5 1209/2/5
f 1214/1/6 1405/2/6 1406/6/6 1215/5/6
f 1215/2/1 1216/6/1 1210/5/1 1209/1/1
f 1215/6/2 1209/2/2 1401/1/2 1406/5/2
f 1209/2/3 1210/6/3 1402/5/3 1401/1/3
f 1406/1/4 1401/2/4 1402/6/4 1407/5/4
f 1216/2/5 1407/1/5 1402/5/5 1210/6/5
f 1215/1/6 1406/2/6 1407/6/6 1216/5/6
f 1218/2/1 1219/6/1 1213/5/1 1212/1/1
f 1218/2/2 1212/6/2 1403/5/2 1409/1/2
f 1212/2/3 1213/6/3 1404/5/3 1403/1/3
f 1409/1/4 1403/2/4 1404/6/4 1410/5/4
f 1219/6/5 1410/5/5 1404/1/5 1213/2/5
f 1218/1/6 1409/2/6 1410/6/6 1219/5/6
f 1219/2/1 1220/6/1 1214/5/1 1213/1/1
f 1219/2/2 1213/6/2 1404/5/2 1410/1/2
f 1213/2/3 1214/6/3 1405/5/3 1404/1/3
f 1410/1/4 1404/2/4 1405/6/4 1411/5/4
f 1220/6/5 1411/5/5 1405/1/5 1214/2/5
f 1219/1/6 1410/2/6 1411/6/6 1220/5/6
f 1220/2/1 1221/6/1 1215/5/1 1214/1/1
f 1220/5/2 1214/1/2 1405/2/2 1411/6/2
f 1214/2/3 1215/6/3 1406/5/3 1405/1/3
f 1411/1/4 1405/2/4 1406/6/4 1412/5/4
f 1221/1/5 1412/2/5 1406/6/5 1215/5/5
f 1220/1/6 1411/2/6 1412/6/6 1221/5/6
f 1222/2/1 1223/6/1 1217/5/1 1216/1/1
f 1222/5/2 1216/1/2 1407/2/2 1413/6/2
f 1216/2/3 1217/6/3 1408/5/3 1407/1/3
f 1413/1/4 1407/2/4 1408/6/4 1414/5/4
f 1223/1/5 1414/2/5 1408/6/5 1217/5/5
f 1222/1/6 1413/2/6 1414/6/6 1223/5/6
f 1224/2/1 1225/6/1 1219/5/1 1218/1/1
f 1224/1/2 1218/5/2 1409/6/2 1415/2/2
f 1218/2/3 1219/6/3 1410/5/3 1409/1/3
f 1415/1/4 1409/2/4 1410/6/4 1416/5/4
f 1225/5/5 1416/6/5 1410/2/5 1219/1/5
f 1224/1/6 1415/2/6 1416/6/6 1225/5/6
f 1225/2/1 1226/6/1 1220/5/1 1219/1/1
f 1225/6/2 1219/2/2 1410/1/2 1416/5/2
f 1219/2/3 1220/6/3 1411/5/3 1410/1/3
f 1416/1/4 1410/2/4 1411/6/4 1417/5/4
f 1226/2/5 1417/1/5 1411/5/5 1220/6/5
f 1225/1/6 1416/2/6 1417/6/6 1226/5/6
f 1226/2/1 1227/6/1 1221/5/1 1220/1/1
f 1226/5/2 1220/1/2 1411/2/2 1417/6/2
f 1220/2/3 1221/6/3 1412/5/3 1411/1/3
f 1417/1/4 1411/2/4 1412/6/4 1418/5/4
f 1227/1/5 1418/2/5 1412/6/5 1221/5/5
f 1226/1/6 1417/2/6 1418/6/6 1227/5/6
f 1227/2/1 1228/6/1 1222/5/1 1221/1/1
f 1227/5/2 1221/1/2 1412/2/2 1418/6/2
f 1221/2/3 1222/6/3 1413/5/3 1412/1/3
f 1418/1/4 1412/2/4 1413/6/4 1419/5/4
f 1228/1/5 1419/2/5 1413/6/5 1222/5/5
f 1227/1/6 1418/2/6 1419/6/6 1228/5/6
f 1228/2/1 1229/6/1 1223/5/1 1222/1/1
f 1228/6/2 1222/2/2 1413/1/2 1419/5/2
f 1222/2/3 1223/6/3 1414/5/3 1413/1/3
f 1419/1/4 1413/2/4 1414/6/4 1420/5/4
f 1229/2/5 1420/1/5 1414/5/5 1223/6/5
f 1228/1/6 1419/2/6 1420/6/6 1229/5/6
f 1231/2/1 1232/6/1 1225/5/1 1224/1/1
f 1231/6/2 1224/2/2 1415/1/2 1422/5/2
f 1224/2/3 1225/6/3 1416/5/3 1415/1/3
f 1422/1/4 1415/2/4 1416/6/4 1423/5/4
f 1232/2/5 1423/1/5 1416/5/5 1225/6/5
f 1231/1/6 1422/2/6 1423/6/6 1232/5/6
f 1232/2/1 1233/6/1 1226/5/1 1225/1/1
f 1232/5/2 1225/1/2 1416/2/2 1423/6/2
f 1225/2/3 1226/6/3 1417/5/3 1416/1/3
f 1423/1/4 1416/2/4 1417/6/4 1424/5/4
f 1233/1/5 1424/2/5 1417/6/5 1226/5/5
f 1232/1/6 1423/2/6 1424/6/6 1233/5/6
f 1233/2/1 1234/6/1 1227/5/1 1226/1/1
f 1233/2/2 1226/6/2 1417/5/2 1424/1/2
f 1226/2/3 1227/6/3 1418/5/3 1417/1/3
f 1424/1/4 1417/2/4 1418/6/4 1425/5/4
f 1234/6/5 1425/5/5 1418/1/5 1227/2/5
f 1233/1/6 1424/2/6 1425/6/6 1234/5/6
f 1234/2/1 1235/6/1 1228/5/1 1227/1/1
f 1234/6/2 1227/2/2 1418/1/2 1425/5/2
f 1227/2/3 1228/6/3 1419/5/3 1418/1/3
f 1425/1/4 1418/2/4 1419/6/4 1426/5/4
f 1235/2/5 1426/1/5 1419/5/5 1228/6/5
f 1234/1/6 1425/2/6 1426/6/6 1235/5/6
f 1235/2/1 1236/6/1 1229/5/1 1228/1/1
f 1235/1/2 1228/5/2 1419/6/2 1426/2/2
f 1228/2/3 1229/6/3 1420/5/3 1419/1/3
f 1426/1/4 1419/2/4 1420/6/4 1427/5/4
f 1236/5/5 1427/6/5 1420/2/5 1229/1/5
f 1235/1/6 1426/2/6 1427/6/6 1236/5/6
f 1236/2/1 1237/6/1 1230/5/1 1229/1/1
f 1236/6/2 1229/2/2 1420/1/2 1427/5/2
f 1229/2/3 1230/6/3 1421/5/3 1420/1/3
f 1427/1/4 1420/2/4 1421/6/4 1428/5/4
f 1237/2/5 1428/1/5 1421/5/5 1230/6/5
f 1236/1/6 1427/2/6 1428/6/6 1237/5/6
f 1238/2/1 1239/6/1 1232/5/1 1231/1/1
f 1238/2/2 1231/6/2 1422/5/2 1429/1/2
f 1231/2/3 1232/6/3 1423/5/3 1422/1/3
f 1429/1/4 1422/2/4 1423/6/4 1430/5/4
f 1239/6/5 1430/5/5 1423/1/5 1232/2/5
f 1238/1/6 1429/2/6 1430/6/6 1239/5/6
f 1239/2/1 1240/6/1 1233/5/1 1232/1/1
f 1239/6/2 1232/2/2 1423/1/2 1430/5/2
f 1232/2/3 1233/6/3 1424/5/3 1423/1/3
f 1430/1/4 1423/2/4 1424/6/4 1431/5/4
f 1240/2/5 1431/1/5 1424/5/5 1233/6/5
f 1239/1/6 1430/2/6 1431/6/6 1240/5/6
f 1240/2/1 1241/6/1 1234/5/1 1233/1/1
f 1240/2/2 1233/6/2 1424/5/2 1431/1/2
f 1233/2/3 1234/6/3 1425/5/3 1424/1/3
f 1431/1/4 1424/2/4 1425/6/4 1432/5/4
f 1241/6/5 1432/5/5 1425/1/5 1234/2/5
f 1240/1/6 1431/2/6 1432/6/6 1241/5/6
f 1241/2/1 1242/6/1 1235/5/1 1234/1/1
f 1241/6/2 1234/2/2 1425/1/2 1432/5/2
f 1234/2/3 1235/6/3 1426/5/3 1425/1/3
f 1432/1/4 1425/2/4 1426/6/4 1433/5/4
f 1242/2/5 1433/1/5 1426/5/5 1235/6/5
f 1241/1/6 1432/2/6 1433/6/6 1242/5/6
f 1242/2/1 1243/6/1 1236/5/1 1235/1/1
f 1242/6/2 1235/2/2 1426/1/2 1433/5/2
f 1235/2/3 1236/6/3 1427/5/3 1426/1/3
f 1433/1/4 1426/2/4 1427/6/4 1434/5/4
f 1243/2/5 1434/1/5 1427/5/5 1236/6/5
f 1242/1/6 1433/2/6 1434/6/6 1243/5/6
f 1243/2/1 1244/6/1 1237/5/1 1236/1/1
f 1243/2/2 1236/6/2 1427/5/2 1434/1/2
f 1236/2/3 1237/6/3 1428/5/3 1427/1/3
f 1434/1/4 1427/2/4 1428/6/4 1435/5/4
f 1244/6/5 1435/5/5 1428/1/5 1237/2/5
f 1243/1/6 1434/2/6 1435/6/6 1244/5/6
f 1245/2/1 1246/6/1 1239/5/1 1238/1/1
f 1245/1/2 1238/5/2 1429/6/2 1436/2/2
f 1238/2/3 1239/6/3 1430/5/3 1429/1/3
f 1436/1/4 1429/2/4 1430/6/4 1437/5/4
f 1246/5/5 1437/6/5 1430/2/5 1239/1/5
f 1245/1/6 1436/2/6 1437/6/6 1246/5/6
f 1246/2/1 1247/6/1 1240/5/1 1239/1/1
f 1246/2/2 1239/6/2 1430/5/2 1437/1/2
f 1239/2/3 1240/6/3 1431/5/3 1430/1/3
f 1437/1/4 1430/2/4 1431/6/4 1438/5/4
f 1247/6/5 1438/5/5 1431/1/5 1240/2/5
f 1246/1/6 1437/2/6 1438/6/6 1247/5/6
f 1247/2/1 1248/6/1 1241/5/1 1240/1/1
f 1247/2/2 1240/6/2 1431/5/2 1438/1/2
f 1240/2/3 1241/6/3 1432/5/3 1431/1/3
f 1438/1/4 1431/2/4 1432/6/4 1439/5/4
f 1248/6/5 1439/5/5 1432/1/5 1241/2/5
f 1247/1/6 1438/2/6 1439/6/6 1248/5/6
f 1248/2/1 1249/6/1 1242/5/1 1241/1/1
f 1248/5/2 1241/1/2 1432/2/2 1439/6/2
f 1241/2/3 1242/6/3 1433/5/3 1432/1/3
f 1439/1/4 1432/2/4 1433/6/4 1440/5/4
f 1249/1/5 1440/2/5 1433/6/5 1242/5/5
f 1248/1/6 1439/2/6 1440/6/6 1249/5/6
f 1249/2/1 1250/6/1 1243/5/1 1242/1/1
f 1249/6/2 1242/2/2 1433/1/2 1440/5/2
f 1242/2/3 1243/6/3 1434/5/3 1433/1/3
f 1440/1/4 1433/2/4 1434/6/4 1441/5/4
f 1250/2/5 1441/1/5 1434/5/5 1243/6/5
f 1249/1/6 1440/2/6 1441/6/6 1250/5/6
f 1250/2/1 1251/6/1 1244/5/1 1243/1/1
f 1250/2/2 1243/6/2 1434/5/2 1441/1/2
f 1243/2/3 1244/6/3 1435/5/3 1434/1/3
f 1441/1/4 1434/2/4 1435/6/4 1442/5/4
f 1251/6/5 1442/5/5 1435/1/5 1244/2/5
f 1250/1/6 1441/2/6 1442/6/6 1251/5/6
f 1252/2/1 1253/6/1 1246/5/1 1245/1/1
f 1252/5/2 1245/1/2 1436/2/2 1443/6/2
f 1245/2/3 1246/6/3 1437/5/3 1436/1/3
f 1443/1/4 1436/2/4 1437/6/4 1444/5/4
f 1253/1/5 1444/2/5 1437/6/5 1246/5/5
f 1252/1/6 1443/2/6 1444/6/6 1253/5/6
f 1253/2/1 1254/6/1 1247/5/1 1246/1/1
f 1253/6/2 1246/2/2 1437/1/2 1444/5/2
f 1246/2/3 1247/6/3 1438/5/3 1437/1/3
f 1444/1/4 1437/2/4 1438/6/4 1445/5/4
f 1254/2/5 1445/1/5 1438/5/5 1247/6/5
f 1253/1/6 1444/2/6 1445/6/6 1254/5/6
f 1254/2/1 1255/6/1 1248/5/1 1247/1/1
f 1254/1/2 1247/5/2 1438/6/2 1445/2/2
f 1247/2/3 1248/6/3 1439/5/3 1438/1/3
f 1445/1/4 1438/2/4 1439/6/4 1446/5/4
f 1255/5/5 1446/6/5 1439/2/5 1248/1/5
f 1254/1/6 1445/2/6 1446/6/6 1255/5/6
f 1255/2/1 1256/6/1 1249/5/1 1248/1/1
f 1255/6/2 1248/2/2 1439/1/2 1446/5/2
f 1248/2/3 1249/6/3 1440/5/3 1439/1/3
f 1446/1/4 1439/2/4 1440/6/4 1447/5/4
f 1256/2/5 1447/1/5 1440/5/5 1249/6/5
f 1255/1/6 1446/2/6 1447/6/6 1256/5/6
f 1256/2/1 1257/6/1 1250/5/1 1249/1/1
f 1256/2/2 1249/6/2 1440/5/2 1447/1/2
f 1249/2/3 1250/6/3 1441/5/3 1440/1/3
f 1447/1/4 1440/2/4 1441/6/4 1448/5/4
f 1257/6/5 1448/5/5 1441/1/5 1250/2/5
f 1256/1/6 1447/2/6 1448/6/6 1257/5/6
f 1258/2/1 1259/6/1 1253/5/1 1252/1/1
f 1258/5/2 1252/1/2 1443/2/2 1449/6/2
f 1252/2/3 1253/6/3 1444/5/3 1443/1/3
f 1449/1/4 1443/2/4 1444/6/4 1450/5/4
f 1259/1/5 1450/2/5 1444/6/5 1253/5/5
f 1258/1/6 1449/2/6 1450/6/6 1259/5/6
f 1259/2/1 1260/6/1 1254/5/1 1253/1/1
f 1259/2/2 1253/6/2 1444/5/2 1450/1/2
f 1253/2/3 1254/6/3 1445/5/3 1444/1/3
f 1450/1/4 1444/2/4 1445/6/4 1451/5/4
f 1260/6/5 1451/5/5 1445/1/5 1254/2/5
f 1259/1/6 1450/2/6 1451/6/6 1260/5/6
f 1260/2/1 1261/6/1 1255/5/1 1254/1/1
f 1260/2/2 1254/6/2 1445/5/2 1451/1/2
f 1254/2/3 1255/6/3 1446/5/3 1445/1/3
f 1451/1/4 1445/2/4 1446/6/4 1452/5/4
f 1261/6/5 1452/5/5 1446/1/5 1255/2/5
f 1260/1/6 1451/2/6 1452/6/6 1261/5/6
f 1261/2/1 1262/6/1 1256/5/1 1255/1/1
f 1261/5/2 1255/1/2 1446/2/2 1452/6/2
f 1255/2/3 1256/6/3 1447/5/3 1446/1/3
f 1452/1/4 1446/2/4 1447/6/4 1453/5/4
f 1262/1/5 1453/2/5 1447/6/5 1256/5/5
f 1261/1/6 1452/2/6 1453/6/6 1262/5/6
f 1262/2/1 1263/6/1 1257/5/1 1256/1/1
f 1262/2/2 1256/6/2 1447/5/2 1453/1/2
f 1256/2/3 1257/6/3 1448/5/3 1447/1/3
f 1453/1/4 1447/2/4 1448/6/4 1454/5/4
f 1263/6/5 1454/5/5 1448/1/5 1257/2/5
f 1262/1/6 1453/2/6 1454/6/6 1263/5/6
f 1264/2/1 1265/6/1 1259/5/1 1258/1/1
f 1264/1/2 1258/5/2 1449/6/2 1455/2/2
f 1258/2/3 1259/6/3 1450/5/3 1449/1/3
f 1455/1/4 1449/2/4 1450/6/4 1456/5/4
f 1265/5/5 1456/6/5 1450/2/5 1259/1/5
f 1264/1/6 1455/2/6 1456/6/6 1265/5/6
f 1265/2/1 1266/6/1 1260/5/1 1259/1/1
f 1265/6/2 1259/2/2 1450/1/2 1456/5/2
f 1259/2/3 1260/6/3 1451/5/3 1450/1/3
f 1456/1/4 1450/2/4 1451/6/4 1457/5/4
f 1266/2/5 1457/1/5 1451/5/5 1260/6/5
f 1265/1/6 1456/2/6 1457/6/6 1266/5/6
f 1266/2/1 1267/6/1 1261/5/1 1260/1/1
f 1266/2/2 1260/6/2 1451/5/2 1457/1/2
f 1260/2/3 1261/6/3 1452/5/3 1451/1/3
f 1457/1/4 1451/2/4 1452/6/4 1458/5/4
f 1267/6/5 1458/5/5 1452/1/5 1261/2/5
f 1266/1/6 1457/2/6 1458/6/6 1267/5/6
f 1267/2/1 1268/6/1 1262/5/1 1261/1/1
f 1267/1/2 1261/5/2 1452/6/2 1458/2/2
f 1261/2/3 1262/6/3 1453/5/3 1452/1/3
f 1458/1/4 1452/2/4 1453/6/4 1459/5/4
f 1268/5/5 1459/6/5 1453/2/5 1262/1/5
f 1267/1/6 1458/2/6 1459/6/6 1268/5/6
f 1268/2/1 1269/6/1 1263/5/1 1262/1/1
f 1268/1/2 1262/5/2 1453/6/2 1459/2/2
f 1262/2/3 1263/6/3 1454/5/3 1453/1/3
f 1459/1/4 1453/2/4 1454/6/4 1460/5/4
f 1269/5/5 1460/6/5 1454/2/5 1263/1/5
f 1268/1/6 1459/2/6 1460/6/6 1269/5/6
f 1270/2/1 1271/6/1 1265/5/1 1264/1/1
f 1270/5/2 1264/1/2 1455/2/2 1461/6/2
f 1264/2/3 1265/6/3 1456/5/3 1455/1/3
f 1461/1/4 1455/2/4 1456/6/4 1462/5/4
f 1271/1/5 1462/2/5 1456/6/5 1265/5/5
f 1270/1/6 1461/2/6 1462/6/6 1271/5/6
f 1271/2/1 1272/6/1 1266/5/1 1265/1/1
f 1271/2/2 1265/6/2 1456/5/2 1462/1/2
f 1265/2/3 1266/6/3 1457/5/3 1456/1/3
f 1462/1/4 1456/2/4 1457/6/4 1463/5/4
f 1272/6/5 1463/5/5 1457/1/5 1266/2/5
f 1271/1/6 1462/2/6 1463/6/6 1272/5/6
f 1272/2/1 1273/6/1 1267/5/1 1266/1/1
f 1272/5/2 1266/1/2 1457/2/2 1463/6/2
f 1266/2/3 1267/6/3 1458/5/3 1457/1/3
f 1463/1/4 1457/2/4 1458/6/4 1464/5/4
f 1273/1/5 1464/2/5 1458/6/5 1267/5/5
f 1272/1/6 1463/2/6 1464/6/6 1273/5/6
f 1273/2/1 1274/6/1 1268/5/1 1267/1/1
f 1273/6/2 1267/2/2 1458/1/2 1464/5/2
f 1267/2/3 1268/6/3 1459/5/3 1458/1/3
f 1464/1/4 1458/2/4 1459/6/4 1465/5/4
f 1274/2/5 1465/1/5 1459/5/5 1268/6/5
f 1273/1/6 1464/2/6 1465/6/6 1274/5/6
f 1274/2/1 1275/6/1 1269/5/1 1268/1/1
f 1274/2/2 1268/6/2 1459/5/2 1465/1/2
f 1268/2/3 1269/6/3 1460/5/3 1459/1/3
f 1465/1/4 1459/2/4 1460/6/4 1466/5/4
f 1275/6/5 1466/5/5 1460/1/5 1269/2/5
f 1274/1/6 1465/2/6 1466/6/6 1275/5/6
f 1277/2/1 1278/6/1 1274/5/1 1273/1/1
f 1277/5/2 1273/1/2 1464/2/2 1468/6/2
f 1273/2/3 1274/6/3 1465/5/3 1464/1/3
f 1468/1/4 1464/2/4 1465/6/4 1469/5/4
f 1278/1/5 1469/2/5 1465/6/5 1274/5/5
f 1277/1/6 1468/2/6 1469/6/6 1278/5/6
f 1278/2/1 1279/6/1 1275/5/1 1274/1/1
f 1278/1/2 1274/5/2 1465/6/2 1469/2/2
f 1274/2/3 1275/6/3 1466/5/3 1465/1/3
f 1469/1/4 1465/2/4 1466/6/4 1470/5/4
f 1279/5/5 1470/6/5 1466/2/5 1275/1/5
f 1278/1/6 1469/2/6 1470/6/6 1279/5/6
f 1279/2/1 1280/6/1 1276/5/1 1275/1/1
f 1279/6/2 1275/2/2 1466/1/2 1470/5/2
f 1275/2/3 1276/6/3 1467/5/3 1466/1/3
f 1470/1/4 1466/2/4 1467/6/4 1471/5/4
f 1280/2/5 1471/1/5 1467/5/5 1276/6/5
f 1279/1/6 1470/2/6 1471/6/6 1280/5/6
f 1282/2/1 1283/6/1 1279/5/1 1278/1/1
f 1282/1/2 1278/5/2 1469/6/2 1472/2/2
f 1278/2/3 1279/6/3 1470/5/3 1469/1/3
f 1472/1/4 1469/2/4 1470/6/4 1473/5/4
f 1283/5/5 1473/6/5 1470/2/5 1279/1/5
f 1282/1/6 1472/2/6 1473/6/6 1283/5/6
f 1283/2/1 1284/6/1 1280/5/1 1279/1/1
f 1283/2/2 1279/6/2 1470/5/2 1473/1/2
f 1279/2/3 1280/6/3 1471/5/3 1470/1/3
f 1473/1/4 1470/2/4 1471/6/4 1474/5/4
f 1284/6/5 1474/5/5 1471/1/5 1280/2/5
f 1283/1/6 1473/2/6 1474/6/6 1284/5/6
f 1286/2/1 1287/6/1 1283/5/1 1282/1/1
f 1286/1/2 1282/5/2 1472/6/2 1475/2/2
f 1282/2/3 1283/6/3 1473/5/3 1472/1/3
f 1475/1/4 1472/2/4 1473/6/4 1476/5/4
f 1287/5/5 1476/6/5 1473/2/5 1283/1/5
f 1286/1/6 1475/2/6 1476/6/6 1287/5/6
f 1287/2/1 1288/6/1 1284/5/1 1283/1/1
f 1287/5/2 1283/1/2 1473/2/2 1476/6/2
f 1283/2/3 1284/6/3 1474/5/3 1473/1/3
f 1476/1/4 1473/2/4 1474/6/4 1477/5/4
f 1288/1/5 1477/2/5 1474/6/5 1284/5/5
f 1287/1/6 1476/2/6 1477/6/6 1288/5/6
f 1294/2/1 1295/6/1 1287/5/1 1286/1/1
f 1294/5/2 1286/1/2 1475/2/2 1480/6/2
f 1286/2/3 1287/6/3 1476/5/3 1475/1/3
f 1480/1/4 1475/2/4 1476/6/4 1481/5/4
f 1295/1/5 1481/2/5 1476/6/5 1287/5/5
f 1294/1/6 1480/2/6 1481/6/6 1295/5/6
f 1299/2/1 1300/6/1 1289/5/1 1298/1/1
f 1299/5/2 1298/1/2 1484/2/2 1483/6/2
f 1298/2/3 1289/6/3 1478/5/3 1484/1/3
f 1483/1/4 1484/2/4 1478/6/4 1485/5/4
f 1300/1/5 1485/2/5 1478/6/5 1289/5/5
f 1299/1/6 1483/2/6 1485/6/6 1300/5/6
f 1304/2/1 1305/6/1 1294/5/1 1293/1/1
f 1304/2/2 1293/6/2 1479/5/2 1489/1/2
f 1293/2/3 1294/6/3 1480/5/3 1479/1/3
f 1489/1/4 1479/2/4 1480/6/4 1490/5/4
f 1305/6/5 1490/5/5 1480/1/5 1294/2/5
f 1304/1/6 1489/2/6 1490/6/6 1305/5/6
f 1305/2/1 1306/6/1 1295/5/1 1294/1/1
f 1305/2/2 1294/6/2 1480/5/2 1490/1/2
f 1294/2/3 1295/6/3 1481/5/3 1480/1/3
f 1490/1/4 1480/2/4 1481/6/4 1491/5/4
f 1306/6/5 1491/5/5 1481/1/5 1295/2/5
f 1305/1/6 1490/2/6 1491/6/6 1306/5/6
f 1306/2/1 1308/6/1 1296/5/1 1295/1/1
f 1306/5/2 1295/1/2 1481/2/2 1491/6/2
f 1295/2/3 1296/6/3 1482/5/3 1481/1/3
f 1491/1/4 1481/2/4 1482/6/4 1492/5/4
f 1308/1/5 1492/2/5 1482/6/5 1296/5/5
f 1306/1/6 1491/2/6 1492/6/6 1308/5/6
f 1308/2/1 1309/6/1 1299/5/1 1296/1/1
f 1308/6/2 1296/2/2 1482/1/2 1492/5/2
f 1296/2/3 1299/6/3 1483/5/3 1482/1/3
f 1492/1/4 1482/2/4 1483/6/4 1493/5/4
f 1309/2/5 1493/1/5 1483/5/5 1299/6/5
f 1308/1/6 1492/2/6 1493/6/6 1309/5/6
f 1309/2/1 1310/6/1 1300/5/1 1299/1/1
f 1309/2/2 1299/6/2 1483/5/2 1493/1/2
f 1299/2/3 1300/6/3 1485/5/3 1483/1/3
f 1493/1/4 1483/2/4 1485/6/4 1494/5/4
f 1310/6/5 1494/5/5 1485/1/5 1300/2/5
f 1309/1/6 1493/2/6 1494/6/6 1310/5/6
f 1311/2/1 1312/6/1 1302/5/1 1301/1/1
f 1311/5/2 1301/1/2 1486/2/2 1495/6/2
f 1301/2/3 1302/6/3 1487/5/3 1486/1/3
f 1495/1/4 1486/2/4 1487/6/4 1496/5/4
f 1312/1/5 1496/2/5 1487/6/5 1302/5/5
f 1311/1/6 1495/2/6 1496/6/6 1312/5/6
f 1312/2/1 1313/6/1 1303/5/1 1302/1/1
f 1312/2/2 1302/6/2 1487/5/2 1496/1/2
f 1302/2/3 1303/6/3 1488/5/3 1487/1/3
f 1496/1/4 1487/2/4 1488/6/4 1497/5/4
f 1313/6/5 1497/5/5 1488/1/5 1303/2/5
f 1312/1/6 1496/2/6 1497/6/6 1313/5/6
f 1313/2/1 1314/6/1 1304/5/1 1303/1/1
f 1313/2/2 1303/6/2 1488/5/2 1497/1/2
f 1303/2/3 1304/6/3 1489/5/3 1488/1/3
f 1497/1/4 1488/2/4 1489/6/4 1498/5/4
f 1314/6/5 1498/5/5 1489/1/5 1304/2/5
f 1313/1/6 1497/2/6 1498/6/6 1314/5/6
f 1314/2/1 1315/6/1 1305/5/1 1304/1/1
f 1314/1/2 1304/5/2 1489/6/2 1498/2/2
f 1304/2/3 1305/6/3 1490/5/3 1489/1/3
f 1498/1/4 1489/2/4 1490/6/4 1499/5/4
f 1315/5/5 1499/6/5 1490/2/5 1305/1/5
f 1314/1/6 1498/2/6 1499/6/6 1315/5/6
f 1315/2/1 1316/6/1 1306/5/1 1305/1/1
f 1315/6/2 1305/2/2 1490/1/2 1499/5/2
f 1305/2/3 1306/6/3 1491/5/3 1490/1/3
f 1499/1/4 1490/2/4 1491/6/4 1500/5/4
f 1316/2/5 1500/1/5 1491/5/5 1306/6/5
f 1315/1/6 1499/2/6 1500/6/6 1316/5/6
f 1316/2/1 1317/6/1 1308/5/1 1306/1/1
f 1316/1/2 1306/5/2 1491/6/2 1500/2/2
f 1306/2/3 1308/6/3 1492/5/3 1491/1/3
f 1500/1/4 1491/2/4 1492/6/4 1501/5/4
f 1317/5/5 1501/6/5 1492/2/5 1308/1/5
f 1316/1/6 1500/2/6 1501/6/6 1317/5/6
f 1317/2/1 1318/6/1 1309/5/1 1308/1/1
f 1317/1/2 1308/5/2 1492/6/2 1501/2/2
f 1308/2/3 1309/6/3 1493/5/3 1492/1/3
f 1501/1/4 1492/2/4 1493/6/4 1502/5/4
f 1318/5/5 1502/6/5 1493/2/5 1309/1/5
f 1317/1/6 1501/2/6 1502/6/6 1318/5/6
f 1318/2/1 1319/6/1 1310/5/1 1309/1/1
f 1318/5/2 1309/1/2 1493/2/2 1502/6/2
f 1309/2/3 1310/6/3 1494/5/3 1493/1/3
f 1502/1/4 1493/2/4 1494/6/4 1503/5/4
f 1319/1/5 1503/2/5 1494/6/5 1310/5/5
f 1318/1/6 1502/2/6 1503/6/6 1319/5/6
f 1320/2/1 1321/6/1 1313/5/1 1312/1/1
f 1320/5/2 1312/1/2 1496/2/2 1504/6/2
f 1312/2/3 1313/6/3 1497/5/3 1496/1/3
f 1504/1/4 1496/2/4 1497/6/4 1505/5/4
f 1321/1/5 1505/2/5 1497/6/5 1313/5/5
f 1320/1/6 1504/2/6 1505/6/6 1321/5/6
f 1321/2/1 1322/6/1 1314/5/1 1313/1/1
f 1321/2/2 1313/6/2 1497/5/2 1505/1/2
f 1313/2/3 1314/6/3 1498/5/3 1497/1/3
f 1505/1/4 1497/2/4 1498/6/4 1506/5/4
f 1322/6/5 1506/5/5 1498/1/5 1314/2/5
f 1321/1/6 1505/2/6 1506/6/6 1322/5/6
f 1322/2/1 1323/6/1 1315/5/1 1314/1/1
f 1322/1/2 1314/5/2 1498/6/2 1506/2/2
f 1314/2/3 1315/6/3 1499/5/3 1498/1/3
f 1506/1/4 1498/2/4 1499/6/4 1507/5/4
f 1323/5/5 1507/6/5 1499/2/5 1315/1/5
f 1322/1/6 1506/2/6 1507/6/6 1323/5/6
f 1323/2/1 1324/6/1 1316/5/1 1315/1/1
f 1323/6/2 1315/2/2 1499/1/2 1507/5/2
f 1315/2/3 1316/6/3 1500/5/3 1499/1/3
f 1507/1/4 1499/2/4 1500/6/4 1508/5/4
f 1324/2/5 1508/1/5 1500/5/5 1316/6/5
f 1323/1/6 1507/2/6 1508/6/6 1324/5/6
f 1324/2/1 1325/6/1 1317/5/1 1316/1/1
f 1324/2/2 1316/6/2 1500/5/2 1508/1/2
f 1316/2/3 1317/6/3 1501/5/3 1500/1/3
f 1508/1/4 1500/2/4 1501/6/4 1509/5/4
f 1325/6/5 1509/5/5 1501/1/5 1317/2/5
f 1324/1/6 1508/2/6 1509/6/6 1325/5/6
f 1325/2/1 1326/6/1 1318/5/1 1317/1/1
f 1325/2/2 1317/6/2 1501/5/2 1509/1/2
f 1317/2/3 1318/6/3 1502/5/3 1501/1/3
f 1509/1/4 1501/2/4 1502/6/4 1510/5/4
f 1326/6/5 1510/5/5 1502/1/5 1318/2/5
f 1325/1/6 1509/2/6 1510/6/6 1326/5/6
f 1326/2/1 1327/6/1 1319/5/1 1318/1/1
f 1326/5/2 1318/1/2 1502/2/2 1510/6/2
f 1318/2/3 1319/6/3 1503/5/3 1502/1/3
f 1510/1/4 1502/2/4 1503/6/4 1511/5/4
f 1327/1/5 1511/2/5 1503/6/5 1319/5/5
f 1326/1/6 1510/2/6 1511/6/6 1327/5/6
f 1328/2/1 1329/6/1 1322/5/1 1321/1/1
f 1328/1/2 1321/5/2 1505/6/2 1513/2/2
f 1321/2/3 1322/6/3 1506/5/3 1505/1/3
f 1513/1/4 1505/2/4 1506/6/4 1514/5/4
f 1329/5/5 1514/6/5 1506/2/5 1322/1/5
f 1328/1/6 1513/2/6 1514/6/6 1329/5/6
f 1329/2/1 1330/6/1 1323/5/1 1322/1/1
f 1329/2/2 1322/6/2 1506/5/2 1514/1/2
f 1322/2/3 1323/6/3 1507/5/3 1506/1/3
f 1514/1/4 1506/2/4 1507/6/4 1515/5/4
f 1330/6/5 1515/5/5 1507/1/5 1323/2/5
f 1329/1/6 1514/2/6 1515/6/6 1330/5/6
f 1330/2/1 1331/6/1 1324/5/1 1323/1/1
f 1330/5/2 1323/1/2 1507/2/2 1515/6/2
f 1323/2/3 1324/6/3 1508/5/3 1507/1/3
f 1515/1/4 1507/2/4 1508/6/4 1516/5/4
f 1331/1/5 1516/2/5 1508/6/5 1324/5/5
f 1330/1/6 1515/2/6 1516/6/6 1331/5/6
f 1331/2/1 1332/6/1 1325/5/1 1324/1/1
f 1331/1/2 1324/5/2 1508/6/2 1516/2/2
f 1324/2/3 1325/6/3 1509/5/3 1508/1/3
f 1516/1/4 1508/2/4 1509/6/4 1517/5/4
f 1332/5/5 1517/6/5 1509/2/5 1325/1/5
f 1331/1/6 1516/2/6 1517/6/6 1332/5/6
f 1332/2/1 1333/6/1 1326/5/1 1325/1/1
f 1332/5/2 1325/1/2 1509/2/2 1517/6/2
f 1325/2/3 1326/6/3 1510/5/3 1509/1/3
f 1517/1/4 1509/2/4 1510/6/4 1518/5/4
f 1333/1/5 1518/2/5 1510/6/5 1326/5/5
f 1332/1/6 1517/2/6 1518/6/6 1333/5/6
f 1333/2/1 1334/6/1 1327/5/1 1326/1/1
f 1333/6/2 1326/2/2 1510/1/2 1518/5/2
f 1326/2/3 1327/6/3 1511/5/3 1510/1/3
f 1518/1/4 1510/2/4 1511/6/4 1519/5/4
f 1334/2/5 1519/1/5 1511/5/5 1327/6/5
f 1333/1/6 1518/2/6 1519/6/6 1334/5/6
f 1336/2/1 1337/6/1 1329/5/1 1328/1/1
f 1336/6/2 1328/2/2 1513/1/2 1520/5/2
f 1328/2/3 1329/6/3 1514/5/3 1513/1/3
f 1520/1/4 1513/2/4 1514/6/4 1521/5/4
f 1337/2/5 1521/1/5 1514/5/5 1329/6/5
f 1336/1/6 1520/2/6 1521/6/6 1337/5/6
f 1337/2/1 1338/6/1 1330/5/1 1329/1/1
f 1337/6/2 1329/2/2 1514/1/2 1521/5/2
f 1329/2/3 1330/6/3 1515/5/3 1514/1/3
f 1521/1/4 1514/2/4 1515/6/4 1522/5/4
f 1338/2/5 1522/1/5 1515/5/5 1330/6/5
f 1337/1/6 1521/2/6 1522/6/6 1338/5/6
f 1338/2/1 1339/6/1 1331/5/1 1330/1/1
f 1338/2/2 1330/6/2 1515/5/2 1522/1/2
f 1330/2/3 1331/6/3 1516/5/3 1515/1/3
f 1522/1/4 1515/2/4 1516/6/4 1523/5/4
f 1339/6/5 1523/5/5 1516/1/5 1331/2/5
f 1338/1/6 1522/2/6 1523/6/6 1339/5/6
f 1339/2/1 1340/6/1 1332/5/1 1331/1/1
f 1339/2/2 1331/6/2 1516/5/2 1523/1/2
f 1331/2/3 1332/6/3 1517/5/3 1516/1/3
f 1523/1/4 1516/2/4 1517/6/4 1524/5/4
f 1340/6/5 1524/5/5 1517/1/5 1332/2/5
f 1339/1/6 1523/2/6 1524/6/6 1340/5/6
f 1340/2/1 1341/6/1 1333/5/1 1332/1/1
f 1340/1/2 1332/5/2 1517/6/2 1524/2/2
f 1332/2/3 1333/6/3 1518/5/3 1517/1/3
f 1524/1/4 1517/2/4 1518/6/4 1525/5/4
f 1341/5/5 1525/6/5 1518/2/5 1333/1/5
f 1340/1/6 1524/2/6 1525/6/6 1341/5/6
f 1341/2/1 1342/6/1 1334/5/1 1333/1/1
f 1341/5/2 1333/1/2 1518/2/2 1525/6/2
f 1333/2/3 1334/6/3 1519/5/3 1518/1/3
f 1525/1/4 1518/2/4 1519/6/4 1526/5/4
f 1342/1/5 1526/2/5 1519/6/5 1334/5/5
f 1341/1/6 1525/2/6 1526/6/6 1342/5/6
f 1344/2/1 1345/6/1 1337/5/1 1336/1/1
f 1344/6/2 1336/2/2 1520/1/2 1527/5/2
f 1336/2/3 1337/6/3 1521/5/3 1520/1/3
f 1527/1/4 1520/2/4 1521/6/4 1528/5/4
f 1345/2/5 1528/1/5 1521/5/5 1337/6/5
f 1344/1/6 1527/2/6 1528/6/6 1345/5/6
f 1345/2/1 1346/6/1 1338/5/1 1337/1/1
f 1345/1/2 1337/5/2 1521/6/2 1528/2/2
f 1337/2/3 1338/6/3 1522/5/3 1521/1/3
f 1528/1/4 1521/2/4 1522/6/4 1529/5/4
f 1346/5/5 1529/6/5 1522/2/5 1338/1/5
f 1345/1/6 1528/2/6 1529/6/6 1346/5/6
f 1346/2/1 1347/6/1 1339/5/1 1338/1/1
f 1346/5/2 1338/1/2 1522/2/2 1529/6/2
f 1338/2/3 1339/6/3 1523/5/3 1522/1/3
f 1529/1/4 1522/2/4 1523/6/4 1530/5/4
f 1347/1/5 1530/2/5 1523/6/5 1339/5/5
f 1346/1/6 1529/2/6 1530/6/6 1347/5/6
f 1347/2/1 1348/6/1 1340/5/1 1339/1/1
f 1347/6/2 1339/2/2 1523/1/2 1530/5/2
f 1339/2/3 1340/6/3 1524/5/3 1523/1/3
f 1530/1/4 1523/2/4 1524/6/4 1531/5/4
f 1348/2/5 1531/1/5 1524/5/5 1340/6/5
f 1347/1/6 1530/2/6 1531/6/6 1348/5/6
f 1348/2/1 1349/6/1 1341/5/1 1340/1/1
f 1348/2/2 1340/6/2 1524/5/2 1531/1/2
f 1340/2/3 1341/6/3 1525/5/3 1524/1/3
f 1531/1/4 1524/2/4 1525/6/4 1532/5/4
f 1349/6/5 1532/5/5 1525/1/5 1341/2/5
f 1348/1/6 1531/2/6 1532/6/6 1349/5/6
f 1349/2/1 1350/6/1 1342/5/1 1341/1/1
f 1349/5/2 1341/1/2 1525/2/2 1532/6/2
f 1341/2/3 1342/6/3 1526/5/3 1525/1/3
f 1532/1/4 1525/2/4 1526/6/4 1533/5/4
f 1350/1/5 1533/2/5 1526/6/5 1342/5/5
f 1349/1/6 1532/2/6 1533/6/6 1350/5/6
f 1352/2/1 1353/6/1 1345/5/1 1344/1/1
f 1352/6/2 1344/2/2 1527/1/2 1535/5/2
f 1344/2/3 1345/6/3 1528/5/3 1527/1/3
f 1535/1/4 1527/2/4 1528/6/4 1536/5/4
f 1353/2/5 1536/1/5 1528/5/5 1345/6/5
f 1352/1/6 1535/2/6 1536/6/6 1353/5/6
f 1353/2/1 1354/6/1 1346/5/1 1345/1/1
f 1353/5/2 1345/1/2 1528/2/2 1536/6/2
f 1345/2/3 1346/6/3 1529/5/3 1528/1/3
f 1536/1/4 1528/2/4 1529/6/4 1537/5/4
f 1354/1/5 1537/2/5 1529/6/5 1346/5/5
f 1353/1/6 1536/2/6 1537/6/6 1354/5/6
f 1354/2/1 1355/6/1 1347/5/1 1346/1/1
f 1354/5/2 1346/1/2 1529/2/2 1537/6/2
f 1346/2/3 1347/6/3 1530/5/3 1529/1/3
f 1537/1/4 1529/2/4 1530/6/4 1538/5/4
f 1355/1/5 1538/2/5 1530/6/5 1347/5/5
f 1354/1/6 1537/2/6 1538/6/6 1355/5/6
f 1355/2/1 1356/6/1 1348/5/1 1347/1/1
f 1355/2/2 1347/6/2 1530/5/2 1538/1/2
f 1347/2/3 1348/6/3 1531/5/3 1530/1/3
f 1538/1/4 1530/2/4 1531/6/4 1539/5/4
f 1356/6/5 1539/5/5 1531/1/5 1348/2/5
f 1355/1/6 1538/2/6 1539/6/6 1356/5/6
f 1356/2/1 1357/6/1 1349/5/1 1348/1/1
f 1356/2/2 1348/6/2 1531/5/2 1539/1/2
f 1348/2/3 1349/6/3 1532/5/3 1531/1/3
f 1539/1/4 1531/2/4 1532/6/4 1540/5/4
f 1357/6/5 1540/5/5 1532/1/5 1349/2/5
f 1356/1/6 1539/2/6 1540/6/6 1357/5/6
f 1360/2/1 1361/6/1 1352/5/1 1351/1/1
f 1360/2/2 1351/6/2 1534/5/2 1542/1/2
f 1351/2/3 1352/6/3 1535/5/3 1534/1/3
f 1542/1/4 1534/2/4 1535/6/4 1543/5/4
f 1361/6/5 1543/5/5 1535/1/5 1352/2/5
f 1360/1/6 1542/2/6 1543/6/6 1361/5/6
f 1361/2/1 1362/6/1 1353/5/1 1352/1/1
f 1361/1/2 1352/5/2 1535/6/2 1543/2/2
f 1352/2/3 1353/6/3 1536/5/3 1535/1/3
f 1543/1/4 1535/2/4 1536/6/4 1544/5/4
f 1362/5/5 1544/6/5 1536/2/5 1353/1/5
f 1361/1/6 1543/2/6 1544/6/6 1362/5/6
f 1362/2/1 1363/6/1 1354/5/1 1353/1/1
f 1362/2/2 1353/6/2 1536/5/2 1544/1/2
f 1353/2/3 1354/6/3 1537/5/3 1536/1/3
f 1544/1/4 1536/2/4 1537/6/4 1545/5/4
f 1363/6/5 1545/5/5 1537/1/5 1354/2/5
f 1362/1/6 1544/2/6 1545/6/6 1363/5/6
f 1363/2/1 1364/6/1 1355/5/1 1354/1/1
f 1363/6/2 1354/2/2 1537/1/2 1545/5/2
f 1354/2/3 1355/6/3 1538/5/3 1537/1/3
f 1545/1/4 1537/2/4 1538/6/4 1546/5/4
f 1364/2/5 1546/1/5 1538/5/5 1355/6/5
f 1363/1/6 1545/2/6 1546/6/6 1364/5/6
f 1364/2/1 1365/6/1 1356/5/1 1355/1/1
f 1364/2/2 1355/6/2 1538/5/2 1546/1/2
f 1355/2/3 1356/6/3 1539/5/3 1538/1/3
f 1546/1/4 1538/2/4 1539/6/4 1547/5/4
f 1365/6/5 1547/5/5 1539/1/5 1356/2/5
f 1364/1/6 1546/2/6 1547/6/6 1365/5/6
f 1365/2/1 1366/6/1 1357/5/1 1356/1/1
f 1365/6/2 1356/2/2 1539/1/2 1547/5/2
f 1356/2/3 1357/6/3 1540/5/3 1539/1/3
f 1547/1/4 1539/2/4 1540/6/4 1548/5/4
f 1366/2/5 1548/1/5 1540/5/5 1357/6/5
f 1365/1/6 1547/2/6 1548/6/6 1366/5/6
f 1366/2/1 1367/6/1 1358/5/1 1357/1/1
f 1366/1/2 1357/5/2 1540/6/2 1548/2/2
f 1357/2/3 1358/6/3 1541/5/3 1540/1/3
f 1548/1/4 1540/2/4 1541/6/4 1549/5/4
f 1367/5/5 1549/6/5 1541/2/5 1358/1/5
f 1366/1/6 1548/2/6 1549/6/6 1367/5/6
f 1370/2/1 1371/6/1 1362/5/1 1361/1/1
f 1370/5/2 1361/1/2 1543/2/2 1551/6/2
f 1361/2/3 1362/6/3 1544/5/3 1543/1/3
f 1551/1/4 1543/2/4 1544/6/4 1552/5/4
f 1371/1/5 1552/2/5 1544/6/5 1362/5/5
f 1370/1/6 1551/2/6 1552/6/6 1371/5/6
f 1371/2/1 1372/6/1 1363/5/1 1362/1/1
f 1371/1/2 1362/5/2 1544/6/2 1552/2/2
f 1362/2/3 1363/6/3 1545/5/3 1544/1/3
f 1552/1/4 1544/2/4 1545/6/4 1553/5/4
f 1372/5/5 1553/6/5 1545/2/5 1363/1/5
f 1371/1/6 1552/2/6 1553/6/6 1372/5/6
f 1372/2/1 1373/6/1 1364/5/1 1363/1/1
f 1372/6/2 1363/2/2 1545/1/2 1553/5/2
f 1363/2/3 1364/6/3 1546/5/3 1545/1/3
f 1553/1/4 1545/2/4 1546/6/4 1554/5/4
f 1373/2/5 1554/1/5 1546/5/5 1364/6/5
f 1372/1/6 1553/2/6 1554/6/6 1373/5/6
f 1373/2/1 1374/6/1 1365/5/1 1364/1/1
f 1373/2/2 1364/6/2 1546/5/2 1554/1/2
f 1364/2/3 1365/6/3 1547/5/3 1546/1/3
f 1554/1/4 1546/2/4 1547/6/4 1555/5/4
f 1374/6/5 1555/5/5 1547/1/5 1365/2/5
f 1373/1/6 1554/2/6 1555/6/6 1374/5/6
f 1374/2/1 1375/6/1 1366/5/1 1365/1/1
f 1374/5/2 1365/1/2 1547/2/2 1555/6/2
f 1365/2/3 1366/6/3 1548/5/3 1547/1/3
f 1555/1/4 1547/2/4 1548/6/4 1556/5/4
f 1375/1/5 1556/2/5 1548/6/5 1366/5/5
f 1374/1/6 1555/2/6 1556/6/6 1375/5/6
f 1375/2/1 1376/6/1 1367/5/1 1366/1/1
f 1375/5/2 1366/1/2 1548/2/2 1556/6/2
f 1366/2/3 1367/6/3 1549/5/3 1548/1/3
f 1556/1/4 1548/2/4 1549/6/4 1557/5/4
f 1376/1/5 1557/2/5 1549/6/5 1367/5/5
f 1375/1/6 1556/2/6 1557/6/6 1376/5/6
f 1377/2/1 1380/6/1 1379/5/1 1378/1/1
f 1377/1/2 1378/5/2 1560/6/2 1559/2/2
f 1378/2/3 1379/6/3 1561/5/3 1560/1/3
f 1559/1/4 1560/2/4 1561/6/4 1562/5/4
f 1380/5/5 1562/6/5 1561/2/5 1379/1/5
f 1377/1/6 1559/2/6 1562/6/6 1380/5/6
f 1381/2/1 1382/6/1 1380/5/1 1377/1/1
f 1381/6/2 1377/2/2 1559/1/2 1563/5/2
f 1377/2/3 1380/6/3 1562/5/3 1559/1/3
f 1563/1/4 1559/2/4 1562/6/4 1564/5/4
f 1382/2/5 1564/1/5 1562/5/5 1380/6/5
f 1381/1/6 1563/2/6 1564/6/6 1382/5/6
f 1383/2/1 1384/6/1 1382/5/1 1381/1/1
f 1383/5/2 1381/1/2 1563/2/2 1565/6/2
f 1381/2/3 1382/6/3 1564/5/3 1563/1/3
f 1565/1/4 1563/2/4 1564/6/4 1566/5/4
f 1384/1/5 1566/2/5 1564/6/5 1382/5/5
f 1383/1/6 1565/2/6 1566/6/6 1384/5/6
f 1385/2/1 1386/6/1 1384/5/1 1383/1/1
f 1385/5/2 1383/1/2 1565/2/2 1567/6/2
f 1383/2/3 1384/6/3 1566/5/3 1565/1/3
f 1567/1/4 1565/2/4 1566/6/4 1568/5/4
f 1386/1/5 1568/2/5 1566/6/5 1384/5/5
f 1385/1/6 1567/2/6 1568/6/6 1386/5/6
f 1387/2/1 1388/6/1 1386/5/1 1385/1/1
f 1387/6/2 1385/2/2 1567/1/2 1569/5/2
f 1385/2/3 1386/6/3 1568/5/3 1567/1/3
f 1569/1/4 1567/2/4 1568/6/4 1570/5/4
f 1388/2/5 1570/1/5 1568/5/5 1386/6/5
f 1387/1/6 1569/2/6 1570/6/6 1388/5/6
f 1390/2/1 1391/6/1 1388/5/1 1387/1/1
f 1390/1/2 1387/5/2 1569/6/2 1571/2/2
f 1387/2/3 1388/6/3 1570/5/3 1569/1/3
f 1571/1/4 1569/2/4 1570/6/4 1572/5/4
f 1391/5/5 1572/6/5 1570/2/5 1388/1/5
f 1390/1/6 1571/2/6 1572/6/6 1391/5/6
f 1394/2/1 1395/6/1 1391/5/1 1390/1/1
f 1394/6/2 1390/2/2 1571/1/2 1574/5/2
f 1390/2/3 1391/6/3 1572/5/3 1571/1/3
f 1574/1/4 1571/2/4 1572/6/4 1575/5/4
f 1395/2/5 1575/1/5 1572/5/5 1391/6/5
f 1394/1/6 1574/2/6 1575/6/6 1395/5/6
f 1395/2/1 1396/6/1 1392/5/1 1391/1/1
f 1395/1/2 1391/5/2 1572/6/2 1575/2/2
f 1391/2/3 1392/6/3 1573/5/3 1572/1/3
f 1575/1/4 1572/2/4 1573/6/4 1576/5/4
f 1396/5/5 1576/6/5 1573/2/5 1392/1/5
f 1395/1/6 1575/2/6 1576/6/6 1396/5/6
f 1398/2/1 1399/6/1 1395/5/1 1394/1/1
f 1398/2/2 1394/6/2 1574/5/2 1578/1/2
f 1394/2/3 1395/6/3 1575/5/3 1574/1/3
f 1578/1/4 1574/2/4 1575/6/4 1579/5/4
f 1399/6/5 1579/5/5 1575/1/5 1395/2/5
f 1398/1/6 1578/2/6 1579/6/6 1399/5/6
f 1399/2/1 1400/6/1 1396/5/1 1395/1/1
f 1399/2/2 1395/6/2 1575/5/2 1579/1/2
f 1395/2/3 1396/6/3 1576/5/3 1575/1/3
f 1579/1/4 1575/2/4 1576/6/4 1580/5/4
f 1400/6/5 1580/5/5 1576/1/5 1396/2/5
f 1399/1/6 1579/2/6 1580/6/6 1400/5/6
f 1400/2/1 1401/6/1 1397/5/1 1396/1/1
f 1400/1/2 1396/5/2 1576/6/2 1580/2/2
f 1396/2/3 1397/6/3 1577/5/3 1576/1/3
f 1580/1/4 1576/2/4 1577/6/4 1581/5/4
f 1401/5/5 1581/6/5 1577/2/5 1397/1/5
f 1400/1/6 1580/2/6 1581/6/6 1401/5/6
f 1403/2/1 1404/6/1 1399/5/1 1398/1/1
f 1403/2/2 1398/6/2 1578/5/2 1582/1/2
f 1398/2/3 1399/6/3 1579/5/3 1578/1/3
f 1582/1/4 1578/2/4 1579/6/4 1583/5/4
f 1404/6/5 1583/5/5 1579/1/5 1399/2/5
f 1403/1/6 1582/2/6 1583/6/6 1404/5/6
f 1404/2/1 1405/6/1 1400/5/1 1399/1/1
f 1404/5/2 1399/1/2 1579/2/2 1583/6/2
f 1399/2/3 1400/6/3 1580/5/3 1579/1/3
f 1583/1/4 1579/2/4 1580/6/4 1584/5/4
f 1405/1/5 1584/2/5 1580/6/5 1400/5/5
f 1404/1/6 1583/2/6 1584/6/6 1405/5/6
f 1405/2/1 1406/6/1 1401/5/1 1400/1/1
f 1405/5/2 1400/1/2 1580/2/2 1584/6/2
f 1400/2/3 1401/6/3 1581/5/3 1580/1/3
f 1584/1/4 1580/2/4 1581/6/4 1585/5/4
f 1406/1/5 1585/2/5 1581/6/5 1401/5/5
f 1405/1/6 1584/2/6 1585/6/6 1406/5/6
f 1409/2/1 1410/6/1 1404/5/1 1403/1/1
f 1409/5/2 1403/1/2 1582/2/2 1586/6/2
f 1403/2/3 1404/6/3 1583/5/3 1582/1/3
f 1586/1/4 1582/2/4 1583/6/4 1587/5/4
f 1410/1/5 1587/2/5 1583/6/5 1404/5/5
f 1409/1/6 1586/2/6 1587/6/6 1410/5/6
f 1410/2/1 1411/6/1 1405/5/1 1404/1/1
f 1410/1/2 1404/5/2 1583/6/2 1587/2/2
f 1404/2/3 1405/6/3 1584/5/3 1583/1/3
f 1587/1/4 1583/2/4 1584/6/4 1588/5/4
f 1411/5/5 1588/6/5 1584/2/5 1405/1/5
f 1410/1/6 1587/2/6 1588/6/6 1411/5/6
f 1415/2/1 1416/6/1 1410/5/1 1409/1/1
f 1415/2/2 1409/6/2 1586/5/2 1589/1/2
f 1409/2/3 1410/6/3 1587/5/3 1586/1/3
f 1589/1/4 1586/2/4 1587/6/4 1590/5/4
f 1416/6/5 1590/5/5 1587/1/5 1410/2/5
f 1415/1/6 1589/2/6 1590/6/6 1416/5/6
f 1416/2/1 1417/6/1 1411/5/1 1410/1/1
f 1416/5/2 1410/1/2 1587/2/2 1590/6/2
f 1410/2/3 1411/6/3 1588/5/3 1587/1/3
f 1590/1/4 1587/2/4 1588/6/4 1591/5/4
f 1417/1/5 1591/2/5 1588/6/5 1411/5/5
f 1416/1/6 1590/2/6 1591/6/6 1417/5/6
f 1422/2/1 1423/6/1 1416/5/1 1415/1/1
f 1422/5/2 1415/1/2 1589/2/2 1595/6/2
f 1415/2/3 1416/6/3 1590/5/3 1589/1/3
f 1595/1/4 1589/2/4 1590/6/4 1596/5/4
f 1423/1/5 1596/2/5 1590/6/5 1416/5/5
f 1422/1/6 1595/2/6 1596/6/6 1423/5/6
f 1423/2/1 1424/6/1 1417/5/1 1416/1/1
f 1423/6/2 1416/2/2 1590/1/2 1596/5/2
f 1416/2/3 1417/6/3 1591/5/3 1590/1/3
f 1596/1/4 1590/2/4 1591/6/4 1597/5/4
f 1424/2/5 1597/1/5 1591/5/5 1417/6/5
f 1423/1/6 1596/2/6 1597/6/6 1424/5/6
f 1426/2/1 1427/6/1 1420/5/1 1419/1/1
f 1426/2/2 1419/6/2 1592/5/2 1599/1/2
f 1419/2/3 1420/6/3 1593/5/3 1592/1/3
f 1599/1/4 1592/2/4 1593/6/4 1600/5/4
f 1427/6/5 1600/5/5 1593/1/5 1420/2/5
f 1426/1/6 1599/2/6 1600/6/6 1427/5/6
f 1427/2/1 1428/6/1 1421/5/1 1420/1/1
f 1427/1/2 1420/5/2 1593/6/2 1600/2/2
f 1420/2/3 1421/6/3 1594/5/3 1593/1/3
f 1600/1/4 1593/2/4 1594/6/4 1601/5/4
f 1428/5/5 1601/6/5 1594/2/5 1421/1/5
f 1427/1/6 1600/2/6 1601/6/6 1428/5/6
f 1429/2/1 1430/6/1 1423/5/1 1422/1/1
f 1429/6/2 1422/2/2 1595/1/2 1602/5/2
f 1422/2/3 1423/6/3 1596/5/3 1595/1/3
f 1602/1/4 1595/2/4 1596/6/4 1603/5/4
f 1430/2/5 1603/1/5 1596/5/5 1423/6/5
f 1429/1/6 1602/2/6 1603/6/6 1430/5/6
f 1430/2/1 1431/6/1 1424/5/1 1423/1/1
f 1430/6/2 1423/2/2 1596/1/2 1603/5/2
f 1423/2/3 1424/6/3 1597/5/3 1596/1/3
f 1603/1/4 1596/2/4 1597/6/4 1604/5/4
f 1431/2/5 1604/1/5 1597/5/5 1424/6/5
f 1430/1/6 1603/2/6 1604/6/6 1431/5/6
f 1431/2/1 1432/6/1 1425/5/1 1424/1/1
f 1431/5/2 1424/1/2 1597/2/2 1604/6/2
f 1424/2/3 1425/6/3 1598/5/3 1597/1/3
f 1604/1/4 1597/2/4 1598/6/4 1605/5/4
f 1432/1/5 1605/2/5 1598/6/5 1425/5/5
f 1431/1/6 1604/2/6 1605/6/6 1432/5/6
f 1432/2/1 1433/6/1 1426/5/1 1425/1/1
f 1432/5/2 1425/1/2 1598/2/2 1605/6/2
f 1425/2/3 1426/6/3 1599/5/3 1598/1/3
f 1605/1/4 1598/2/4 1599/6/4 1606/5/4
f 1433/1/5 1606/2/5 1599/6/5 1426/5/5
f 1432/1/6 1605/2/6 1606/6/6 1433/5/6
f 1433/2/1 1434/6/1 1427/5/1 1426/1/1
f 1433/2/2 1426/6/2 1599/5/2 1606/1/2
f 1426/2/3 1427/6/3 1600/5/3 1599/1/3
f 1606/1/4 1599/2/4 1600/6/4 1607/5/4
f 1434/6/5 1607/5/5 1600/1/5 1427/2/5
f 1433/1/6 1606/2/6 1607/6/6 1434/5/6
f 1434/2/1 1435/6/1 1428/5/1 1427/1/1
f 1434/6/2 1427/2/2 1600/1/2 1607/5/2
f 1427/2/3 1428/6/3 1601/5/3 1600/1/3
f 1607/1/4 1600/2/4 1601/6/4 1608/5/4
f 1435/2/5 1608/1/5 1601/5/5 1428/6/5
f 1434/1/6 1607/2/6 1608/6/6 1435/5/6
f 1436/2/1 1437/6/1 1430/5/1 1429/1/1
f 1436/1/2 1429/5/2 1602/6/2 1609/2/2
f 1429/2/3 1430/6/3 1603/5/3 1602/1/3
f 1609/1/4 1602/2/4 1603/6/4 1610/5/4
f 1437/5/5 1610/6/5 1603/2/5 1430/1/5
f 1436/1/6 1609/2/6 1610/6/6 1437/5/6
f 1437/2/1 1438/6/1 1431/5/1 1430/1/1
f 1437/5/2 1430/1/2 1603/2/2 1610/6/2
f 1430/2/3 1431/6/3 1604/5/3 1603/1/3
f 1610/1/4 1603/2/4 1604/6/4 1611/5/4
f 1438/1/5 1611/2/5 1604/6/5 1431/5/5
f 1437/1/6 1610/2/6 1611/6/6 1438/5/6
f 1438/2/1 1439/6/1 1432/5/1 1431/1/1
f 1438/5/2 1431/1/2 1604/2/2 1611/6/2
f 1431/2/3 1432/6/3 1605/5/3 1604/1/3
f 1611/1/4 1604/2/4 1605/6/4 1612/5/4
f 1439/1/5 1612/2/5 1605/6/5 1432/5/5
f 1438/1/6 1611/2/6 1612/6/6 1439/5/6
f 1439/2/1 1440/6/1 1433/5/1 1432/1/1
f 1439/2/2 1432/6/2 1605/5/2 1612/1/2
f 1432/2/3 1433/6/3 1606/5/3 1605/1/3
f 1612/1/4 1605/2/4 1606/6/4 1613/5/4
f 1440/6/5 1613/5/5 1606/1/5 1433/2/5
f 1439/1/6 1612/2/6 1613/6/6 1440/5/6
f 1440/2/1 1441/6/1 1434/5/1 1433/1/1
f 1440/6/2 1433/2/2 1606/1/2 1613/5/2
f 1433/2/3 1434/6/3 1607/5/3 1606/1/3
f 1613/1/4 1606/2/4 1607/6/4 1614/5/4
f 1441/2/5 1614/1/5 1607/5/5 1434/6/5
f 1440/1/6 1613/2/6 1614/6/6 1441/5/6
f 1443/2/1 1444/6/1 1437/5/1 1436/1/1
f 1443/1/2 1436/5/2 1609/6/2 1616/2/2
f 1436/2/3 1437/6/3 1610/5/3 1609/1/3
f 1616/1/4 1609/2/4 1610/6/4 1617/5/4
f 1444/5/5 1617/6/5 1610/2/5 1437/1/5
f 1443/1/6 1616/2/6 1617/6/6 1444/5/6
f 1444/2/1 1445/6/1 1438/5/1 1437/1/1
f 1444/1/2 1437/5/2 1610/6/2 1617/2/2
f 1437/2/3 1438/6/3 1611/5/3 1610/1/3
f 1617/1/4 1610/2/4 1611/6/4 1618/5/4
f 1445/5/5 1618/6/5 1611/2/5 1438/1/5
f 1444/1/6 1617/2/6 1618/6/6 1445/5/6
f 1445/2/1 1446/6/1 1439/5/1 1438/1/1
f 1445/1/2 1438/5/2 1611/6/2 1618/2/2
f 1438/2/3 1439/6/3 1612/5/3 1611/1/3
f 1618/1/4 1611/2/4 1612/6/4 1619/5/4
f 1446/5/5 1619/6/5 1612/2/5 1439/1/5
f 1445/1/6 1618/2/6 1619/6/6 1446/5/6
f 1446/2/1 1447/6/1 1440/5/1 1439/1/1
f 1446/5/2 1439/1/2 1612/2/2 1619/6/2
f 1439/2/3 1440/6/3 1613/5/3 1612/1/3
f 1619/1/4 1612/2/4 1613/6/4 1620/5/4
f 1447/1/5 1620/2/5 1613/6/5 1440/5/5
f 1446/1/6 1619/2/6 1620/6/6 1447/5/6
f 1447/2/1 1448/6/1 1441/5/1 1440/1/1
f 1447/5/2 1440/1/2 1613/2/2 1620/6/2
f 1440/2/3 1441/6/3 1614/5/3 1613/1/3
f 1620/1/4 1613/2/4 1614/6/4 1621/5/4
f 1448/1/5 1621/2/5 1614/6/5 1441/5/5
f 1447/1/6 1620/2/6 1621/6/6 1448/5/6
f 1449/2/1 1450/6/1 1444/5/1 1443/1/1
f 1449/6/2 1443/2/2 1616/1/2 1622/5/2
f 1443/2/3 1444/6/3 1617/5/3 1616/1/3
f 1622/1/4 1616/2/4 1617/6/4 1623/5/4
f 1450/2/5 1623/1/5 1617/5/5 1444/6/5
f 1449/1/6 1622/2/6 1623/6/6 1450/5/6
f 1450/2/1 1451/6/1 1445/5/1 1444/1/1
f 1450/2/2 1444/6/2 1617/5/2 1623/1/2
f 1444/2/3 1445/6/3 1618/5/3 1617/1/3
f 1623/1/4 1617/2/4 1618/6/4 1624/5/4
f 1451/6/5 1624/5/5 1618/1/5 1445/2/5
f 1450/1/6 1623/2/6 1624/6/6 1451/5/6
f 1451/2/1 1452/6/1 1446/5/1 1445/1/1
f 1451/5/2 1445/1/2 1618/2/2 1624/6/2
f 1445/2/3 1446/6/3 1619/5/3 1618/1/3
f 1624/1/4 1618/2/4 1619/6/4 1625/5/4
f 1452/1/5 1625/2/5 1619/6/5 1446/5/5
f 1451/1/6 1624/2/6 1625/6/6 1452/5/6
f 1452/2/1 1453/6/1 1447/5/1 1446/1/1
f 1452/5/2 1446/1/2 1619/2/2 1625/6/2
f 1446/2/3 1447/6/3 1620/5/3 1619/1/3
f 1625/1/4 1619/2/4 1620/6/4 1626/5/4
f 1453/1/5 1626/2/5 1620/6/5 1447/5/5
f 1452/1/6 1625/2/6 1626/6/6 1453/5/6
f 1453/2/1 1454/6/1 1448/5/1 1447/1/1
f 1453/2/2 1447/6/2 1620/5/2 1626/1/2
f 1447/2/3 1448/6/3 1621/5/3 1620/1/3
f 1626/1/4 1620/2/4 1621/6/4 1627/5/4
f 1454/6/5 1627/5/5 1621/1/5 1448/2/5
f 1453/1/6 1626/2/6 1627/6/6 1454/5/6
f 1455/2/1 1456/6/1 1450/5/1 1449/1/1
f 1455/1/2 1449/5/2 1622/6/2 1628/2/2
f 1449/2/3 1450/6/3 1623/5/3 1622/1/3
f 1628/1/4 1622/2/4 1623/6/4 1629/5/4
f 1456/5/5 1629/6/5 1623/2/5 1450/1/5
f 1455/1/6 1628/2/6 1629/6/6 1456/5/6
f 1456/2/1 1457/6/1 1451/5/1 1450/1/1
f 1456/1/2 1450/5/2 1623/6/2 1629/2/2
f 1450/2/3 1451/6/3 1624/5/3 1623/1/3
f 1629/1/4 1623/2/4 1624/6/4 1630/5/4
f 1457/5/5 1630/6/5 1624/2/5 1451/1/5
f 1456/1/6 1629/2/6 1630/6/6 1457/5/6
f 1457/2/1 1458/6/1 1452/5/1 1451/1/1
f 1457/6/2 1451/2/2 1624/1/2 1630/5/2
f 1451/2/3 1452/6/3 1625/5/3 1624/1/3
f 1630/1/4 1624/2/4 1625/6/4 1631/5/4
f 1458/2/5 1631/1/5 1625/5/5 1452/6/5
f 1457/1/6 1630/2/6 1631/6/6 1458/5/6
f 1458/2/1 1459/6/1 1453/5/1 1452/1/1
f 1458/5/2 1452/1/2 1625/2/2 1631/6/2
f 1452/2/3 1453/6/3 1626/5/3 1625/1/3
f 1631/1/4 1625/2/4 1626/6/4 1632/5/4
f 1459/1/5 1632/2/5 1626/6/5 1453/5/5
f 1458/1/6 1631/2/6 1632/6/6 1459/5/6
f 1459/2/1 1460/6/1 1454/5/1 1453/1/1
f 1459/6/2 1453/2/2 1626/1/2 1632/5/2
f 1453/2/3 1454/6/3 1627/5/3 1626/1/3
f 1632/1/4 1626/2/4 1627/6/4 1633/5/4
f 1460/2/5 1633/1/5 1627/5/5 1454/6/5
f 1459/1/6 1632/2/6 1633/6/6 1460/5/6
f 1461/2/1 1462/6/1 1456/5/1 1455/1/1
f 1461/2/2 1455/6/2 1628/5/2 1634/1/2
f 1455/2/3 1456/6/3 1629/5/3 1628/1/3
f 1634/1/4 1628/2/4 1629/6/4 1635/5/4
f 1462/6/5 1635/5/5 1629/1/5 1456/2/5
f 1461/1/6 1634/2/6 1635/6/6 1462/5/6
f 1462/2/1 1463/6/1 1457/5/1 1456/1/1
f 1462/2/2 1456/6/2 1629/5/2 1635/1/2
f 1456/2/3 1457/6/3 1630/5/3 1629/1/3
f 1635/1/4 1629/2/4 1630/6/4 1636/5/4
f 1463/6/5 1636/5/5 1630/1/5 1457/2/5
f 1462/1/6 1635/2/6 1636/6/6 1463/5/6
f 1463/2/1 1464/6/1 1458/5/1 1457/1/1
f 1463/2/2 1457/6/2 1630/5/2 1636/1/2
f 1457/2/3 1458/6/3 1631/5/3 1630/1/3
f 1636/1/4 1630/2/4 1631/6/4 1637/5/4
f 1464/6/5 1637/5/5 1631/1/5 1458/2/5
f 1463/1/6 1636/2/6 1637/6/6 1464/5/6
f 1464/2/1 1465/6/1 1459/5/1 1458/1/1
f 1464/1/2 1458/5/2 1631/6/2 1637/2/2
f 1458/2/3 1459/6/3 1632/5/3 1631/1/3
f 1637/1/4 1631/2/4 1632/6/4 1638/5/4
f 1465/5/5 1638/6/5 1632/2/5 1459/1/5
f 1464/1/6 1637/2/6 1638/6/6 1465/5/6
f 1465/2/1 1466/6/1 1460/5/1 1459/1/1
f 1465/6/2 1459/2/2 1632/1/2 1638/5/2
f 1459/2/3 1460/6/3 1633/5/3 1632/1/3
f 1638/1/4 1632/2/4 1633/6/4 1639/5/4
f 1466/2/5 1639/1/5 1633/5/5 1460/6/5
f 1465/1/6 1638/2/6 1639/6/6 1466/5/6
f 1468/2/1 1469/6/1 1465/5/1 1464/1/1
f 1468/5/2 1464/1/2 1637/2/2 1643/6/2
f 1464/2/3 1465/6/3 1638/5/3 1637/1/3
f 1643/1/4 1637/2/4 1638/6/4 1644/5/4
f 1469/1/5 1644/2/5 1638/6/5 1465/5/5
f 1468/1/6 1643/2/6 1644/6/6 1469/5/6
f 1469/2/1 1470/6/1 1466/5/1 1465/1/1
f 1469/2/2 1465/6/2 1638/5/2 1644/1/2
f 1465/2/3 1466/6/3 1639/5/3 1638/1/3
f 1644/1/4 1638/2/4 1639/6/4 1645/5/4
f 1470/6/5 1645/5/5 1639/1/5 1466/2/5
f 1469/1/6 1644/2/6 1645/6/6 1470/5/6
f 1472/2/1 1473/6/1 1470/5/1 1469/1/1
f 1472/2/2 1469/6/2 1644/5/2 1648/1/2
f 1469/2/3 1470/6/3 1645/5/3 1644/1/3
f 1648/1/4 1644/2/4 1645/6/4 1649/5/4
f 1473/6/5 1649/5/5 1645/1/5 1470/2/5
f 1472/1/6 1648/2/6 1649/6/6 1473/5/6
f 1473/2/1 1474/6/1 1471/5/1 1470/1/1
f 1473/2/2 1470/6/2 1645/5/2 1649/1/2
f 1470/2/3 1471/6/3 1646/5/3 1645/1/3
f 1649/1/4 1645/2/4 1646/6/4 1650/5/4
f 1474/6/5 1650/5/5 1646/1/5 1471/2/5
f 1473/1/6 1649/2/6 1650/6/6 1474/5/6
f 1475/2/1 1476/6/1 1473/5/1 1472/1/1
f 1475/6/2 1472/2/2 1648/1/2 1651/5/2
f 1472/2/3 1473/6/3 1649/5/3 1648/1/3
f 1651/1/4 1648/2/4 1649/6/4 1652/5/4
f 1476/2/5 1652/1/5 1649/5/5 1473/6/5
f 1475/1/6 1651/2/6 1652/6/6 1476/5/6
f 1476/2/1 1477/6/1 1474/5/1 1473/1/1
f 1476/2/2 1473/6/2 1649/5/2 1652/1/2
f 1473/2/3 1474/6/3 1650/5/3 1649/1/3
f 1652/1/4 1649/2/4 1650/6/4 1653/5/4
f 1477/6/5 1653/5/5 1650/1/5 1474/2/5
f 1476/1/6 1652/2/6 1653/6/6 1477/5/6
f 1480/2/1 1481/6/1 1476/5/1 1475/1/1
f 1480/6/2 1475/2/2 1651/1/2 1657/5/2
f 1475/2/3 1476/6/3 1652/5/3 1651/1/3
f 1657/1/4 1651/2/4 1652/6/4 1658/5/4
f 1481/2/5 1658/1/5 1652/5/5 1476/6/5
f 1480/1/6 1657/2/6 1658/6/6 1481/5/6
f 1481/2/1 1482/6/1 1477/5/1 1476/1/1
f 1481/5/2 1476/1/2 1652/2/2 1658/6/2
f 1476/2/3 1477/6/3 1653/5/3 1652/1/3
f 1658/1/4 1652/2/4 1653/6/4 1659/5/4
f 1482/1/5 1659/2/5 1653/6/5 1477/5/5
f 1481/1/6 1658/2/6 1659/6/6 1482/5/6
f 1482/2/1 1483/6/1 1484/5/1 1477/1/1
f 1482/1/2 1477/5/2 1653/6/2 1659/2/2
f 1477/2/3 1484/6/3 1654/5/3 1653/1/3
f 1659/1/4 1653/2/4 1654/6/4 1660/5/4
f 1483/5/5 1660/6/5 1654/2/5 1484/1/5
f 1482/1/6 1659/2/6 1660/6/6 1483/5/6
f 1483/2/1 1485/6/1 1478/5/1 1484/1/1
f 1483/2/2 1484/6/2 1654/5/2 1660/1/2
f 1484/2/3 1478/6/3 1655/5/3 1654/1/3
f 1660/1/4 1654/2/4 1655/6/4 1661/5/4
f 1485/6/5 1661/5/5 1655/1/5 1478/2/5
f 1483/1/6 1660/2/6 1661/6/6 1485/5/6
f 1489/2/1 1490/6/1 1480/5/1 1479/1/1
f 1489/6/2 1479/2/2 1656/1/2 1665/5/2
f 1479/2/3 1480/6/3 1657/5/3 1656/1/3
f 1665/1/4 1656/2/4 1657/6/4 1666/5/4
f 1490/2/5 1666/1/5 1657/5/5 1480/6/5
f 1489/1/6 1665/2/6 1666/6/6 1490/5/6
f 1490/2/1 1491/6/1 1481/5/1 1480/1/1
f 1490/2/2 1480/6/2 1657/5/2 1666/1/2
f 1480/2/3 1481/6/3 1658/5/3 1657/1/3
f 1666/1/4 1657/2/4 1658/6/4 1667/5/4
f 1491/6/5 1667/5/5 1658/1/5 1481/2/5
f 1490/1/6 1666/2/6 1667/6/6 1491/5/6
f 1491/2/1 1492/6/1 1482/5/1 1481/1/1
f 1491/1/2 1481/5/2 1658/6/2 1667/2/2
f 1481/2/3 1482/6/3 1659/5/3 1658/1/3
f 1667/1/4 1658/2/4 1659/6/4 1668/5/4
f 1492/5/5 1668/6/5 1659/2/5 1482/1/5
f 1491/1/6 1667/2/6 1668/6/6 1492/5/6
f 1492/2/1 1493/6/1 1483/5/1 1482/1/1
f 1492/5/2 1482/1/2 1659/2/2 1668/6/2
f 1482/2/3 1483/6/3 1660/5/3 1659/1/3
f 1668/1/4 1659/2/4 1660/6/4 1669/5/4
f 1493/1/5 1669/2/5 1660/6/5 1483/5/5
f 1492/1/6 1668/2/6 1669/6/6 1493/5/6
f 1495/2/1 1496/6/1 1487/5/1 1486/1/1
f 1495/5/2 1486/1/2 1662/2/2 1671/6/2
f 1486/2/3 1487/6/3 1663/5/3 1662/1/3
f 1671/1/4 1662/2/4 1663/6/4 1672/5/4
f 1496/1/5 1672/2/5 1663/6/5 1487/5/5
f 1495/1/6 1671/2/6 1672/6/6 1496/5/6
f 1496/2/1 1497/6/1 1488/5/1 1487/1/1
f 1496/6/2 1487/2/2 1663/1/2 1672/5/2
f 1487/2/3 1488/6/3 1664/5/3 1663/1/3
f 1672/1/4 1663/2/4 1664/6/4 1673/5/4
f 1497/2/5 1673/1/5 1664/5/5 1488/6/5
f 1496/1/6 1672/2/6 1673/6/6 1497/5/6
f 1497/2/1 1498/6/1 1489/5/1 1488/1/1
f 1497/5/2 1488/1/2 1664/2/2 1673/6/2
f 1488/2/3 1489/6/3 1665/5/3 1664/1/3
f 1673/1/4 1664/2/4 1665/6/4 1674/5/4
f 1498/1/5 1674/2/5 1665/6/5 1489/5/5
f 1497/1/6 1673/2/6 1674/6/6 1498/5/6
f 1498/2/1 1499/6/1 1490/5/1 1489/1/1
f 1498/1/2 1489/5/2 1665/6/2 1674/2/2
f 1489/2/3 1490/6/3 1666/5/3 1665/1/3
f 1674/1/4 1665/2/4 1666/6/4 1675/5/4
f 1499/5/5 1675/6/5 1666/2/5 1490/1/5
f 1498/1/6 1674/2/6 1675/6/6 1499/5/6
f 1499/2/1 1500/6/1 1491/5/1 1490/1/1
f 1499/6/2 1490/2/2 1666/1/2 1675/5/2
f 1490/2/3 1491/6/3 1667/5/3 1666/1/3
f 1675/1/4 1666/2/4 1667/6/4 1676/5/4
f 1500/2/5 1676/1/5 1667/5/5 1491/6/5
f 1499/1/6 1675/2/6 1676/6/6 1500/5/6
f 1500/2/1 1501/6/1 1492/5/1 1491/1/1
f 1500/5/2 1491/1/2 1667/2/2 1676/6/2
f 1491/2/3 1492/6/3 1668/5/3 1667/1/3
f 1676/1/4 1667/2/4 1668/6/4 1677/5/4
f 1501/1/5 1677/2/5 1668/6/5 1492/5/5
f 1500/1/6 1676/2/6 1677/6/6 1501/5/6
f 1501/2/1 1502/6/1 1493/5/1 1492/1/1
f 1501/6/2 1492/2/2 1668/1/2 1677/5/2
f 1492/2/3 1493/6/3 1669/5/3 1668/1/3
f 1677/1/4 1668/2/4 1669/6/4 1678/5/4
f 1502/2/5 1678/1/5 1669/5/5 1493/6/5
f 1501/1/6 1677/2/6 1678/6/6 1502/5/6
f 1502/2/1 1503/6/1 1494/5/1 1493/1/1
f 1502/2/2 1493/6/2 1669/5/2 1678/1/2
f 1493/2/3 1494/6/3 1670/5/3 1669/1/3
f 1678/1/4 1669/2/4 1670/6/4 1679/5/4
f 1503/6/5 1679/5/5 1670/1/5 1494/2/5
f 1502/1/6 1678/2/6 1679/6/6 1503/5/6
f 1504/2/1 1505/6/1 1497/5/1 1496/1/1
f 1504/1/2 1496/5/2 1672/6/2 1680/2/2
f 1496/2/3 1497/6/3 1673/5/3 1672/1/3
f 1680/1/4 1672/2/4 1673/6/4 1681/5/4
f 1505/5/5 1681/6/5 1673/2/5 1497/1/5
f 1504/1/6 1680/2/6 1681/6/6 1505/5/6
f 1505/2/1 1506/6/1 1498/5/1 1497/1/1
f 1505/1/2 1497/5/2 1673/6/2 1681/2/2
f 1497/2/3 1498/6/3 1674/5/3 1673/1/3
f 1681/1/4 1673/2/4 1674/6/4 1682/5/4
f 1506/5/5 1682/6/5 1674/2/5 1498/1/5
f 1505/1/6 1681/2/6 1682/6/6 1506/5/6
f 1506/2/1 1507/6/1 1499/5/1 1498/1/1
f 1506/5/2 1498/1/2 1674/2/2 1682/6/2
f 1498/2/3 1499/6/3 1675/5/3 1674/1/3
f 1682/1/4 1674/2/4 1675/6/4 1683/5/4
f 1507/1/5 1683/2/5 1675/6/5 1499/5/5
f 1506/1/6 1682/2/6 1683/6/6 1507/5/6
f 1507/2/1 1508/6/1 1500/5/1 1499/1/1
f 1507/2/2 1499/6/2 1675/5/2 1683/1/2
f 1499/2/3 1500/6/3 1676/5/3 1675/1/3
f 1683/1/4 1675/2/4 1676/6/4 1684/5/4
f 1508/6/5 1684/5/5 1676/1/5 1500/2/5
f 1507/1/6 1683/2/6 1684/6/6 1508/5/6
f 1508/2/1 1509/6/1 1501/5/1 1500/1/1
f 1508/6/2 1500/2/2 1676/1/2 1684/5/2
f 1500/2/3 1501/6/3 1677/5/3 1676/1/3
f 1684/1/4 1676/2/4 1677/6/4 1685/5/4
f 1509/2/5 1685/1/5 1677/5/5 1501/6/5
f 1508/1/6 1684/2/6 1685/6/6 1509/5/6
f 1509/2/1 1510/6/1 1502/5/1 1501/1/1
f 1509/1/2 1501/5/2 1677/6/2 1685/2/2
f 1501/2/3 1502/6/3 1678/5/3 1677/1/3
f 1685/1/4 1677/2/4 1678/6/4 1686/5/4
f 1510/5/5 1686/6/5 1678/2/5 1502/1/5
f 1509/1/6 1685/2/6 1686/6/6 1510/5/6
f 1510/2/1 1511/6/1 1503/5/1 1502/1/1
f 1510/1/2 1502/5/2 1678/6/2 1686/2/2
f 1502/2/3 1503/6/3 1679/5/3 1678/1/3
f 1686/1/4 1678/2/4 1679/6/4 1687/5/4
f 1511/5/5 1687/6/5 1679/2/5 1503/1/5
f 1510/1/6 1686/2/6 1687/6/6 1511/5/6
f 1512/2/1 1513/6/1 1505/5/1 1504/1/1
f 1512/1/2 1504/5/2 1680/6/2 1688/2/2
f 1504/2/3 1505/6/3 1681/5/3 1680/1/3
f 1688/1/4 1680/2/4 1681/6/4 1689/5/4
f 1513/5/5 1689/6/5 1681/2/5 1505/1/5
f 1512/1/6 1688/2/6 1689/6/6 1513/5/6
f 1513/2/1 1514/6/1 1506/5/1 1505/1/1
f 1513/2/2 1505/6/2 1681/5/2 1689/1/2
f 1505/2/3 1506/6/3 1682/5/3 1681/1/3
f 1689/1/4 1681/2/4 1682/6/4 1690/5/4
f 1514/6/5 1690/5/5 1682/1/5 1506/2/5
f 1513/1/6 1689/2/6 1690/6/6 1514/5/6
f 1514/2/1 1515/6/1 1507/5/1 1506/1/1
f 1514/6/2 1506/2/2 1682/1/2 1690/5/2
f 1506/2/3 1507/6/3 1683/5/3 1682/1/3
f 1690/1/4 1682/2/4 1683/6/4 1691/5/4
f 1515/2/5 1691/1/5 1683/5/5 1507/6/5
f 1514/1/6 1690/2/6 1691/6/6 1515/5/6
f 1515/2/1 1516/6/1 1508/5/1 1507/1/1
f 1515/6/2 1507/2/2 1683/1/2 1691/5/2
f 1507/2/3 1508/6/3 1684/5/3 1683/1/3
f 1691/1/4 1683/2/4 1684/6/4 1692/5/4
f 1516/2/5 1692/1/5 1684/5/5 1508/6/5
f 1515/1/6 1691/2/6 1692/6/6 1516/5/6
f 1516/2/1 1517/6/1 1509/5/1 1508/1/1
f 1516/1/2 1508/5/2 1684/6/2 1692/2/2
f 1508/2/3 1509/6/3 1685/5/3 1684/1/3
f 1692/1/4 1684/2/4 1685/6/4 1693/5/4
f 1517/5/5 1693/6/5 1685/2/5 1509/1/5
f 1516/1/6 1692/2/6 1693/6/6 1517/5/6
f 1517/2/1 1518/6/1 1510/5/1 1509/1/1
f 1517/5/2 1509/1/2 1685/2/2 1693/6/2
f 1509/2/3 1510/6/3 1686/5/3 1685/1/3
f 1693/1/4 1685/2/4 1686/6/4 1694/5/4
f 1518/1/5 1694/2/5 1686/6/5 1510/5/5
f 1517/1/6 1693/2/6 1694/6/6 1518/5/6
f 1518/2/1 1519/6/1 1511/5/1 1510/1/1
f 1518/5/2 1510/1/2 1686/2/2 1694/6/2
f 1510/2/3 1511/6/3 1687/5/3 1686/1/3
f 1694/1/4 1686/2/4 1687/6/4 1695/5/4
f 1519/1/5 1695/2/5 1687/6/5 1511/5/5
f 1518/1/6 1694/2/6 1695/6/6 1519/5/6
f 1520/2/1 1521/6/1 1514/5/1 1513/1/1
f 1520/1/2 1513/5/2 1689/6/2 1696/2/2
f 1513/2/3 1514/6/3 1690/5/3 1689/1/3
f 1696/1/4 1689/2/4 1690/6/4 1697/5/4
f 1521/5/5 1697/6/5 1690/2/5 1514/1/5
f 1520/1/6 1696/2/6 1697/6/6 1521/5/6
f 1521/2/1 1522/6/1 1515/5/1 1514/1/1
f 1521/1/2 1514/5/2 1690/6/2 1697/2/2
f 1514/2/3 1515/6/3 1691/5/3 1690/1/3
f 1697/1/4 1690/2/4 1691/6/4 1698/5/4
f 1522/5/5 1698/6/5 1691/2/5 1515/1/5
f 1521/1/6 1697/2/6 1698/6/6 1522/5/6
f 1522/2/1 1523/6/1 1516/5/1 1515/1/1
f 1522/6/2 1515/2/2 1691/1/2 1698/5/2
f 1515/2/3 1516/6/3 1692/5/3 1691/1/3
f 1698/1/4 1691/2/4 1692/6/4 1699/5/4
f 1523/2/5 1699/1/5 1692/5/5 1516/6/5
f 1522/1/6 1698/2/6 1699/6/6 1523/5/6
f 1523/2/1 1524/6/1 1517/5/1 1516/1/1
f 1523/2/2 1516/6/2 1692/5/2 1699/1/2
f 1516/2/3 1517/6/3 1693/5/3 1692/1/3
f 1699/1/4 1692/2/4 1693/6/4 1700/5/4
f 1524/6/5 1700/5/5 1693/1/5 1517/2/5
f 1523/1/6 1699/2/6 1700/6/6 1524/5/6
f 1524/2/1 1525/6/1 1518/5/1 1517/1/1
f 1524/1/2 1517/5/2 1693/6/2 1700/2/2
f 1517/2/3 1518/6/3 1694/5/3 1693/1/3
f 1700/1/4 1693/2/4 1694/6/4 1701/5/4
f 1525/5/5 1701/6/5 1694/2/5 1518/1/5
f 1524/1/6 1700/2/6 1701/6/6 1525/5/6
f 1525/2/1 1526/6/1 1519/5/1 1518/1/1
f 1525/1/2 1518/5/2 1694/6/2 1701/2/2
f 1518/2/3 1519/6/3 1695/5/3 1694/1/3
f 1701/1/4 1694/2/4 1695/6/4 1702/5/4
f 1526/5/5 1702/6/5 1695/2/5 1519/1/5
f 1525/1/6 1701/2/6 1702/6/6 1526/5/6
f 1527/2/1 1528/6/1 1521/5/1 1520/1/1
f 1527/2/2 1520/6/2 1696/5/2 1703/1/2
f 1520/2/3 1521/6/3 1697/5/3 1696/1/3
f 1703/1/4 1696/2/4 1697/6/4 1704/5/4
f 1528/6/5 1704/5/5 1697/1/5 1521/2/5
f 1527/1/6 1703/2/6 1704/6/6 1528/5/6
f 1528/2/1 1529/6/1 1522/5/1 1521/1/1
f 1528/2/2 1521/6/2 1697/5/2 1704/1/2
f 1521/2/3 1522/6/3 1698/5/3 1697/1/3
f 1704/1/4 1697/2/4 1698/6/4 1705/5/4
f 1529/6/5 1705/5/5 1698/1/5 1522/2/5
f 1528/1/6 1704/2/6 1705/6/6 1529/5/6
f 1529/2/1 1530/6/1 1523/5/1 1522/1/1
f 1529/1/2 1522/5/2 1698/6/2 1705/2/2
f 1522/2/3 1523/6/3 1699/5/3 1698/1/3
f 1705/1/4 1698/2/4 1699/6/4 1706/5/4
f 1530/5/5 1706/6/5 1699/2/5 1523/1/5
f 1529/1/6 1705/2/6 1706/6/6 1530/5/6
f 1530/2/1 1531/6/1 1524/5/1 1523/1/1
f 1530/5/2 1523/1/2 1699/2/2 1706/6/2
f 1523/2/3 1524/6/3 1700/5/3 1699/1/3
f 1706/1/4 1699/2/4 1700/6/4 1707/5/4
f 1531/1/5 1707/2/5 1700/6/5 1524/5/5
f 1530/1/6 1706/2/6 1707/6/6 1531/5/6
f 1531/2/1 1532/6/1 1525/5/1 1524/1/1
f 1531/2/2 1524/6/2 1700/5/2 1707/1/2
f 1524/2/3 1525/6/3 1701/5/3 1700/1/3
f 1707/1/4 1700/2/4 1701/6/4 1708/5/4
f 1532/6/5 1708/5/5 1701/1/5 1525/2/5
f 1531/1/6 1707/2/6 1708/6/6 1532/5/6
f 1532/2/1 1533/6/1 1526/5/1 1525/1/1
f 1532/2/2 1525/6/2 1701/5/2 1708/1/2
f 1525/2/3 1526/6/3 1702/5/3 1701/1/3
f 1708/1/4 1701/2/4 1702/6/4 1709/5/4
f 1533/6/5 1709/5/5 1702/1/5 1526/2/5
f 1532/1/6 1708/2/6 1709/6/6 1533/5/6
f 1535/2/1 1536/6/1 1528/5/1 1527/1/1
f 1535/1/2 1527/5/2 1703/6/2 1712/2/2
f 1527/2/3 1528/6/3 1704/5/3 1703/1/3
f 1712/1/4 1703/2/4 1704/6/4 1713/5/4
f 1536/5/5 1713/6/5 1704/2/5 1528/1/5
f 1535/1/6 1712/2/6 1713/6/6 1536/5/6
f 1536/2/1 1537/6/1 1529/5/1 1528/1/1
f 1536/1/2 1528/5/2 1704/6/2 1713/2/2
f 1528/2/3 1529/6/3 1705/5/3 1704/1/3
f 1713/1/4 1704/2/4 1705/6/4 1714/5/4
f 1537/5/5 1714/6/5 1705/2/5 1529/1/5
f 1536/1/6 1713/2/6 1714/6/6 1537/5/6
f 1537/2/1 1538/6/1 1530/5/1 1529/1/1
f 1537/5/2 1529/1/2 1705/2/2 1714/6/2
f 1529/2/3 1530/6/3 1706/5/3 1705/1/3
f 1714/1/4 1705/2/4 1706/6/4 1715/5/4
f 1538/1/5 1715/2/5 1706/6/5 1530/5/5
f 1537/1/6 1714/2/6 1715/6/6 1538/5/6
f 1538/2/1 1539/6/1 1531/5/1 1530/1/1
f 1538/6/2 1530/2/2 1706/1/2 1715/5/2
f 1530/2/3 1531/6/3 1707/5/3 1706/1/3
f 1715/1/4 1706/2/4 1707/6/4 1716/5/4
f 1539/2/5 1716/1/5 1707/5/5 1531/6/5
f 1538/1/6 1715/2/6 1716/6/6 1539/5/6
f 1539/2/1 1540/6/1 1532/5/1 1531/1/1
f 1539/2/2 1531/6/2 1707/5/2 1716/1/2
f 1531/2/3 1532/6/3 1708/5/3 1707/1/3
f 1716/1/4 1707/2/4 1708/6/4 1717/5/4
f 1540/6/5 1717/5/5 1708/1/5 1532/2/5
f 1539/1/6 1716/2/6 1717/6/6 1540/5/6
f 1540/2/1 1541/6/1 1533/5/1 1532/1/1
f 1540/1/2 1532/5/2 1708/6/2 1717/2/2
f 1532/2/3 1533/6/3 1709/5/3 1708/1/3
f 1717/1/4 1708/2/4 1709/6/4 1718/5/4
f 1541/5/5 1718/6/5 1709/2/5 1533/1/5
f 1540/1/6 1717/2/6 1718/6/6 1541/5/6
f 1542/2/1 1543/6/1 1535/5/1 1534/1/1
f 1542/5/2 1534/1/2 1711/2/2 1720/6/2
f 1534/2/3 1535/6/3 1712/5/3 1711/1/3
f 1720/1/4 1711/2/4 1712/6/4 1721/5/4
f 1543/1/5 1721/2/5 1712/6/5 1535/5/5
f 1542/1/6 1720/2/6 1721/6/6 1543/5/6
f 1543/2/1 1544/6/1 1536/5/1 1535/1/1
f 1543/6/2 1535/2/2 1712/1/2 1721/5/2
f 1535/2/3 1536/6/3 1713/5/3 1712/1/3
f 1721/1/4 1712/2/4 1713/6/4 1722/5/4
f 1544/2/5 1722/1/5 1713/5/5 1536/6/5
f 1543/1/6 1721/2/6 1722/6/6 1544/5/6
f 1544/2/1 1545/6/1 1537/5/1 1536/1/1
f 1544/5/2 1536/1/2 1713/2/2 1722/6/2
f 1536/2/3 1537/6/3 1714/5/3 1713/1/3
f 1722/1/4 1713/2/4 1714/6/4 1723/5/4
f 1545/1/5 1723/2/5 1714/6/5 1537/5/5
f 1544/1/6 1722/2/6 1723/6/6 1545/5/6
f 1545/2/1 1546/6/1 1538/5/1 1537/1/1
f 1545/1/2 1537/5/2 1714/6/2 1723/2/2
f 1537/2/3 1538/6/3 1715/5/3 1714/1/3
f 1723/1/4 1714/2/4 1715/6/4 1724/5/4
f 1546/5/5 1724/6/5 1715/2/5 1538/1/5
f 1545/1/6 1723/2/6 1724/6/6 1546/5/6
f 1546/2/1 1547/6/1 1539/5/1 1538/1/1
f 1546/5/2 1538/1/2 1715/2/2 1724/6/2
f 1538/2/3 1539/6/3 1716/5/3 1715/1/3
f 1724/1/4 1715/2/4 1716/6/4 1725/5/4
f 1547/1/5 1725/2/5 1716/6/5 1539/5/5
f 1546/1/6 1724/2/6 1725/6/6 1547/5/6
f 1547/2/1 1548/6/1 1540/5/1 1539/1/1
f 1547/5/2 1539/1/2 1716/2/2 1725/6/2
f 1539/2/3 1540/6/3 1717/5/3 1716/1/3
f 1725/1/4 1716/2/4 1717/6/4 1726/5/4
f 1548/1/5 1726/2/5 1717/6/5 1540/5/5
f 1547/1/6 1725/2/6 1726/6/6 1548/5/6
f 1548/2/1 1549/6/1 1541/5/1 1540/1/1
f 1548/6/2 1540/2/2 1717/1/2 1726/5/2
f 1540/2/3 1541/6/3 1718/5/3 1717/1/3
f 1726/1/4 1717/2/4 1718/6/4 1727/5/4
f 1549/2/5 1727/1/5 1718/5/5 1541/6/5
f 1548/1/6 1726/2/6 1727/6/6 1549/5/6
f 1551/2/1 1552/6/1 1544/5/1 1543/1/1
f 1551/6/2 1543/2/2 1721/1/2 1730/5/2
f 1543/2/3 1544/6/3 1722/5/3 1721/1/3
f 1730/1/4 1721/2/4 1722/6/4 1731/5/4
f 1552/2/5 1731/1/5 1722/5/5 1544/6/5
f 1551/1/6 1730/2/6 1731/6/6 1552/5/6
f 1552/2/1 1553/6/1 1545/5/1 1544/1/1
f 1552/6/2 1544/2/2 1722/1/2 1731/5/2
f 1544/2/3 1545/6/3 1723/5/3 1722/1/3
f 1731/1/4 1722/2/4 1723/6/4 1732/5/4
f 1553/2/5 1732/1/5 1723/5/5 1545/6/5
f 1552/1/6 1731/2/6 1732/6/6 1553/5/6
f 1553/2/1 1554/6/1 1546/5/1 1545/1/1
f 1553/5/2 1545/1/2 1723/2/2 1732/6/2
f 1545/2/3 1546/6/3 1724/5/3 1723/1/3
f 1732/1/4 1723/2/4 1724/6/4 1733/5/4
f 1554/1/5 1733/2/5 1724/6/5 1546/5/5
f 1553/1/6 1732/2/6 1733/6/6 1554/5/6
f 1554/2/1 1555/6/1 1547/5/1 1546/1/1
f 1554/5/2 1546/1/2 1724/2/2 1733/6/2
f 1546/2/3 1547/6/3 1725/5/3 1724/1/3
f 1733/1/4 1724/2/4 1725/6/4 1734/5/4
f 1555/1/5 1734/2/5 1725/6/5 1547/5/5
f 1554/1/6 1733/2/6 1734/6/6 1555/5/6
f 1555/2/1 1556/6/1 1548/5/1 1547/1/1
f 1555/1/2 1547/5/2 1725/6/2 1734/2/2
f 1547/2/3 1548/6/3 1726/5/3 1725/1/3
f 1734/1/4 1725/2/4 1726/6/4 1735/5/4
f 1556/5/5 1735/6/5 1726/2/5 1548/1/5
f 1555/1/6 1734/2/6 1735/6/6 1556/5/6
f 1556/2/1 1557/6/1 1549/5/1 1548/1/1
f 1556/2/2 1548/6/2 1726/5/2 1735/1/2
f 1548/2/3 1549/6/3 1727/5/3 1726/1/3
f 1735/1/4 1726/2/4 1727/6/4 1736/5/4
f 1557/6/5 1736/5/5 1727/1/5 1549/2/5
f 1556/1/6 1735/2/6 1736/6/6 1557/5/6
f 1557/2/1 1558/6/1 1550/5/1 1549/1/1
f 1557/6/2 1549/2/2 1727/1/2 1736/5/2
f 1549/2/3 1550/6/3 1728/5/3 1727/1/3
f 1736/1/4 1727/2/4 1728/6/4 1737/5/4
f 1558/2/5 1737/1/5 1728/5/5 1550/6/5
f 1557/1/6 1736/2/6 1737/6/6 1558/5/6
f 1559/2/1 1562/6/1 1561/5/1 1560/1/1
f 1559/2/2 1560/6/2 1739/5/2 1738/1/2
f 1560/2/3 1561/6/3 1740/5/3 1739/1/3
f 1738/1/4 1739/2/4 1740/6/4 1741/5/4
f 1562/6/5 1741/5/5 1740/1/5 1561/2/5
f 1559/1/6 1738/2/6 1741/6/6 1562/5/6
f 1563/2/1 1564/6/1 1562/5/1 1559/1/1
f 1563/5/2 1559/1/2 1738/2/2 1742/6/2
f 1559/2/3 1562/6/3 1741/5/3 1738/1/3
f 1742/1/4 1738/2/4 1741/6/4 1743/5/4
f 1564/1/5 1743/2/5 1741/6/5 1562/5/5
f 1563/1/6 1742/2/6 1743/6/6 1564/5/6
f 1565/2/1 1566/6/1 1564/5/1 1563/1/1
f 1565/1/2 1563/5/2 1742/6/2 1744/2/2
f 1563/2/3 1564/6/3 1743/5/3 1742/1/3
f 1744/1/4 1742/2/4 1743/6/4 1745/5/4
f 1566/5/5 1745/6/5 1743/2/5 1564/1/5
f 1565/1/6 1744/2/6 1745/6/6 1566/5/6
f 1567/2/1 1568/6/1 1566/5/1 1565/1/1
f 1567/2/2 1565/6/2 1744/5/2 1746/1/2
f 1565/2/3 1566/6/3 1745/5/3 1744/1/3
f 1746/1/4 1744/2/4 1745/6/4 1747/5/4
f 1568/6/5 1747/5/5 1745/1/5 1566/2/5
f 1567/1/6 1746/2/6 1747/6/6 1568/5/6
f 1569/2/1 1570/6/1 1568/5/1 1567/1/1
f 1569/5/2 1567/1/2 1746/2/2 1748/6/2
f 1567/2/3 1568/6/3 1747/5/3 1746/1/3
f 1748/1/4 1746/2/4 1747/6/4 1749/5/4
f 1570/1/5 1749/2/5 1747/6/5 1568/5/5
f 1569/1/6 1748/2/6 1749/6/6 1570/5/6
f 1571/2/1 1572/6/1 1570/5/1 1569/1/1
f 1571/6/2 1569/2/2 1748/1/2 1750/5/2
f 1569/2/3 1570/6/3 1749/5/3 1748/1/3
f 1750/1/4 1748/2/4 1749/6/4 1751/5/4
f 1572/2/5 1751/1/5 1749/5/5 1570/6/5
f 1571/1/6 1750/2/6 1751/6/6 1572/5/6
f 1574/2/1 1575/6/1 1572/5/1 1571/1/1
f 1574/6/2 1571/2/2 1750/1/2 1752/5/2
f 1571/2/3 1572/6/3 1751/5/3 1750/1/3
f 1752/1/4 1750/2/4 1751/6/4 1753/5/4
f 1575/2/5 1753/1/5 1751/5/5 1572/6/5
f 1574/1/6 1752/2/6 1753/6/6 1575/5/6
f 1578/2/1 1579/6/1 1575/5/1 1574/1/1
f 1578/1/2 1574/5/2 1752/6/2 1755/2/2
f 1574/2/3 1575/6/3 1753/5/3 1752/1/3
f 1755/1/4 1752/2/4 1753/6/4 1756/5/4
f 1579/5/5 1756/6/5 1753/2/5 1575/1/5
f 1578/1/6 1755/2/6 1756/6/6 1579/5/6
f 1579/2/1 1580/6/1 1576/5/1 1575/1/1
f 1579/2/2 1575/6/2 1753/5/2 1756/1/2
f 1575/2/3 1576/6/3 1754/5/3 1753/1/3
f 1756/1/4 1753/2/4 1754/6/4 1757/5/4
f 1580/6/5 1757/5/5 1754/1/5 1576/2/5
f 1579/1/6 1756/2/6 1757/6/6 1580/5/6
f 1582/2/1 1583/6/1 1579/5/1 1578/1/1
f 1582/2/2 1578/6/2 1755/5/2 1758/1/2
f 1578/2/3 1579/6/3 1756/5/3 1755/1/3
f 1758/1/4 1755/2/4 1756/6/4 1759/5/4
f 1583/6/5 1759/5/5 1756/1/5 1579/2/5
f 1582/1/6 1758/2/6 1759/6/6 1583/5/6
f 1583/2/1 1584/6/1 1580/5/1 1579/1/1
f 1583/6/2 1579/2/2 1756/1/2 1759/5/2
f 1579/2/3 1580/6/3 1757/5/3 1756/1/3
f 1759/1/4 1756/2/4 1757/6/4 1760/5/4
f 1584/2/5 1760/1/5 1757/5/5 1580/6/5
f 1583/1/6 1759/2/6 1760/6/6 1584/5/6
f 1586/2/1 1587/6/1 1583/5/1 1582/1/1
f 1586/2/2 1582/6/2 1758/5/2 1762/1/2
f 1582/2/3 1583/6/3 1759/5/3 1758/1/3
f 1762/1/4 1758/2/4 1759/6/4 1763/5/4
f 1587/6/5 1763/5/5 1759/1/5 1583/2/5
f 1586/1/6 1762/2/6 1763/6/6 1587/5/6
f 1587/2/1 1588/6/1 1584/5/1 1583/1/1
f 1587/6/2 1583/2/2 1759/1/2 1763/5/2
f 1583/2/3 1584/6/3 1760/5/3 1759/1/3
f 1763/1/4 1759/2/4 1760/6/4 1764/5/4
f 1588/2/5 1764/1/5 1760/5/5 1584/6/5
f 1587/1/6 1763/2/6 1764/6/6 1588/5/6
f 1589/2/1 1590/6/1 1587/5/1 1586/1/1
f 1589/6/2 1586/2/2 1762/1/2 1767/5/2
f 1586/2/3 1587/6/3 1763/5/3 1762/1/3
f 1767/1/4 1762/2/4 1763/6/4 1768/5/4
f 1590/2/5 1768/1/5 1763/5/5 1587/6/5
f 1589/1/6 1767/2/6 1768/6/6 1590/5/6
f 1590/2/1 1591/6/1 1588/5/1 1587/1/1
f 1590/2/2 1587/6/2 1763/5/2 1768/1/2
f 1587/2/3 1588/6/3 1764/5/3 1763/1/3
f 1768/1/4 1763/2/4 1764/6/4 1769/5/4
f 1591/6/5 1769/5/5 1764/1/5 1588/2/5
f 1590/1/6 1768/2/6 1769/6/6 1591/5/6
f 1595/2/1 1596/6/1 1590/5/1 1589/1/1
f 1595/2/2 1589/6/2 1767/5/2 1773/1/2
f 1589/2/3 1590/6/3 1768/5/3 1767/1/3
f 1773/1/4 1767/2/4 1768/6/4 1774/5/4
f 1596/6/5 1774/5/5 1768/1/5 1590/2/5
f 1595/1/6 1773/2/6 1774/6/6 1596/5/6
f 1596/2/1 1597/6/1 1591/5/1 1590/1/1
f 1596/1/2 1590/5/2 1768/6/2 1774/2/2
f 1590/2/3 1591/6/3 1769/5/3 1768/1/3
f 1774/1/4 1768/2/4 1769/6/4 1775/5/4
f 1597/5/5 1775/6/5 1769/2/5 1591/1/5
f 1596/1/6 1774/2/6 1775/6/6 1597/5/6
f 1599/2/1 1600/6/1 1593/5/1 1592/1/1
f 1599/5/2 1592/1/2 1771/2/2 1777/6/2
f 1592/2/3 1593/6/3 1772/5/3 1771/1/3
f 1777/1/4 1771/2/4 1772/6/4 1778/5/4
f 1600/1/5 1778/2/5 1772/6/5 1593/5/5
f 1599/1/6 1777/2/6 1778/6/6 1600/5/6
f 1600/2/1 1601/6/1 1594/5/1 1593/1/1
f 1600/5/2 1593/1/2 1772/2/2 1778/6/2
f 1593/2/3 1594/6/3 1779/5/3 1772/1/3
f 1778/1/4 1772/2/4 1779/6/4 1780/5/4
f 1601/1/5 1780/2/5 1779/6/5 1594/5/5
f 1600/1/6 1778/2/6 1780/6/6 1601/5/6
f 1602/2/1 1603/6/1 1596/5/1 1595/1/1
f 1602/2/2 1595/6/2 1773/5/2 1781/1/2
f 1595/2/3 1596/6/3 1774/5/3 1773/1/3
f 1781/1/4 1773/2/4 1774/6/4 1782/5/4
f 1603/6/5 1782/5/5 1774/1/5 1596/2/5
f 1602/1/6 1781/2/6 1782/6/6 1603/5/6
f 1603/2/1 1604/6/1 1597/5/1 1596/1/1
f 1603/1/2 1596/5/2 1774/6/2 1782/2/2
f 1596/2/3 1597/6/3 1775/5/3 1774/1/3
f 1782/1/4 1774/2/4 1775/6/4 1783/5/4
f 1604/5/5 1783/6/5 1775/2/5 1597/1/5
f 1603/1/6 1782/2/6 1783/6/6 1604/5/6
f 1606/2/1 1607/6/1 1600/5/1 1599/1/1
f 1606/6/2 1599/2/2 1777/1/2 1785/5/2
f 1599/2/3 1600/6/3 1778/5/3 1777/1/3
f 1785/1/4 1777/2/4 1778/6/4 1786/5/4
f 1607/2/5 1786/1/5 1778/5/5 1600/6/5
f 1606/1/6 1785/2/6 1786/6/6 1607/5/6
f 1607/2/1 1608/6/1 1601/5/1 1600/1/1
f 1607/5/2 1600/1/2 1778/2/2 1786/6/2
f 1600/2/3 1601/6/3 1780/5/3 1778/1/3
f 1786/1/4 1778/2/4 1780/6/4 1787/5/4
f 1608/1/5 1787/2/5 1780/6/5 1601/5/5
f 1607/1/6 1786/2/6 1787/6/6 1608/5/6
f 1609/2/1 1610/6/1 1603/5/1 1602/1/1
f 1609/6/2 1602/2/2 1781/1/2 1788/5/2
f 1602/2/3 1603/6/3 1782/5/3 1781/1/3
f 1788/1/4 1781/2/4 1782/6/4 1789/5/4
f 1610/2/5 1789/1/5 1782/5/5 1603/6/5
f 1609/1/6 1788/2/6 1789/6/6 1610/5/6
f 1610/2/1 1611/6/1 1604/5/1 1603/1/1
f 1610/5/2 1603/1/2 1782/2/2 1789/6/2
f 1603/2/3 1604/6/3 1783/5/3 1782/1/3
f 1789/1/4 1782/2/4 1783/6/4 1790/5/4
f 1611/1/5 1790/2/5 1783/6/5 1604/5/5
f 1610/1/6 1789/2/6 1790/6/6 1611/5/6
f 1611/2/1 1612/6/1 1605/5/1 1604/1/1
f 1611/5/2 1604/1/2 1783/2/2 1790/6/2
f 1604/2/3 1605/6/3 1784/5/3 1783/1/3
f 1790/1/4 1783/2/4 1784/6/4 1791/5/4
f 1612/1/5 1791/2/5 1784/6/5 1605/5/5
f 1611/1/6 1790/2/6 1791/6/6 1612/5/6
f 1612/2/1 1613/6/1 1606/5/1 1605/1/1
f 1612/6/2 1605/2/2 1784/1/2 1791/5/2
f 1605/2/3 1606/6/3 1785/5/3 1784/1/3
f 1791/1/4 1784/2/4 1785/6/4 1792/5/4
f 1613/2/5 1792/1/5 1785/5/5 1606/6/5
f 1612/1/6 1791/2/6 1792/6/6 1613/5/6
f 1613/2/1 1614/6/1 1607/5/1 1606/1/1
f 1613/1/2 1606/5/2 1785/6/2 1792/2/2
f 1606/2/3 1607/6/3 1786/5/3 1785/1/3
f 1792/1/4 1785/2/4 1786/6/4 1793/5/4
f 1614/5/5 1793/6/5 1786/2/5 1607/1/5
f 1613/1/6 1792/2/6 1793/6/6 1614/5/6
f 1614/2/1 1615/6/1 1608/5/1 1607/1/1
f 1614/1/2 1607/5/2 1786/6/2 1793/2/2
f 1607/2/3 1608/6/3 1787/5/3 1786/1/3
f 1793/1/4 1786/2/4 1787/6/4 1794/5/4
f 1615/5/5 1794/6/5 1787/2/5 1608/1/5
f 1614/1/6 1793/2/6 1794/6/6 1615/5/6
f 1616/2/1 1617/6/1 1610/5/1 1609/1/1
f 1616/2/2 1609/6/2 1788/5/2 1795/1/2
f 1609/2/3 1610/6/3 1789/5/3 1788/1/3
f 1795/1/4 1788/2/4 1789/6/4 1796/5/4
f 1617/6/5 1796/5/5 1789/1/5 1610/2/5
f 1616/1/6 1795/2/6 1796/6/6 1617/5/6
f 1617/2/1 1618/6/1 1611/5/1 1610/1/1
f 1617/2/2 1610/6/2 1789/5/2 1796/1/2
f 1610/2/3 1611/6/3 1790/5/3 1789/1/3
f 1796/1/4 1789/2/4 1790/6/4 1797/5/4
f 1618/6/5 1797/5/5 1790/1/5 1611/2/5
f 1617/1/6 1796/2/6 1797/6/6 1618/5/6
f 1618/2/1 1619/6/1 1612/5/1 1611/1/1
f 1618/6/2 1611/2/2 1790/1/2 1797/5/2
f 1611/2/3 1612/6/3 1791/5/3 1790/1/3
f 1797/1/4 1790/2/4 1791/6/4 1798/5/4
f 1619/2/5 1798/1/5 1791/5/5 1612/6/5
f 1618/1/6 1797/2/6 1798/6/6 1619/5/6
f 1619/2/1 1620/6/1 1613/5/1 1612/1/1
f 1619/5/2 1612/1/2 1791/2/2 1798/6/2
f 1612/2/3 1613/6/3 1792/5/3 1791/1/3
f 1798/1/4 1791/2/4 1792/6/4 1799/5/4
f 1620/1/5 1799/2/5 1792/6/5 1613/5/5
f 1619/1/6 1798/2/6 1799/6/6 1620/5/6
f 1620/2/1 1621/6/1 1614/5/1 1613/1/1
f 1620/2/2 1613/6/2 1792/5/2 1799/1/2
f 1613/2/3 1614/6/3 1793/5/3 1792/1/3
f 1799/1/4 1792/2/4 1793/6/4 1800/5/4
f 1621/6/5 1800/5/5 1793/1/5 1614/2/5
f 1620/1/6 1799/2/6 1800/6/6 1621/5/6
f 1622/2/1 1623/6/1 1617/5/1 1616/1/1
f 1622/2/2 1616/6/2 1795/5/2 1802/1/2
f 1616/2/3 1617/6/3 1796/5/3 1795/1/3
f 1802/1/4 1795/2/4 1796/6/4 1803/5/4
f 1623/6/5 1803/5/5 1796/1/5 1617/2/5
f 1622/1/6 1802/2/6 1803/6/6 1623/5/6
f 1623/2/1 1624/6/1 1618/5/1 1617/1/1
f 1623/2/2 1617/6/2 1796/5/2 1803/1/2
f 1617/2/3 1618/6/3 1797/5/3 1796/1/3
f 1803/1/4 1796/2/4 1797/6/4 1804/5/4
f 1624/6/5 1804/5/5 1797/1/5 1618/2/5
f 1623/1/6 1803/2/6 1804/6/6 1624/5/6
f 1624/2/1 1625/6/1 1619/5/1 1618/1/1
f 1624/2/2 1618/6/2 1797/5/2 1804/1/2
f 1618/2/3 1619/6/3 1798/5/3 1797/1/3
f 1804/1/4 1797/2/4 1798/6/4 1805/5/4
f 1625/6/5 1805/5/5 1798/1/5 1619/2/5
f 1624/1/6 1804/2/6 1805/6/6 1625/5/6
f 1625/2/1 1626/6/1 1620/5/1 1619/1/1
f 1625/6/2 1619/2/2 1798/1/2 1805/5/2
f 1619/2/3 1620/6/3 1799/5/3 1798/1/3
f 1805/1/4 1798/2/4 1799/6/4 1806/5/4
f 1626/2/5 1806/1/5 1799/5/5 1620/6/5
f 1625/1/6 1805/2/6 1806/6/6 1626/5/6
f 1626/2/1 1627/6/1 1621/5/1 1620/1/1
f 1626/2/2 1620/6/2 1799/5/2 1806/1/2
f 1620/2/3 1621/6/3 1800/5/3 1799/1/3
f 1806/1/4 1799/2/4 1800/6/4 1807/5/4
f 1627/6/5 1807/5/5 1800/1/5 1621/2/5
f 1626/1/6 1806/2/6 1807/6/6 1627/5/6
f 1628/2/1 1629/6/1 1623/5/1 1622/1/1
f 1628/6/2 1622/2/2 1802/1/2 1808/5/2
f 1622/2/3 1623/6/3 1803/5/3 1802/1/3
f 1808/1/4 1802/2/4 1803/6/4 1809/5/4
f 1629/2/5 1809/1/5 1803/5/5 1623/6/5
f 1628/1/6 1808/2/6 1809/6/6 1629/5/6
f 1629/2/1 1630/6/1 1624/5/1 1623/1/1
f 1629/5/2 1623/1/2 1803/2/2 1809/6/2
f 1623/2/3 1624/6/3 1804/5/3 1803/1/3
f 1809/1/4 1803/2/4 1804/6/4 1810/5/4
f 1630/1/5 1810/2/5 1804/6/5 1624/5/5
f 1629/1/6 1809/2/6 1810/6/6 1630/5/6
f 1630/2/1 1631/6/1 1625/5/1 1624/1/1
f 1630/6/2 1624/2/2 1804/1/2 1810/5/2
f 1624/2/3 1625/6/3 1805/5/3 1804/1/3
f 1810/1/4 1804/2/4 1805/6/4 1811/5/4
f 1631/2/5 1811/1/5 1805/5/5 1625/6/5
f 1630/1/6 1810/2/6 1811/6/6 1631/5/6
f 1631/2/1 1632/6/1 1626/5/1 1625/1/1
f 1631/6/2 1625/2/2 1805/1/2 1811/5/2
f 1625/2/3 1626/6/3 1806/5/3 1805/1/3
f 1811/1/4 1805/2/4 1806/6/4 1812/5/4
f 1632/2/5 1812/1/5 1806/5/5 1626/6/5
f 1631/1/6 1811/2/6 1812/6/6 1632/5/6
f 1632/2/1 1633/6/1 1627/5/1 1626/1/1
f 1632/1/2 1626/5/2 1806/6/2 1812/2/2
f 1626/2/3 1627/6/3 1807/5/3 1806/1/3
f 1812/1/4 1806/2/4 1807/6/4 1813/5/4
f 1633/5/5 1813/6/5 1807/2/5 1627/1/5
f 1632/1/6 1812/2/6 1813/6/6 1633/5/6
f 1634/2/1 1635/6/1 1629/5/1 1628/1/1
f 1634/6/2 1628/2/2 1808/1/2 1814/5/2
f 1628/2/3 1629/6/3 1809/5/3 1808/1/3
f 1814/1/4 1808/2/4 1809/6/4 1815/5/4
f 1635/2/5 1815/1/5 1809/5/5 1629/6/5
f 1634/1/6 1814/2/6 1815/6/6 1635/5/6
f 1635/2/1 1636/6/1 1630/5/1 1629/1/1
f 1635/1/2 1629/5/2 1809/6/2 1815/2/2
f 1629/2/3 1630/6/3 1810/5/3 1809/1/3
f 1815/1/4 1809/2/4 1810/6/4 1816/5/4
f 1636/5/5 1816/6/5 1810/2/5 1630/1/5
f 1635/1/6 1815/2/6 1816/6/6 1636/5/6
f 1636/2/1 1637/6/1 1631/5/1 1630/1/1
f 1636/2/2 1630/6/2 1810/5/2 1816/1/2
f 1630/2/3 1631/6/3 1811/5/3 1810/1/3
f 1816/1/4 1810/2/4 1811/6/4 1817/5/4
f 1637/6/5 1817/5/5 1811/1/5 1631/2/5
f 1636/1/6 1816/2/6 1817/6/6 1637/5/6
f 1637/2/1 1638/6/1 1632/5/1 1631/1/1
f 1637/2/2 1631/6/2 1811/5/2 1817/1/2
f 1631/2/3 1632/6/3 1812/5/3 1811/1/3
f 1817/1/4 1811/2/4 1812/6/4 1818/5/4
f 1638/6/5 1818/5/5 1812/1/5 1632/2/5
f 1637/1/6 1817/2/6 1818/6/6 1638/5/6
f 1638/2/1 1639/6/1 1633/5/1 1632/1/1
f 1638/1/2 1632/5/2 1812/6/2 1818/2/2
f 1632/2/3 1633/6/3 1813/5/3 1812/1/3
f 1818/1/4 1812/2/4 1813/6/4 1819/5/4
f 1639/5/5 1819/6/5 1813/2/5 1633/1/5
f 1638/1/6 1818/2/6 1819/6/6 1639/5/6
f 1640/2/1 1641/6/1 1635/5/1 1634/1/1
f 1640/6/2 1634/2/2 1814/1/2 1820/5/2
f 1634/2/3 1635/6/3 1815/5/3 1814/1/3
f 1820/1/4 1814/2/4 1815/6/4 1821/5/4
f 1641/2/5 1821/1/5 1815/5/5 1635/6/5
f 1640/1/6 1820/2/6 1821/6/6 1641/5/6
f 1642/2/1 1643/6/1 1637/5/1 1636/1/1
f 1642/6/2 1636/2/2 1816/1/2 1822/5/2
f 1636/2/3 1637/6/3 1817/5/3 1816/1/3
f 1822/1/4 1816/2/4 1817/6/4 1823/5/4
f 1643/2/5 1823/1/5 1817/5/5 1637/6/5
f 1642/1/6 1822/2/6 1823/6/6 1643/5/6
f 1643/2/1 1644/6/1 1638/5/1 1637/1/1
f 1643/1/2 1637/5/2 1817/6/2 1823/2/2
f 1637/2/3 1638/6/3 1818/5/3 1817/1/3
f 1823/1/4 1817/2/4 1818/6/4 1824/5/4
f 1644/5/5 1824/6/5 1818/2/5 1638/1/5
f 1643/1/6 1823/2/6 1824/6/6 1644/5/6
f 1644/2/1 1645/6/1 1639/5/1 1638/1/1
f 1644/2/2 1638/6/2 1818/5/2 1824/1/2
f 1638/2/3 1639/6/3 1819/5/3 1818/1/3
f 1824/1/4 1818/2/4 1819/6/4 1825/5/4
f 1645/6/5 1825/5/5 1819/1/5 1639/2/5
f 1644/1/6 1824/2/6 1825/6/6 1645/5/6
f 1647/2/1 1648/6/1 1644/5/1 1643/1/1
f 1647/5/2 1643/1/2 1823/2/2 1830/6/2
f 1643/2/3 1644/6/3 1824/5/3 1823/1/3
f 1830/1/4 1823/2/4 1824/6/4 1831/5/4
f 1648/1/5 1831/2/5 1824/6/5 1644/5/5
f 1647/1/6 1830/2/6 1831/6/6 1648/5/6
f 1648/2/1 1649/6/1 1645/5/1 1644/1/1
f 1648/1/2 1644/5/2 1824/6/2 1831/2/2
f 1644/2/3 1645/6/3 1825/5/3 1824/1/3
f 1831/1/4 1824/2/4 1825/6/4 1832/5/4
f 1649/5/5 1832/6/5 1825/2/5 1645/1/5
f 1648/1/6 1831/2/6 1832/6/6 1649/5/6
f 1651/2/1 1652/6/1 1649/5/1 1648/1/1
f 1651/5/2 1648/1/2 1831/2/2 1834/6/2
f 1648/2/3 1649/6/3 1832/5/3 1831/1/3
f 1834/1/4 1831/2/4 1832/6/4 1835/5/4
f 1652/1/5 1835/2/5 1832/6/5 1649/5/5
f 1651/1/6 1834/2/6 1835/6/6 1652/5/6
f 1652/2/1 1653/6/1 1650/5/1 1649/1/1
f 1652/2/2 1649/6/2 1832/5/2 1835/1/2
f 1649/2/3 1650/6/3 1833/5/3 1832/1/3
f 1835/1/4 1832/2/4 1833/6/4 1836/5/4
f 1653/6/5 1836/5/5 1833/1/5 1650/2/5
f 1652/1/6 1835/2/6 1836/6/6 1653/5/6
f 1657/2/1 1658/6/1 1652/5/1 1651/1/1
f 1657/2/2 1651/6/2 1834/5/2 1839/1/2
f 1651/2/3 1652/6/3 1835/5/3 1834/1/3
f 1839/1/4 1834/2/4 1835/6/4 1840/5/4
f 1658/6/5 1840/5/5 1835/1/5 1652/2/5
f 1657/1/6 1839/2/6 1840/6/6 1658/5/6
f 1658/2/1 1659/6/1 1653/5/1 1652/1/1
f 1658/6/2 1652/2/2 1835/1/2 1840/5/2
f 1652/2/3 1653/6/3 1836/5/3 1835/1/3
f 1840/1/4 1835/2/4 1836/6/4 1841/5/4
f 1659/2/5 1841/1/5 1836/5/5 1653/6/5
f 1658/1/6 1840/2/6 1841/6/6 1659/5/6
f 1659/2/1 1660/6/1 1654/5/1 1653/1/1
f 1659/1/2 1653/5/2 1836/6/2 1841/2/2
f 1653/2/3 1654/6/3 1837/5/3 1836/1/3
f 1841/1/4 1836/2/4 1837/6/4 1842/5/4
f 1660/5/5 1842/6/5 1837/2/5 1654/1/5
f 1659/1/6 1841/2/6 1842/6/6 1660/5/6
f 1660/2/1 1661/6/1 1655/5/1 1654/1/1
f 1660/6/2 1654/2/2 1837/1/2 1842/5/2
f 1654/2/3 1655/6/3 1838/5/3 1837/1/3
f 1842/1/4 1837/2/4 1838/6/4 1843/5/4
f 1661/2/5 1843/1/5 1838/5/5 1655/6/5
f 1660/1/6 1842/2/6 1843/6/6 1661/5/6
f 1666/2/1 1667/6/1 1658/5/1 1657/1/1
f 1666/6/2 1657/2/2 1839/1/2 1845/5/2
f 1657/2/3 1658/6/3 1840/5/3 1839/1/3
f 1845/1/4 1839/2/4 1840/6/4 1846/5/4
f 1667/2/5 1846/1/5 1840/5/5 1658/6/5
f 1666/1/6 1845/2/6 1846/6/6 1667/5/6
f 1667/2/1 1668/6/1 1659/5/1 1658/1/1
f 1667/2/2 1658/6/2 1840/5/2 1846/1/2
f 1658/2/3 1659/6/3 1841/5/3 1840/1/3
f 1846/1/4 1840/2/4 1841/6/4 1847/5/4
f 1668/6/5 1847/5/5 1841/1/5 1659/2/5
f 1667/1/6 1846/2/6 1847/6/6 1668/5/6
f 1668/2/1 1669/6/1 1660/5/1 1659/1/1
f 1668/2/2 1659/6/2 1841/5/2 1847/1/2
f 1659/2/3 1660/6/3 1842/5/3 1841/1/3
f 1847/1/4 1841/2/4 1842/6/4 1848/5/4
f 1669/6/5 1848/5/5 1842/1/5 1660/2/5
f 1668/1/6 1847/2/6 1848/6/6 1669/5/6
f 1674/2/1 1675/6/1 1666/5/1 1665/1/1
f 1674/5/2 1665/1/2 1844/2/2 1851/6/2
f 1665/2/3 1666/6/3 1845/5/3 1844/1/3
f 1851/1/4 1844/2/4 1845/6/4 1852/5/4
f 1675/1/5 1852/2/5 1845/6/5 1666/5/5
f 1674/1/6 1851/2/6 1852/6/6 1675/5/6
f 1675/2/1 1676/6/1 1667/5/1 1666/1/1
f 1675/5/2 1666/1/2 1845/2/2 1852/6/2
f 1666/2/3 1667/6/3 1846/5/3 1845/1/3
f 1852/1/4 1845/2/4 1846/6/4 1853/5/4
f 1676/1/5 1853/2/5 1846/6/5 1667/5/5
f 1675/1/6 1852/2/6 1853/6/6 1676/5/6
f 1676/2/1 1677/6/1 1668/5/1 1667/1/1
f 1676/1/2 1667/5/2 1846/6/2 1853/2/2
f 1667/2/3 1668/6/3 1847/5/3 1846/1/3
f 1853/1/4 1846/2/4 1847/6/4 1854/5/4
f 1677/5/5 1854/6/5 1847/2/5 1668/1/5
f 1676/1/6 1853/2/6 1854/6/6 1677/5/6
f 1677/2/1 1678/6/1 1669/5/1 1668/1/1
f 1677/5/2 1668/1/2 1847/2/2 1854/6/2
f 1668/2/3 1669/6/3 1848/5/3 1847/1/3
f 1854/1/4 1847/2/4 1848/6/4 1855/5/4
f 1678/1/5 1855/2/5 1848/6/5 1669/5/5
f 1677/1/6 1854/2/6 1855/6/6 1678/5/6
f 1680/2/1 1681/6/1 1673/5/1 1672/1/1
f 1680/6/2 1672/2/2 1849/1/2 1857/5/2
f 1672/2/3 1673/6/3 1850/5/3 1849/1/3
f 1857/1/4 1849/2/4 1850/6/4 1858/5/4
f 1681/2/5 1858/1/5 1850/5/5 1673/6/5
f 1680/1/6 1857/2/6 1858/6/6 1681/5/6
f 1681/2/1 1682/6/1 1674/5/1 1673/1/1
f 1681/6/2 1673/2/2 1850/1/2 1858/5/2
f 1673/2/3 1674/6/3 1851/5/3 1850/1/3
f 1858/1/4 1850/2/4 1851/6/4 1859/5/4
f 1682/2/5 1859/1/5 1851/5/5 1674/6/5
f 1681/1/6 1858/2/6 1859/6/6 1682/5/6
f 1682/2/1 1683/6/1 1675/5/1 1674/1/1
f 1682/6/2 1674/2/2 1851/1/2 1859/5/2
f 1674/2/3 1675/6/3 1852/5/3 1851/1/3
f 1859/1/4 1851/2/4 1852/6/4 1860/5/4
f 1683/2/5 1860/1/5 1852/5/5 1675/6/5
f 1682/1/6 1859/2/6 1860/6/6 1683/5/6
f 1683/2/1 1684/6/1 1676/5/1 1675/1/1
f 1683/1/2 1675/5/2 1852/6/2 1860/2/2
f 1675/2/3 1676/6/3 1853/5/3 1852/1/3
f 1860/1/4 1852/2/4 1853/6/4 1861/5/4
f 1684/5/5 1861/6/5 1853/2/5 1676/1/5
f 1683/1/6 1860/2/6 1861/6/6 1684/5/6
f 1684/2/1 1685/6/1 1677/5/1 1676/1/1
f 1684/2/2 1676/6/2 1853/5/2 1861/1/2
f 1676/2/3 1677/6/3 1854/5/3 1853/1/3
f 1861/1/4 1853/2/4 1854/6/4 1862/5/4
f 1685/6/5 1862/5/5 1854/1/5 1677/2/5
f 1684/1/6 1861/2/6 1862/6/6 1685/5/6
f 1685/2/1 1686/6/1 1678/5/1 1677/1/1
f 1685/6/2 1677/2/2 1854/1/2 1862/5/2
f 1677/2/3 1678/6/3 1855/5/3 1854/1/3
f 1862/1/4 1854/2/4 1855/6/4 1863/5/4
f 1686/2/5 1863/1/5 1855/5/5 1678/6/5
f 1685/1/6 1862/2/6 1863/6/6 1686/5/6
f 1686/2/1 1687/6/1 1679/5/1 1678/1/1
f 1686/1/2 1678/5/2 1855/6/2 1863/2/2
f 1678/2/3 1679/6/3 1856/5/3 1855/1/3
f 1863/1/4 1855/2/4 1856/6/4 1864/5/4
f 1687/5/5 1864/6/5 1856/2/5 1679/1/5
f 1686/1/6 1863/2/6 1864/6/6 1687/5/6
f 1689/2/1 1690/6/1 1682/5/1 1681/1/1
f 1689/6/2 1681/2/2 1858/1/2 1865/5/2
f 1681/2/3 1682/6/3 1859/5/3 1858/1/3
f 1865/1/4 1858/2/4 1859/6/4 1866/5/4
f 1690/2/5 1866/1/5 1859/5/5 1682/6/5
f 1689/1/6 1865/2/6 1866/6/6 1690/5/6
f 1690/2/1 1691/6/1 1683/5/1 1682/1/1
f 1690/6/2 1682/2/2 1859/1/2 1866/5/2
f 1682/2/3 1683/6/3 1860/5/3 1859/1/3
f 1866/1/4 1859/2/4 1860/6/4 1867/5/4
f 1691/2/5 1867/1/5 1860/5/5 1683/6/5
f 1690/1/6 1866/2/6 1867/6/6 1691/5/6
f 1691/2/1 1692/6/1 1684/5/1 1683/1/1
f 1691/5/2 1683/1/2 1860/2/2 1867/6/2
f 1683/2/3 1684/6/3 1861/5/3 1860/1/3
f 1867/1/4 1860/2/4 1861/6/4 1868/5/4
f 1692/1/5 1868/2/5 1861/6/5 1684/5/5
f 1691/1/6 1867/2/6 1868/6/6 1692/5/6
f 1692/2/1 1693/6/1 1685/5/1 1684/1/1
f 1692/2/2 1684/6/2 1861/5/2 1868/1/2
f 1684/2/3 1685/6/3 1862/5/3 1861/1/3
f 1868/1/4 1861/2/4 1862/6/4 1869/5/4
f 1693/6/5 1869/5/5 1862/1/5 1685/2/5
f 1692/1/6 1868/2/6 1869/6/6 1693/5/6
f 1693/2/1 1694/6/1 1686/5/1 1685/1/1
f 1693/6/2 1685/2/2 1862/1/2 1869/5/2
f 1685/2/3 1686/6/3 1863/5/3 1862/1/3
f 1869/1/4 1862/2/4 1863/6/4 1870/5/4
f 1694/2/5 1870/1/5 1863/5/5 1686/6/5
f 1693/1/6 1869/2/6 1870/6/6 1694/5/6
f 1694/2/1 1695/6/1 1687/5/1 1686/1/1
f 1694/6/2 1686/2/2 1863/1/2 1870/5/2
f 1686/2/3 1687/6/3 1864/5/3 1863/1/3
f 1870/1/4 1863/2/4 1864/6/4 1871/5/4
f 1695/2/5 1871/1/5 1864/5/5 1687/6/5
f 1694/1/6 1870/2/6 1871/6/6 1695/5/6
f 1696/2/1 1697/6/1 1690/5/1 1689/1/1
f 1696/1/2 1689/5/2 1865/6/2 1872/2/2
f 1689/2/3 1690/6/3 1866/5/3 1865/1/3
f 1872/1/4 1865/2/4 1866/6/4 1873/5/4
f 1697/5/5 1873/6/5 1866/2/5 1690/1/5
f 1696/1/6 1872/2/6 1873/6/6 1697/5/6
f 1697/2/1 1698/6/1 1691/5/1 1690/1/1
f 1697/2/2 1690/6/2 1866/5/2 1873/1/2
f 1690/2/3 1691/6/3 1867/5/3 1866/1/3
f 1873/1/4 1866/2/4 1867/6/4 1874/5/4
f 1698/6/5 1874/5/5 1867/1/5 1691/2/5
f 1697/1/6 1873/2/6 1874/6/6 1698/5/6
f 1698/2/1 1699/6/1 1692/5/1 1691/1/1
f 1698/2/2 1691/6/2 1867/5/2 1874/1/2
f 1691/2/3 1692/6/3 1868/5/3 1867/1/3
f 1874/1/4 1867/2/4 1868/6/4 1875/5/4
f 1699/6/5 1875/5/5 1868/1/5 1692/2/5
f 1698/1/6 1874/2/6 1875/6/6 1699/5/6
f 1699/2/1 1700/6/1 1693/5/1 1692/1/1
f 1699/6/2 1692/2/2 1868/1/2 1875/5/2
f 1692/2/3 1693/6/3 1869/5/3 1868/1/3
f 1875/1/4 1868/2/4 1869/6/4 1876/5/4
f 1700/2/5 1876/1/5 1869/5/5 1693/6/5
f 1699/1/6 1875/2/6 1876/6/6 1700/5/6
f 1700/2/1 1701/6/1 1694/5/1 1693/1/1
f 1700/6/2 1693/2/2 1869/1/2 1876/5/2
f 1693/2/3 1694/6/3 1870/5/3 1869/1/3
f 1876/1/4 1869/2/4 1870/6/4 1877/5/4
f 1701/2/5 1877/1/5 1870/5/5 1694/6/5
f 1700/1/6 1876/2/6 1877/6/6 1701/5/6
f 1701/2/1 1702/6/1 1695/5/1 1694/1/1
f 1701/1/2 1694/5/2 1870/6/2 1877/2/2
f 1694/2/3 1695/6/3 1871/5/3 1870/1/3
f 1877/1/4 1870/2/4 1871/6/4 1878/5/4
f 1702/5/5 1878/6/5 1871/2/5 1695/1/5
f 1701/1/6 1877/2/6 1878/6/6 1702/5/6
f 1703/2/1 1704/6/1 1697/5/1 1696/1/1
f 1703/6/2 1696/2/2 1872/1/2 1879/5/2
f 1696/2/3 1697/6/3 1873/5/3 1872/1/3
f 1879/1/4 1872/2/4 1873/6/4 1880/5/4
f 1704/2/5 1880/1/5 1873/5/5 1697/6/5
f 1703/1/6 1879/2/6 1880/6/6 1704/5/6
f 1704/2/1 1705/6/1 1698/5/1 1697/1/1
f 1704/1/2 1697/5/2 1873/6/2 1880/2/2
f 1697/2/3 1698/6/3 1874/5/3 1873/1/3
f 1880/1/4 1873/2/4 1874/6/4 1881/5/4
f 1705/5/5 1881/6/5 1874/2/5 1698/1/5
f 1704/1/6 1880/2/6 1881/6/6 1705/5/6
f 1705/2/1 1706/6/1 1699/5/1 1698/1/1
f 1705/6/2 1698/2/2 1874/1/2 1881/5/2
f 1698/2/3 1699/6/3 1875/5/3 1874/1/3
f 1881/1/4 1874/2/4 1875/6/4 1882/5/4
f 1706/2/5 1882/1/5 1875/5/5 1699/6/5
f 1705/1/6 1881/2/6 1882/6/6 1706/5/6
f 1706/2/1 1707/6/1 1700/5/1 1699/1/1
f 1706/2/2 1699/6/2 1875/5/2 1882/1/2
f 1699/2/3 1700/6/3 1876/5/3 1875/1/3
f 1882/1/4 1875/2/4 1876/6/4 1883/5/4
f 1707/6/5 1883/5/5 1876/1/5 1700/2/5
f 1706/1/6 1882/2/6 1883/6/6 1707/5/6
f 1707/2/1 1708/6/1 1701/5/1 1700/1/1
f 1707/2/2 1700/6/2 1876/5/2 1883/1/2
f 1700/2/3 1701/6/3 1877/5/3 1876/1/3
f 1883/1/4 1876/2/4 1877/6/4 1884/5/4
f 1708/6/5 1884/5/5 1877/1/5 1701/2/5
f 1707/1/6 1883/2/6 1884/6/6 1708/5/6
f 1708/2/1 1709/6/1 1702/5/1 1701/1/1
f 1708/6/2 1701/2/2 1877/1/2 1884/5/2
f 1701/2/3 1702/6/3 1878/5/3 1877/1/3
f 1884/1/4 1877/2/4 1878/6/4 1885/5/4
f 1709/2/5 1885/1/5 1878/5/5 1702/6/5
f 1708/1/6 1884/2/6 1885/6/6 1709/5/6
f 1712/2/1 1713/6/1 1704/5/1 1703/1/1
f 1712/5/2 1703/1/2 1879/2/2 1887/6/2
f 1703/2/3 1704/6/3 1880/5/3 1879/1/3
f 1887/1/4 1879/2/4 1880/6/4 1888/5/4
f 1713/1/5 1888/2/5 1880/6/5 1704/5/5
f 1712/1/6 1887/2/6 1888/6/6 1713/5/6
f 1713/2/1 1714/6/1 1705/5/1 1704/1/1
f 1713/6/2 1704/2/2 1880/1/2 1888/5/2
f 1704/2/3 1705/6/3 1881/5/3 1880/1/3
f 1888/1/4 1880/2/4 1881/6/4 1889/5/4
f 1714/2/5 1889/1/5 1881/5/5 1705/6/5
f 1713/1/6 1888/2/6 1889/6/6 1714/5/6
f 1714/2/1 1715/6/1 1706/5/1 1705/1/1
f 1714/6/2 1705/2/2 1881/1/2 1889/5/2
f 1705/2/3 1706/6/3 1882/5/3 1881/1/3
f 1889/1/4 1881/2/4 1882/6/4 1890/5/4
f 1715/2/5 1890/1/5 1882/5/5 1706/6/5
f 1714/1/6 1889/2/6 1890/6/6 1715/5/6
f 1715/2/1 1716/6/1 1707/5/1 1706/1/1
f 1715/2/2 1706/6/2 1882/5/2 1890/1/2
f 1706/2/3 1707/6/3 1883/5/3 1882/1/3
f 1890/1/4 1882/2/4 1883/6/4 1891/5/4
f 1716/6/5 1891/5/5 1883/1/5 1707/2/5
f 1715/1/6 1890/2/6 1891/6/6 1716/5/6
f 1716/2/1 1717/6/1 1708/5/1 1707/1/1
f 1716/6/2 1707/2/2 1883/1/2 1891/5/2
f 1707/2/3 1708/6/3 1884/5/3 1883/1/3
f 1891/1/4 1883/2/4 1884/6/4 1892/5/4
f 1717/2/5 1892/1/5 1884/5/5 1708/6/5
f 1716/1/6 1891/2/6 1892/6/6 1717/5/6
f 1717/2/1 1718/6/1 1709/5/1 1708/1/1
f 1717/2/2 1708/6/2 1884/5/2 1892/1/2
f 1708/2/3 1709/6/3 1885/5/3 1884/1/3
f 1892/1/4 1884/2/4 1885/6/4 1893/5/4
f 1718/6/5 1893/5/5 1885/1/5 1709/2/5
f 1717/1/6 1892/2/6 1893/6/6 1718/5/6
f 1718/2/1 1719/6/1 1710/5/1 1709/1/1
f 1718/1/2 1709/5/2 1885/6/2 1893/2/2
f 1709/2/3 1710/6/3 1886/5/3 1885/1/3
f 1893/1/4 1885/2/4 1886/6/4 1894/5/4
f 1719/5/5 1894/6/5 1886/2/5 1710/1/5
f 1718/1/6 1893/2/6 1894/6/6 1719/5/6
f 1721/2/1 1722/6/1 1713/5/1 1712/1/1
f 1721/5/2 1712/1/2 1887/2/2 1896/6/2
f 1712/2/3 1713/6/3 1888/5/3 1887/1/3
f 1896/1/4 1887/2/4 1888/6/4 1897/5/4
f 1722/1/5 1897/2/5 1888/6/5 1713/5/5
f 1721/1/6 1896/2/6 1897/6/6 1722/5/6
f 1722/2/1 1723/6/1 1714/5/1 1713/1/1
f 1722/1/2 1713/5/2 1888/6/2 1897/2/2
f 1713/2/3 1714/6/3 1889/5/3 1888/1/3
f 1897/1/4 1888/2/4 1889/6/4 1898/5/4
f 1723/5/5 1898/6/5 1889/2/5 1714/1/5
f 1722/1/6 1897/2/6 1898/6/6 1723/5/6
f 1723/2/1 1724/6/1 1715/5/1 1714/1/1
f 1723/6/2 1714/2/2 1889/1/2 1898/5/2
f 1714/2/3 1715/6/3 1890/5/3 1889/1/3
f 1898/1/4 1889/2/4 1890/6/4 1899/5/4
f 1724/2/5 1899/1/5 1890/5/5 1715/6/5
f 1723/1/6 1898/2/6 1899/6/6 1724/5/6
f 1724/2/1 1725/6/1 1716/5/1 1715/1/1
f 1724/6/2 1715/2/2 1890/1/2 1899/5/2
f 1715/2/3 1716/6/3 1891/5/3 1890/1/3
f 1899/1/4 1890/2/4 1891/6/4 1900/5/4
f 1725/2/5 1900/1/5 1891/5/5 1716/6/5
f 1724/1/6 1899/2/6 1900/6/6 1725/5/6
f 1725/2/1 1726/6/1 1717/5/1 1716/1/1
f 1725/6/2 1716/2/2 1891/1/2 1900/5/2
f 1716/2/3 1717/6/3 1892/5/3 1891/1/3
f 1900/1/4 1891/2/4 1892/6/4 1901/5/4
f 1726/2/5 1901/1/5 1892/5/5 1717/6/5
f 1725/1/6 1900/2/6 1901/6/6 1726/5/6
f 1726/2/1 1727/6/1 1718/5/1 1717/1/1
f 1726/6/2 1717/2/2 1892/1/2 1901/5/2
f 1717/2/3 1718/6/3 1893/5/3 1892/1/3
f 1901/1/4 1892/2/4 1893/6/4 1902/5/4
f 1727/2/5 1902/1/5 1893/5/5 1718/6/5
f 1726/1/6 1901/2/6 1902/6/6 1727/5/6
f 1727/2/1 1728/6/1 1719/5/1 1718/1/1
f 1727/1/2 1718/5/2 1893/6/2 1902/2/2
f 1718/2/3 1719/6/3 1894/5/3 1893/1/3
f 1902/1/4 1893/2/4 1894/6/4 1903/5/4
f 1728/5/5 1903/6/5 1894/2/5 1719/1/5
f 1727/1/6 1902/2/6 1903/6/6 1728/5/6
f 1729/2/1 1730/6/1 1721/5/1 1720/1/1
f 1729/2/2 1720/6/2 1895/5/2 1904/1/2
f 1720/2/3 1721/6/3 1896/5/3 1895/1/3
f 1904/1/4 1895/2/4 1896/6/4 1905/5/4
f 1730/6/5 1905/5/5 1896/1/5 1721/2/5
f 1729/1/6 1904/2/6 1905/6/6 1730/5/6
f 1730/2/1 1731/6/1 1722/5/1 1721/1/1
f 1730/6/2 1721/2/2 1896/1/2 1905/5/2
f 1721/2/3 1722/6/3 1897/5/3 1896/1/3
f 1905/1/4 1896/2/4 1897/6/4 1906/5/4
f 1731/2/5 1906/1/5 1897/5/5 1722/6/5
f 1730/1/6 1905/2/6 1906/6/6 1731/5/6
f 1731/2/1 1732/6/1 1723/5/1 1722/1/1
f 1731/1/2 1722/5/2 1897/6/2 1906/2/2
f 1722/2/3 1723/6/3 1898/5/3 1897/1/3
f 1906/1/4 1897/2/4 1898/6/4 1907/5/4
f 1732/5/5 1907/6/5 1898/2/5 1723/1/5
f 1731/1/6 1906/2/6 1907/6/6 1732/5/6
f 1732/2/1 1733/6/1 1724/5/1 1723/1/1
f 1732/6/2 1723/2/2 1898/1/2 1907/5/2
f 1723/2/3 1724/6/3 1899/5/3 1898/1/3
f 1907/1/4 1898/2/4 1899/6/4 1908/5/4
f 1733/2/5 1908/1/5 1899/5/5 1724/6/5
f 1732/1/6 1907/2/6 1908/6/6 1733/5/6
f 1733/2/1 1734/6/1 1725/5/1 1724/1/1
f 1733/5/2 1724/1/2 1899/2/2 1908/6/2
f 1724/2/3 1725/6/3 1900/5/3 1899/1/3
f 1908/1/4 1899/2/4 1900/6/4 1909/5/4
f 1734/1/5 1909/2/5 1900/6/5 1725/5/5
f 1733/1/6 1908/2/6 1909/6/6 1734/5/6
f 1734/2/1 1735/6/1 1726/5/1 1725/1/1
f 1734/2/2 1725/6/2 1900/5/2 1909/1/2
f 1725/2/3 1726/6/3 1901/5/3 1900/1/3
f 1909/1/4 1900/2/4 1901/6/4 1910/5/4
f 1735/6/5 1910/5/5 1901/1/5 1726/2/5
f 1734/1/6 1909/2/6 1910/6/6 1735/5/6
f 1735/2/1 1736/6/1 1727/5/1 1726/1/1
f 1735/1/2 1726/5/2 1901/6/2 1910/2/2
f 1726/2/3 1727/6/3 1902/5/3 1901/1/3
f 1910/1/4 1901/2/4 1902/6/4 1911/5/4
f 1736/5/5 1911/6/5 1902/2/5 1727/1/5
f 1735/1/6 1910/2/6 1911/6/6 1736/5/6
f 1736/2/1 1737/6/1 1728/5/1 1727/1/1
f 1736/2/2 1727/6/2 1902/5/2 1911/1/2
f 1727/2/3 1728/6/3 1903/5/3 1902/1/3
f 1911/1/4 1902/2/4 1903/6/4 1912/5/4
f 1737/6/5 1912/5/5 1903/1/5 1728/2/5
f 1736/1/6 1911/2/6 1912/6/6 1737/5/6
f 1742/2/1 1743/6/1 1741/5/1 1738/1/1
f 1742/1/2 1738/5/2 1913/6/2 1915/2/2
f 1738/2/3 1741/6/3 1914/5/3 1913/1/3
f 1915/1/4 1913/2/4 1914/6/4 1916/5/4
f 1743/5/5 1916/6/5 1914/2/5 1741/1/5
f 1742/1/6 1915/2/6 1916/6/6 1743/5/6
f 1744/2/1 1745/6/1 1743/5/1 1742/1/1
f 1744/5/2 1742/1/2 1915/2/2 1917/6/2
f 1742/2/3 1743/6/3 1916/5/3 1915/1/3
f 1917/1/4 1915/2/4 1916/6/4 1918/5/4
f 1745/1/5 1918/2/5 1916/6/5 1743/5/5
f 1744/1/6 1917/2/6 1918/6/6 1745/5/6
f 1746/2/1 1747/6/1 1745/5/1 1744/1/1
f 1746/1/2 1744/5/2 1917/6/2 1919/2/2
f 1744/2/3 1745/6/3 1918/5/3 1917/1/3
f 1919/1/4 1917/2/4 1918/6/4 1920/5/4
f 1747/5/5 1920/6/5 1918/2/5 1745/1/5
f 1746/1/6 1919/2/6 1920/6/6 1747/5/6
f 1748/2/1 1749/6/1 1747/5/1 1746/1/1
f 1748/5/2 1746/1/2 1919/2/2 1921/6/2
f 1746/2/3 1747/6/3 1920/5/3 1919/1/3
f 1921/1/4 1919/2/4 1920/6/4 1922/5/4
f 1749/1/5 1922/2/5 1920/6/5 1747/5/5
f 1748/1/6 1921/2/6 1922/6/6 1749/5/6
f 1750/2/1 1751/6/1 1749/5/1 1748/1/1
f 1750/5/2 1748/1/2 1921/2/2 1923/6/2
f 1748/2/3 1749/6/3 1922/5/3 1921/1/3
f 1923/1/4 1921/2/4 1922/6/4 1924/5/4
f 1751/1/5 1924/2/5 1922/6/5 1749/5/5
f 1750/1/6 1923/2/6 1924/6/6 1751/5/6
f 1752/2/1 1753/6/1 1751/5/1 1750/1/1
f 1752/6/2 1750/2/2 1923/1/2 1925/5/2
f 1750/2/3 1751/6/3 1924/5/3 1923/1/3
f 1925/1/4 1923/2/4 1924/6/4 1926/5/4
f 1753/2/5 1926/1/5 1924/5/5 1751/6/5
f 1752/1/6 1925/2/6 1926/6/6 1753/5/6
f 1755/2/1 1756/6/1 1753/5/1 1752/1/1
f 1755/1/2 1752/5/2 1925/6/2 1927/2/2
f 1752/2/3 1753/6/3 1926/5/3 1925/1/3
f 1927/1/4 1925/2/4 1926/6/4 1928/5/4
f 1756/5/5 1928/6/5 1926/2/5 1753/1/5
f 1755/1/6 1927/2/6 1928/6/6 1756/5/6
f 1758/2/1 1759/6/1 1756/5/1 1755/1/1
f 1758/2/2 1755/6/2 1927/5/2 1929/1/2
f 1755/2/3 1756/6/3 1928/5/3 1927/1/3
f 1929/1/4 1927/2/4 1928/6/4 1930/5/4
f 1759/6/5 1930/5/5 1928/1/5 1756/2/5
f 1758/1/6 1929/2/6 1930/6/6 1759/5/6
f 1762/2/1 1763/6/1 1759/5/1 1758/1/1
f 1762/6/2 1758/2/2 1929/1/2 1933/5/2
f 1758/2/3 1759/6/3 1930/5/3 1929/1/3
f 1933/1/4 1929/2/4 1930/6/4 1934/5/4
f 1763/2/5 1934/1/5 1930/5/5 1759/6/5
f 1762/1/6 1933/2/6 1934/6/6 1763/5/6
f 1763/2/1 1764/6/1 1760/5/1 1759/1/1
f 1763/5/2 1759/1/2 1930/2/2 1934/6/2
f 1759/2/3 1760/6/3 1931/5/3 1930/1/3
f 1934/1/4 1930/2/4 1931/6/4 1935/5/4
f 1764/1/5 1935/2/5 1931/6/5 1760/5/5
f 1763/1/6 1934/2/6 1935/6/6 1764/5/6
f 1764/2/1 1765/6/1 1761/5/1 1760/1/1
f 1764/6/2 1760/2/2 1931/1/2 1935/5/2
f 1760/2/3 1761/6/3 1932/5/3 1931/1/3
f 1935/1/4 1931/2/4 1932/6/4 1936/5/4
f 1765/2/5 1936/1/5 1932/5/5 1761/6/5
f 1764/1/6 1935/2/6 1936/6/6 1765/5/6
f 1767/2/1 1768/6/1 1763/5/1 1762/1/1
f 1767/2/2 1762/6/2 1933/5/2 1938/1/2
f 1762/2/3 1763/6/3 1934/5/3 1933/1/3
f 1938/1/4 1933/2/4 1934/6/4 1939/5/4
f 1768/6/5 1939/5/5 1934/1/5 1763/2/5
f 1767/1/6 1938/2/6 1939/6/6 1768/5/6
f 1768/2/1 1769/6/1 1764/5/1 1763/1/1
f 1768/2/2 1763/6/2 1934/5/2 1939/1/2
f 1763/2/3 1764/6/3 1935/5/3 1934/1/3
f 1939/1/4 1934/2/4 1935/6/4 1940/5/4
f 1769/6/5 1940/5/5 1935/1/5 1764/2/5
f 1768/1/6 1939/2/6 1940/6/6 1769/5/6
f 1769/2/1 1770/6/1 1765/5/1 1764/1/1
f 1769/2/2 1764/6/2 1935/5/2 1940/1/2
f 1764/2/3 1765/6/3 1936/5/3 1935/1/3
f 1940/1/4 1935/2/4 1936/6/4 1941/5/4
f 1770/6/5 1941/5/5 1936/1/5 1765/2/5
f 1769/1/6 1940/2/6 1941/6/6 1770/5/6
f 1770/2/1 1771/6/1 1766/5/1 1765/1/1
f 1770/2/2 1765/6/2 1936/5/2 1941/1/2
f 1765/2/3 1766/6/3 1937/5/3 1936/1/3
f 1941/1/4 1936/2/4 1937/6/4 1942/5/4
f 1771/6/5 1942/5/5 1937/1/5 1766/2/5
f 1770/1/6 1941/2/6 1942/6/6 1771/5/6
f 1773/2/1 1774/6/1 1768/5/1 1767/1/1
f 1773/1/2 1767/5/2 1938/6/2 1944/2/2
f 1767/2/3 1768/6/3 1939/5/3 1938/1/3
f 1944/1/4 1938/2/4 1939/6/4 1945/5/4
f 1774/5/5 1945/6/5 1939/2/5 1768/1/5
f 1773/1/6 1944/2/6 1945/6/6 1774/5/6
f 1774/2/1 1775/6/1 1769/5/1 1768/1/1
f 1774/5/2 1768/1/2 1939/2/2 1945/6/2
f 1768/2/3 1769/6/3 1940/5/3 1939/1/3
f 1945/1/4 1939/2/4 1940/6/4 1946/5/4
f 1775/1/5 1946/2/5 1940/6/5 1769/5/5
f 1774/1/6 1945/2/6 1946/6/6 1775/5/6
f 1775/2/1 1776/6/1 1770/5/1 1769/1/1
f 1775/5/2 1769/1/2 1940/2/2 1946/6/2
f 1769/2/3 1770/6/3 1941/5/3 1940/1/3
f 1946/1/4 1940/2/4 1941/6/4 1947/5/4
f 1776/1/5 1947/2/5 1941/6/5 1770/5/5
f 1775/1/6 1946/2/6 1947/6/6 1776/5/6
f 1776/2/1 1777/6/1 1771/5/1 1770/1/1
f 1776/5/2 1770/1/2 1941/2/2 1947/6/2
f 1770/2/3 1771/6/3 1942/5/3 1941/1/3
f 1947/1/4 1941/2/4 1942/6/4 1948/5/4
f 1777/1/5 1948/2/5 1942/6/5 1771/5/5
f 1776/1/6 1947/2/6 1948/6/6 1777/5/6
f 1781/2/1 1782/6/1 1774/5/1 1773/1/1
f 1781/2/2 1773/6/2 1944/5/2 1951/1/2
f 1773/2/3 1774/6/3 1945/5/3 1944/1/3
f 1951/1/4 1944/2/4 1945/6/4 1952/5/4
f 1782/6/5 1952/5/5 1945/1/5 1774/2/5
f 1781/1/6 1951/2/6 1952/6/6 1782/5/6
f 1782/2/1 1783/6/1 1775/5/1 1774/1/1
f 1782/1/2 1774/5/2 1945/6/2 1952/2/2
f 1774/2/3 1775/6/3 1946/5/3 1945/1/3
f 1952/1/4 1945/2/4 1946/6/4 1953/5/4
f 1783/5/5 1953/6/5 1946/2/5 1775/1/5
f 1782/1/6 1952/2/6 1953/6/6 1783/5/6
f 1783/2/1 1784/6/1 1776/5/1 1775/1/1
f 1783/5/2 1775/1/2 1946/2/2 1953/6/2
f 1775/2/3 1776/6/3 1947/5/3 1946/1/3
f 1953/1/4 1946/2/4 1947/6/4 1954/5/4
f 1784/1/5 1954/2/5 1947/6/5 1776/5/5
f 1783/1/6 1953/2/6 1954/6/6 1784/5/6
f 1784/2/1 1785/6/1 1777/5/1 1776/1/1
f 1784/6/2 1776/2/2 1947/1/2 1954/5/2
f 1776/2/3 1777/6/3 1948/5/3 1947/1/3
f 1954/1/4 1947/2/4 1948/6/4 1955/5/4
f 1785/2/5 1955/1/5 1948/5/5 1777/6/5
f 1784/1/6 1954/2/6 1955/6/6 1785/5/6
f 1785/2/1 1786/6/1 1778/5/1 1777/1/1
f 1785/2/2 1777/6/2 1948/5/2 1955/1/2
f 1777/2/3 1778/6/3 1949/5/3 1948/1/3
f 1955/1/4 1948/2/4 1949/6/4 1956/5/4
f 1786/6/5 1956/5/5 1949/1/5 1778/2/5
f 1785/1/6 1955/2/6 1956/6/6 1786/5/6
f 1786/2/1 1787/6/1 1780/5/1 1778/1/1
f 1786/6/2 1778/2/2 1949/1/2 1956/5/2
f 1778/2/3 1780/6/3 1950/5/3 1949/1/3
f 1956/1/4 1949/2/4 1950/6/4 1957/5/4
f 1787/2/5 1957/1/5 1950/5/5 1780/6/5
f 1786/1/6 1956/2/6 1957/6/6 1787/5/6
f 1788/2/1 1789/6/1 1782/5/1 1781/1/1
f 1788/6/2 1781/2/2 1951/1/2 1958/5/2
f 1781/2/3 1782/6/3 1952/5/3 1951/1/3
f 1958/1/4 1951/2/4 1952/6/4 1959/5/4
f 1789/2/5 1959/1/5 1952/5/5 1782/6/5
f 1788/1/6 1958/2/6 1959/6/6 1789/5/6
f 1789/2/1 1790/6/1 1783/5/1 1782/1/1
f 1789/5/2 1782/1/2 1952/2/2 1959/6/2
f 1782/2/3 1783/6/3 1953/5/3 1952/1/3
f 1959/1/4 1952/2/4 1953/6/4 1960/5/4
f 1790/1/5 1960/2/5 1953/6/5 1783/5/5
f 1789/1/6 1959/2/6 1960/6/6 1790/5/6
f 1790/2/1 1791/6/1 1784/5/1 1783/1/1
f 1790/6/2 1783/2/2 1953/1/2 1960/5/2
f 1783/2/3 1784/6/3 1954/5/3 1953/1/3
f 1960/1/4 1953/2/4 1954/6/4 1961/5/4
f 1791/2/5 1961/1/5 1954/5/5 1784/6/5
f 1790/1/6 1960/2/6 1961/6/6 1791/5/6
f 1791/2/1 1792/6/1 1785/5/1 1784/1/1
f 1791/1/2 1784/5/2 1954/6/2 1961/2/2
f 1784/2/3 1785/6/3 1955/5/3 1954/1/3
f 1961/1/4 1954/2/4 1955/6/4 1962/5/4
f 1792/5/5 1962/6/5 1955/2/5 1785/1/5
f 1791/1/6 1961/2/6 1962/6/6 1792/5/6
f 1792/2/1 1793/6/1 1786/5/1 1785/1/1
f 1792/1/2 1785/5/2 1955/6/2 1962/2/2
f 1785/2/3 1786/6/3 1956/5/3 1955/1/3
f 1962/1/4 1955/2/4 1956/6/4 1963/5/4
f 1793/5/5 1963/6/5 1956/2/5 1786/1/5
f 1792/1/6 1962/2/6 1963/6/6 1793/5/6
f 1793/2/1 1794/6/1 1787/5/1 1786/1/1
f 1793/5/2 1786/1/2 1956/2/2 1963/6/2
f 1786/2/3 1787/6/3 1957/5/3 1956/1/3
f 1963/1/4 1956/2/4 1957/6/4 1964/5/4
f 1794/1/5 1964/2/5 1957/6/5 1787/5/5
f 1793/1/6 1963/2/6 1964/6/6 1794/5/6
f 1795/2/1 1796/6/1 1789/5/1 1788/1/1
f 1795/2/2 1788/6/2 1958/5/2 1965/1/2
f 1788/2/3 1789/6/3 1959/5/3 1958/1/3
f 1965/1/4 1958/2/4 1959/6/4 1966/5/4
f 1796/6/5 1966/5/5 1959/1/5 1789/2/5
f 1795/1/6 1965/2/6 1966/6/6 1796/5/6
f 1796/2/1 1797/6/1 1790/5/1 1789/1/1
f 1796/1/2 1789/5/2 1959/6/2 1966/2/2
f 1789/2/3 1790/6/3 1960/5/3 1959/1/3
f 1966/1/4 1959/2/4 1960/6/4 1967/5/4
f 1797/5/5 1967/6/5 1960/2/5 1790/1/5
f 1796/1/6 1966/2/6 1967/6/6 1797/5/6
f 1797/2/1 1798/6/1 1791/5/1 1790/1/1
f 1797/6/2 1790/2/2 1960/1/2 1967/5/2
f 1790/2/3 1791/6/3 1961/5/3 1960/1/3
f 1967/1/4 1960/2/4 1961/6/4 1968/5/4
f 1798/2/5 1968/1/5 1961/5/5 1791/6/5
f 1797/1/6 1967/2/6 1968/6/6 1798/5/6
f 1798/2/1 1799/6/1 1792/5/1 1791/1/1
f 1798/1/2 1791/5/2 1961/6/2 1968/2/2
f 1791/2/3 1792/6/3 1962/5/3 1961/1/3
f 1968/1/4 1961/2/4 1962/6/4 1969/5/4
f 1799/5/5 1969/6/5 1962/2/5 1792/1/5
f 1798/1/6 1968/2/6 1969/6/6 1799/5/6
f 1799/2/1 1800/6/1 1793/5/1 1792/1/1
f 1799/1/2 1792/5/2 1962/6/2 1969/2/2
f 1792/2/3 1793/6/3 1963/5/3 1962/1/3
f 1969/1/4 1962/2/4 1963/6/4 1970/5/4
f 1800/5/5 1970/6/5 1963/2/5 1793/1/5
f 1799/1/6 1969/2/6 1970/6/6 1800/5/6
f 1800/2/1 1801/6/1 1794/5/1 1793/1/1
f 1800/5/2 1793/1/2 1963/2/2 1970/6/2
f 1793/2/3 1794/6/3 1964/5/3 1963/1/3
f 1970/1/4 1963/2/4 1964/6/4 1971/5/4
f 1801/1/5 1971/2/5 1964/6/5 1794/5/5
f 1800/1/6 1970/2/6 1971/6/6 1801/5/6
f 1802/2/1 1803/6/1 1796/5/1 1795/1/1
f 1802/2/2 1795/6/2 1965/5/2 1972/1/2
f 1795/2/3 1796/6/3 1966/5/3 1965/1/3
f 1972/1/4 1965/2/4 1966/6/4 1973/5/4
f 1803/6/5 1973/5/5 1966/1/5 1796/2/5
f 1802/1/6 1972/2/6 1973/6/6 1803/5/6
f 1803/2/1 1804/6/1 1797/5/1 1796/1/1
f 1803/5/2 1796/1/2 1966/2/2 1973/6/2
f 1796/2/3 1797/6/3 1967/5/3 1966/1/3
f 1973/1/4 1966/2/4 1967/6/4 1974/5/4
f 1804/1/5 1974/2/5 1967/6/5 1797/5/5
f 1803/1/6 1973/2/6 1974/6/6 1804/5/6
f 1804/2/1 1805/6/1 1798/5/1 1797/1/1
f 1804/6/2 1797/2/2 1967/1/2 1974/5/2
f 1797/2/3 1798/6/3 1968/5/3 1967/1/3
f 1974/1/4 1967/2/4 1968/6/4 1975/5/4
f 1805/2/5 1975/1/5 1968/5/5 1798/6/5
f 1804/1/6 1974/2/6 1975/6/6 1805/5/6
f 1805/2/1 1806/6/1 1799/5/1 1798/1/1
f 1805/1/2 1798/5/2 1968/6/2 1975/2/2
f 1798/2/3 1799/6/3 1969/5/3 1968/1/3
f 1975/1/4 1968/2/4 1969/6/4 1976/5/4
f 1806/5/5 1976/6/5 1969/2/5 1799/1/5
f 1805/1/6 1975/2/6 1976/6/6 1806/5/6
f 1806/2/1 1807/6/1 1800/5/1 1799/1/1
f 1806/1/2 1799/5/2 1969/6/2 1976/2/2
f 1799/2/3 1800/6/3 1970/5/3 1969/1/3
f 1976/1/4 1969/2/4 1970/6/4 1977/5/4
f 1807/5/5 1977/6/5 1970/2/5 1800/1/5
f 1806/1/6 1976/2/6 1977/6/6 1807/5/6
f 1808/2/1 1809/6/1 1803/5/1 1802/1/1
f 1808/1/2 1802/5/2 1972/6/2 1979/2/2
f 1802/2/3 1803/6/3 1973/5/3 1972/1/3
f 1979/1/4 1972/2/4 1973/6/4 1980/5/4
f 1809/5/5 1980/6/5 1973/2/5 1803/1/5
f 1808/1/6 1979/2/6 1980/6/6 1809/5/6
f 1809/2/1 1810/6/1 1804/5/1 1803/1/1
f 1809/6/2 1803/2/2 1973/1/2 1980/5/2
f 1803/2/3 1804/6/3 1974/5/3 1973/1/3
f 1980/1/4 1973/2/4 1974/6/4 1981/5/4
f 1810/2/5 1981/1/5 1974/5/5 1804/6/5
f 1809/1/6 1980/2/6 1981/6/6 1810/5/6
f 1810/2/1 1811/6/1 1805/5/1 1804/1/1
f 1810/2/2 1804/6/2 1974/5/2 1981/1/2
f 1804/2/3 1805/6/3 1975/5/3 1974/1/3
f 1981/1/4 1974/2/4 1975/6/4 1982/5/4
f 1811/6/5 1982/5/5 1975/1/5 1805/2/5
f 1810/1/6 1981/2/6 1982/6/6 1811/5/6
f 1811/2/1 1812/6/1 1806/5/1 1805/1/1
f 1811/6/2 1805/2/2 1975/1/2 1982/5/2
f 1805/2/3 1806/6/3 1976/5/3 1975/1/3
f 1982/1/4 1975/2/4 1976/6/4 1983/5/4
f 1812/2/5 1983/1/5 1976/5/5 1806/6/5
f 1811/1/6 1982/2/6 1983/6/6 1812/5/6
f 1812/2/1 1813/6/1 1807/5/1 1806/1/1
f 1812/5/2 1806/1/2 1976/2/2 1983/6/2
f 1806/2/3 1807/6/3 1977/5/3 1976/1/3
f 1983/1/4 1976/2/4 1977/6/4 1984/5/4
f 1813/1/5 1984/2/5 1977/6/5 1807/5/5
f 1812/1/6 1983/2/6 1984/6/6 1813/5/6
f 1814/2/1 1815/6/1 1809/5/1 1808/1/1
f 1814/2/2 1808/6/2 1979/5/2 1986/1/2
f 1808/2/3 1809/6/3 1980/5/3 1979/1/3
f 1986/1/4 1979/2/4 1980/6/4 1987/5/4
f 1815/6/5 1987/5/5 1980/1/5 1809/2/5
f 1814/1/6 1986/2/6 1987/6/6 1815/5/6
f 1815/2/1 1816/6/1 1810/5/1 1809/1/1
f 1815/2/2 1809/6/2 1980/5/2 1987/1/2
f 1809/2/3 1810/6/3 1981/5/3 1980/1/3
f 1987/1/4 1980/2/4 1981/6/4 1988/5/4
f 1816/6/5 1988/5/5 1981/1/5 1810/2/5
f 1815/1/6 1987/2/6 1988/6/6 1816/5/6
f 1816/2/1 1817/6/1 1811/5/1 1810/1/1
f 1816/1/2 1810/5/2 1981/6/2 1988/2/2
f 1810/2/3 1811/6/3 1982/5/3 1981/1/3
f 1988/1/4 1981/2/4 1982/6/4 1989/5/4
f 1817/5/5 1989/6/5 1982/2/5 1811/1/5
f 1816/1/6 1988/2/6 1989/6/6 1817/5/6
f 1817/2/1 1818/6/1 1812/5/1 1811/1/1
f 1817/6/2 1811/2/2 1982/1/2 1989/5/2
f 1811/2/3 1812/6/3 1983/5/3 1982/1/3
f 1989/1/4 1982/2/4 1983/6/4 1990/5/4
f 1818/2/5 1990/1/5 1983/5/5 1812/6/5
f 1817/1/6 1989/2/6 1990/6/6 1818/5/6
f 1818/2/1 1819/6/1 1813/5/1 1812/1/1
f 1818/2/2 1812/6/2 1983/5/2 1990/1/2
f 1812/2/3 1813/6/3 1984/5/3 1983/1/3
f 1990/1/4 1983/2/4 1984/6/4 1991/5/4
f 1819/6/5 1991/5/5 1984/1/5 1813/2/5
f 1818/1/6 1990/2/6 1991/6/6 1819/5/6
f 1820/2/1 1821/6/1 1815/5/1 1814/1/1
f 1820/2/2 1814/6/2 1986/5/2 1992/1/2
f 1814/2/3 1815/6/3 1987/5/3 1986/1/3
f 1992/1/4 1986/2/4 1987/6/4 1993/5/4
f 1821/6/5 1993/5/5 1987/1/5 1815/2/5
f 1820/1/6 1992/2/6 1993/6/6 1821/5/6
f 1821/2/1 1822/6/1 1816/5/1 1815/1/1
f 1821/2/2 1815/6/2 1987/5/2 1993/1/2
f 1815/2/3 1816/6/3 1988/5/3 1987/1/3
f 1993/1/4 1987/2/4 1988/6/4 1994/5/4
f 1822/6/5 1994/5/5 1988/1/5 1816/2/5
f 1821/1/6 1993/2/6 1994/6/6 1822/5/6
f 1822/2/1 1823/6/1 1817/5/1 1816/1/1
f 1822/1/2 1816/5/2 1988/6/2 1994/2/2
f 1816/2/3 1817/6/3 1989/5/3 1988/1/3
f 1994/1/4 1988/2/4 1989/6/4 1995/5/4
f 1823/5/5 1995/6/5 1989/2/5 1817/1/5
f 1822/1/6 1994/2/6 1995/6/6 1823/5/6
f 1823/2/1 1824/6/1 1818/5/1 1817/1/1
f 1823/5/2 1817/1/2 1989/2/2 1995/6/2
f 1817/2/3 1818/6/3 1990/5/3 1989/1/3
f 1995/1/4 1989/2/4 1990/6/4 1996/5/4
f 1824/1/5 1996/2/5 1990/6/5 1818/5/5
f 1823/1/6 1995/2/6 1996/6/6 1824/5/6
f 1824/2/1 1825/6/1 1819/5/1 1818/1/1
f 1824/6/2 1818/2/2 1990/1/2 1996/5/2
f 1818/2/3 1819/6/3 1991/5/3 1990/1/3
f 1996/1/4 1990/2/4 1991/6/4 1997/5/4
f 1825/2/5 1997/1/5 1991/5/5 1819/6/5
f 1824/1/6 1996/2/6 1997/6/6 1825/5/6
f 1827/2/1 1828/6/1 1821/5/1 1820/1/1
f 1827/1/2 1820/5/2 1992/6/2 1999/2/2
f 1820/2/3 1821/6/3 1993/5/3 1992/1/3
f 1999/1/4 1992/2/4 1993/6/4 2000/5/4
f 1828/5/5 2000/6/5 1993/2/5 1821/1/5
f 1827/1/6 1999/2/6 2000/6/6 1828/5/6
f 1829/2/1 1830/6/1 1823/5/1 1822/1/1
f 1829/2/2 1822/6/2 1994/5/2 2001/1/2
f 1822/2/3 1823/6/3 1995/5/3 1994/1/3
f 2001/1/4 1994/2/4 1995/6/4 2002/5/4
f 1830/6/5 2002/5/5 1995/1/5 1823/2/5
f 1829/1/6 2001/2/6 2002/6/6 1830/5/6
f 1830/2/1 1831/6/1 1824/5/1 1823/1/1
f 1830/2/2 1823/6/2 1995/5/2 2002/1/2
f 1823/2/3 1824/6/3 1996/5/3 1995/1/3
f 2002/1/4 1995/2/4 1996/6/4 2003/5/4
f 1831/6/5 2003/5/5 1996/1/5 1824/2/5
f 1830/1/6 2002/2/6 2003/6/6 1831/5/6
f 1831/2/1 1832/6/1 1825/5/1 1824/1/1
f 1831/2/2 1824/6/2 1996/5/2 2003/1/2
f 1824/2/3 1825/6/3 1997/5/3 1996/1/3
f 2003/1/4 1996/2/4 1997/6/4 2004/5/4
f 1832/6/5 2004/5/5 1997/1/5 1825/2/5
f 1831/1/6 2003/2/6 2004/6/6 1832/5/6
f 1832/2/1 1833/6/1 1826/5/1 1825/1/1
f 1832/2/2 1825/6/2 1997/5/2 2004/1/2
f 1825/2/3 1826/6/3 1998/5/3 1997/1/3
f 2004/1/4 1997/2/4 1998/6/4 2005/5/4
f 1833/6/5 2005/5/5 1998/1/5 1826/2/5
f 1832/1/6 2004/2/6 2005/6/6 1833/5/6
f 1834/2/1 1835/6/1 1832/5/1 1831/1/1
f 1834/2/2 1831/6/2 2003/5/2 2007/1/2
f 1831/2/3 1832/6/3 2004/5/3 2003/1/3
f 2007/1/4 2003/2/4 2004/6/4 2008/5/4
f 1835/6/5 2008/5/5 2004/1/5 1832/2/5
f 1834/1/6 2007/2/6 2008/6/6 1835/5/6
f 1839/2/1 1840/6/1 1835/5/1 1834/1/1
f 1839/5/2 1834/1/2 2007/2/2 2012/6/2
f 1834/2/3 1835/6/3 2008/5/3 2007/1/3
f 2012/1/4 2007/2/4 2008/6/4 2013/5/4
f 1840/1/5 2013/2/5 2008/6/5 1835/5/5
f 1839/1/6 2012/2/6 2013/6/6 1840/5/6
f 1840/2/1 1841/6/1 1836/5/1 1835/1/1
f 1840/1/2 1835/5/2 2008/6/2 2013/2/2
f 1835/2/3 1836/6/3 2009/5/3 2008/1/3
f 2013/1/4 2008/2/4 2009/6/4 2014/5/4
f 1841/5/5 2014/6/5 2009/2/5 1836/1/5
f 1840/1/6 2013/2/6 2014/6/6 1841/5/6
f 1841/2/1 1842/6/1 1837/5/1 1836/1/1
f 1841/1/2 1836/5/2 2009/6/2 2014/2/2
f 1836/2/3 1837/6/3 2010/5/3 2009/1/3
f 2014/1/4 2009/2/4 2010/6/4 2015/5/4
f 1842/5/5 2015/6/5 2010/2/5 1837/1/5
f 1841/1/6 2014/2/6 2015/6/6 1842/5/6
f 1842/2/1 1843/6/1 1838/5/1 1837/1/1
f 1842/2/2 1837/6/2 2010/5/2 2015/1/2
f 1837/2/3 1838/6/3 2011/5/3 2010/1/3
f 2015/1/4 2010/2/4 2011/6/4 2016/5/4
f 1843/6/5 2016/5/5 2011/1/5 1838/2/5
f 1842/1/6 2015/2/6 2016/6/6 1843/5/6
f 1845/2/1 1846/6/1 1840/5/1 1839/1/1
f 1845/1/2 1839/5/2 2012/6/2 2018/2/2
f 1839/2/3 1840/6/3 2013/5/3 2012/1/3
f 2018/1/4 2012/2/4 2013/6/4 2019/5/4
f 1846/5/5 2019/6/5 2013/2/5 1840/1/5
f 1845/1/6 2018/2/6 2019/6/6 1846/5/6
f 1846/2/1 1847/6/1 1841/5/1 1840/1/1
f 1846/5/2 1840/1/2 2013/2/2 2019/6/2
f 1840/2/3 1841/6/3 2014/5/3 2013/1/3
f 2019/1/4 2013/2/4 2014/6/4 2020/5/4
f 1847/1/5 2020/2/5 2014/6/5 1841/5/5
f 1846/1/6 2019/2/6 2020/6/6 1847/5/6
f 1847/2/1 1848/6/1 1842/5/1 1841/1/1
f 1847/1/2 1841/5/2 2014/6/2 2020/2/2
f 1841/2/3 1842/6/3 2015/5/3 2014/1/3
f 2020/1/4 2014/2/4 2015/6/4 2021/5/4
f 1848/5/5 2021/6/5 2015/2/5 1842/1/5
f 1847/1/6 2020/2/6 2021/6/6 1848/5/6
f 1852/2/1 1853/6/1 1846/5/1 1845/1/1
f 1852/2/2 1845/6/2 2018/5/2 2025/1/2
f 1845/2/3 1846/6/3 2019/5/3 2018/1/3
f 2025/1/4 2018/2/4 2019/6/4 2026/5/4
f 1853/6/5 2026/5/5 2019/1/5 1846/2/5
f 1852/1/6 2025/2/6 2026/6/6 1853/5/6
f 1853/2/1 1854/6/1 1847/5/1 1846/1/1
f 1853/6/2 1846/2/2 2019/1/2 2026/5/2
f 1846/2/3 1847/6/3 2020/5/3 2019/1/3
f 2026/1/4 2019/2/4 2020/6/4 2027/5/4
f 1854/2/5 2027/1/5 2020/5/5 1847/6/5
f 1853/1/6 2026/2/6 2027/6/6 1854/5/6
f 1854/2/1 1855/6/1 1848/5/1 1847/1/1
f 1854/2/2 1847/6/2 2020/5/2 2027/1/2
f 1847/2/3 1848/6/3 2021/5/3 2020/1/3
f 2027/1/4 2020/2/4 2021/6/4 2028/5/4
f 1855/6/5 2028/5/5 2021/1/5 1848/2/5
f 1854/1/6 2027/2/6 2028/6/6 1855/5/6
f 1857/2/1 1858/6/1 1850/5/1 1849/1/1
f 1857/6/2 1849/2/2 2022/1/2 2029/5/2
f 1849/2/3 1850/6/3 2023/5/3 2022/1/3
f 2029/1/4 2022/2/4 2023/6/4 2030/5/4
f 1858/2/5 2030/1/5 2023/5/5 1850/6/5
f 1857/1/6 2029/2/6 2030/6/6 1858/5/6
f 1858/2/1 1859/6/1 1851/5/1 1850/1/1
f 1858/5/2 1850/1/2 2023/2/2 2030/6/2
f 1850/2/3 1851/6/3 2024/5/3 2023/1/3
f 2030/1/4 2023/2/4 2024/6/4 2031/5/4
f 1859/1/5 2031/2/5 2024/6/5 1851/5/5
f 1858/1/6 2030/2/6 2031/6/6 1859/5/6
f 1859/2/1 1860/6/1 1852/5/1 1851/1/1
f 1859/2/2 1851/6/2 2024/5/2 2031/1/2
f 1851/2/3 1852/6/3 2025/5/3 2024/1/3
f 2031/1/4 2024/2/4 2025/6/4 2032/5/4
f 1860/6/5 2032/5/5 2025/1/5 1852/2/5
f 1859/1/6 2031/2/6 2032/6/6 1860/5/6
f 1860/2/1 1861/6/1 1853/5/1 1852/1/1
f 1860/2/2 1852/6/2 2025/5/2 2032/1/2
f 1852/2/3 1853/6/3 2026/5/3 2025/1/3
f 2032/1/4 2025/2/4 2026/6/4 2033/5/4
f 1861/6/5 2033/5/5 2026/1/5 1853/2/5
f 1860/1/6 2032/2/6 2033/6/6 1861/5/6
f 1861/2/1 1862/6/1 1854/5/1 1853/1/1
f 1861/1/2 1853/5/2 2026/6/2 2033/2/2
f 1853/2/3 1854/6/3 2027/5/3 2026/1/3
f 2033/1/4 2026/2/4 2027/6/4 2034/5/4
f 1862/5/5 2034/6/5 2027/2/5 1854/1/5
f 1861/1/6 2033/2/6 2034/6/6 1862/5/6
f 1862/2/1 1863/6/1 1855/5/1 1854/1/1
f 1862/5/2 1854/1/2 2027/2/2 2034/6/2
f 1854/2/3 1855/6/3 2028/5/3 2027/1/3
f 2034/1/4 2027/2/4 2028/6/4 2035/5/4
f 1863/1/5 2035/2/5 2028/6/5 1855/5/5
f 1862/1/6 2034/2/6 2035/6/6 1863/5/6
f 1865/2/1 1866/6/1 1859/5/1 1858/1/1
f 1865/5/2 1858/1/2 2030/2/2 2038/6/2
f 1858/2/3 1859/6/3 2031/5/3 2030/1/3
f 2038/1/4 2030/2/4 2031/6/4 2039/5/4
f 1866/1/5 2039/2/5 2031/6/5 1859/5/5
f 1865/1/6 2038/2/6 2039/6/6 1866/5/6
f 1866/2/1 1867/6/1 1860/5/1 1859/1/1
f 1866/5/2 1859/1/2 2031/2/2 2039/6/2
f 1859/2/3 1860/6/3 2032/5/3 2031/1/3
f 2039/1/4 2031/2/4 2032/6/4 2040/5/4
f 1867/1/5 2040/2/5 2032/6/5 1860/5/5
f 1866/1/6 2039/2/6 2040/6/6 1867/5/6
f 1867/2/1 1868/6/1 1861/5/1 1860/1/1
f 1867/1/2 1860/5/2 2032/6/2 2040/2/2
f 1860/2/3 1861/6/3 2033/5/3 2032/1/3
f 2040/1/4 2032/2/4 2033/6/4 2041/5/4
f 1868/5/5 2041/6/5 2033/2/5 1861/1/5
f 1867/1/6 2040/2/6 2041/6/6 1868/5/6
f 1868/2/1 1869/6/1 1862/5/1 1861/1/1
f 1868/1/2 1861/5/2 2033/6/2 2041/2/2
f 1861/2/3 1862/6/3 2034/5/3 2033/1/3
f 2041/1/4 2033/2/4 2034/6/4 2042/5/4
f 1869/5/5 2042/6/5 2034/2/5 1862/1/5
f 1868/1/6 2041/2/6 2042/6/6 1869/5/6
f 1869/2/1 1870/6/1 1863/5/1 1862/1/1
f 1869/1/2 1862/5/2 2034/6/2 2042/2/2
f 1862/2/3 1863/6/3 2035/5/3 2034/1/3
f 2042/1/4 2034/2/4 2035/6/4 2043/5/4
f 1870/5/5 2043/6/5 2035/2/5 1863/1/5
f 1869/1/6 2042/2/6 2043/6/6 1870/5/6
f 1870/2/1 1871/6/1 1864/5/1 1863/1/1
f 1870/5/2 1863/1/2 2035/2/2 2043/6/2
f 1863/2/3 1864/6/3 2036/5/3 2035/1/3
f 2043/1/4 2035/2/4 2036/6/4 2044/5/4
f 1871/1/5 2044/2/5 2036/6/5 1864/5/5
f 1870/1/6 2043/2/6 2044/6/6 1871/5/6
f 1872/2/1 1873/6/1 1866/5/1 1865/1/1
f 1872/5/2 1865/1/2 2038/2/2 2045/6/2
f 1865/2/3 1866/6/3 2039/5/3 2038/1/3
f 2045/1/4 2038/2/4 2039/6/4 2046/5/4
f 1873/1/5 2046/2/5 2039/6/5 1866/5/5
f 1872/1/6 2045/2/6 2046/6/6 1873/5/6
f 1873/2/1 1874/6/1 1867/5/1 1866/1/1
f 1873/2/2 1866/6/2 2039/5/2 2046/1/2
f 1866/2/3 1867/6/3 2040/5/3 2039/1/3
f 2046/1/4 2039/2/4 2040/6/4 2047/5/4
f 1874/6/5 2047/5/5 2040/1/5 1867/2/5
f 1873/1/6 2046/2/6 2047/6/6 1874/5/6
f 1874/2/1 1875/6/1 1868/5/1 1867/1/1
f 1874/2/2 1867/6/2 2040/5/2 2047/1/2
f 1867/2/3 1868/6/3 2041/5/3 2040/1/3
f 2047/1/4 2040/2/4 2041/6/4 2048/5/4
f 1875/6/5 2048/5/5 2041/1/5 1868/2/5
f 1874/1/6 2047/2/6 2048/6/6 1875/5/6
f 1875/2/1 1876/6/1 1869/5/1 1868/1/1
f 1875/1/2 1868/5/2 2041/6/2 2048/2/2
f 1868/2/3 1869/6/3 2042/5/3 2041/1/3
f 2048/1/4 2041/2/4 2042/6/4 2049/5/4
f 1876/5/5 2049/6/5 2042/2/5 1869/1/5
f 1875/1/6 2048/2/6 2049/6/6 1876/5/6
f 1876/2/1 1877/6/1 1870/5/1 1869/1/1
f 1876/1/2 1869/5/2 2042/6/2 2049/2/2
f 1869/2/3 1870/6/3 2043/5/3 2042/1/3
f 2049/1/4 2042/2/4 2043/6/4 2050/5/4
f 1877/5/5 2050/6/5 2043/2/5 1870/1/5
f 1876/1/6 2049/2/6 2050/6/6 1877/5/6
f 1877/2/1 1878/6/1 1871/5/1 1870/1/1
f 1877/6/2 1870/2/2 2043/1/2 2050/5/2
f 1870/2/3 1871/6/3 2044/5/3 2043/1/3
f 2050/1/4 2043/2/4 2044/6/4 2051/5/4
f 1878/2/5 2051/1/5 2044/5/5 1871/6/5
f 1877/1/6 2050/2/6 2051/6/6 1878/5/6
f 1879/2/1 1880/6/1 1873/5/1 1872/1/1
f 1879/2/2 1872/6/2 2045/5/2 2052/1/2
f 1872/2/3 1873/6/3 2046/5/3 2045/1/3
f 2052/1/4 2045/2/4 2046/6/4 2053/5/4
f 1880/6/5 2053/5/5 2046/1/5 1873/2/5
f 1879/1/6 2052/2/6 2053/6/6 1880/5/6
f 1880/2/1 1881/6/1 1874/5/1 1873/1/1
f 1880/5/2 1873/1/2 2046/2/2 2053/6/2
f 1873/2/3 1874/6/3 2047/5/3 2046/1/3
f 2053/1/4 2046/2/4 2047/6/4 2054/5/4
f 1881/1/5 2054/2/5 2047/6/5 1874/5/5
f 1880/1/6 2053/2/6 2054/6/6 1881/5/6
f 1881/2/1 1882/6/1 1875/5/1 1874/1/1
f 1881/1/2 1874/5/2 2047/6/2 2054/2/2
f 1874/2/3 1875/6/3 2048/5/3 2047/1/3
f 2054/1/4 2047/2/4 2048/6/4 2055/5/4
f 1882/5/5 2055/6/5 2048/2/5 1875/1/5
f 1881/1/6 2054/2/6 2055/6/6 1882/5/6
f 1882/2/1 1883/6/1 1876/5/1 1875/1/1
f 1882/1/2 1875/5/2 2048/6/2 2055/2/2
f 1875/2/3 1876/6/3 2049/5/3 2048/1/3
f 2055/1/4 2048/2/4 2049/6/4 2056/5/4
f 1883/5/5 2056/6/5 2049/2/5 1876/1/5
f 1882/1/6 2055/2/6 2056/6/6 1883/5/6
f 1883/2/1 1884/6/1 1877/5/1 1876/1/1
f 1883/1/2 1876/5/2 2049/6/2 2056/2/2
f 1876/2/3 1877/6/3 2050/5/3 2049/1/3
f 2056/1/4 2049/2/4 2050/6/4 2057/5/4
f 1884/5/5 2057/6/5 2050/2/5 1877/1/5
f 1883/1/6 2056/2/6 2057/6/6 1884/5/6
f 1884/2/1 1885/6/1 1878/5/1 1877/1/1
f 1884/1/2 1877/5/2 2050/6/2 2057/2/2
f 1877/2/3 1878/6/3 2051/5/3 2050/1/3
f 2057/1/4 2050/2/4 2051/6/4 2058/5/4
f 1885/5/5 2058/6/5 2051/2/5 1878/1/5
f 1884/1/6 2057/2/6 2058/6/6 1885/5/6
f 1887/2/1 1888/6/1 1880/5/1 1879/1/1
f 1887/6/2 1879/2/2 2052/1/2 2060/5/2
f 1879/2/3 1880/6/3 2053/5/3 2052/1/3
f 2060/1/4 2052/2/4 2053/6/4 2061/5/4
f 1888/2/5 2061/1/5 2053/5/5 1880/6/5
f 1887/1/6 2060/2/6 2061/6/6 1888/5/6
f 1888/2/1 1889/6/1 1881/5/1 1880/1/1
f 1888/5/2 1880/1/2 2053/2/2 2061/6/2
f 1880/2/3 1881/6/3 2054/5/3 2053/1/3
f 2061/1/4 2053/2/4 2054/6/4 2062/5/4
f 1889/1/5 2062/2/5 2054/6/5 1881/5/5
f 1888/1/6 2061/2/6 2062/6/6 1889/5/6
f 1889/2/1 1890/6/1 1882/5/1 1881/1/1
f 1889/6/2 1881/2/2 2054/1/2 2062/5/2
f 1881/2/3 1882/6/3 2055/5/3 2054/1/3
f 2062/1/4 2054/2/4 2055/6/4 2063/5/4
f 1890/2/5 2063/1/5 2055/5/5 1882/6/5
f 1889/1/6 2062/2/6 2063/6/6 1890/5/6
f 1890/2/1 1891/6/1 1883/5/1 1882/1/1
f 1890/6/2 1882/2/2 2055/1/2 2063/5/2
f 1882/2/3 1883/6/3 2056/5/3 2055/1/3
f 2063/1/4 2055/2/4 2056/6/4 2064/5/4
f 1891/2/5 2064/1/5 2056/5/5 1883/6/5
f 1890/1/6 2063/2/6 2064/6/6 1891/5/6
f 1891/2/1 1892/6/1 1884/5/1 1883/1/1
f 1891/5/2 1883/1/2 2056/2/2 2064/6/2
f 1883/2/3 1884/6/3 2057/5/3 2056/1/3
f 2064/1/4 2056/2/4 2057/6/4 2065/5/4
f 1892/1/5 2065/2/5 2057/6/5 1884/5/5
f 1891/1/6 2064/2/6 2065/6/6 1892/5/6
f 1892/2/1 1893/6/1 1885/5/1 1884/1/1
f 1892/1/2 1884/5/2 2057/6/2 2065/2/2
f 1884/2/3 1885/6/3 2058/5/3 2057/1/3
f 2065/1/4 2057/2/4 2058/6/4 2066/5/4
f 1893/5/5 2066/6/5 2058/2/5 1885/1/5
f 1892/1/6 2065/2/6 2066/6/6 1893/5/6
f 1893/2/1 1894/6/1 1886/5/1 1885/1/1
f 1893/6/2 1885/2/2 2058/1/2 2066/5/2
f 1885/2/3 1886/6/3 2059/5/3 2058/1/3
f 2066/1/4 2058/2/4 2059/6/4 2067/5/4
f 1894/2/5 2067/1/5 2059/5/5 1886/6/5
f 1893/1/6 2066/2/6 2067/6/6 1894/5/6
f 1896/2/1 1897/6/1 1888/5/1 1887/1/1
f 1896/5/2 1887/1/2 2060/2/2 2069/6/2
f 1887/2/3 1888/6/3 2061/5/3 2060/1/3
f 2069/1/4 2060/2/4 2061/6/4 2070/5/4
f 1897/1/5 2070/2/5 2061/6/5 1888/5/5
f 1896/1/6 2069/2/6 2070/6/6 1897/5/6
f 1897/2/1 1898/6/1 1889/5/1 1888/1/1
f 1897/5/2 1888/1/2 2061/2/2 2070/6/2
f 1888/2/3 1889/6/3 2062/5/3 2061/1/3
f 2070/1/4 2061/2/4 2062/6/4 2071/5/4
f 1898/1/5 2071/2/5 2062/6/5 1889/5/5
f 1897/1/6 2070/2/6 2071/6/6 1898/5/6
f 1898/2/1 1899/6/1 1890/5/1 1889/1/1
f 1898/6/2 1889/2/2 2062/1/2 2071/5/2
f 1889/2/3 1890/6/3 2063/5/3 2062/1/3
f 2071/1/4 2062/2/4 2063/6/4 2072/5/4
f 1899/2/5 2072/1/5 2063/5/5 1890/6/5
f 1898/1/6 2071/2/6 2072/6/6 1899/5/6
f 1899/2/1 1900/6/1 1891/5/1 1890/1/1
f 1899/5/2 1890/1/2 2063/2/2 2072/6/2
f 1890/2/3 1891/6/3 2064/5/3 2063/1/3
f 2072/1/4 2063/2/4 2064/6/4 2073/5/4
f 1900/1/5 2073/2/5 2064/6/5 1891/5/5
f 1899/1/6 2072/2/6 2073/6/6 1900/5/6
f 1900/2/1 1901/6/1 1892/5/1 1891/1/1
f 1900/2/2 1891/6/2 2064/5/2 2073/1/2
f 1891/2/3 1892/6/3 2065/5/3 2064/1/3
f 2073/1/4 2064/2/4 2065/6/4 2074/5/4
f 1901/6/5 2074/5/5 2065/1/5 1892/2/5
f 1900/1/6 2073/2/6 2074/6/6 1901/5/6
f 1901/2/1 1902/6/1 1893/5/1 1892/1/1
f 1901/6/2 1892/2/2 2065/1/2 2074/5/2
f 1892/2/3 1893/6/3 2066/5/3 2065/1/3
f 2074/1/4 2065/2/4 2066/6/4 2075/5/4
f 1902/2/5 2075/1/5 2066/5/5 1893/6/5
f 1901/1/6 2074/2/6 2075/6/6 1902/5/6
f 1902/2/1 1903/6/1 1894/5/1 1893/1/1
f 1902/1/2 1893/5/2 2066/6/2 2075/2/2
f 1893/2/3 1894/6/3 2067/5/3 2066/1/3
f 2075/1/4 2066/2/4 2067/6/4 2076/5/4
f 1903/5/5 2076/6/5 2067/2/5 1894/1/5
f 1902/1/6 2075/2/6 2076/6/6 1903/5/6
f 1904/2/1 1905/6/1 1896/5/1 1895/1/1
f 1904/6/2 1895/2/2 2068/1/2 2077/5/2
f 1895/2/3 1896/6/3 2069/5/3 2068/1/3
f 2077/1/4 2068/2/4 2069/6/4 2078/5/4
f 1905/2/5 2078/1/5 2069/5/5 1896/6/5
f 1904/1/6 2077/2/6 2078/6/6 1905/5/6
f 1905/2/1 1906/6/1 1897/5/1 1896/1/1
f 1905/1/2 1896/5/2 2069/6/2 2078/2/2
f 1896/2/3 1897/6/3 2070/5/3 2069/1/3
f 2078/1/4 2069/2/4 2070/6/4 2079/5/4
f 1906/5/5 2079/6/5 2070/2/5 1897/1/5
f 1905/1/6 2078/2/6 2079/6/6 1906/5/6
f 1906/2/1 1907/6/1 1898/5/1 1897/1/1
f 1906/6/2 1897/2/2 2070/1/2 2079/5/2
f 1897/2/3 1898/6/3 2071/5/3 2070/1/3
f 2079/1/4 2070/2/4 2071/6/4 2080/5/4
f 1907/2/5 2080/1/5 2071/5/5 1898/6/5
f 1906/1/6 2079/2/6 2080/6/6 1907/5/6
f 1907/2/1 1908/6/1 1899/5/1 1898/1/1
f 1907/5/2 1898/1/2 2071/2/2 2080/6/2
f 1898/2/3 1899/6/3 2072/5/3 2071/1/3
f 2080/1/4 2071/2/4 2072/6/4 2081/5/4
f 1908/1/5 2081/2/5 2072/6/5 1899/5/5
f 1907/1/6 2080/2/6 2081/6/6 1908/5/6
f 1908/2/1 1909/6/1 1900/5/1 1899/1/1
f 1908/2/2 1899/6/2 2072/5/2 2081/1/2
f 1899/2/3 1900/6/3 2073/5/3 2072/1/3
f 2081/1/4 2072/2/4 2073/6/4 2082/5/4
f 1909/6/5 2082/5/5 2073/1/5 1900/2/5
f 1908/1/6 2081/2/6 2082/6/6 1909/5/6
f 1909/2/1 1910/6/1 1901/5/1 1900/1/1
f 1909/5/2 1900/1/2 2073/2/2 2082/6/2
f 1900/2/3 1901/6/3 2074/5/3 2073/1/3
f 2082/1/4 2073/2/4 2074/6/4 2083/5/4
f 1910/1/5 2083/2/5 2074/6/5 1901/5/5
f 1909/1/6 2082/2/6 2083/6/6 1910/5/6
f 1910/2/1 1911/6/1 1902/5/1 1901/1/1
f 1910/1/2 1901/5/2 2074/6/2 2083/2/2
f 1901/2/3 1902/6/3 2075/5/3 2074/1/3
f 2083/1/4 2074/2/4 2075/6/4 2084/5/4
f 1911/5/5 2084/6/5 2075/2/5 1902/1/5
f 1910/1/6 2083/2/6 2084/6/6 1911/5/6
f 1911/2/1 1912/6/1 1903/5/1 1902/1/1
f 1911/6/2 1902/2/2 2075/1/2 2084/5/2
f 1902/2/3 1903/6/3 2076/5/3 2075/1/3
f 2084/1/4 2075/2/4 2076/6/4 2085/5/4
f 1912/2/5 2085/1/5 2076/5/5 1903/6/5
f 1911/1/6 2084/2/6 2085/6/6 1912/5/6
f 1919/2/1 1920/6/1 1918/5/1 1917/1/1
f 1919/2/2 1917/6/2 2086/5/2 2088/1/2
f 1917/2/3 1918/6/3 2087/5/3 2086/1/3
f 2088/1/4 2086/2/4 2087/6/4 2089/5/4
f 1920/6/5 2089/5/5 2087/1/5 1918/2/5
f 1919/1/6 2088/2/6 2089/6/6 1920/5/6
f 1921/2/1 1922/6/1 1920/5/1 1919/1/1
f 1921/5/2 1919/1/2 2088/2/2 2090/6/2
f 1919/2/3 1920/6/3 2089/5/3 2088/1/3
f 2090/1/4 2088/2/4 2089/6/4 2091/5/4
f 1922/1/5 2091/2/5 2089/6/5 1920/5/5
f 1921/1/6 2090/2/6 2091/6/6 1922/5/6
f 1923/2/1 1924/6/1 1922/5/1 1921/1/1
f 1923/5/2 1921/1/2 2090/2/2 2092/6/2
f 1921/2/3 1922/6/3 2091/5/3 2090/1/3
f 2092/1/4 2090/2/4 2091/6/4 2093/5/4
f 1924/1/5 2093/2/5 2091/6/5 1922/5/5
f 1923/1/6 2092/2/6 2093/6/6 1924/5/6
f 1925/2/1 1926/6/1 1924/5/1 1923/1/1
f 1925/2/2 1923/6/2 2092/5/2 2094/1/2
f 1923/2/3 1924/6/3 2093/5/3 2092/1/3
f 2094/1/4 2092/2/4 2093/6/4 2095/5/4
f 1926/6/5 2095/5/5 2093/1/5 1924/2/5
f 1925/1/6 2094/2/6 2095/6/6 1926/5/6
f 1927/2/1 1928/6/1 1926/5/1 1925/1/1
f 1927/6/2 1925/2/2 2094/1/2 2096/5/2
f 1925/2/3 1926/6/3 2095/5/3 2094/1/3
f 2096/1/4 2094/2/4 2095/6/4 2097/5/4
f 1928/2/5 2097/1/5 2095/5/5 1926/6/5
f 1927/1/6 2096/2/6 2097/6/6 1928/5/6
f 1929/2/1 1930/6/1 1928/5/1 1927/1/1
f 1929/2/2 1927/6/2 2096/5/2 2098/1/2
f 1927/2/3 1928/6/3 2097/5/3 2096/1/3
f 2098/1/4 2096/2/4 2097/6/4 2099/5/4
f 1930/6/5 2099/5/5 2097/1/5 1928/2/5
f 1929/1/6 2098/2/6 2099/6/6 1930/5/6
f 1933/2/1 1934/6/1 1930/5/1 1929/1/1
f 1933/6/2 1929/2/2 2098/1/2 2101/5/2
f 1929/2/3 1930/6/3 2099/5/3 2098/1/3
f 2101/1/4 2098/2/4 2099/6/4 2102/5/4
f 1934/2/5 2102/1/5 2099/5/5 1930/6/5
f 1933/1/6 2101/2/6 2102/6/6 1934/5/6
f 1934/2/1 1935/6/1 1931/5/1 1930/1/1
f 1934/5/2 1930/1/2 2099/2/2 2102/6/2
f 1930/2/3 1931/6/3 2100/5/3 2099/1/3
f 2102/1/4 2099/2/4 2100/6/4 2103/5/4
f 1935/1/5 2103/2/5 2100/6/5 1931/5/5
f 1934/1/6 2102/2/6 2103/6/6 1935/5/6
f 1938/2/1 1939/6/1 1934/5/1 1933/1/1
f 1938/5/2 1933/1/2 2101/2/2 2106/6/2
f 1933/2/3 1934/6/3 2102/5/3 2101/1/3
f 2106/1/4 2101/2/4 2102/6/4 2107/5/4
f 1939/1/5 2107/2/5 2102/6/5 1934/5/5
f 1938/1/6 2106/2/6 2107/6/6 1939/5/6
f 1939/2/1 1940/6/1 1935/5/1 1934/1/1
f 1939/6/2 1934/2/2 2102/1/2 2107/5/2
f 1934/2/3 1935/6/3 2103/5/3 2102/1/3
f 2107/1/4 2102/2/4 2103/6/4 2108/5/4
f 1940/2/5 2108/1/5 2103/5/5 1935/6/5
f 1939/1/6 2107/2/6 2108/6/6 1940/5/6
f 1940/2/1 1941/6/1 1936/5/1 1935/1/1
f 1940/1/2 1935/5/2 2103/6/2 2108/2/2
f 1935/2/3 1936/6/3 2104/5/3 2103/1/3
f 2108/1/4 2103/2/4 2104/6/4 2109/5/4
f 1941/5/5 2109/6/5 2104/2/5 1936/1/5
f 1940/1/6 2108/2/6 2109/6/6 1941/5/6
f 1941/2/1 1942/6/1 1937/5/1 1936/1/1
f 1941/2/2 1936/6/2 2104/5/2 2109/1/2
f 1936/2/3 1937/6/3 2105/5/3 2104/1/3
f 2109/1/4 2104/2/4 2105/6/4 2110/5/4
f 1942/6/5 2110/5/5 2105/1/5 1937/2/5
f 1941/1/6 2109/2/6 2110/6/6 1942/5/6
f 1944/2/1 1945/6/1 1939/5/1 1938/1/1
f 1944/5/2 1938/1/2 2106/2/2 2112/6/2
f 1938/2/3 1939/6/3 2107/5/3 2106/1/3
f 2112/1/4 2106/2/4 2107/6/4 2113/5/4
f 1945/1/5 2113/2/5 2107/6/5 1939/5/5
f 1944/1/6 2112/2/6 2113/6/6 1945/5/6
f 1945/2/1 1946/6/1 1940/5/1 1939/1/1
f 1945/2/2 1939/6/2 2107/5/2 2113/1/2
f 1939/2/3 1940/6/3 2108/5/3 2107/1/3
f 2113/1/4 2107/2/4 2108/6/4 2114/5/4
f 1946/6/5 2114/5/5 2108/1/5 1940/2/5
f 1945/1/6 2113/2/6 2114/6/6 1946/5/6
f 1946/2/1 1947/6/1 1941/5/1 1940/1/1
f 1946/2/2 1940/6/2 2108/5/2 2114/1/2
f 1940/2/3 1941/6/3 2109/5/3 2108/1/3
f 2114/1/4 2108/2/4 2109/6/4 2115/5/4
f 1947/6/5 2115/5/5 2109/1/5 1941/2/5
f 1946/1/6 2114/2/6 2115/6/6 1947/5/6
f 1947/2/1 1948/6/1 1942/5/1 1941/1/1
f 1947/1/2 1941/5/2 2109/6/2 2115/2/2
f 1941/2/3 1942/6/3 2110/5/3 2109/1/3
f 2115/1/4 2109/2/4 2110/6/4 2116/5/4
f 1948/5/5 2116/6/5 2110/2/5 1942/1/5
f 1947/1/6 2115/2/6 2116/6/6 1948/5/6
f 1948/2/1 1949/6/1 1943/5/1 1942/1/1
f 1948/6/2 1942/2/2 2110/1/2 2116/5/2
f 1942/2/3 1943/6/3 2111/5/3 2110/1/3
f 2116/1/4 2110/2/4 2111/6/4 2117/5/4
f 1949/2/5 2117/1/5 2111/5/5 1943/6/5
f 1948/1/6 2116/2/6 2117/6/6 1949/5/6
f 1951/2/1 1952/6/1 1945/5/1 1944/1/1
f 1951/5/2 1944/1/2 2112/2/2 2119/6/2
f 1944/2/3 1945/6/3 2113/5/3 2112/1/3
f 2119/1/4 2112/2/4 2113/6/4 2120/5/4
f 1952/1/5 2120/2/5 2113/6/5 1945/5/5
f 1951/1/6 2119/2/6 2120/6/6 1952/5/6
f 1952/2/1 1953/6/1 1946/5/1 1945/1/1
f 1952/1/2 1945/5/2 2113/6/2 2120/2/2
f 1945/2/3 1946/6/3 2114/5/3 2113/1/3
f 2120/1/4 2113/2/4 2114/6/4 2121/5/4
f 1953/5/5 2121/6/5 2114/2/5 1946/1/5
f 1952/1/6 2120/2/6 2121/6/6 1953/5/6
f 1953/2/1 1954/6/1 1947/5/1 1946/1/1
f 1953/6/2 1946/2/2 2114/1/2 2121/5/2
f 1946/2/3 1947/6/3 2115/5/3 2114/1/3
f 2121/1/4 2114/2/4 2115/6/4 2122/5/4
f 1954/2/5 2122/1/5 2115/5/5 1947/6/5
f 1953/1/6 2121/2/6 2122/6/6 1954/5/6
f 1954/2/1 1955/6/1 1948/5/1 1947/1/1
f 1954/6/2 1947/2/2 2115/1/2 2122/5/2
f 1947/2/3 1948/6/3 2116/5/3 2115/1/3
f 2122/1/4 2115/2/4 2116/6/4 2123/5/4
f 1955/2/5 2123/1/5 2116/5/5 1948/6/5
f 1954/1/6 2122/2/6 2123/6/6 1955/5/6
f 1955/2/1 1956/6/1 1949/5/1 1948/1/1
f 1955/2/2 1948/6/2 2116/5/2 2123/1/2
f 1948/2/3 1949/6/3 2117/5/3 2116/1/3
f 2123/1/4 2116/2/4 2117/6/4 2124/5/4
f 1956/6/5 2124/5/5 2117/1/5 1949/2/5
f 1955/1/6 2123/2/6 2124/6/6 1956/5/6
f 1956/2/1 1957/6/1 1950/5/1 1949/1/1
f 1956/1/2 1949/5/2 2117/6/2 2124/2/2
f 1949/2/3 1950/6/3 2118/5/3 2117/1/3
f 2124/1/4 2117/2/4 2118/6/4 2125/5/4
f 1957/5/5 2125/6/5 2118/2/5 1950/1/5
f 1956/1/6 2124/2/6 2125/6/6 1957/5/6
f 1958/2/1 1959/6/1 1952/5/1 1951/1/1
f 1958/1/2 1951/5/2 2119/6/2 2126/2/2
f 1951/2/3 1952/6/3 2120/5/3 2119/1/3
f 2126/1/4 2119/2/4 2120/6/4 2127/5/4
f 1959/5/5 2127/6/5 2120/2/5 1952/1/5
f 1958/1/6 2126/2/6 2127/6/6 1959/5/6
f 1959/2/1 1960/6/1 1953/5/1 1952/1/1
f 1959/6/2 1952/2/2 2120/1/2 2127/5/2
f 1952/2/3 1953/6/3 2121/5/3 2120/1/3
f 2127/1/4 2120/2/4 2121/6/4 2128/5/4
f 1960/2/5 2128/1/5 2121/5/5 1953/6/5
f 1959/1/6 2127/2/6 2128/6/6 1960/5/6
f 1960/2/1 1961/6/1 1954/5/1 1953/1/1
f 1960/5/2 1953/1/2 2121/2/2 2128/6/2
f 1953/2/3 1954/6/3 2122/5/3 2121/1/3
f 2128/1/4 2121/2/4 2122/6/4 2129/5/4
f 1961/1/5 2129/2/5 2122/6/5 1954/5/5
f 1960/1/6 2128/2/6 2129/6/6 1961/5/6
f 1961/2/1 1962/6/1 1955/5/1 1954/1/1
f 1961/1/2 1954/5/2 2122/6/2 2129/2/2
f 1954/2/3 1955/6/3 2123/5/3 2122/1/3
f 2129/1/4 2122/2/4 2123/6/4 2130/5/4
f 1962/5/5 2130/6/5 2123/2/5 1955/1/5
f 1961/1/6 2129/2/6 2130/6/6 1962/5/6
f 1962/2/1 1963/6/1 1956/5/1 1955/1/1
f 1962/5/2 1955/1/2 2123/2/2 2130/6/2
f 1955/2/3 1956/6/3 2124/5/3 2123/1/3
f 2130/1/4 2123/2/4 2124/6/4 2131/5/4
f 1963/1/5 2131/2/5 2124/6/5 1956/5/5
f 1962/1/6 2130/2/6 2131/6/6 1963/5/6
f 1963/2/1 1964/6/1 1957/5/1 1956/1/1
f 1963/6/2 1956/2/2 2124/1/2 2131/5/2
f 1956/2/3 1957/6/3 2125/5/3 2124/1/3
f 2131/1/4 2124/2/4 2125/6/4 2132/5/4
f 1964/2/5 2132/1/5 2125/5/5 1957/6/5
f 1963/1/6 2131/2/6 2132/6/6 1964/5/6
f 1965/2/1 1966/6/1 1959/5/1 1958/1/1
f 1965/1/2 1958/5/2 2126/6/2 2133/2/2
f 1958/2/3 1959/6/3 2127/5/3 2126/1/3
f 2133/1/4 2126/2/4 2127/6/4 2134/5/4
f 1966/5/5 2134/6/5 2127/2/5 1959/1/5
f 1965/1/6 2133/2/6 2134/6/6 1966/5/6
f 1966/2/1 1967/6/1 1960/5/1 1959/1/1
f 1966/5/2 1959/1/2 2127/2/2 2134/6/2
f 1959/2/3 1960/6/3 2128/5/3 2127/1/3
f 2134/1/4 2127/2/4 2128/6/4 2135/5/4
f 1967/1/5 2135/2/5 2128/6/5 1960/5/5
f 1966/1/6 2134/2/6 2135/6/6 1967/5/6
f 1967/2/1 1968/6/1 1961/5/1 1960/1/1
f 1967/6/2 1960/2/2 2128/1/2 2135/5/2
f 1960/2/3 1961/6/3 2129/5/3 2128/1/3
f 2135/1/4 2128/2/4 2129/6/4 2136/5/4
f 1968/2/5 2136/1/5 2129/5/5 1961/6/5
f 1967/1/6 2135/2/6 2136/6/6 1968/5/6
f 1968/2/1 1969/6/1 1962/5/1 1961/1/1
f 1968/2/2 1961/6/2 2129/5/2 2136/1/2
f 1961/2/3 1962/6/3 2130/5/3 2129/1/3
f 2136/1/4 2129/2/4 2130/6/4 2137/5/4
f 1969/6/5 2137/5/5 2130/1/5 1962/2/5
f 1968/1/6 2136/2/6 2137/6/6 1969/5/6
f 1969/2/1 1970/6/1 1963/5/1 1962/1/1
f 1969/6/2 1962/2/2 2130/1/2 2137/5/2
f 1962/2/3 1963/6/3 2131/5/3 2130/1/3
f 2137/1/4 2130/2/4 2131/6/4 2138/5/4
f 1970/2/5 2138/1/5 2131/5/5 1963/6/5
f 1969/1/6 2137/2/6 2138/6/6 1970/5/6
f 1972/2/1 1973/6/1 1966/5/1 1965/1/1
f 1972/2/2 1965/6/2 2133/5/2 2140/1/2
f 1965/2/3 1966/6/3 2134/5/3 2133/1/3
f 2140/1/4 2133/2/4 2134/6/4 2141/5/4
f 1973/6/5 2141/5/5 2134/1/5 1966/2/5
f 1972/1/6 2140/2/6 2141/6/6 1973/5/6
f 1973/2/1 1974/6/1 1967/5/1 1966/1/1
f 1973/2/2 1966/6/2 2134/5/2 2141/1/2
f 1966/2/3 1967/6/3 2135/5/3 2134/1/3
f 2141/1/4 2134/2/4 2135/6/4 2142/5/4
f 1974/6/5 2142/5/5 2135/1/5 1967/2/5
f 1973/1/6 2141/2/6 2142/6/6 1974/5/6
f 1974/2/1 1975/6/1 1968/5/1 1967/1/1
f 1974/2/2 1967/6/2 2135/5/2 2142/1/2
f 1967/2/3 1968/6/3 2136/5/3 2135/1/3
f 2142/1/4 2135/2/4 2136/6/4 2143/5/4
f 1975/6/5 2143/5/5 2136/1/5 1968/2/5
f 1974/1/6 2142/2/6 2143/6/6 1975/5/6
f 1975/2/1 1976/6/1 1969/5/1 1968/1/1
f 1975/2/2 1968/6/2 2136/5/2 2143/1/2
f 1968/2/3 1969/6/3 2137/5/3 2136/1/3
f 2143/1/4 2136/2/4 2137/6/4 2144/5/4
f 1976/6/5 2144/5/5 2137/1/5 1969/2/5
f 1975/1/6 2143/2/6 2144/6/6 1976/5/6
f 1979/2/1 1980/6/1 1973/5/1 1972/1/1
f 1979/1/2 1972/5/2 2140/6/2 2150/2/2
f 1972/2/3 1973/6/3 2141/5/3 2140/1/3
f 2150/1/4 2140/2/4 2141/6/4 2151/5/4
f 1980/5/5 2151/6/5 2141/2/5 1973/1/5
f 1979/1/6 2150/2/6 2151/6/6 1980/5/6
f 1980/2/1 1981/6/1 1974/5/1 1973/1/1
f 1980/6/2 1973/2/2 2141/1/2 2151/5/2
f 1973/2/3 1974/6/3 2142/5/3 2141/1/3
f 2151/1/4 2141/2/4 2142/6/4 2152/5/4
f 1981/2/5 2152/1/5 2142/5/5 1974/6/5
f 1980/1/6 2151/2/6 2152/6/6 1981/5/6
f 1981/2/1 1982/6/1 1975/5/1 1974/1/1
f 1981/2/2 1974/6/2 2142/5/2 2152/1/2
f 1974/2/3 1975/6/3 2143/5/3 2142/1/3
f 2152/1/4 2142/2/4 2143/6/4 2153/5/4
f 1982/6/5 2153/5/5 2143/1/5 1975/2/5
f 1981/1/6 2152/2/6 2153/6/6 1982/5/6
f 1982/2/1 1983/6/1 1976/5/1 1975/1/1
f 1982/2/2 1975/6/2 2143/5/2 2153/1/2
f 1975/2/3 1976/6/3 2144/5/3 2143/1/3
f 2153/1/4 2143/2/4 2144/6/4 2154/5/4
f 1983/6/5 2154/5/5 2144/1/5 1976/2/5
f 1982/1/6 2153/2/6 2154/6/6 1983/5/6
f 1983/2/1 1984/6/1 1977/5/1 1976/1/1
f 1983/5/2 1976/1/2 2144/2/2 2154/6/2
f 1976/2/3 1977/6/3 2145/5/3 2144/1/3
f 2154/1/4 2144/2/4 2145/6/4 2155/5/4
f 1984/1/5 2155/2/5 2145/6/5 1977/5/5
f 1983/1/6 2154/2/6 2155/6/6 1984/5/6
f 1984/2/1 1985/6/1 1978/5/1 1977/1/1
f 1984/6/2 1977/2/2 2145/1/2 2155/5/2
f 1977/2/3 1978/6/3 2146/5/3 2145/1/3
f 2155/1/4 2145/2/4 2146/6/4 2156/5/4
f 1985/2/5 2156/1/5 2146/5/5 1978/6/5
f 1984/1/6 2155/2/6 2156/6/6 1985/5/6
f 1986/2/1 1987/6/1 1980/5/1 1979/1/1
f 1986/1/2 1979/5/2 2150/6/2 2160/2/2
f 1979/2/3 1980/6/3 2151/5/3 2150/1/3
f 2160/1/4 2150/2/4 2151/6/4 2161/5/4
f 1987/5/5 2161/6/5 2151/2/5 1980/1/5
f 1986/1/6 2160/2/6 2161/6/6 1987/5/6
f 1987/2/1 1988/6/1 1981/5/1 1980/1/1
f 1987/1/2 1980/5/2 2151/6/2 2161/2/2
f 1980/2/3 1981/6/3 2152/5/3 2151/1/3
f 2161/1/4 2151/2/4 2152/6/4 2162/5/4
f 1988/5/5 2162/6/5 2152/2/5 1981/1/5
f 1987/1/6 2161/2/6 2162/6/6 1988/5/6
f 1988/2/1 1989/6/1 1982/5/1 1981/1/1
f 1988/1/2 1981/5/2 2152/6/2 2162/2/2
f 1981/2/3 1982/6/3 2153/5/3 2152/1/3
f 2162/1/4 2152/2/4 2153/6/4 2163/5/4
f 1989/5/5 2163/6/5 2153/2/5 1982/1/5
f 1988/1/6 2162/2/6 2163/6/6 1989/5/6
f 1989/2/1 1990/6/1 1983/5/1 1982/1/1
f 1989/2/2 1982/6/2 2153/5/2 2163/1/2
f 1982/2/3 1983/6/3 2154/5/3 2153/1/3
f 2163/1/4 2153/2/4 2154/6/4 2164/5/4
f 1990/6/5 2164/5/5 2154/1/5 1983/2/5
f 1989/1/6 2163/2/6 2164/6/6 1990/5/6
f 1990/2/1 1991/6/1 1984/5/1 1983/1/1
f 1990/6/2 1983/2/2 2154/1/2 2164/5/2
f 1983/2/3 1984/6/3 2155/5/3 2154/1/3
f 2164/1/4 2154/2/4 2155/6/4 2165/5/4
f 1991/2/5 2165/1/5 2155/5/5 1984/6/5
f 1990/1/6 2164/2/6 2165/6/6 1991/5/6
f 1992/2/1 1993/6/1 1987/5/1 1986/1/1
f 1992/6/2 1986/2/2 2160/1/2 2168/5/2
f 1986/2/3 1987/6/3 2161/5/3 2160/1/3
f 2168/1/4 2160/2/4 2161/6/4 2169/5/4
f 1993/2/5 2169/1/5 2161/5/5 1987/6/5
f 1992/1/6 2168/2/6 2169/6/6 1993/5/6
f 1993/2/1 1994/6/1 1988/5/1 1987/1/1
f 1993/2/2 1987/6/2 2161/5/2 2169/1/2
f 1987/2/3 1988/6/3 2162/5/3 2161/1/3
f 2169/1/4 2161/2/4 2162/6/4 2170/5/4
f 1994/6/5 2170/5/5 2162/1/5 1988/2/5
f 1993/1/6 2169/2/6 2170/6/6 1994/5/6
f 1994/2/1 1995/6/1 1989/5/1 1988/1/1
f 1994/2/2 1988/6/2 2162/5/2 2170/1/2
f 1988/2/3 1989/6/3 2163/5/3 2162/1/3
f 2170/1/4 2162/2/4 2163/6/4 2171/5/4
f 1995/6/5 2171/5/5 2163/1/5 1989/2/5
f 1994/1/6 2170/2/6 2171/6/6 1995/5/6
f 1995/2/1 1996/6/1 1990/5/1 1989/1/1
f 1995/5/2 1989/1/2 2163/2/2 2171/6/2
f 1989/2/3 1990/6/3 2164/5/3 2163/1/3
f 2171/1/4 2163/2/4 2164/6/4 2172/5/4
f 1996/1/5 2172/2/5 2164/6/5 1990/5/5
f 1995/1/6 2171/2/6 2172/6/6 1996/5/6
f 1996/2/1 1997/6/1 1991/5/1 1990/1/1
f 1996/6/2 1990/2/2 2164/1/2 2172/5/2
f 1990/2/3 1991/6/3 2165/5/3 2164/1/3
f 2172/1/4 2164/2/4 2165/6/4 2173/5/4
f 1997/2/5 2173/1/5 2165/5/5 1991/6/5
f 1996/1/6 2172/2/6 2173/6/6 1997/5/6
f 1999/2/1 2000/6/1 1993/5/1 1992/1/1
f 1999/1/2 1992/5/2 2168/6/2 2175/2/2
f 1992/2/3 1993/6/3 2169/5/3 2168/1/3
f 2175/1/4 2168/2/4 2169/6/4 2176/5/4
f 2000/5/5 2176/6/5 2169/2/5 1993/1/5
f 1999/1/6 2175/2/6 2176/6/6 2000/5/6
f 2000/2/1 2001/6/1 1994/5/1 1993/1/1
f 2000/2/2 1993/6/2 2169/5/2 2176/1/2
f 1993/2/3 1994/6/3 2170/5/3 2169/1/3
f 2176/1/4 2169/2/4 2170/6/4 2177/5/4
f 2001/6/5 2177/5/5 2170/1/5 1994/2/5
f 2000/1/6 2176/2/6 2177/6/6 2001/5/6
f 2001/2/1 2002/6/1 1995/5/1 1994/1/1
f 2001/6/2 1994/2/2 2170/1/2 2177/5/2
f 1994/2/3 1995/6/3 2171/5/3 2170/1/3
f 2177/1/4 2170/2/4 2171/6/4 2178/5/4
f 2002/2/5 2178/1/5 2171/5/5 1995/6/5
f 2001/1/6 2177/2/6 2178/6/6 2002/5/6
f 2002/2/1 2003/6/1 1996/5/1 1995/1/1
f 2002/6/2 1995/2/2 2171/1/2 2178/5/2
f 1995/2/3 1996/6/3 2172/5/3 2171/1/3
f 2178/1/4 2171/2/4 2172/6/4 2179/5/4
f 2003/2/5 2179/1/5 2172/5/5 1996/6/5
f 2002/1/6 2178/2/6 2179/6/6 2003/5/6
f 2003/2/1 2004/6/1 1997/5/1 1996/1/1
f 2003/2/2 1996/6/2 2172/5/2 2179/1/2
f 1996/2/3 1997/6/3 2173/5/3 2172/1/3
f 2179/1/4 2172/2/4 2173/6/4 2180/5/4
f 2004/6/5 2180/5/5 2173/1/5 1997/2/5
f 2003/1/6 2179/2/6 2180/6/6 2004/5/6
f 2004/2/1 2005/6/1 1998/5/1 1997/1/1
f 2004/6/2 1997/2/2 2173/1/2 2180/5/2
f 1997/2/3 1998/6/3 2174/5/3 2173/1/3
f 2180/1/4 2173/2/4 2174/6/4 2181/5/4
f 2005/2/5 2181/1/5 2174/5/5 1998/6/5
f 2004/1/6 2180/2/6 2181/6/6 2005/5/6
f 2006/2/1 2007/6/1 2003/5/1 2002/1/1
f 2006/5/2 2002/1/2 2178/2/2 2185/6/2
f 2002/2/3 2003/6/3 2179/5/3 2178/1/3
f 2185/1/4 2178/2/4 2179/6/4 2186/5/4
f 2007/1/5 2186/2/5 2179/6/5 2003/5/5
f 2006/1/6 2185/2/6 2186/6/6 2007/5/6
f 2007/2/1 2008/6/1 2004/5/1 2003/1/1
f 2007/5/2 2003/1/2 2179/2/2 2186/6/2
f 2003/2/3 2004/6/3 2180/5/3 2179/1/3
f 2186/1/4 2179/2/4 2180/6/4 2187/5/4
f 2008/1/5 2187/2/5 2180/6/5 2004/5/5
f 2007/1/6 2186/2/6 2187/6/6 2008/5/6
f 2008/2/1 2009/6/1 2005/5/1 2004/1/1
f 2008/1/2 2004/5/2 2180/6/2 2187/2/2
f 2004/2/3 2005/6/3 2181/5/3 2180/1/3
f 2187/1/4 2180/2/4 2181/6/4 2188/5/4
f 2009/5/5 2188/6/5 2181/2/5 2005/1/5
f 2008/1/6 2187/2/6 2188/6/6 2009/5/6
f 2012/2/1 2013/6/1 2008/5/1 2007/1/1
f 2012/2/2 2007/6/2 2186/5/2 2193/1/2
f 2007/2/3 2008/6/3 2187/5/3 2186/1/3
f 2193/1/4 2186/2/4 2187/6/4 2194/5/4
f 2013/6/5 2194/5/5 2187/1/5 2008/2/5
f 2012/1/6 2193/2/6 2194/6/6 2013/5/6
f 2013/2/1 2014/6/1 2009/5/1 2008/1/1
f 2013/1/2 2008/5/2 2187/6/2 2194/2/2
f 2008/2/3 2009/6/3 2188/5/3 2187/1/3
f 2194/1/4 2187/2/4 2188/6/4 2195/5/4
f 2014/5/5 2195/6/5 2188/2/5 2009/1/5
f 2013/1/6 2194/2/6 2195/6/6 2014/5/6
f 2014/2/1 2015/6/1 2010/5/1 2009/1/1
f 2014/6/2 2009/2/2 2188/1/2 2195/5/2
f 2009/2/3 2010/6/3 2189/5/3 2188/1/3
f 2195/1/4 2188/2/4 2189/6/4 2196/5/4
f 2015/2/5 2196/1/5 2189/5/5 2010/6/5
f 2014/1/6 2195/2/6 2196/6/6 2015/5/6
f 2015/2/1 2016/6/1 2011/5/1 2010/1/1
f 2015/6/2 2010/2/2 2189/1/2 2196/5/2
f 2010/2/3 2011/6/3 2190/5/3 2189/1/3
f 2196/1/4 2189/2/4 2190/6/4 2197/5/4
f 2016/2/5 2197/1/5 2190/5/5 2011/6/5
f 2015/1/6 2196/2/6 2197/6/6 2016/5/6
f 2018/2/1 2019/6/1 2013/5/1 2012/1/1
f 2018/5/2 2012/1/2 2193/2/2 2201/6/2
f 2012/2/3 2013/6/3 2194/5/3 2193/1/3
f 2201/1/4 2193/2/4 2194/6/4 2202/5/4
f 2019/1/5 2202/2/5 2194/6/5 2013/5/5
f 2018/1/6 2201/2/6 2202/6/6 2019/5/6
f 2019/2/1 2020/6/1 2014/5/1 2013/1/1
f 2019/2/2 2013/6/2 2194/5/2 2202/1/2
f 2013/2/3 2014/6/3 2195/5/3 2194/1/3
f 2202/1/4 2194/2/4 2195/6/4 2203/5/4
f 2020/6/5 2203/5/5 2195/1/5 2014/2/5
f 2019/1/6 2202/2/6 2203/6/6 2020/5/6
f 2020/2/1 2021/6/1 2015/5/1 2014/1/1
f 2020/5/2 2014/1/2 2195/2/2 2203/6/2
f 2014/2/3 2015/6/3 2196/5/3 2195/1/3
f 2203/1/4 2195/2/4 2196/6/4 2204/5/4
f 2021/1/5 2204/2/5 2196/6/5 2015/5/5
f 2020/1/6 2203/2/6 2204/6/6 2021/5/6
f 2024/2/1 2025/6/1 2018/5/1 2017/1/1
f 2024/6/2 2017/2/2 2200/1/2 2208/5/2
f 2017/2/3 2018/6/3 2201/5/3 2200/1/3
f 2208/1/4 2200/2/4 2201/6/4 2209/5/4
f 2025/2/5 2209/1/5 2201/5/5 2018/6/5
f 2024/1/6 2208/2/6 2209/6/6 2025/5/6
f 2025/2/1 2026/6/1 2019/5/1 2018/1/1
f 2025/1/2 2018/5/2 2201/6/2 2209/2/2
f 2018/2/3 2019/6/3 2202/5/3 2201/1/3
f 2209/1/4 2201/2/4 2202/6/4 2210/5/4
f 2026/5/5 2210/6/5 2202/2/5 2019/1/5
f 2025/1/6 2209/2/6 2210/6/6 2026/5/6
f 2026/2/1 2027/6/1 2020/5/1 2019/1/1
f 2026/5/2 2019/1/2 2202/2/2 2210/6/2
f 2019/2/3 2020/6/3 2203/5/3 2202/1/3
f 2210/1/4 2202/2/4 2203/6/4 2211/5/4
f 2027/1/5 2211/2/5 2203/6/5 2020/5/5
f 2026/1/6 2210/2/6 2211/6/6 2027/5/6
f 2027/2/1 2028/6/1 2021/5/1 2020/1/1
f 2027/2/2 2020/6/2 2203/5/2 2211/1/2
f 2020/2/3 2021/6/3 2204/5/3 2203/1/3
f 2211/1/4 2203/2/4 2204/6/4 2212/5/4
f 2028/6/5 2212/5/5 2204/1/5 2021/2/5
f 2027/1/6 2211/2/6 2212/6/6 2028/5/6
f 2030/2/1 2031/6/1 2024/5/1 2023/1/1
f 2030/1/2 2023/5/2 2207/6/2 2215/2/2
f 2023/2/3 2024/6/3 2208/5/3 2207/1/3
f 2215/1/4 2207/2/4 2208/6/4 2216/5/4
f 2031/5/5 2216/6/5 2208/2/5 2024/1/5
f 2030/1/6 2215/2/6 2216/6/6 2031/5/6
f 2031/2/1 2032/6/1 2025/5/1 2024/1/1
f 2031/1/2 2024/5/2 2208/6/2 2216/2/2
f 2024/2/3 2025/6/3 2209/5/3 2208/1/3
f 2216/1/4 2208/2/4 2209/6/4 2217/5/4
f 2032/5/5 2217/6/5 2209/2/5 2025/1/5
f 2031/1/6 2216/2/6 2217/6/6 2032/5/6
f 2032/2/1 2033/6/1 2026/5/1 2025/1/1
f 2032/6/2 2025/2/2 2209/1/2 2217/5/2
f 2025/2/3 2026/6/3 2210/5/3 2209/1/3
f 2217/1/4 2209/2/4 2210/6/4 2218/5/4
f 2033/2/5 2218/1/5 2210/5/5 2026/6/5
f 2032/1/6 2217/2/6 2218/6/6 2033/5/6
f 2033/2/1 2034/6/1 2027/5/1 2026/1/1
f 2033/2/2 2026/6/2 2210/5/2 2218/1/2
f 2026/2/3 2027/6/3 2211/5/3 2210/1/3
f 2218/1/4 2210/2/4 2211/6/4 2219/5/4
f 2034/6/5 2219/5/5 2211/1/5 2027/2/5
f 2033/1/6 2218/2/6 2219/6/6 2034/5/6
f 2034/2/1 2035/6/1 2028/5/1 2027/1/1
f 2034/2/2 2027/6/2 2211/5/2 2219/1/2
f 2027/2/3 2028/6/3 2212/5/3 2211/1/3
f 2219/1/4 2211/2/4 2212/6/4 2220/5/4
f 2035/6/5 2220/5/5 2212/1/5 2028/2/5
f 2034/1/6 2219/2/6 2220/6/6 2035/5/6
f 2037/2/1 2038/6/1 2030/5/1 2029/1/1
f 2037/1/2 2029/5/2 2214/6/2 2222/2/2
f 2029/2/3 2030/6/3 2215/5/3 2214/1/3
f 2222/1/4 2214/2/4 2215/6/4 2223/5/4
f 2038/5/5 2223/6/5 2215/2/5 2030/1/5
f 2037/1/6 2222/2/6 2223/6/6 2038/5/6
f 2038/2/1 2039/6/1 2031/5/1 2030/1/1
f 2038/2/2 2030/6/2 2215/5/2 2223/1/2
f 2030/2/3 2031/6/3 2216/5/3 2215/1/3
f 2223/1/4 2215/2/4 2216/6/4 2224/5/4
f 2039/6/5 2224/5/5 2216/1/5 2031/2/5
f 2038/1/6 2223/2/6 2224/6/6 2039/5/6
f 2039/2/1 2040/6/1 2032/5/1 2031/1/1
f 2039/5/2 2031/1/2 2216/2/2 2224/6/2
f 2031/2/3 2032/6/3 2217/5/3 2216/1/3
f 2224/1/4 2216/2/4 2217/6/4 2225/5/4
f 2040/1/5 2225/2/5 2217/6/5 2032/5/5
f 2039/1/6 2224/2/6 2225/6/6 2040/5/6
f 2040/2/1 2041/6/1 2033/5/1 2032/1/1
f 2040/1/2 2032/5/2 2217/6/2 2225/2/2
f 2032/2/3 2033/6/3 2218/5/3 2217/1/3
f 2225/1/4 2217/2/4 2218/6/4 2226/5/4
f 2041/5/5 2226/6/5 2218/2/5 2033/1/5
f 2040/1/6 2225/2/6 2226/6/6 2041/5/6
f 2041/2/1 2042/6/1 2034/5/1 2033/1/1
f 2041/6/2 2033/2/2 2218/1/2 2226/5/2
f 2033/2/3 2034/6/3 2219/5/3 2218/1/3
f 2226/1/4 2218/2/4 2219/6/4 2227/5/4
f 2042/2/5 2227/1/5 2219/5/5 2034/6/5
f 2041/1/6 2226/2/6 2227/6/6 2042/5/6
f 2042/2/1 2043/6/1 2035/5/1 2034/1/1
f 2042/1/2 2034/5/2 2219/6/2 2227/2/2
f 2034/2/3 2035/6/3 2220/5/3 2219/1/3
f 2227/1/4 2219/2/4 2220/6/4 2228/5/4
f 2043/5/5 2228/6/5 2220/2/5 2035/1/5
f 2042/1/6 2227/2/6 2228/6/6 2043/5/6
f 2043/2/1 2044/6/1 2036/5/1 2035/1/1
f 2043/5/2 2035/1/2 2220/2/2 2228/6/2
f 2035/2/3 2036/6/3 2221/5/3 2220/1/3
f 2228/1/4 2220/2/4 2221/6/4 2229/5/4
f 2044/1/5 2229/2/5 2221/6/5 2036/5/5
f 2043/1/6 2228/2/6 2229/6/6 2044/5/6
f 2045/2/1 2046/6/1 2039/5/1 2038/1/1
f 2045/2/2 2038/6/2 2223/5/2 2230/1/2
f 2038/2/3 2039/6/3 2224/5/3 2223/1/3
f 2230/1/4 2223/2/4 2224/6/4 2231/5/4
f 2046/6/5 2231/5/5 2224/1/5 2039/2/5
f 2045/1/6 2230/2/6 2231/6/6 2046/5/6
f 2046/2/1 2047/6/1 2040/5/1 2039/1/1
f 2046/5/2 2039/1/2 2224/2/2 2231/6/2
f 2039/2/3 2040/6/3 2225/5/3 2224/1/3
f 2231/1/4 2224/2/4 2225/6/4 2232/5/4
f 2047/1/5 2232/2/5 2225/6/5 2040/5/5
f 2046/1/6 2231/2/6 2232/6/6 2047/5/6
f 2047/2/1 2048/6/1 2041/5/1 2040/1/1
f 2047/6/2 2040/2/2 2225/1/2 2232/5/2
f 2040/2/3 2041/6/3 2226/5/3 2225/1/3
f 2232/1/4 2225/2/4 2226/6/4 2233/5/4
f 2048/2/5 2233/1/5 2226/5/5 2041/6/5
f 2047/1/6 2232/2/6 2233/6/6 2048/5/6
f 2048/2/1 2049/6/1 2042/5/1 2041/1/1
f 2048/5/2 2041/1/2 2226/2/2 2233/6/2
f 2041/2/3 2042/6/3 2227/5/3 2226/1/3
f 2233/1/4 2226/2/4 2227/6/4 2234/5/4
f 2049/1/5 2234/2/5 2227/6/5 2042/5/5
f 2048/1/6 2233/2/6 2234/6/6 2049/5/6
f 2049/2/1 2050/6/1 2043/5/1 2042/1/1
f 2049/6/2 2042/2/2 2227/1/2 2234/5/2
f 2042/2/3 2043/6/3 2228/5/3 2227/1/3
f 2234/1/4 2227/2/4 2228/6/4 2235/5/4
f 2050/2/5 2235/1/5 2228/5/5 2043/6/5
f 2049/1/6 2234/2/6 2235/6/6 2050/5/6
f 2050/2/1 2051/6/1 2044/5/1 2043/1/1
f 2050/6/2 2043/2/2 2228/1/2 2235/5/2
f 2043/2/3 2044/6/3 2229/5/3 2228/1/3
f 2235/1/4 2228/2/4 2229/6/4 2236/5/4
f 2051/2/5 2236/1/5 2229/5/5 2044/6/5
f 2050/1/6 2235/2/6 2236/6/6 2051/5/6
f 2052/2/1 2053/6/1 2046/5/1 2045/1/1
f 2052/1/2 2045/5/2 2230/6/2 2237/2/2
f 2045/2/3 2046/6/3 2231/5/3 2230/1/3
f 2237/1/4 2230/2/4 2231/6/4 2238/5/4
f 2053/5/5 2238/6/5 2231/2/5 2046/1/5
f 2052/1/6 2237/2/6 2238/6/6 2053/5/6
f 2053/2/1 2054/6/1 2047/5/1 2046/1/1
f 2053/2/2 2046/6/2 2231/5/2 2238/1/2
f 2046/2/3 2047/6/3 2232/5/3 2231/1/3
f 2238/1/4 2231/2/4 2232/6/4 2239/5/4
f 2054/6/5 2239/5/5 2232/1/5 2047/2/5
f 2053/1/6 2238/2/6 2239/6/6 2054/5/6
f 2054/2/1 2055/6/1 2048/5/1 2047/1/1
f 2054/2/2 2047/6/2 2232/5/2 2239/1/2
f 2047/2/3 2048/6/3 2233/5/3 2232/1/3
f 2239/1/4 2232/2/4 2233/6/4 2240/5/4
f 2055/6/5 2240/5/5 2233/1/5 2048/2/5
f 2054/1/6 2239/2/6 2240/6/6 2055/5/6
f 2055/2/1 2056/6/1 2049/5/1 2048/1/1
f 2055/6/2 2048/2/2 2233/1/2 2240/5/2
f 2048/2/3 2049/6/3 2234/5/3 2233/1/3
f 2240/1/4 2233/2/4 2234/6/4 2241/5/4
f 2056/2/5 2241/1/5 2234/5/5 2049/6/5
f 2055/1/6 2240/2/6 2241/6/6 2056/5/6
f 2056/2/1 2057/6/1 2050/5/1 2049/1/1
f 2056/5/2 2049/1/2 2234/2/2 2241/6/2
f 2049/2/3 2050/6/3 2235/5/3 2234/1/3
f 2241/1/4 2234/2/4 2235/6/4 2242/5/4
f 2057/1/5 2242/2/5 2235/6/5 2050/5/5
f 2056/1/6 2241/2/6 2242/6/6 2057/5/6
f 2057/2/1 2058/6/1 2051/5/1 2050/1/1
f 2057/5/2 2050/1/2 2235/2/2 2242/6/2
f 2050/2/3 2051/6/3 2236/5/3 2235/1/3
f 2242/1/4 2235/2/4 2236/6/4 2243/5/4
f 2058/1/5 2243/2/5 2236/6/5 2051/5/5
f 2057/1/6 2242/2/6 2243/6/6 2058/5/6
f 2060/2/1 2061/6/1 2053/5/1 2052/1/1
f 2060/1/2 2052/5/2 2237/6/2 2246/2/2
f 2052/2/3 2053/6/3 2238/5/3 2237/1/3
f 2246/1/4 2237/2/4 2238/6/4 2247/5/4
f 2061/5/5 2247/6/5 2238/2/5 2053/1/5
f 2060/1/6 2246/2/6 2247/6/6 2061/5/6
f 2061/2/1 2062/6/1 2054/5/1 2053/1/1
f 2061/2/2 2053/6/2 2238/5/2 2247/1/2
f 2053/2/3 2054/6/3 2239/5/3 2238/1/3
f 2247/1/4 2238/2/4 2239/6/4 2248/5/4
f 2062/6/5 2248/5/5 2239/1/5 2054/2/5
f 2061/1/6 2247/2/6 2248/6/6 2062/5/6
f 2062/2/1 2063/6/1 2055/5/1 2054/1/1
f 2062/6/2 2054/2/2 2239/1/2 2248/5/2
f 2054/2/3 2055/6/3 2240/5/3 2239/1/3
f 2248/1/4 2239/2/4 2240/6/4 2249/5/4
f 2063/2/5 2249/1/5 2240/5/5 2055/6/5
f 2062/1/6 2248/2/6 2249/6/6 2063/5/6
f 2063/2/1 2064/6/1 2056/5/1 2055/1/1
f 2063/1/2 2055/5/2 2240/6/2 2249/2/2
f 2055/2/3 2056/6/3 2241/5/3 2240/1/3
f 2249/1/4 2240/2/4 2241/6/4 2250/5/4
f 2064/5/5 2250/6/5 2241/2/5 2056/1/5
f 2063/1/6 2249/2/6 2250/6/6 2064/5/6
f 2064/2/1 2065/6/1 2057/5/1 2056/1/1
f 2064/5/2 2056/1/2 2241/2/2 2250/6/2
f 2056/2/3 2057/6/3 2242/5/3 2241/1/3
f 2250/1/4 2241/2/4 2242/6/4 2251/5/4
f 2065/1/5 2251/2/5 2242/6/5 2057/5/5
f 2064/1/6 2250/2/6 2251/6/6 2065/5/6
f 2065/2/1 2066/6/1 2058/5/1 2057/1/1
f 2065/2/2 2057/6/2 2242/5/2 2251/1/2
f 2057/2/3 2058/6/3 2243/5/3 2242/1/3
f 2251/1/4 2242/2/4 2243/6/4 2252/5/4
f 2066/6/5 2252/5/5 2243/1/5 2058/2/5
f 2065/1/6 2251/2/6 2252/6/6 2066/5/6
f 2066/2/1 2067/6/1 2059/5/1 2058/1/1
f 2066/1/2 2058/5/2 2243/6/2 2252/2/2
f 2058/2/3 2059/6/3 2244/5/3 2243/1/3
f 2252/1/4 2243/2/4 2244/6/4 2253/5/4
f 2067/5/5 2253/6/5 2244/2/5 2059/1/5
f 2066/1/6 2252/2/6 2253/6/6 2067/5/6
f 2069/2/1 2070/6/1 2061/5/1 2060/1/1
f 2069/2/2 2060/6/2 2246/5/2 2255/1/2
f 2060/2/3 2061/6/3 2247/5/3 2246/1/3
f 2255/1/4 2246/2/4 2247/6/4 2256/5/4
f 2070/6/5 2256/5/5 2247/1/5 2061/2/5
f 2069/1/6 2255/2/6 2256/6/6 2070/5/6
f 2070/2/1 2071/6/1 2062/5/1 2061/1/1
f 2070/2/2 2061/6/2 2247/5/2 2256/1/2
f 2061/2/3 2062/6/3 2248/5/3 2247/1/3
f 2256/1/4 2247/2/4 2248/6/4 2257/5/4
f 2071/6/5 2257/5/5 2248/1/5 2062/2/5
f 2070/1/6 2256/2/6 2257/6/6 2071/5/6
f 2071/2/1 2072/6/1 2063/5/1 2062/1/1
f 2071/2/2 2062/6/2 2248/5/2 2257/1/2
f 2062/2/3 2063/6/3 2249/5/3 2248/1/3
f 2257/1/4 2248/2/4 2249/6/4 2258/5/4
f 2072/6/5 2258/5/5 2249/1/5 2063/2/5
f 2071/1/6 2257/2/6 2258/6/6 2072/5/6
f 2072/2/1 2073/6/1 2064/5/1 2063/1/1
f 2072/1/2 2063/5/2 2249/6/2 2258/2/2
f 2063/2/3 2064/6/3 2250/5/3 2249/1/3
f 2258/1/4 2249/2/4 2250/6/4 2259/5/4
f 2073/5/5 2259/6/5 2250/2/5 2064/1/5
f 2072/1/6 2258/2/6 2259/6/6 2073/5/6
f 2073/2/1 2074/6/1 2065/5/1 2064/1/1
f 2073/1/2 2064/5/2 2250/6/2 2259/2/2
f 2064/2/3 2065/6/3 2251/5/3 2250/1/3
f 2259/1/4 2250/2/4 2251/6/4 2260/5/4
f 2074/5/5 2260/6/5 2251/2/5 2065/1/5
f 2073/1/6 2259/2/6 2260/6/6 2074/5/6
f 2074/2/1 2075/6/1 2066/5/1 2065/1/1
f 2074/6/2 2065/2/2 2251/1/2 2260/5/2
f 2065/2/3 2066/6/3 2252/5/3 2251/1/3
f 2260/1/4 2251/2/4 2252/6/4 2261/5/4
f 2075/2/5 2261/1/5 2252/5/5 2066/6/5
f 2074/1/6 2260/2/6 2261/6/6 2075/5/6
f 2075/2/1 2076/6/1 2067/5/1 2066/1/1
f 2075/5/2 2066/1/2 2252/2/2 2261/6/2
f 2066/2/3 2067/6/3 2253/5/3 2252/1/3
f 2261/1/4 2252/2/4 2253/6/4 2262/5/4
f 2076/1/5 2262/2/5 2253/6/5 2067/5/5
f 2075/1/6 2261/2/6 2262/6/6 2076/5/6
f 2077/2/1 2078/6/1 2069/5/1 2068/1/1
f 2077/5/2 2068/1/2 2254/2/2 2263/6/2
f 2068/2/3 2069/6/3 2255/5/3 2254/1/3
f 2263/1/4 2254/2/4 2255/6/4 2264/5/4
f 2078/1/5 2264/2/5 2255/6/5 2069/5/5
f 2077/1/6 2263/2/6 2264/6/6 2078/5/6
f 2078/2/1 2079/6/1 2070/5/1 2069/1/1
f 2078/1/2 2069/5/2 2255/6/2 2264/2/2
f 2069/2/3 2070/6/3 2256/5/3 2255/1/3
f 2264/1/4 2255/2/4 2256/6/4 2265/5/4
f 2079/5/5 2265/6/5 2256/2/5 2070/1/5
f 2078/1/6 2264/2/6 2265/6/6 2079/5/6
f 2079/2/1 2080/6/1 2071/5/1 2070/1/1
f 2079/2/2 2070/6/2 2256/5/2 2265/1/2
f 2070/2/3 2071/6/3 2257/5/3 2256/1/3
f 2265/1/4 2256/2/4 2257/6/4 2266/5/4
f 2080/6/5 2266/5/5 2257/1/5 2071/2/5
f 2079/1/6 2265/2/6 2266/6/6 2080/5/6
f 2080/2/1 2081/6/1 2072/5/1 2071/1/1
f 2080/1/2 2071/5/2 2257/6/2 2266/2/2
f 2071/2/3 2072/6/3 2258/5/3 2257/1/3
f 2266/1/4 2257/2/4 2258/6/4 2267/5/4
f 2081/5/5 2267/6/5 2258/2/5 2072/1/5
f 2080/1/6 2266/2/6 2267/6/6 2081/5/6
f 2081/2/1 2082/6/1 2073/5/1 2072/1/1
f 2081/1/2 2072/5/2 2258/6/2 2267/2/2
f 2072/2/3 2073/6/3 2259/5/3 2258/1/3
f 2267/1/4 2258/2/4 2259/6/4 2268/5/4
f 2082/5/5 2268/6/5 2259/2/5 2073/1/5
f 2081/1/6 2267/2/6 2268/6/6 2082/5/6
f 2082/2/1 2083/6/1 2074/5/1 2073/1/1
f 2082/5/2 2073/1/2 2259/2/2 2268/6/2
f 2073/2/3 2074/6/3 2260/5/3 2259/1/3
f 2268/1/4 2259/2/4 2260/6/4 2269/5/4
f 2083/1/5 2269/2/5 2260/6/5 2074/5/5
f 2082/1/6 2268/2/6 2269/6/6 2083/5/6
f 2083/2/1 2084/6/1 2075/5/1 2074/1/1
f 2083/6/2 2074/2/2 2260/1/2 2269/5/2
f 2074/2/3 2075/6/3 2261/5/3 2260/1/3
f 2269/1/4 2260/2/4 2261/6/4 2270/5/4
f 2084/2/5 2270/1/5 2261/5/5 2075/6/5
f 2083/1/6 2269/2/6 2270/6/6 2084/5/6
f 2084/2/1 2085/6/1 2076/5/1 2075/1/1
f 2084/2/2 2075/6/2 2261/5/2 2270/1/2
f 2075/2/3 2076/6/3 2262/5/3 2261/1/3
f 2270/1/4 2261/2/4 2262/6/4 2271/5/4
f 2085/6/5 2271/5/5 2262/1/5 2076/2/5
f 2084/1/6 2270/2/6 2271/6/6 2085/5/6
f 2090/2/1 2091/6/1 2089/5/1 2088/1/1
f 2090/5/2 2088/1/2 2272/2/2 2274/6/2
f 2088/2/3 2089/6/3 2273/5/3 2272/1/3
f 2274/1/4 2272/2/4 2273/6/4 2275/5/4
f 2091/1/5 2275/2/5 2273/6/5 2089/5/5
f 2090/1/6 2274/2/6 2275/6/6 2091/5/6
f 2092/2/1 2093/6/1 2091/5/1 2090/1/1
f 2092/2/2 2090/6/2 2274/5/2 2276/1/2
f 2090/2/3 2091/6/3 2275/5/3 2274/1/3
f 2276/1/4 2274/2/4 2275/6/4 2277/5/4
f 2093/6/5 2277/5/5 2275/1/5 2091/2/5
f 2092/1/6 2276/2/6 2277/6/6 2093/5/6
f 2094/2/1 2095/6/1 2093/5/1 2092/1/1
f 2094/6/2 2092/2/2 2276/1/2 2278/5/2
f 2092/2/3 2093/6/3 2277/5/3 2276/1/3
f 2278/1/4 2276/2/4 2277/6/4 2279/5/4
f 2095/2/5 2279/1/5 2277/5/5 2093/6/5
f 2094/1/6 2278/2/6 2279/6/6 2095/5/6
f 2096/2/1 2097/6/1 2095/5/1 2094/1/1
f 2096/5/2 2094/1/2 2278/2/2 2280/6/2
f 2094/2/3 2095/6/3 2279/5/3 2278/1/3
f 2280/1/4 2278/2/4 2279/6/4 2281/5/4
f 2097/1/5 2281/2/5 2279/6/5 2095/5/5
f 2096/1/6 2280/2/6 2281/6/6 2097/5/6
f 2098/2/1 2099/6/1 2097/5/1 2096/1/1
f 2098/1/2 2096/5/2 2280/6/2 2282/2/2
f 2096/2/3 2097/6/3 2281/5/3 2280/1/3
f 2282/1/4 2280/2/4 2281/6/4 2283/5/4
f 2099/5/5 2283/6/5 2281/2/5 2097/1/5
f 2098/1/6 2282/2/6 2283/6/6 2099/5/6
f 2101/2/1 2102/6/1 2099/5/1 2098/1/1
f 2101/2/2 2098/6/2 2282/5/2 2285/1/2
f 2098/2/3 2099/6/3 2283/5/3 2282/1/3
f 2285/1/4 2282/2/4 2283/6/4 2286/5/4
f 2102/6/5 2286/5/5 2283/1/5 2099/2/5
f 2101/1/6 2285/2/6 2286/6/6 2102/5/6
f 2102/2/1 2103/6/1 2100/5/1 2099/1/1
f 2102/1/2 2099/5/2 2283/6/2 2286/2/2
f 2099/2/3 2100/6/3 2284/5/3 2283/1/3
f 2286/1/4 2283/2/4 2284/6/4 2287/5/4
f 2103/5/5 2287/6/5 2284/2/5 2100/1/5
f 2102/1/6 2286/2/6 2287/6/6 2103/5/6
f 2106/2/1 2107/6/1 2102/5/1 2101/1/1
f 2106/1/2 2101/5/2 2285/6/2 2289/2/2
f 2101/2/3 2102/6/3 2286/5/3 2285/1/3
f 2289/1/4 2285/2/4 2286/6/4 2290/5/4
f 2107/5/5 2290/6/5 2286/2/5 2102/1/5
f 2106/1/6 2289/2/6 2290/6/6 2107/5/6
f 2107/2/1 2108/6/1 2103/5/1 2102/1/1
f 2107/1/2 2102/5/2 2286/6/2 2290/2/2
f 2102/2/3 2103/6/3 2287/5/3 2286/1/3
f 2290/1/4 2286/2/4 2287/6/4 2291/5/4
f 2108/5/5 2291/6/5 2287/2/5 2103/1/5
f 2107/1/6 2290/2/6 2291/6/6 2108/5/6
f 2108/2/1 2109/6/1 2104/5/1 2103/1/1
f 2108/5/2 2103/1/2 2287/2/2 2291/6/2
f 2103/2/3 2104/6/3 2288/5/3 2287/1/3
f 2291/1/4 2287/2/4 2288/6/4 2292/5/4
f 2109/1/5 2292/2/5 2288/6/5 2104/5/5
f 2108/1/6 2291/2/6 2292/6/6 2109/5/6
f 2112/2/1 2113/6/1 2107/5/1 2106/1/1
f 2112/1/2 2106/5/2 2289/6/2 2294/2/2
f 2106/2/3 2107/6/3 2290/5/3 2289/1/3
f 2294/1/4 2289/2/4 2290/6/4 2295/5/4
f 2113/5/5 2295/6/5 2290/2/5 2107/1/5
f 2112/1/6 2294/2/6 2295/6/6 2113/5/6
f 2113/2/1 2114/6/1 2108/5/1 2107/1/1
f 2113/6/2 2107/2/2 2290/1/2 2295/5/2
f 2107/2/3 2108/6/3 2291/5/3 2290/1/3
f 2295/1/4 2290/2/4 2291/6/4 2296/5/4
f 2114/2/5 2296/1/5 2291/5/5 2108/6/5
f 2113/1/6 2295/2/6 2296/6/6 2114/5/6
f 2114/2/1 2115/6/1 2109/5/1 2108/1/1
f 2114/2/2 2108/6/2 2291/5/2 2296/1/2
f 2108/2/3 2109/6/3 2292/5/3 2291/1/3
f 2296/1/4 2291/2/4 2292/6/4 2297/5/4
f 2115/6/5 2297/5/5 2292/1/5 2109/2/5
f 2114/1/6 2296/2/6 2297/6/6 2115/5/6
f 2115/2/1 2116/6/1 2110/5/1 2109/1/1
f 2115/6/2 2109/2/2 2292/1/2 2297/5/2
f 2109/2/3 2110/6/3 2293/5/3 2292/1/3
f 2297/1/4 2292/2/4 2293/6/4 2298/5/4
f 2116/2/5 2298/1/5 2293/5/5 2110/6/5
f 2115/1/6 2297/2/6 2298/6/6 2116/5/6
f 2119/2/1 2120/6/1 2113/5/1 2112/1/1
f 2119/1/2 2112/5/2 2294/6/2 2300/2/2
f 2112/2/3 2113/6/3 2295/5/3 2294/1/3
f 2300/1/4 2294/2/4 2295/6/4 2301/5/4
f 2120/5/5 2301/6/5 2295/2/5 2113/1/5
f 2119/1/6 2300/2/6 2301/6/6 2120/5/6
f 2120/2/1 2121/6/1 2114/5/1 2113/1/1
f 2120/1/2 2113/5/2 2295/6/2 2301/2/2
f 2113/2/3 2114/6/3 2296/5/3 2295/1/3
f 2301/1/4 2295/2/4 2296/6/4 2302/5/4
f 2121/5/5 2302/6/5 2296/2/5 2114/1/5
f 2120/1/6 2301/2/6 2302/6/6 2121/5/6
f 2121/2/1 2122/6/1 2115/5/1 2114/1/1
f 2121/5/2 2114/1/2 2296/2/2 2302/6/2
f 2114/2/3 2115/6/3 2297/5/3 2296/1/3
f 2302/1/4 2296/2/4 2297/6/4 2303/5/4
f 2122/1/5 2303/2/5 2297/6/5 2115/5/5
f 2121/1/6 2302/2/6 2303/6/6 2122/5/6
f 2122/2/1 2123/6/1 2116/5/1 2115/1/1
f 2122/6/2 2115/2/2 2297/1/2 2303/5/2
f 2115/2/3 2116/6/3 2298/5/3 2297/1/3
f 2303/1/4 2297/2/4 2298/6/4 2304/5/4
f 2123/2/5 2304/1/5 2298/5/5 2116/6/5
f 2122/1/6 2303/2/6 2304/6/6 2123/5/6
f 2123/2/1 2124/6/1 2117/5/1 2116/1/1
f 2123/1/2 2116/5/2 2298/6/2 2304/2/2
f 2116/2/3 2117/6/3 2299/5/3 2298/1/3
f 2304/1/4 2298/2/4 2299/6/4 2305/5/4
f 2124/5/5 2305/6/5 2299/2/5 2117/1/5
f 2123/1/6 2304/2/6 2305/6/6 2124/5/6
f 2126/2/1 2127/6/1 2120/5/1 2119/1/1
f 2126/1/2 2119/5/2 2300/6/2 2307/2/2
f 2119/2/3 2120/6/3 2301/5/3 2300/1/3
f 2307/1/4 2300/2/4 2301/6/4 2308/5/4
f 2127/5/5 2308/6/5 2301/2/5 2120/1/5
f 2126/1/6 2307/2/6 2308/6/6 2127/5/6
f 2127/2/1 2128/6/1 2121/5/1 2120/1/1
f 2127/5/2 2120/1/2 2301/2/2 2308/6/2
f 2120/2/3 2121/6/3 2302/5/3 2301/1/3
f 2308/1/4 2301/2/4 2302/6/4 2309/5/4
f 2128/1/5 2309/2/5 2302/6/5 2121/5/5
f 2127/1/6 2308/2/6 2309/6/6 2128/5/6
f 2128/2/1 2129/6/1 2122/5/1 2121/1/1
f 2128/6/2 2121/2/2 2302/1/2 2309/5/2
f 2121/2/3 2122/6/3 2303/5/3 2302/1/3
f 2309/1/4 2302/2/4 2303/6/4 2310/5/4
f 2129/2/5 2310/1/5 2303/5/5 2122/6/5
f 2128/1/6 2309/2/6 2310/6/6 2129/5/6
f 2129/2/1 2130/6/1 2123/5/1 2122/1/1
f 2129/1/2 2122/5/2 2303/6/2 2310/2/2
f 2122/2/3 2123/6/3 2304/5/3 2303/1/3
f 2310/1/4 2303/2/4 2304/6/4 2311/5/4
f 2130/5/5 2311/6/5 2304/2/5 2123/1/5
f 2129/1/6 2310/2/6 2311/6/6 2130/5/6
f 2133/2/1 2134/6/1 2127/5/1 2126/1/1
f 2133/5/2 2126/1/2 2307/2/2 2316/6/2
f 2126/2/3 2127/6/3 2308/5/3 2307/1/3
f 2316/1/4 2307/2/4 2308/6/4 2317/5/4
f 2134/1/5 2317/2/5 2308/6/5 2127/5/5
f 2133/1/6 2316/2/6 2317/6/6 2134/5/6
f 2134/2/1 2135/6/1 2128/5/1 2127/1/1
f 2134/6/2 2127/2/2 2308/1/2 2317/5/2
f 2127/2/3 2128/6/3 2309/5/3 2308/1/3
f 2317/1/4 2308/2/4 2309/6/4 2318/5/4
f 2135/2/5 2318/1/5 2309/5/5 2128/6/5
f 2134/1/6 2317/2/6 2318/6/6 2135/5/6
f 2135/2/1 2136/6/1 2129/5/1 2128/1/1
f 2135/1/2 2128/5/2 2309/6/2 2318/2/2
f 2128/2/3 2129/6/3 2310/5/3 2309/1/3
f 2318/1/4 2309/2/4 2310/6/4 2319/5/4
f 2136/5/5 2319/6/5 2310/2/5 2129/1/5
f 2135/1/6 2318/2/6 2319/6/6 2136/5/6
f 2136/2/1 2137/6/1 2130/5/1 2129/1/1
f 2136/1/2 2129/5/2 2310/6/2 2319/2/2
f 2129/2/3 2130/6/3 2311/5/3 2310/1/3
f 2319/1/4 2310/2/4 2311/6/4 2320/5/4
f 2137/5/5 2320/6/5 2311/2/5 2130/1/5
f 2136/1/6 2319/2/6 2320/6/6 2137/5/6
f 2140/2/1 2141/6/1 2134/5/1 2133/1/1
f 2140/2/2 2133/6/2 2316/5/2 2333/1/2
f 2133/2/3 2134/6/3 2317/5/3 2316/1/3
f 2333/1/4 2316/2/4 2317/6/4 2334/5/4
f 2141/6/5 2334/5/5 2317/1/5 2134/2/5
f 2140/1/6 2333/2/6 2334/6/6 2141/5/6
f 2141/2/1 2142/6/1 2135/5/1 2134/1/1
f 2141/1/2 2134/5/2 2317/6/2 2334/2/2
f 2134/2/3 2135/6/3 2318/5/3 2317/1/3
f 2334/1/4 2317/2/4 2318/6/4 2335/5/4
f 2142/5/5 2335/6/5 2318/2/5 2135/1/5
f 2141/1/6 2334/2/6 2335/6/6 2142/5/6
f 2142/2/1 2143/6/1 2136/5/1 2135/1/1
f 2142/2/2 2135/6/2 2318/5/2 2335/1/2
f 2135/2/3 2136/6/3 2319/5/3 2318/1/3
f 2335/1/4 2318/2/4 2319/6/4 2336/5/4
f 2143/6/5 2336/5/5 2319/1/5 2136/2/5
f 2142/1/6 2335/2/6 2336/6/6 2143/5/6
f 2143/2/1 2144/6/1 2137/5/1 2136/1/1
f 2143/1/2 2136/5/2 2319/6/2 2336/2/2
f 2136/2/3 2137/6/3 2320/5/3 2319/1/3
f 2336/1/4 2319/2/4 2320/6/4 2337/5/4
f 2144/5/5 2337/6/5 2320/2/5 2137/1/5
f 2143/1/6 2336/2/6 2337/6/6 2144/5/6
f 2147/2/1 2149/6/1 2148/5/1 2139/1/1
f 2147/1/2 2139/5/2 2323/6/2 2340/2/2
f 2139/2/3 2148/6/3 2324/5/3 2323/1/3
f 2340/1/4 2323/2/4 2324/6/4 2341/5/4
f 2149/5/5 2341/6/5 2324/2/5 2148/1/5
f 2147/1/6 2340/2/6 2341/6/6 2149/5/6
f 2149/2/1 2158/6/1 2325/5/1 2148/1/1
f 2149/5/2 2148/1/2 2324/2/2 2341/6/2
f 2148/2/3 2325/6/3 2326/5/3 2324/1/3
f 2341/1/4 2324/2/4 2326/6/4 2342/5/4
f 2158/1/5 2342/2/5 2326/6/5 2325/5/5
f 2149/1/6 2341/2/6 2342/6/6 2158/5/6
f 2158/2/1 2343/6/1 2327/5/1 2325/1/1
f 2158/5/2 2325/1/2 2326/2/2 2342/6/2
f 2325/2/3 2327/6/3 2329/5/3 2326/1/3
f 2342/1/4 2326/2/4 2329/6/4 2344/5/4
f 2343/1/5 2344/2/5 2329/6/5 2327/5/5
f 2158/1/6 2342/2/6 2344/6/6 2343/5/6
f 2343/2/1 2345/6/1 2330/5/1 2327/1/1
f 2343/2/2 2327/6/2 2329/5/2 2344/1/2
f 2327/2/3 2330/6/3 2332/5/3 2329/1/3
f 2344/1/4 2329/2/4 2332/6/4 2346/5/4
f 2345/6/5 2346/5/5 2332/1/5 2330/2/5
f 2343/1/6 2344/2/6 2346/6/6 2345/5/6
f 2150/2/1 2151/6/1 2141/5/1 2140/1/1
f 2150/5/2 2140/1/2 2333/2/2 2347/6/2
f 2140/2/3 2141/6/3 2334/5/3 2333/1/3
f 2347/1/4 2333/2/4 2334/6/4 2348/5/4
f 2151/1/5 2348/2/5 2334/6/5 2141/5/5
f 2150/1/6 2347/2/6 2348/6/6 2151/5/6
f 2151/2/1 2152/6/1 2142/5/1 2141/1/1
f 2151/6/2 2141/2/2 2334/1/2 2348/5/2
f 2141/2/3 2142/6/3 2335/5/3 2334/1/3
f 2348/1/4 2334/2/4 2335/6/4 2349/5/4
f 2152/2/5 2349/1/5 2335/5/5 2142/6/5
f 2151/1/6 2348/2/6 2349/6/6 2152/5/6
f 2152/2/1 2153/6/1 2143/5/1 2142/1/1
f 2152/2/2 2142/6/2 2335/5/2 2349/1/2
f 2142/2/3 2143/6/3 2336/5/3 2335/1/3
f 2349/1/4 2335/2/4 2336/6/4 2350/5/4
f 2153/6/5 2350/5/5 2336/1/5 2143/2/5
f 2152/1/6 2349/2/6 2350/6/6 2153/5/6
f 2153/2/1 2154/6/1 2144/5/1 2143/1/1
f 2153/6/2 2143/2/2 2336/1/2 2350/5/2
f 2143/2/3 2144/6/3 2337/5/3 2336/1/3
f 2350/1/4 2336/2/4 2337/6/4 2351/5/4
f 2154/2/5 2351/1/5 2337/5/5 2144/6/5
f 2153/1/6 2350/2/6 2351/6/6 2154/5/6
f 2154/2/1 2155/6/1 2145/5/1 2144/1/1
f 2154/1/2 2144/5/2 2337/6/2 2351/2/2
f 2144/2/3 2145/6/3 2338/5/3 2337/1/3
f 2351/1/4 2337/2/4 2338/6/4 2352/5/4
f 2155/5/5 2352/6/5 2338/2/5 2145/1/5
f 2154/1/6 2351/2/6 2352/6/6 2155/5/6
f 2157/2/1 2159/6/1 2158/5/1 2149/1/1
f 2157/1/2 2149/5/2 2341/6/2 2354/2/2
f 2149/2/3 2158/6/3 2342/5/3 2341/1/3
f 2354/1/4 2341/2/4 2342/6/4 2355/5/4
f 2159/5/5 2355/6/5 2342/2/5 2158/1/5
f 2157/1/6 2354/2/6 2355/6/6 2159/5/6
f 2159/2/1 2356/6/1 2343/5/1 2158/1/1
f 2159/5/2 2158/1/2 2342/2/2 2355/6/2
f 2158/2/3 2343/6/3 2344/5/3 2342/1/3
f 2355/1/4 2342/2/4 2344/6/4 2357/5/4
f 2356/1/5 2357/2/5 2344/6/5 2343/5/5
f 2159/1/6 2355/2/6 2357/6/6 2356/5/6
f 2356/2/1 2358/6/1 2345/5/1 2343/1/1
f 2356/5/2 2343/1/2 2344/2/2 2357/6/2
f 2343/2/3 2345/6/3 2346/5/3 2344/1/3
f 2357/1/4 2344/2/4 2346/6/4 2359/5/4
f 2358/1/5 2359/2/5 2346/6/5 2345/5/5
f 2356/1/6 2357/2/6 2359/6/6 2358/5/6
f 2160/2/1 2161/6/1 2151/5/1 2150/1/1
f 2160/2/2 2150/6/2 2347/5/2 2360/1/2
f 2150/2/3 2151/6/3 2348/5/3 2347/1/3
f 2360/1/4 2347/2/4 2348/6/4 2361/5/4
f 2161/6/5 2361/5/5 2348/1/5 2151/2/5
f 2160/1/6 2360/2/6 2361/6/6 2161/5/6
f 2161/2/1 2162/6/1 2152/5/1 2151/1/1
f 2161/2/2 2151/6/2 2348/5/2 2361/1/2
f 2151/2/3 2152/6/3 2349/5/3 2348/1/3
f 2361/1/4 2348/2/4 2349/6/4 2362/5/4
f 2162/6/5 2362/5/5 2349/1/5 2152/2/5
f 2161/1/6 2361/2/6 2362/6/6 2162/5/6
f 2162/2/1 2163/6/1 2153/5/1 2152/1/1
f 2162/5/2 2152/1/2 2349/2/2 2362/6/2
f 2152/2/3 2153/6/3 2350/5/3 2349/1/3
f 2362/1/4 2349/2/4 2350/6/4 2363/5/4
f 2163/1/5 2363/2/5 2350/6/5 2153/5/5
f 2162/1/6 2362/2/6 2363/6/6 2163/5/6
f 2163/2/1 2164/6/1 2154/5/1 2153/1/1
f 2163/1/2 2153/5/2 2350/6/2 2363/2/2
f 2153/2/3 2154/6/3 2351/5/3 2350/1/3
f 2363/1/4 2350/2/4 2351/6/4 2364/5/4
f 2164/5/5 2364/6/5 2351/2/5 2154/1/5
f 2163/1/6 2363/2/6 2364/6/6 2164/5/6
f 2164/2/1 2165/6/1 2155/5/1 2154/1/1
f 2164/2/2 2154/6/2 2351/5/2 2364/1/2
f 2154/2/3 2155/6/3 2352/5/3 2351/1/3
f 2364/1/4 2351/2/4 2352/6/4 2365/5/4
f 2165/6/5 2365/5/5 2352/1/5 2155/2/5
f 2164/1/6 2364/2/6 2365/6/6 2165/5/6
f 2165/2/1 2166/6/1 2156/5/1 2155/1/1
f 2165/6/2 2155/2/2 2352/1/2 2365/5/2
f 2155/2/3 2156/6/3 2353/5/3 2352/1/3
f 2365/1/4 2352/2/4 2353/6/4 2366/5/4
f 2166/2/5 2366/1/5 2353/5/5 2156/6/5
f 2165/1/6 2365/2/6 2366/6/6 2166/5/6
f 2167/2/1 2368/6/1 2159/5/1 2157/1/1
f 2167/6/2 2157/2/2 2354/1/2 2367/5/2
f 2157/2/3 2159/6/3 2355/5/3 2354/1/3
f 2367/1/4 2354/2/4 2355/6/4 2369/5/4
f 2368/2/5 2369/1/5 2355/5/5 2159/6/5
f 2167/1/6 2367/2/6 2369/6/6 2368/5/6
f 2368/2/1 2370/6/1 2356/5/1 2159/1/1
f 2368/2/2 2159/6/2 2355/5/2 2369/1/2
f 2159/2/3 2356/6/3 2357/5/3 2355/1/3
f 2369/1/4 2355/2/4 2357/6/4 2371/5/4
f 2370/6/5 2371/5/5 2357/1/5 2356/2/5
f 2368/1/6 2369/2/6 2371/6/6 2370/5/6
f 2370/2/1 2372/6/1 2358/5/1 2356/1/1
f 2370/2/2 2356/6/2 2357/5/2 2371/1/2
f 2356/2/3 2358/6/3 2359/5/3 2357/1/3
f 2371/1/4 2357/2/4 2359/6/4 2373/5/4
f 2372/6/5 2373/5/5 2359/1/5 2358/2/5
f 2370/1/6 2371/2/6 2373/6/6 2372/5/6
f 2168/2/1 2169/6/1 2161/5/1 2160/1/1
f 2168/5/2 2160/1/2 2360/2/2 2374/6/2
f 2160/2/3 2161/6/3 2361/5/3 2360/1/3
f 2374/1/4 2360/2/4 2361/6/4 2375/5/4
f 2169/1/5 2375/2/5 2361/6/5 2161/5/5
f 2168/1/6 2374/2/6 2375/6/6 2169/5/6
f 2169/2/1 2170/6/1 2162/5/1 2161/1/1
f 2169/2/2 2161/6/2 2361/5/2 2375/1/2
f 2161/2/3 2162/6/3 2362/5/3 2361/1/3
f 2375/1/4 2361/2/4 2362/6/4 2376/5/4
f 2170/6/5 2376/5/5 2362/1/5 2162/2/5
f 2169/1/6 2375/2/6 2376/6/6 2170/5/6
f 2170/2/1 2171/6/1 2163/5/1 2162/1/1
f 2170/6/2 2162/2/2 2362/1/2 2376/5/2
f 2162/2/3 2163/6/3 2363/5/3 2362/1/3
f 2376/1/4 2362/2/4 2363/6/4 2377/5/4
f 2171/2/5 2377/1/5 2363/5/5 2163/6/5
f 2170/1/6 2376/2/6 2377/6/6 2171/5/6
f 2171/2/1 2172/6/1 2164/5/1 2163/1/1
f 2171/2/2 2163/6/2 2363/5/2 2377/1/2
f 2163/2/3 2164/6/3 2364/5/3 2363/1/3
f 2377/1/4 2363/2/4 2364/6/4 2378/5/4
f 2172/6/5 2378/5/5 2364/1/5 2164/2/5
f 2171/1/6 2377/2/6 2378/6/6 2172/5/6
f 2172/2/1 2173/6/1 2165/5/1 2164/1/1
f 2172/2/2 2164/6/2 2364/5/2 2378/1/2
f 2164/2/3 2165/6/3 2365/5/3 2364/1/3
f 2378/1/4 2364/2/4 2365/6/4 2379/5/4
f 2173/6/5 2379/5/5 2365/1/5 2165/2/5
f 2172/1/6 2378/2/6 2379/6/6 2173/5/6
f 2175/2/1 2176/6/1 2169/5/1 2168/1/1
f 2175/1/2 2168/5/2 2374/6/2 2384/2/2
f 2168/2/3 2169/6/3 2375/5/3 2374/1/3
f 2384/1/4 2374/2/4 2375/6/4 2385/5/4
f 2176/5/5 2385/6/5 2375/2/5 2169/1/5
f 2175/1/6 2384/2/6 2385/6/6 2176/5/6
f 2176/2/1 2177/6/1 2170/5/1 2169/1/1
f 2176/6/2 2169/2/2 2375/1/2 2385/5/2
f 2169/2/3 2170/6/3 2376/5/3 2375/1/3
f 2385/1/4 2375/2/4 2376/6/4 2386/5/4
f 2177/2/5 2386/1/5 2376/5/5 2170/6/5
f 2176/1/6 2385/2/6 2386/6/6 2177/5/6
f 2177/2/1 2178/6/1 2171/5/1 2170/1/1
f 2177/1/2 2170/5/2 2376/6/2 2386/2/2
f 2170/2/3 2171/6/3 2377/5/3 2376/1/3
f 2386/1/4 2376/2/4 2377/6/4 2387/5/4
f 2178/5/5 2387/6/5 2377/2/5 2171/1/5
f 2177/1/6 2386/2/6 2387/6/6 2178/5/6
f 2178/2/1 2179/6/1 2172/5/1 2171/1/1
f 2178/5/2 2171/1/2 2377/2/2 2387/6/2
f 2171/2/3 2172/6/3 2378/5/3 2377/1/3
f 2387/1/4 2377/2/4 2378/6/4 2388/5/4
f 2179/1/5 2388/2/5 2378/6/5 2172/5/5
f 2178/1/6 2387/2/6 2388/6/6 2179/5/6
f 2179/2/1 2180/6/1 2173/5/1 2172/1/1
f 2179/5/2 2172/1/2 2378/2/2 2388/6/2
f 2172/2/3 2173/6/3 2379/5/3 2378/1/3
f 2388/1/4 2378/2/4 2379/6/4 2389/5/4
f 2180/1/5 2389/2/5 2379/6/5 2173/5/5
f 2179/1/6 2388/2/6 2389/6/6 2180/5/6
f 2182/2/1 2183/6/1 2176/5/1 2175/1/1
f 2182/1/2 2175/5/2 2384/6/2 2391/2/2
f 2175/2/3 2176/6/3 2385/5/3 2384/1/3
f 2391/1/4 2384/2/4 2385/6/4 2392/5/4
f 2183/5/5 2392/6/5 2385/2/5 2176/1/5
f 2182/1/6 2391/2/6 2392/6/6 2183/5/6
f 2183/2/1 2184/6/1 2177/5/1 2176/1/1
f 2183/6/2 2176/2/2 2385/1/2 2392/5/2
f 2176/2/3 2177/6/3 2386/5/3 2385/1/3
f 2392/1/4 2385/2/4 2386/6/4 2393/5/4
f 2184/2/5 2393/1/5 2386/5/5 2177/6/5
f 2183/1/6 2392/2/6 2393/6/6 2184/5/6
f 2184/2/1 2185/6/1 2178/5/1 2177/1/1
f 2184/6/2 2177/2/2 2386/1/2 2393/5/2
f 2177/2/3 2178/6/3 2387/5/3 2386/1/3
f 2393/1/4 2386/2/4 2387/6/4 2394/5/4
f 2185/2/5 2394/1/5 2387/5/5 2178/6/5
f 2184/1/6 2393/2/6 2394/6/6 2185/5/6
f 2185/2/1 2186/6/1 2179/5/1 2178/1/1
f 2185/5/2 2178/1/2 2387/2/2 2394/6/2
f 2178/2/3 2179/6/3 2388/5/3 2387/1/3
f 2394/1/4 2387/2/4 2388/6/4 2395/5/4
f 2186/1/5 2395/2/5 2388/6/5 2179/5/5
f 2185/1/6 2394/2/6 2395/6/6 2186/5/6
f 2186/2/1 2187/6/1 2180/5/1 2179/1/1
f 2186/5/2 2179/1/2 2388/2/2 2395/6/2
f 2179/2/3 2180/6/3 2389/5/3 2388/1/3
f 2395/1/4 2388/2/4 2389/6/4 2396/5/4
f 2187/1/5 2396/2/5 2389/6/5 2180/5/5
f 2186/1/6 2395/2/6 2396/6/6 2187/5/6
f 2187/2/1 2188/6/1 2181/5/1 2180/1/1
f 2187/1/2 2180/5/2 2389/6/2 2396/2/2
f 2180/2/3 2181/6/3 2390/5/3 2389/1/3
f 2396/1/4 2389/2/4 2390/6/4 2397/5/4
f 2188/5/5 2397/6/5 2390/2/5 2181/1/5
f 2187/1/6 2396/2/6 2397/6/6 2188/5/6
f 2191/2/1 2192/6/1 2183/5/1 2182/1/1
f 2191/1/2 2182/5/2 2391/6/2 2400/2/2
f 2182/2/3 2183/6/3 2392/5/3 2391/1/3
f 2400/1/4 2391/2/4 2392/6/4 2401/5/4
f 2192/5/5 2401/6/5 2392/2/5 2183/1/5
f 2191/1/6 2400/2/6 2401/6/6 2192/5/6
f 2194/2/1 2195/6/1 2188/5/1 2187/1/1
f 2194/6/2 2187/2/2 2396/1/2 2404/5/2
f 2187/2/3 2188/6/3 2397/5/3 2396/1/3
f 2404/1/4 2396/2/4 2397/6/4 2405/5/4
f 2195/2/5 2405/1/5 2397/5/5 2188/6/5
f 2194/1/6 2404/2/6 2405/6/6 2195/5/6
f 2196/2/1 2197/6/1 2190/5/1 2189/1/1
f 2196/1/2 2189/5/2 2398/6/2 2406/2/2
f 2189/2/3 2190/6/3 2399/5/3 2398/1/3
f 2406/1/4 2398/2/4 2399/6/4 2407/5/4
f 2197/5/5 2407/6/5 2399/2/5 2190/1/5
f 2196/1/6 2406/2/6 2407/6/6 2197/5/6
f 2198/2/1 2199/6/1 2192/5/1 2191/1/1
f 2198/2/2 2191/6/2 2400/5/2 2408/1/2
f 2191/2/3 2192/6/3 2401/5/3 2400/1/3
f 2408/1/4 2400/2/4 2401/6/4 2409/5/4
f 2199/6/5 2409/5/5 2401/1/5 2192/2/5
f 2198/1/6 2408/2/6 2409/6/6 2199/5/6
f 2203/2/1 2204/6/1 2196/5/1 2195/1/1
f 2203/1/2 2195/5/2 2405/6/2 2414/2/2
f 2195/2/3 2196/6/3 2406/5/3 2405/1/3
f 2414/1/4 2405/2/4 2406/6/4 2415/5/4
f 2204/5/5 2415/6/5 2406/2/5 2196/1/5
f 2203/1/6 2414/2/6 2415/6/6 2204/5/6
f 2208/2/1 2209/6/1 2201/5/1 2200/1/1
f 2208/2/2 2200/6/2 2411/5/2 2419/1/2
f 2200/2/3 2201/6/3 2412/5/3 2411/1/3
f 2419/1/4 2411/2/4 2412/6/4 2420/5/4
f 2209/6/5 2420/5/5 2412/1/5 2201/2/5
f 2208/1/6 2419/2/6 2420/6/6 2209/5/6
f 2209/2/1 2210/6/1 2202/5/1 2201/1/1
f 2209/6/2 2201/2/2 2412/1/2 2420/5/2
f 2201/2/3 2202/6/3 2413/5/3 2412/1/3
f 2420/1/4 2412/2/4 2413/6/4 2421/5/4
f 2210/2/5 2421/1/5 2413/5/5 2202/6/5
f 2209/1/6 2420/2/6 2421/6/6 2210/5/6
f 2210/2/1 2211/6/1 2203/5/1 2202/1/1
f 2210/6/2 2202/2/2 2413/1/2 2421/5/2
f 2202/2/3 2203/6/3 2414/5/3 2413/1/3
f 2421/1/4 2413/2/4 2414/6/4 2422/5/4
f 2211/2/5 2422/1/5 2414/5/5 2203/6/5
f 2210/1/6 2421/2/6 2422/6/6 2211/5/6
f 2211/2/1 2212/6/1 2204/5/1 2203/1/1
f 2211/6/2 2203/2/2 2414/1/2 2422/5/2
f 2203/2/3 2204/6/3 2415/5/3 2414/1/3
f 2422/1/4 2414/2/4 2415/6/4 2423/5/4
f 2212/2/5 2423/1/5 2415/5/5 2204/6/5
f 2211/1/6 2422/2/6 2423/6/6 2212/5/6
f 2213/2/1 2214/6/1 2206/5/1 2205/1/1
f 2213/5/2 2205/1/2 2416/2/2 2424/6/2
f 2205/2/3 2206/6/3 2417/5/3 2416/1/3
f 2424/1/4 2416/2/4 2417/6/4 2425/5/4
f 2214/1/5 2425/2/5 2417/6/5 2206/5/5
f 2213/1/6 2424/2/6 2425/6/6 2214/5/6
f 2216/2/1 2217/6/1 2209/5/1 2208/1/1
f 2216/6/2 2208/2/2 2419/1/2 2427/5/2
f 2208/2/3 2209/6/3 2420/5/3 2419/1/3
f 2427/1/4 2419/2/4 2420/6/4 2428/5/4
f 2217/2/5 2428/1/5 2420/5/5 2209/6/5
f 2216/1/6 2427/2/6 2428/6/6 2217/5/6
f 2217/2/1 2218/6/1 2210/5/1 2209/1/1
f 2217/5/2 2209/1/2 2420/2/2 2428/6/2
f 2209/2/3 2210/6/3 2421/5/3 2420/1/3
f 2428/1/4 2420/2/4 2421/6/4 2429/5/4
f 2218/1/5 2429/2/5 2421/6/5 2210/5/5
f 2217/1/6 2428/2/6 2429/6/6 2218/5/6
f 2218/2/1 2219/6/1 2211/5/1 2210/1/1
f 2218/1/2 2210/5/2 2421/6/2 2429/2/2
f 2210/2/3 2211/6/3 2422/5/3 2421/1/3
f 2429/1/4 2421/2/4 2422/6/4 2430/5/4
f 2219/5/5 2430/6/5 2422/2/5 2211/1/5
f 2218/1/6 2429/2/6 2430/6/6 2219/5/6
f 2219/2/1 2220/6/1 2212/5/1 2211/1/1
f 2219/1/2 2211/5/2 2422/6/2 2430/2/2
f 2211/2/3 2212/6/3 2423/5/3 2422/1/3
f 2430/1/4 2422/2/4 2423/6/4 2431/5/4
f 2220/5/5 2431/6/5 2423/2/5 2212/1/5
f 2219/1/6 2430/2/6 2431/6/6 2220/5/6
f 2222/2/1 2223/6/1 2215/5/1 2214/1/1
f 2222/6/2 2214/2/2 2425/1/2 2432/5/2
f 2214/2/3 2215/6/3 2426/5/3 2425/1/3
f 2432/1/4 2425/2/4 2426/6/4 2433/5/4
f 2223/2/5 2433/1/5 2426/5/5 2215/6/5
f 2222/1/6 2432/2/6 2433/6/6 2223/5/6
f 2223/2/1 2224/6/1 2216/5/1 2215/1/1
f 2223/1/2 2215/5/2 2426/6/2 2433/2/2
f 2215/2/3 2216/6/3 2427/5/3 2426/1/3
f 2433/1/4 2426/2/4 2427/6/4 2434/5/4
f 2224/5/5 2434/6/5 2427/2/5 2216/1/5
f 2223/1/6 2433/2/6 2434/6/6 2224/5/6
f 2224/2/1 2225/6/1 2217/5/1 2216/1/1
f 2224/2/2 2216/6/2 2427/5/2 2434/1/2
f 2216/2/3 2217/6/3 2428/5/3 2427/1/3
f 2434/1/4 2427/2/4 2428/6/4 2435/5/4
f 2225/6/5 2435/5/5 2428/1/5 2217/2/5
f 2224/1/6 2434/2/6 2435/6/6 2225/5/6
f 2225/2/1 2226/6/1 2218/5/1 2217/1/1
f 2225/2/2 2217/6/2 2428/5/2 2435/1/2
f 2217/2/3 2218/6/3 2429/5/3 2428/1/3
f 2435/1/4 2428/2/4 2429/6/4 2436/5/4
f 2226/6/5 2436/5/5 2429/1/5 2218/2/5
f 2225/1/6 2435/2/6 2436/6/6 2226/5/6
f 2226/2/1 2227/6/1 2219/5/1 2218/1/1
f 2226/1/2 2218/5/2 2429/6/2 2436/2/2
f 2218/2/3 2219/6/3 2430/5/3 2429/1/3
f 2436/1/4 2429/2/4 2430/6/4 2437/5/4
f 2227/5/5 2437/6/5 2430/2/5 2219/1/5
f 2226/1/6 2436/2/6 2437/6/6 2227/5/6
f 2227/2/1 2228/6/1 2220/5/1 2219/1/1
f 2227/2/2 2219/6/2 2430/5/2 2437/1/2
f 2219/2/3 2220/6/3 2431/5/3 2430/1/3
f 2437/1/4 2430/2/4 2431/6/4 2438/5/4
f 2228/6/5 2438/5/5 2431/1/5 2220/2/5
f 2227/1/6 2437/2/6 2438/6/6 2228/5/6
f 2230/2/1 2231/6/1 2224/5/1 2223/1/1
f 2230/5/2 2223/1/2 2433/2/2 2441/6/2
f 2223/2/3 2224/6/3 2434/5/3 2433/1/3
f 2441/1/4 2433/2/4 2434/6/4 2442/5/4
f 2231/1/5 2442/2/5 2434/6/5 2224/5/5
f 2230/1/6 2441/2/6 2442/6/6 2231/5/6
f 2231/2/1 2232/6/1 2225/5/1 2224/1/1
f 2231/2/2 2224/6/2 2434/5/2 2442/1/2
f 2224/2/3 2225/6/3 2435/5/3 2434/1/3
f 2442/1/4 2434/2/4 2435/6/4 2443/5/4
f 2232/6/5 2443/5/5 2435/1/5 2225/2/5
f 2231/1/6 2442/2/6 2443/6/6 2232/5/6
f 2232/2/1 2233/6/1 2226/5/1 2225/1/1
f 2232/2/2 2225/6/2 2435/5/2 2443/1/2
f 2225/2/3 2226/6/3 2436/5/3 2435/1/3
f 2443/1/4 2435/2/4 2436/6/4 2444/5/4
f 2233/6/5 2444/5/5 2436/1/5 2226/2/5
f 2232/1/6 2443/2/6 2444/6/6 2233/5/6
f 2233/2/1 2234/6/1 2227/5/1 2226/1/1
f 2233/5/2 2226/1/2 2436/2/2 2444/6/2
f 2226/2/3 2227/6/3 2437/5/3 2436/1/3
f 2444/1/4 2436/2/4 2437/6/4 2445/5/4
f 2234/1/5 2445/2/5 2437/6/5 2227/5/5
f 2233/1/6 2444/2/6 2445/6/6 2234/5/6
f 2234/2/1 2235/6/1 2228/5/1 2227/1/1
f 2234/5/2 2227/1/2 2437/2/2 2445/6/2
f 2227/2/3 2228/6/3 2438/5/3 2437/1/3
f 2445/1/4 2437/2/4 2438/6/4 2446/5/4
f 2235/1/5 2446/2/5 2438/6/5 2228/5/5
f 2234/1/6 2445/2/6 2446/6/6 2235/5/6
f 2235/2/1 2236/6/1 2229/5/1 2228/1/1
f 2235/1/2 2228/5/2 2438/6/2 2446/2/2
f 2228/2/3 2229/6/3 2439/5/3 2438/1/3
f 2446/1/4 2438/2/4 2439/6/4 2447/5/4
f 2236/5/5 2447/6/5 2439/2/5 2229/1/5
f 2235/1/6 2446/2/6 2447/6/6 2236/5/6
f 2237/2/1 2238/6/1 2231/5/1 2230/1/1
f 2237/1/2 2230/5/2 2441/6/2 2449/2/2
f 2230/2/3 2231/6/3 2442/5/3 2441/1/3
f 2449/1/4 2441/2/4 2442/6/4 2450/5/4
f 2238/5/5 2450/6/5 2442/2/5 2231/1/5
f 2237/1/6 2449/2/6 2450/6/6 2238/5/6
f 2238/2/1 2239/6/1 2232/5/1 2231/1/1
f 2238/2/2 2231/6/2 2442/5/2 2450/1/2
f 2231/2/3 2232/6/3 2443/5/3 2442/1/3
f 2450/1/4 2442/2/4 2443/6/4 2451/5/4
f 2239/6/5 2451/5/5 2443/1/5 2232/2/5
f 2238/1/6 2450/2/6 2451/6/6 2239/5/6
f 2239/2/1 2240/6/1 2233/5/1 2232/1/1
f 2239/5/2 2232/1/2 2443/2/2 2451/6/2
f 2232/2/3 2233/6/3 2444/5/3 2443/1/3
f 2451/1/4 2443/2/4 2444/6/4 2452/5/4
f 2240/1/5 2452/2/5 2444/6/5 2233/5/5
f 2239/1/6 2451/2/6 2452/6/6 2240/5/6
f 2240/2/1 2241/6/1 2234/5/1 2233/1/1
f 2240/5/2 2233/1/2 2444/2/2 2452/6/2
f 2233/2/3 2234/6/3 2445/5/3 2444/1/3
f 2452/1/4 2444/2/4 2445/6/4 2453/5/4
f 2241/1/5 2453/2/5 2445/6/5 2234/5/5
f 2240/1/6 2452/2/6 2453/6/6 2241/5/6
f 2241/2/1 2242/6/1 2235/5/1 2234/1/1
f 2241/2/2 2234/6/2 2445/5/2 2453/1/2
f 2234/2/3 2235/6/3 2446/5/3 2445/1/3
f 2453/1/4 2445/2/4 2446/6/4 2454/5/4
f 2242/6/5 2454/5/5 2446/1/5 2235/2/5
f 2241/1/6 2453/2/6 2454/6/6 2242/5/6
f 2242/2/1 2243/6/1 2236/5/1 2235/1/1
f 2242/1/2 2235/5/2 2446/6/2 2454/2/2
f 2235/2/3 2236/6/3 2447/5/3 2446/1/3
f 2454/1/4 2446/2/4 2447/6/4 2455/5/4
f 2243/5/5 2455/6/5 2447/2/5 2236/1/5
f 2242/1/6 2454/2/6 2455/6/6 2243/5/6
f 2246/2/1 2247/6/1 2238/5/1 2237/1/1
f 2246/1/2 2237/5/2 2449/6/2 2458/2/2
f 2237/2/3 2238/6/3 2450/5/3 2449/1/3
f 2458/1/4 2449/2/4 2450/6/4 2459/5/4
f 2247/5/5 2459/6/5 2450/2/5 2238/1/5
f 2246/1/6 2458/2/6 2459/6/6 2247/5/6
f 2247/2/1 2248/6/1 2239/5/1 2238/1/1
f 2247/5/2 2238/1/2 2450/2/2 2459/6/2
f 2238/2/3 2239/6/3 2451/5/3 2450/1/3
f 2459/1/4 2450/2/4 2451/6/4 2460/5/4
f 2248/1/5 2460/2/5 2451/6/5 2239/5/5
f 2247/1/6 2459/2/6 2460/6/6 2248/5/6
f 2248/2/1 2249/6/1 2240/5/1 2239/1/1
f 2248/1/2 2239/5/2 2451/6/2 2460/2/2
f 2239/2/3 2240/6/3 2452/5/3 2451/1/3
f 2460/1/4 2451/2/4 2452/6/4 2461/5/4
f 2249/5/5 2461/6/5 2452/2/5 2240/1/5
f 2248/1/6 2460/2/6 2461/6/6 2249/5/6
f 2249/2/1 2250/6/1 2241/5/1 2240/1/1
f 2249/1/2 2240/5/2 2452/6/2 2461/2/2
f 2240/2/3 2241/6/3 2453/5/3 2452/1/3
f 2461/1/4 2452/2/4 2453/6/4 2462/5/4
f 2250/5/5 2462/6/5 2453/2/5 2241/1/5
f 2249/1/6 2461/2/6 2462/6/6 2250/5/6
f 2250/2/1 2251/6/1 2242/5/1 2241/1/1
f 2250/5/2 2241/1/2 2453/2/2 2462/6/2
f 2241/2/3 2242/6/3 2454/5/3 2453/1/3
f 2462/1/4 2453/2/4 2454/6/4 2463/5/4
f 2251/1/5 2463/2/5 2454/6/5 2242/5/5
f 2250/1/6 2462/2/6 2463/6/6 2251/5/6
f 2251/2/1 2252/6/1 2243/5/1 2242/1/1
f 2251/6/2 2242/2/2 2454/1/2 2463/5/2
f 2242/2/3 2243/6/3 2455/5/3 2454/1/3
f 2463/1/4 2454/2/4 2455/6/4 2464/5/4
f 2252/2/5 2464/1/5 2455/5/5 2243/6/5
f 2251/1/6 2463/2/6 2464/6/6 2252/5/6
f 2254/2/1 2255/6/1 2246/5/1 2245/1/1
f 2254/5/2 2245/1/2 2457/2/2 2466/6/2
f 2245/2/3 2246/6/3 2458/5/3 2457/1/3
f 2466/1/4 2457/2/4 2458/6/4 2467/5/4
f 2255/1/5 2467/2/5 2458/6/5 2246/5/5
f 2254/1/6 2466/2/6 2467/6/6 2255/5/6
f 2255/2/1 2256/6/1 2247/5/1 2246/1/1
f 2255/1/2 2246/5/2 2458/6/2 2467/2/2
f 2246/2/3 2247/6/3 2459/5/3 2458/1/3
f 2467/1/4 2458/2/4 2459/6/4 2468/5/4
f 2256/5/5 2468/6/5 2459/2/5 2247/1/5
f 2255/1/6 2467/2/6 2468/6/6 2256/5/6
f 2256/2/1 2257/6/1 2248/5/1 2247/1/1
f 2256/2/2 2247/6/2 2459/5/2 2468/1/2
f 2247/2/3 2248/6/3 2460/5/3 2459/1/3
f 2468/1/4 2459/2/4 2460/6/4 2469/5/4
f 2257/6/5 2469/5/5 2460/1/5 2248/2/5
f 2256/1/6 2468/2/6 2469/6/6 2257/5/6
f 2257/2/1 2258/6/1 2249/5/1 2248/1/1
f 2257/2/2 2248/6/2 2460/5/2 2469/1/2
f 2248/2/3 2249/6/3 2461/5/3 2460/1/3
f 2469/1/4 2460/2/4 2461/6/4 2470/5/4
f 2258/6/5 2470/5/5 2461/1/5 2249/2/5
f 2257/1/6 2469/2/6 2470/6/6 2258/5/6
f 2258/2/1 2259/6/1 2250/5/1 2249/1/1
f 2258/2/2 2249/6/2 2461/5/2 2470/1/2
f 2249/2/3 2250/6/3 2462/5/3 2461/1/3
f 2470/1/4 2461/2/4 2462/6/4 2471/5/4
f 2259/6/5 2471/5/5 2462/1/5 2250/2/5
f 2258/1/6 2470/2/6 2471/6/6 2259/5/6
f 2259/2/1 2260/6/1 2251/5/1 2250/1/1
f 2259/2/2 2250/6/2 2462/5/2 2471/1/2
f 2250/2/3 2251/6/3 2463/5/3 2462/1/3
f 2471/1/4 2462/2/4 2463/6/4 2472/5/4
f 2260/6/5 2472/5/5 2463/1/5 2251/2/5
f 2259/1/6 2471/2/6 2472/6/6 2260/5/6
f 2260/2/1 2261/6/1 2252/5/1 2251/1/1
f 2260/5/2 2251/1/2 2463/2/2 2472/6/2
f 2251/2/3 2252/6/3 2464/5/3 2463/1/3
f 2472/1/4 2463/2/4 2464/6/4 2473/5/4
f 2261/1/5 2473/2/5 2464/6/5 2252/5/5
f 2260/1/6 2472/2/6 2473/6/6 2261/5/6
f 2261/2/1 2262/6/1 2253/5/1 2252/1/1
f 2261/1/2 2252/5/2 2464/6/2 2473/2/2
f 2252/2/3 2253/6/3 2465/5/3 2464/1/3
f 2473/1/4 2464/2/4 2465/6/4 2474/5/4
f 2262/5/5 2474/6/5 2465/2/5 2253/1/5
f 2261/1/6 2473/2/6 2474/6/6 2262/5/6
f 2264/2/1 2265/6/1 2256/5/1 2255/1/1
f 2264/6/2 2255/2/2 2467/1/2 2475/5/2
f 2255/2/3 2256/6/3 2468/5/3 2467/1/3
f 2475/1/4 2467/2/4 2468/6/4 2476/5/4
f 2265/2/5 2476/1/5 2468/5/5 2256/6/5
f 2264/1/6 2475/2/6 2476/6/6 2265/5/6
f 2265/2/1 2266/6/1 2257/5/1 2256/1/1
f 2265/6/2 2256/2/2 2468/1/2 2476/5/2
f 2256/2/3 2257/6/3 2469/5/3 2468/1/3
f 2476/1/4 2468/2/4 2469/6/4 2477/5/4
f 2266/2/5 2477/1/5 2469/5/5 2257/6/5
f 2265/1/6 2476/2/6 2477/6/6 2266/5/6
f 2266/2/1 2267/6/1 2258/5/1 2257/1/1
f 2266/1/2 2257/5/2 2469/6/2 2477/2/2
f 2257/2/3 2258/6/3 2470/5/3 2469/1/3
f 2477/1/4 2469/2/4 2470/6/4 2478/5/4
f 2267/5/5 2478/6/5 2470/2/5 2258/1/5
f 2266/1/6 2477/2/6 2478/6/6 2267/5/6
f 2267/2/1 2268/6/1 2259/5/1 2258/1/1
f 2267/6/2 2258/2/2 2470/1/2 2478/5/2
f 2258/2/3 2259/6/3 2471/5/3 2470/1/3
f 2478/1/4 2470/2/4 2471/6/4 2479/5/4
f 2268/2/5 2479/1/5 2471/5/5 2259/6/5
f 2267/1/6 2478/2/6 2479/6/6 2268/5/6
f 2268/2/1 2269/6/1 2260/5/1 2259/1/1
f 2268/2/2 2259/6/2 2471/5/2 2479/1/2
f 2259/2/3 2260/6/3 2472/5/3 2471/1/3
f 2479/1/4 2471/2/4 2472/6/4 2480/5/4
f 2269/6/5 2480/5/5 2472/1/5 2260/2/5
f 2268/1/6 2479/2/6 2480/6/6 2269/5/6
f 2269/2/1 2270/6/1 2261/5/1 2260/1/1
f 2269/5/2 2260/1/2 2472/2/2 2480/6/2
f 2260/2/3 2261/6/3 2473/5/3 2472/1/3
f 2480/1/4 2472/2/4 2473/6/4 2481/5/4
f 2270/1/5 2481/2/5 2473/6/5 2261/5/5
f 2269/1/6 2480/2/6 2481/6/6 2270/5/6
f 2270/2/1 2271/6/1 2262/5/1 2261/1/1
f 2270/6/2 2261/2/2 2473/1/2 2481/5/2
f 2261/2/3 2262/6/3 2474/5/3 2473/1/3
f 2481/1/4 2473/2/4 2474/6/4 2482/5/4
f 2271/2/5 2482/1/5 2474/5/5 2262/6/5
f 2270/1/6 2481/2/6 2482/6/6 2271/5/6
f 2276/2/1 2277/6/1 2275/5/1 2274/1/1
f 2276/5/2 2274/1/2 2483/2/2 2485/6/2
f 2274/2/3 2275/6/3 2484/5/3 2483/1/3
f 2485/1/4 2483/2/4 2484/6/4 2486/5/4
f 2277/1/5 2486/2/5 2484/6/5 2275/5/5
f 2276/1/6 2485/2/6 2486/6/6 2277/5/6
f 2278/2/1 2279/6/1 2277/5/1 2276/1/1
f 2278/5/2 2276/1/2 2485/2/2 2487/6/2
f 2276/2/3 2277/6/3 2486/5/3 2485/1/3
f 2487/1/4 2485/2/4 2486/6/4 2488/5/4
f 2279/1/5 2488/2/5 2486/6/5 2277/5/5
f 2278/1/6 2487/2/6 2488/6/6 2279/5/6
f 2280/2/1 2281/6/1 2279/5/1 2278/1/1
f 2280/5/2 2278/1/2 2487/2/2 2489/6/2
f 2278/2/3 2279/6/3 2488/5/3 2487/1/3
f 2489/1/4 2487/2/4 2488/6/4 2490/5/4
f 2281/1/5 2490/2/5 2488/6/5 2279/5/5
f 2280/1/6 2489/2/6 2490/6/6 2281/5/6
f 2282/2/1 2283/6/1 2281/5/1 2280/1/1
f 2282/6/2 2280/2/2 2489/1/2 2491/5/2
f 2280/2/3 2281/6/3 2490/5/3 2489/1/3
f 2491/1/4 2489/2/4 2490/6/4 2492/5/4
f 2283/2/5 2492/1/5 2490/5/5 2281/6/5
f 2282/1/6 2491/2/6 2492/6/6 2283/5/6
f 2285/2/1 2286/6/1 2283/5/1 2282/1/1
f 2285/2/2 2282/6/2 2491/5/2 2493/1/2
f 2282/2/3 2283/6/3 2492/5/3 2491/1/3
f 2493/1/4 2491/2/4 2492/6/4 2494/5/4
f 2286/6/5 2494/5/5 2492/1/5 2283/2/5
f 2285/1/6 2493/2/6 2494/6/6 2286/5/6
f 2289/2/1 2290/6/1 2286/5/1 2285/1/1
f 2289/5/2 2285/1/2 2493/2/2 2496/6/2
f 2285/2/3 2286/6/3 2494/5/3 2493/1/3
f 2496/1/4 2493/2/4 2494/6/4 2497/5/4
f 2290/1/5 2497/2/5 2494/6/5 2286/5/5
f 2289/1/6 2496/2/6 2497/6/6 2290/5/6
f 2290/2/1 2291/6/1 2287/5/1 2286/1/1
f 2290/5/2 2286/1/2 2494/2/2 2497/6/2
f 2286/2/3 2287/6/3 2495/5/3 2494/1/3
f 2497/1/4 2494/2/4 2495/6/4 2498/5/4
f 2291/1/5 2498/2/5 2495/6/5 2287/5/5
f 2290/1/6 2497/2/6 2498/6/6 2291/5/6
f 2294/2/1 2295/6/1 2290/5/1 2289/1/1
f 2294/6/2 2289/2/2 2496/1/2 2500/5/2
f 2289/2/3 2290/6/3 2497/5/3 2496/1/3
f 2500/1/4 2496/2/4 2497/6/4 2501/5/4
f 2295/2/5 2501/1/5 2497/5/5 2290/6/5
f 2294/1/6 2500/2/6 2501/6/6 2295/5/6
f 2295/2/1 2296/6/1 2291/5/1 2290/1/1
f 2295/5/2 2290/1/2 2497/2/2 2501/6/2
f 2290/2/3 2291/6/3 2498/5/3 2497/1/3
f 2501/1/4 2497/2/4 2498/6/4 2502/5/4
f 2296/1/5 2502/2/5 2498/6/5 2291/5/5
f 2295/1/6 2501/2/6 2502/6/6 2296/5/6
f 2296/2/1 2297/6/1 2292/5/1 2291/1/1
f 2296/6/2 2291/2/2 2498/1/2 2502/5/2
f 2291/2/3 2292/6/3 2499/5/3 2498/1/3
f 2502/1/4 2498/2/4 2499/6/4 2503/5/4
f 2297/2/5 2503/1/5 2499/5/5 2292/6/5
f 2296/1/6 2502/2/6 2503/6/6 2297/5/6
f 2300/2/1 2301/6/1 2295/5/1 2294/1/1
f 2300/6/2 2294/2/2 2500/1/2 2510/5/2
f 2294/2/3 2295/6/3 2501/5/3 2500/1/3
f 2510/1/4 2500/2/4 2501/6/4 2511/5/4
f 2301/2/5 2511/1/5 2501/5/5 2295/6/5
f 2300/1/6 2510/2/6 2511/6/6 2301/5/6
f 2301/2/1 2302/6/1 2296/5/1 2295/1/1
f 2301/2/2 2295/6/2 2501/5/2 2511/1/2
f 2295/2/3 2296/6/3 2502/5/3 2501/1/3
f 2511/1/4 2501/2/4 2502/6/4 2512/5/4
f 2302/6/5 2512/5/5 2502/1/5 2296/2/5
f 2301/1/6 2511/2/6 2512/6/6 2302/5/6
f 2302/2/1 2303/6/1 2297/5/1 2296/1/1
f 2302/1/2 2296/5/2 2502/6/2 2512/2/2
f 2296/2/3 2297/6/3 2503/5/3 2502/1/3
f 2512/1/4 2502/2/4 2503/6/4 2513/5/4
f 2303/5/5 2513/6/5 2503/2/5 2297/1/5
f 2302/1/6 2512/2/6 2513/6/6 2303/5/6
f 2303/2/1 2304/6/1 2298/5/1 2297/1/1
f 2303/2/2 2297/6/2 2503/5/2 2513/1/2
f 2297/2/3 2298/6/3 2504/5/3 2503/1/3
f 2513/1/4 2503/2/4 2504/6/4 2514/5/4
f 2304/6/5 2514/5/5 2504/1/5 2298/2/5
f 2303/1/6 2513/2/6 2514/6/6 2304/5/6
f 2307/2/1 2308/6/1 2301/5/1 2300/1/1
f 2307/5/2 2300/1/2 2510/2/2 2519/6/2
f 2300/2/3 2301/6/3 2511/5/3 2510/1/3
f 2519/1/4 2510/2/4 2511/6/4 2520/5/4
f 2308/1/5 2520/2/5 2511/6/5 2301/5/5
f 2307/1/6 2519/2/6 2520/6/6 2308/5/6
f 2308/2/1 2309/6/1 2302/5/1 2301/1/1
f 2308/1/2 2301/5/2 2511/6/2 2520/2/2
f 2301/2/3 2302/6/3 2512/5/3 2511/1/3
f 2520/1/4 2511/2/4 2512/6/4 2521/5/4
f 2309/5/5 2521/6/5 2512/2/5 2302/1/5
f 2308/1/6 2520/2/6 2521/6/6 2309/5/6
f 2309/2/1 2310/6/1 2303/5/1 2302/1/1
f 2309/5/2 2302/1/2 2512/2/2 2521/6/2
f 2302/2/3 2303/6/3 2513/5/3 2512/1/3
f 2521/1/4 2512/2/4 2513/6/4 2522/5/4
f 2310/1/5 2522/2/5 2513/6/5 2303/5/5
f 2309/1/6 2521/2/6 2522/6/6 2310/5/6
f 2310/2/1 2311/6/1 2304/5/1 2303/1/1
f 2310/1/2 2303/5/2 2513/6/2 2522/2/2
f 2303/2/3 2304/6/3 2514/5/3 2513/1/3
f 2522/1/4 2513/2/4 2514/6/4 2523/5/4
f 2311/5/5 2523/6/5 2514/2/5 2304/1/5
f 2310/1/6 2522/2/6 2523/6/6 2311/5/6
f 2313/2/1 2315/6/1 2314/5/1 2306/1/1
f 2313/6/2 2306/2/2 2518/1/2 2525/5/2
f 2306/2/3 2314/6/3 2526/5/3 2518/1/3
f 2525/1/4 2518/2/4 2526/6/4 2527/5/4
f 2315/2/5 2527/1/5 2526/5/5 2314/6/5
f 2313/1/6 2525/2/6 2527/6/6 2315/5/6
f 2315/2/1 2328/6/1 2528/5/1 2314/1/1
f 2315/2/2 2314/6/2 2526/5/2 2527/1/2
f 2314/2/3 2528/6/3 2529/5/3 2526/1/3
f 2527/1/4 2526/2/4 2529/6/4 2530/5/4
f 2328/6/5 2530/5/5 2529/1/5 2528/2/5
f 2315/1/6 2527/2/6 2530/6/6 2328/5/6
f 2328/2/1 2331/6/1 2531/5/1 2528/1/1
f 2328/6/2 2528/2/2 2529/1/2 2530/5/2
f 2528/2/3 2531/6/3 2532/5/3 2529/1/3
f 2530/1/4 2529/2/4 2532/6/4 2533/5/4
f 2331/2/5 2533/1/5 2532/5/5 2531/6/5
f 2328/1/6 2530/2/6 2533/6/6 2331/5/6
f 2316/2/1 2317/6/1 2308/5/1 2307/1/1
f 2316/2/2 2307/6/2 2519/5/2 2534/1/2
f 2307/2/3 2308/6/3 2520/5/3 2519/1/3
f 2534/1/4 2519/2/4 2520/6/4 2535/5/4
f 2317/6/5 2535/5/5 2520/1/5 2308/2/5
f 2316/1/6 2534/2/6 2535/6/6 2317/5/6
f 2317/2/1 2318/6/1 2309/5/1 2308/1/1
f 2317/1/2 2308/5/2 2520/6/2 2535/2/2
f 2308/2/3 2309/6/3 2521/5/3 2520/1/3
f 2535/1/4 2520/2/4 2521/6/4 2536/5/4
f 2318/5/5 2536/6/5 2521/2/5 2309/1/5
f 2317/1/6 2535/2/6 2536/6/6 2318/5/6
f 2318/2/1 2319/6/1 2310/5/1 2309/1/1
f 2318/6/2 2309/2/2 2521/1/2 2536/5/2
f 2309/2/3 2310/6/3 2522/5/3 2521/1/3
f 2536/1/4 2521/2/4 2522/6/4 2537/5/4
f 2319/2/5 2537/1/5 2522/5/5 2310/6/5
f 2318/1/6 2536/2/6 2537/6/6 2319/5/6
f 2319/2/1 2320/6/1 2311/5/1 2310/1/1
f 2319/5/2 2310/1/2 2522/2/2 2537/6/2
f 2310/2/3 2311/6/3 2523/5/3 2522/1/3
f 2537/1/4 2522/2/4 2523/6/4 2538/5/4
f 2320/1/5 2538/2/5 2523/6/5 2311/5/5
f 2319/1/6 2537/2/6 2538/6/6 2320/5/6
f 2320/2/1 2321/6/1 2312/5/1 2311/1/1
f 2320/2/2 2311/6/2 2523/5/2 2538/1/2
f 2311/2/3 2312/6/3 2524/5/3 2523/1/3
f 2538/1/4 2523/2/4 2524/6/4 2539/5/4
f 2321/6/5 2539/5/5 2524/1/5 2312/2/5
f 2320/1/6 2538/2/6 2539/6/6 2321/5/6
f 2333/2/1 2334/6/1 2317/5/1 2316/1/1
f 2333/2/2 2316/6/2 2534/5/2 2541/1/2
f 2316/2/3 2317/6/3 2535/5/3 2534/1/3
f 2541/1/4 2534/2/4 2535/6/4 2542/5/4
f 2334/6/5 2542/5/5 2535/1/5 2317/2/5
f 2333/1/6 2541/2/6 2542/6/6 2334/5/6
f 2334/2/1 2335/6/1 2318/5/1 2317/1/1
f 2334/6/2 2317/2/2 2535/1/2 2542/5/2
f 2317/2/3 2318/6/3 2536/5/3 2535/1/3
f 2542/1/4 2535/2/4 2536/6/4 2543/5/4
f 2335/2/5 2543/1/5 2536/5/5 2318/6/5
f 2334/1/6 2542/2/6 2543/6/6 2335/5/6
f 2335/2/1 2336/6/1 2319/5/1 2318/1/1
f 2335/1/2 2318/5/2 2536/6/2 2543/2/2
f 2318/2/3 2319/6/3 2537/5/3 2536/1/3
f 2543/1/4 2536/2/4 2537/6/4 2544/5/4
f 2336/5/5 2544/6/5 2537/2/5 2319/1/5
f 2335/1/6 2543/2/6 2544/6/6 2336/5/6
f 2336/2/1 2337/6/1 2320/5/1 2319/1/1
f 2336/1/2 2319/5/2 2537/6/2 2544/2/2
f 2319/2/3 2320/6/3 2538/5/3 2537/1/3
f 2544/1/4 2537/2/4 2538/6/4 2545/5/4
f 2337/5/5 2545/6/5 2538/2/5 2320/1/5
f 2336/1/6 2544/2/6 2545/6/6 2337/5/6
f 2337/2/1 2338/6/1 2321/5/1 2320/1/1
f 2337/1/2 2320/5/2 2538/6/2 2545/2/2
f 2320/2/3 2321/6/3 2539/5/3 2538/1/3
f 2545/1/4 2538/2/4 2539/6/4 2546/5/4
f 2338/5/5 2546/6/5 2539/2/5 2321/1/5
f 2337/1/6 2545/2/6 2546/6/6 2338/5/6
f 2338/2/1 2339/6/1 2322/5/1 2321/1/1
f 2338/6/2 2321/2/2 2539/1/2 2546/5/2
f 2321/2/3 2322/6/3 2540/5/3 2539/1/3
f 2546/1/4 2539/2/4 2540/6/4 2547/5/4
f 2339/2/5 2547/1/5 2540/5/5 2322/6/5
f 2338/1/6 2546/2/6 2547/6/6 2339/5/6
f 2347/2/1 2348/6/1 2334/5/1 2333/1/1
f 2347/5/2 2333/1/2 2541/2/2 2548/6/2
f 2333/2/3 2334/6/3 2542/5/3 2541/1/3
f 2548/1/4 2541/2/4 2542/6/4 2549/5/4
f 2348/1/5 2549/2/5 2542/6/5 2334/5/5
f 2347/1/6 2548/2/6 2549/6/6 2348/5/6
f 2348/2/1 2349/6/1 2335/5/1 2334/1/1
f 2348/6/2 2334/2/2 2542/1/2 2549/5/2
f 2334/2/3 2335/6/3 2543/5/3 2542/1/3
f 2549/1/4 2542/2/4 2543/6/4 2550/5/4
f 2349/2/5 2550/1/5 2543/5/5 2335/6/5
f 2348/1/6 2549/2/6 2550/6/6 2349/5/6
f 2349/2/1 2350/6/1 2336/5/1 2335/1/1
f 2349/5/2 2335/1/2 2543/2/2 2550/6/2
f 2335/2/3 2336/6/3 2544/5/3 2543/1/3
f 2550/1/4 2543/2/4 2544/6/4 2551/5/4
f 2350/1/5 2551/2/5 2544/6/5 2336/5/5
f 2349/1/6 2550/2/6 2551/6/6 2350/5/6
f 2350/2/1 2351/6/1 2337/5/1 2336/1/1
f 2350/2/2 2336/6/2 2544/5/2 2551/1/2
f 2336/2/3 2337/6/3 2545/5/3 2544/1/3
f 2551/1/4 2544/2/4 2545/6/4 2552/5/4
f 2351/6/5 2552/5/5 2545/1/5 2337/2/5
f 2350/1/6 2551/2/6 2552/6/6 2351/5/6
f 2351/2/1 2352/6/1 2338/5/1 2337/1/1
f 2351/6/2 2337/2/2 2545/1/2 2552/5/2
f 2337/2/3 2338/6/3 2546/5/3 2545/1/3
f 2552/1/4 2545/2/4 2546/6/4 2553/5/4
f 2352/2/5 2553/1/5 2546/5/5 2338/6/5
f 2351/1/6 2552/2/6 2553/6/6 2352/5/6
f 2352/2/1 2353/6/1 2339/5/1 2338/1/1
f 2352/2/2 2338/6/2 2546/5/2 2553/1/2
f 2338/2/3 2339/6/3 2547/5/3 2546/1/3
f 2553/1/4 2546/2/4 2547/6/4 2554/5/4
f 2353/6/5 2554/5/5 2547/1/5 2339/2/5
f 2352/1/6 2553/2/6 2554/6/6 2353/5/6
f 2360/2/1 2361/6/1 2348/5/1 2347/1/1
f 2360/1/2 2347/5/2 2548/6/2 2555/2/2
f 2347/2/3 2348/6/3 2549/5/3 2548/1/3
f 2555/1/4 2548/2/4 2549/6/4 2556/5/4
f 2361/5/5 2556/6/5 2549/2/5 2348/1/5
f 2360/1/6 2555/2/6 2556/6/6 2361/5/6
f 2361/2/1 2362/6/1 2349/5/1 2348/1/1
f 2361/1/2 2348/5/2 2549/6/2 2556/2/2
f 2348/2/3 2349/6/3 2550/5/3 2549/1/3
f 2556/1/4 2549/2/4 2550/6/4 2557/5/4
f 2362/5/5 2557/6/5 2550/2/5 2349/1/5
f 2361/1/6 2556/2/6 2557/6/6 2362/5/6
f 2362/2/1 2363/6/1 2350/5/1 2349/1/1
f 2362/5/2 2349/1/2 2550/2/2 2557/6/2
f 2349/2/3 2350/6/3 2551/5/3 2550/1/3
f 2557/1/4 2550/2/4 2551/6/4 2558/5/4
f 2363/1/5 2558/2/5 2551/6/5 2350/5/5
f 2362/1/6 2557/2/6 2558/6/6 2363/5/6
f 2363/2/1 2364/6/1 2351/5/1 2350/1/1
f 2363/6/2 2350/2/2 2551/1/2 2558/5/2
f 2350/2/3 2351/6/3 2552/5/3 2551/1/3
f 2558/1/4 2551/2/4 2552/6/4 2559/5/4
f 2364/2/5 2559/1/5 2552/5/5 2351/6/5
f 2363/1/6 2558/2/6 2559/6/6 2364/5/6
f 2364/2/1 2365/6/1 2352/5/1 2351/1/1
f 2364/2/2 2351/6/2 2552/5/2 2559/1/2
f 2351/2/3 2352/6/3 2553/5/3 2552/1/3
f 2559/1/4 2552/2/4 2553/6/4 2560/5/4
f 2365/6/5 2560/5/5 2553/1/5 2352/2/5
f 2364/1/6 2559/2/6 2560/6/6 2365/5/6
f 2374/2/1 2375/6/1 2361/5/1 2360/1/1
f 2374/5/2 2360/1/2 2555/2/2 2562/6/2
f 2360/2/3 2361/6/3 2556/5/3 2555/1/3
f 2562/1/4 2555/2/4 2556/6/4 2563/5/4
f 2375/1/5 2563/2/5 2556/6/5 2361/5/5
f 2374/1/6 2562/2/6 2563/6/6 2375/5/6
f 2375/2/1 2376/6/1 2362/5/1 2361/1/1
f 2375/5/2 2361/1/2 2556/2/2 2563/6/2
f 2361/2/3 2362/6/3 2557/5/3 2556/1/3
f 2563/1/4 2556/2/4 2557/6/4 2564/5/4
f 2376/1/5 2564/2/5 2557/6/5 2362/5/5
f 2375/1/6 2563/2/6 2564/6/6 2376/5/6
f 2376/2/1 2377/6/1 2363/5/1 2362/1/1
f 2376/1/2 2362/5/2 2557/6/2 2564/2/2
f 2362/2/3 2363/6/3 2558/5/3 2557/1/3
f 2564/1/4 2557/2/4 2558/6/4 2565/5/4
f 2377/5/5 2565/6/5 2558/2/5 2363/1/5
f 2376/1/6 2564/2/6 2565/6/6 2377/5/6
f 2377/2/1 2378/6/1 2364/5/1 2363/1/1
f 2377/2/2 2363/6/2 2558/5/2 2565/1/2
f 2363/2/3 2364/6/3 2559/5/3 2558/1/3
f 2565/1/4 2558/2/4 2559/6/4 2566/5/4
f 2378/6/5 2566/5/5 2559/1/5 2364/2/5
f 2377/1/6 2565/2/6 2566/6/6 2378/5/6
f 2378/2/1 2379/6/1 2365/5/1 2364/1/1
f 2378/5/2 2364/1/2 2559/2/2 2566/6/2
f 2364/2/3 2365/6/3 2560/5/3 2559/1/3
f 2566/1/4 2559/2/4 2560/6/4 2567/5/4
f 2379/1/5 2567/2/5 2560/6/5 2365/5/5
f 2378/1/6 2566/2/6 2567/6/6 2379/5/6
f 2379/2/1 2380/6/1 2366/5/1 2365/1/1
f 2379/2/2 2365/6/2 2560/5/2 2567/1/2
f 2365/2/3 2366/6/3 2561/5/3 2560/1/3
f 2567/1/4 2560/2/4 2561/6/4 2568/5/4
f 2380/6/5 2568/5/5 2561/1/5 2366/2/5
f 2379/1/6 2567/2/6 2568/6/6 2380/5/6
f 2384/2/1 2385/6/1 2375/5/1 2374/1/1
f 2384/2/2 2374/6/2 2562/5/2 2569/1/2
f 2374/2/3 2375/6/3 2563/5/3 2562/1/3
f 2569/1/4 2562/2/4 2563/6/4 2570/5/4
f 2385/6/5 2570/5/5 2563/1/5 2375/2/5
f 2384/1/6 2569/2/6 2570/6/6 2385/5/6
f 2385/2/1 2386/6/1 2376/5/1 2375/1/1
f 2385/5/2 2375/1/2 2563/2/2 2570/6/2
f 2375/2/3 2376/6/3 2564/5/3 2563/1/3
f 2570/1/4 2563/2/4 2564/6/4 2571/5/4
f 2386/1/5 2571/2/5 2564/6/5 2376/5/5
f 2385/1/6 2570/2/6 2571/6/6 2386/5/6
f 2386/2/1 2387/6/1 2377/5/1 2376/1/1
f 2386/6/2 2376/2/2 2564/1/2 2571/5/2
f 2376/2/3 2377/6/3 2565/5/3 2564/1/3
f 2571/1/4 2564/2/4 2565/6/4 2572/5/4
f 2387/2/5 2572/1/5 2565/5/5 2377/6/5
f 2386/1/6 2571/2/6 2572/6/6 2387/5/6
f 2387/2/1 2388/6/1 2378/5/1 2377/1/1
f 2387/6/2 2377/2/2 2565/1/2 2572/5/2
f 2377/2/3 2378/6/3 2566/5/3 2565/1/3
f 2572/1/4 2565/2/4 2566/6/4 2573/5/4
f 2388/2/5 2573/1/5 2566/5/5 2378/6/5
f 2387/1/6 2572/2/6 2573/6/6 2388/5/6
f 2388/2/1 2389/6/1 2379/5/1 2378/1/1
f 2388/6/2 2378/2/2 2566/1/2 2573/5/2
f 2378/2/3 2379/6/3 2567/5/3 2566/1/3
f 2573/1/4 2566/2/4 2567/6/4 2574/5/4
f 2389/2/5 2574/1/5 2567/5/5 2379/6/5
f 2388/1/6 2573/2/6 2574/6/6 2389/5/6
f 2389/2/1 2390/6/1 2380/5/1 2379/1/1
f 2389/2/2 2379/6/2 2567/5/2 2574/1/2
f 2379/2/3 2380/6/3 2568/5/3 2567/1/3
f 2574/1/4 2567/2/4 2568/6/4 2575/5/4
f 2390/6/5 2575/5/5 2568/1/5 2380/2/5
f 2389/1/6 2574/2/6 2575/6/6 2390/5/6
f 2576/2/1 2579/6/1 2382/5/1 2381/1/1
f 2576/6/2 2381/2/2 2577/1/2 2578/5/2
f 2381/2/3 2382/6/3 2580/5/3 2577/1/3
f 2578/1/4 2577/2/4 2580/6/4 2581/5/4
f 2579/2/5 2581/1/5 2580/5/5 2382/6/5
f 2576/1/6 2578/2/6 2581/6/6 2579/5/6
f 2579/2/1 2582/6/1 2383/5/1 2382/1/1
f 2579/5/2 2382/1/2 2580/2/2 2581/6/2
f 2382/2/3 2383/6/3 2583/5/3 2580/1/3
f 2581/1/4 2580/2/4 2583/6/4 2584/5/4
f 2582/1/5 2584/2/5 2583/6/5 2383/5/5
f 2579/1/6 2581/2/6 2584/6/6 2582/5/6
f 2393/2/1 2394/6/1 2387/5/1 2386/1/1
f 2393/5/2 2386/1/2 2571/2/2 2585/6/2
f 2386/2/3 2387/6/3 2572/5/3 2571/1/3
f 2585/1/4 2571/2/4 2572/6/4 2586/5/4
f 2394/1/5 2586/2/5 2572/6/5 2387/5/5
f 2393/1/6 2585/2/6 2586/6/6 2394/5/6
f 2394/2/1 2395/6/1 2388/5/1 2387/1/1
f 2394/5/2 2387/1/2 2572/2/2 2586/6/2
f 2387/2/3 2388/6/3 2573/5/3 2572/1/3
f 2586/1/4 2572/2/4 2573/6/4 2587/5/4
f 2395/1/5 2587/2/5 2573/6/5 2388/5/5
f 2394/1/6 2586/2/6 2587/6/6 2395/5/6
f 2395/2/1 2396/6/1 2389/5/1 2388/1/1
f 2395/6/2 2388/2/2 2573/1/2 2587/5/2
f 2388/2/3 2389/6/3 2574/5/3 2573/1/3
f 2587/1/4 2573/2/4 2574/6/4 2588/5/4
f 2396/2/5 2588/1/5 2574/5/5 2389/6/5
f 2395/1/6 2587/2/6 2588/6/6 2396/5/6
f 2396/2/1 2397/6/1 2390/5/1 2389/1/1
f 2396/5/2 2389/1/2 2574/2/2 2588/6/2
f 2389/2/3 2390/6/3 2575/5/3 2574/1/3
f 2588/1/4 2574/2/4 2575/6/4 2589/5/4
f 2397/1/5 2589/2/5 2575/6/5 2390/5/5
f 2396/1/6 2588/2/6 2589/6/6 2397/5/6
f 2402/2/1 2403/6/1 2394/5/1 2393/1/1
f 2402/5/2 2393/1/2 2585/2/2 2592/6/2
f 2393/2/3 2394/6/3 2586/5/3 2585/1/3
f 2592/1/4 2585/2/4 2586/6/4 2593/5/4
f 2403/1/5 2593/2/5 2586/6/5 2394/5/5
f 2402/1/6 2592/2/6 2593/6/6 2403/5/6
f 2408/2/1 2409/6/1 2401/5/1 2400/1/1
f 2408/1/2 2400/5/2 2590/6/2 2597/2/2
f 2400/2/3 2401/6/3 2591/5/3 2590/1/3
f 2597/1/4 2590/2/4 2591/6/4 2598/5/4
f 2409/5/5 2598/6/5 2591/2/5 2401/1/5
f 2408/1/6 2597/2/6 2598/6/6 2409/5/6
f 2409/2/1 2410/6/1 2402/5/1 2401/1/1
f 2409/5/2 2401/1/2 2591/2/2 2598/6/2
f 2401/2/3 2402/6/3 2592/5/3 2591/1/3
f 2598/1/4 2591/2/4 2592/6/4 2599/5/4
f 2410/1/5 2599/2/5 2592/6/5 2402/5/5
f 2409/1/6 2598/2/6 2599/6/6 2410/5/6
f 2410/2/1 2411/6/1 2403/5/1 2402/1/1
f 2410/6/2 2402/2/2 2592/1/2 2599/5/2
f 2402/2/3 2403/6/3 2593/5/3 2592/1/3
f 2599/1/4 2592/2/4 2593/6/4 2600/5/4
f 2411/2/5 2600/1/5 2593/5/5 2403/6/5
f 2410/1/6 2599/2/6 2600/6/6 2411/5/6
f 2416/2/1 2417/6/1 2409/5/1 2408/1/1
f 2416/6/2 2408/2/2 2597/1/2 2604/5/2
f 2408/2/3 2409/6/3 2598/5/3 2597/1/3
f 2604/1/4 2597/2/4 2598/6/4 2605/5/4
f 2417/2/5 2605/1/5 2598/5/5 2409/6/5
f 2416/1/6 2604/2/6 2605/6/6 2417/5/6
f 2419/2/1 2420/6/1 2412/5/1 2411/1/1
f 2419/5/2 2411/1/2 2600/2/2 2607/6/2
f 2411/2/3 2412/6/3 2601/5/3 2600/1/3
f 2607/1/4 2600/2/4 2601/6/4 2608/5/4
f 2420/1/5 2608/2/5 2601/6/5 2412/5/5
f 2419/1/6 2607/2/6 2608/6/6 2420/5/6
f 2422/2/1 2423/6/1 2415/5/1 2414/1/1
f 2422/6/2 2414/2/2 2602/1/2 2610/5/2
f 2414/2/3 2415/6/3 2603/5/3 2602/1/3
f 2610/1/4 2602/2/4 2603/6/4 2611/5/4
f 2423/2/5 2611/1/5 2603/5/5 2415/6/5
f 2422/1/6 2610/2/6 2611/6/6 2423/5/6
f 2424/2/1 2425/6/1 2417/5/1 2416/1/1
f 2424/1/2 2416/5/2 2604/6/2 2612/2/2
f 2416/2/3 2417/6/3 2605/5/3 2604/1/3
f 2612/1/4 2604/2/4 2605/6/4 2613/5/4
f 2425/5/5 2613/6/5 2605/2/5 2417/1/5
f 2424/1/6 2612/2/6 2613/6/6 2425/5/6
f 2425/2/1 2426/6/1 2418/5/1 2417/1/1
f 2425/5/2 2417/1/2 2605/2/2 2613/6/2
f 2417/2/3 2418/6/3 2606/5/3 2605/1/3
f 2613/1/4 2605/2/4 2606/6/4 2614/5/4
f 2426/1/5 2614/2/5 2606/6/5 2418/5/5
f 2425/1/6 2613/2/6 2614/6/6 2426/5/6
f 2426/2/1 2427/6/1 2419/5/1 2418/1/1
f 2426/2/2 2418/6/2 2606/5/2 2614/1/2
f 2418/2/3 2419/6/3 2607/5/3 2606/1/3
f 2614/1/4 2606/2/4 2607/6/4 2615/5/4
f 2427/6/5 2615/5/5 2607/1/5 2419/2/5
f 2426/1/6 2614/2/6 2615/6/6 2427/5/6
f 2427/2/1 2428/6/1 2420/5/1 2419/1/1
f 2427/5/2 2419/1/2 2607/2/2 2615/6/2
f 2419/2/3 2420/6/3 2608/5/3 2607/1/3
f 2615/1/4 2607/2/4 2608/6/4 2616/5/4
f 2428/1/5 2616/2/5 2608/6/5 2420/5/5
f 2427/1/6 2615/2/6 2616/6/6 2428/5/6
f 2428/2/1 2429/6/1 2421/5/1 2420/1/1
f 2428/6/2 2420/2/2 2608/1/2 2616/5/2
f 2420/2/3 2421/6/3 2609/5/3 2608/1/3
f 2616/1/4 2608/2/4 2609/6/4 2617/5/4
f 2429/2/5 2617/1/5 2609/5/5 2421/6/5
f 2428/1/6 2616/2/6 2617/6/6 2429/5/6
f 2430/2/1 2431/6/1 2423/5/1 2422/1/1
f 2430/5/2 2422/1/2 2610/2/2 2618/6/2
f 2422/2/3 2423/6/3 2611/5/3 2610/1/3
f 2618/1/4 2610/2/4 2611/6/4 2619/5/4
f 2431/1/5 2619/2/5 2611/6/5 2423/5/5
f 2430/1/6 2618/2/6 2619/6/6 2431/5/6
f 2432/2/1 2433/6/1 2426/5/1 2425/1/1
f 2432/2/2 2425/6/2 2613/5/2 2620/1/2
f 2425/2/3 2426/6/3 2614/5/3 2613/1/3
f 2620/1/4 2613/2/4 2614/6/4 2621/5/4
f 2433/6/5 2621/5/5 2614/1/5 2426/2/5
f 2432/1/6 2620/2/6 2621/6/6 2433/5/6
f 2434/2/1 2435/6/1 2428/5/1 2427/1/1
f 2434/2/2 2427/6/2 2615/5/2 2622/1/2
f 2427/2/3 2428/6/3 2616/5/3 2615/1/3
f 2622/1/4 2615/2/4 2616/6/4 2623/5/4
f 2435/6/5 2623/5/5 2616/1/5 2428/2/5
f 2434/1/6 2622/2/6 2623/6/6 2435/5/6
f 2435/2/1 2436/6/1 2429/5/1 2428/1/1
f 2435/6/2 2428/2/2 2616/1/2 2623/5/2
f 2428/2/3 2429/6/3 2617/5/3 2616/1/3
f 2623/1/4 2616/2/4 2617/6/4 2624/5/4
f 2436/2/5 2624/1/5 2617/5/5 2429/6/5
f 2435/1/6 2623/2/6 2624/6/6 2436/5/6
f 2436/2/1 2437/6/1 2430/5/1 2429/1/1
f 2436/2/2 2429/6/2 2617/5/2 2624/1/2
f 2429/2/3 2430/6/3 2618/5/3 2617/1/3
f 2624/1/4 2617/2/4 2618/6/4 2625/5/4
f 2437/6/5 2625/5/5 2618/1/5 2430/2/5
f 2436/1/6 2624/2/6 2625/6/6 2437/5/6
f 2437/2/1 2438/6/1 2431/5/1 2430/1/1
f 2437/1/2 2430/5/2 2618/6/2 2625/2/2
f 2430/2/3 2431/6/3 2619/5/3 2618/1/3
f 2625/1/4 2618/2/4 2619/6/4 2626/5/4
f 2438/5/5 2626/6/5 2619/2/5 2431/1/5
f 2437/1/6 2625/2/6 2626/6/6 2438/5/6
f 2440/2/1 2441/6/1 2433/5/1 2432/1/1
f 2440/6/2 2432/2/2 2620/1/2 2628/5/2
f 2432/2/3 2433/6/3 2621/5/3 2620/1/3
f 2628/1/4 2620/2/4 2621/6/4 2629/5/4
f 2441/2/5 2629/1/5 2621/5/5 2433/6/5
f 2440/1/6 2628/2/6 2629/6/6 2441/5/6
f 2442/2/1 2443/6/1 2435/5/1 2434/1/1
f 2442/2/2 2434/6/2 2622/5/2 2630/1/2
f 2434/2/3 2435/6/3 2623/5/3 2622/1/3
f 2630/1/4 2622/2/4 2623/6/4 2631/5/4
f 2443/6/5 2631/5/5 2623/1/5 2435/2/5
f 2442/1/6 2630/2/6 2631/6/6 2443/5/6
f 2443/2/1 2444/6/1 2436/5/1 2435/1/1
f 2443/1/2 2435/5/2 2623/6/2 2631/2/2
f 2435/2/3 2436/6/3 2624/5/3 2623/1/3
f 2631/1/4 2623/2/4 2624/6/4 2632/5/4
f 2444/5/5 2632/6/5 2624/2/5 2436/1/5
f 2443/1/6 2631/2/6 2632/6/6 2444/5/6
f 2444/2/1 2445/6/1 2437/5/1 2436/1/1
f 2444/6/2 2436/2/2 2624/1/2 2632/5/2
f 2436/2/3 2437/6/3 2625/5/3 2624/1/3
f 2632/1/4 2624/2/4 2625/6/4 2633/5/4
f 2445/2/5 2633/1/5 2625/5/5 2437/6/5
f 2444/1/6 2632/2/6 2633/6/6 2445/5/6
f 2445/2/1 2446/6/1 2438/5/1 2437/1/1
f 2445/5/2 2437/1/2 2625/2/2 2633/6/2
f 2437/2/3 2438/6/3 2626/5/3 2625/1/3
f 2633/1/4 2625/2/4 2626/6/4 2634/5/4
f 2446/1/5 2634/2/5 2626/6/5 2438/5/5
f 2445/1/6 2633/2/6 2634/6/6 2446/5/6
f 2446/2/1 2447/6/1 2439/5/1 2438/1/1
f 2446/1/2 2438/5/2 2626/6/2 2634/2/2
f 2438/2/3 2439/6/3 2627/5/3 2626/1/3
f 2634/1/4 2626/2/4 2627/6/4 2635/5/4
f 2447/5/5 2635/6/5 2627/2/5 2439/1/5
f 2446/1/6 2634/2/6 2635/6/6 2447/5/6
f 2448/2/1 2449/6/1 2441/5/1 2440/1/1
f 2448/1/2 2440/5/2 2628/6/2 2636/2/2
f 2440/2/3 2441/6/3 2629/5/3 2628/1/3
f 2636/1/4 2628/2/4 2629/6/4 2637/5/4
f 2449/5/5 2637/6/5 2629/2/5 2441/1/5
f 2448/1/6 2636/2/6 2637/6/6 2449/5/6
f 2449/2/1 2450/6/1 2442/5/1 2441/1/1
f 2449/2/2 2441/6/2 2629/5/2 2637/1/2
f 2441/2/3 2442/6/3 2630/5/3 2629/1/3
f 2637/1/4 2629/2/4 2630/6/4 2638/5/4
f 2450/6/5 2638/5/5 2630/1/5 2442/2/5
f 2449/1/6 2637/2/6 2638/6/6 2450/5/6
f 2450/2/1 2451/6/1 2443/5/1 2442/1/1
f 2450/1/2 2442/5/2 2630/6/2 2638/2/2
f 2442/2/3 2443/6/3 2631/5/3 2630/1/3
f 2638/1/4 2630/2/4 2631/6/4 2639/5/4
f 2451/5/5 2639/6/5 2631/2/5 2443/1/5
f 2450/1/6 2638/2/6 2639/6/6 2451/5/6
f 2451/2/1 2452/6/1 2444/5/1 2443/1/1
f 2451/5/2 2443/1/2 2631/2/2 2639/6/2
f 2443/2/3 2444/6/3 2632/5/3 2631/1/3
f 2639/1/4 2631/2/4 2632/6/4 2640/5/4
f 2452/1/5 2640/2/5 2632/6/5 2444/5/5
f 2451/1/6 2639/2/6 2640/6/6 2452/5/6
f 2452/2/1 2453/6/1 2445/5/1 2444/1/1
f 2452/1/2 2444/5/2 2632/6/2 2640/2/2
f 2444/2/3 2445/6/3 2633/5/3 2632/1/3
f 2640/1/4 2632/2/4 2633/6/4 2641/5/4
f 2453/5/5 2641/6/5 2633/2/5 2445/1/5
f 2452/1/6 2640/2/6 2641/6/6 2453/5/6
f 2453/2/1 2454/6/1 2446/5/1 2445/1/1
f 2453/2/2 2445/6/2 2633/5/2 2641/1/2
f 2445/2/3 2446/6/3 2634/5/3 2633/1/3
f 2641/1/4 2633/2/4 2634/6/4 2642/5/4
f 2454/6/5 2642/5/5 2634/1/5 2446/2/5
f 2453/1/6 2641/2/6 2642/6/6 2454/5/6
f 2454/2/1 2455/6/1 2447/5/1 2446/1/1
f 2454/1/2 2446/5/2 2634/6/2 2642/2/2
f 2446/2/3 2447/6/3 2635/5/3 2634/1/3
f 2642/1/4 2634/2/4 2635/6/4 2643/5/4
f 2455/5/5 2643/6/5 2635/2/5 2447/1/5
f 2454/1/6 2642/2/6 2643/6/6 2455/5/6
f 2458/2/1 2459/6/1 2450/5/1 2449/1/1
f 2458/2/2 2449/6/2 2637/5/2 2645/1/2
f 2449/2/3 2450/6/3 2638/5/3 2637/1/3
f 2645/1/4 2637/2/4 2638/6/4 2646/5/4
f 2459/6/5 2646/5/5 2638/1/5 2450/2/5
f 2458/1/6 2645/2/6 2646/6/6 2459/5/6
f 2459/2/1 2460/6/1 2451/5/1 2450/1/1
f 2459/1/2 2450/5/2 2638/6/2 2646/2/2
f 2450/2/3 2451/6/3 2639/5/3 2638/1/3
f 2646/1/4 2638/2/4 2639/6/4 2647/5/4
f 2460/5/5 2647/6/5 2639/2/5 2451/1/5
f 2459/1/6 2646/2/6 2647/6/6 2460/5/6
f 2460/2/1 2461/6/1 2452/5/1 2451/1/1
f 2460/1/2 2451/5/2 2639/6/2 2647/2/2
f 2451/2/3 2452/6/3 2640/5/3 2639/1/3
f 2647/1/4 2639/2/4 2640/6/4 2648/5/4
f 2461/5/5 2648/6/5 2640/2/5 2452/1/5
f 2460/1/6 2647/2/6 2648/6/6 2461/5/6
f 2461/2/1 2462/6/1 2453/5/1 2452/1/1
f 2461/2/2 2452/6/2 2640/5/2 2648/1/2
f 2452/2/3 2453/6/3 2641/5/3 2640/1/3
f 2648/1/4 2640/2/4 2641/6/4 2649/5/4
f 2462/6/5 2649/5/5 2641/1/5 2453/2/5
f 2461/1/6 2648/2/6 2649/6/6 2462/5/6
f 2462/2/1 2463/6/1 2454/5/1 2453/1/1
f 2462/6/2 2453/2/2 2641/1/2 2649/5/2
f 2453/2/3 2454/6/3 2642/5/3 2641/1/3
f 2649/1/4 2641/2/4 2642/6/4 2650/5/4
f 2463/2/5 2650/1/5 2642/5/5 2454/6/5
f 2462/1/6 2649/2/6 2650/6/6 2463/5/6
f 2463/2/1 2464/6/1 2455/5/1 2454/1/1
f 2463/6/2 2454/2/2 2642/1/2 2650/5/2
f 2454/2/3 2455/6/3 2643/5/3 2642/1/3
f 2650/1/4 2642/2/4 2643/6/4 2651/5/4
f 2464/2/5 2651/1/5 2643/5/5 2455/6/5
f 2463/1/6 2650/2/6 2651/6/6 2464/5/6
f 2464/2/1 2465/6/1 2456/5/1 2455/1/1
f 2464/1/2 2455/5/2 2643/6/2 2651/2/2
f 2455/2/3 2456/6/3 2644/5/3 2643/1/3
f 2651/1/4 2643/2/4 2644/6/4 2652/5/4
f 2465/5/5 2652/6/5 2644/2/5 2456/1/5
f 2464/1/6 2651/2/6 2652/6/6 2465/5/6
f 2467/2/1 2468/6/1 2459/5/1 2458/1/1
f 2467/5/2 2458/1/2 2645/2/2 2653/6/2
f 2458/2/3 2459/6/3 2646/5/3 2645/1/3
f 2653/1/4 2645/2/4 2646/6/4 2654/5/4
f 2468/1/5 2654/2/5 2646/6/5 2459/5/5
f 2467/1/6 2653/2/6 2654/6/6 2468/5/6
f 2468/2/1 2469/6/1 2460/5/1 2459/1/1
f 2468/5/2 2459/1/2 2646/2/2 2654/6/2
f 2459/2/3 2460/6/3 2647/5/3 2646/1/3
f 2654/1/4 2646/2/4 2647/6/4 2655/5/4
f 2469/1/5 2655/2/5 2647/6/5 2460/5/5
f 2468/1/6 2654/2/6 2655/6/6 2469/5/6
f 2469/2/1 2470/6/1 2461/5/1 2460/1/1
f 2469/2/2 2460/6/2 2647/5/2 2655/1/2
f 2460/2/3 2461/6/3 2648/5/3 2647/1/3
f 2655/1/4 2647/2/4 2648/6/4 2656/5/4
f 2470/6/5 2656/5/5 2648/1/5 2461/2/5
f 2469/1/6 2655/2/6 2656/6/6 2470/5/6
f 2470/2/1 2471/6/1 2462/5/1 2461/1/1
f 2470/1/2 2461/5/2 2648/6/2 2656/2/2
f 2461/2/3 2462/6/3 2649/5/3 2648/1/3
f 2656/1/4 2648/2/4 2649/6/4 2657/5/4
f 2471/5/5 2657/6/5 2649/2/5 2462/1/5
f 2470/1/6 2656/2/6 2657/6/6 2471/5/6
f 2471/2/1 2472/6/1 2463/5/1 2462/1/1
f 2471/2/2 2462/6/2 2649/5/2 2657/1/2
f 2462/2/3 2463/6/3 2650/5/3 2649/1/3
f 2657/1/4 2649/2/4 2650/6/4 2658/5/4
f 2472/6/5 2658/5/5 2650/1/5 2463/2/5
f 2471/1/6 2657/2/6 2658/6/6 2472/5/6
f 2472/2/1 2473/6/1 2464/5/1 2463/1/1
f 2472/5/2 2463/1/2 2650/2/2 2658/6/2
f 2463/2/3 2464/6/3 2651/5/3 2650/1/3
f 2658/1/4 2650/2/4 2651/6/4 2659/5/4
f 2473/1/5 2659/2/5 2651/6/5 2464/5/5
f 2472/1/6 2658/2/6 2659/6/6 2473/5/6
f 2473/2/1 2474/6/1 2465/5/1 2464/1/1
f 2473/5/2 2464/1/2 2651/2/2 2659/6/2
f 2464/2/3 2465/6/3 2652/5/3 2651/1/3
f 2659/1/4 2651/2/4 2652/6/4 2660/5/4
f 2474/1/5 2660/2/5 2652/6/5 2465/5/5
f 2473/1/6 2659/2/6 2660/6/6 2474/5/6
f 2475/2/1 2476/6/1 2468/5/1 2467/1/1
f 2475/2/2 2467/6/2 2653/5/2 2661/1/2
f 2467/2/3 2468/6/3 2654/5/3 2653/1/3
f 2661/1/4 2653/2/4 2654/6/4 2662/5/4
f 2476/6/5 2662/5/5 2654/1/5 2468/2/5
f 2475/1/6 2661/2/6 2662/6/6 2476/5/6
f 2476/2/1 2477/6/1 2469/5/1 2468/1/1
f 2476/6/2 2468/2/2 2654/1/2 2662/5/2
f 2468/2/3 2469/6/3 2655/5/3 2654/1/3
f 2662/1/4 2654/2/4 2655/6/4 2663/5/4
f 2477/2/5 2663/1/5 2655/5/5 2469/6/5
f 2476/1/6 2662/2/6 2663/6/6 2477/5/6
f 2477/2/1 2478/6/1 2470/5/1 2469/1/1
f 2477/1/2 2469/5/2 2655/6/2 2663/2/2
f 2469/2/3 2470/6/3 2656/5/3 2655/1/3
f 2663/1/4 2655/2/4 2656/6/4 2664/5/4
f 2478/5/5 2664/6/5 2656/2/5 2470/1/5
f 2477/1/6 2663/2/6 2664/6/6 2478/5/6
f 2478/2/1 2479/6/1 2471/5/1 2470/1/1
f 2478/2/2 2470/6/2 2656/5/2 2664/1/2
f 2470/2/3 2471/6/3 2657/5/3 2656/1/3
f 2664/1/4 2656/2/4 2657/6/4 2665/5/4
f 2479/6/5 2665/5/5 2657/1/5 2471/2/5
f 2478/1/6 2664/2/6 2665/6/6 2479/5/6
f 2479/2/1 2480/6/1 2472/5/1 2471/1/1
f 2479/6/2 2471/2/2 2657/1/2 2665/5/2
f 2471/2/3 2472/6/3 2658/5/3 2657/1/3
f 2665/1/4 2657/2/4 2658/6/4 2666/5/4
f 2480/2/5 2666/1/5 2658/5/5 2472/6/5
f 2479/1/6 2665/2/6 2666/6/6 2480/5/6
f 2480/2/1 2481/6/1 2473/5/1 2472/1/1
f 2480/6/2 2472/2/2 2658/1/2 2666/5/2
f 2472/2/3 2473/6/3 2659/5/3 2658/1/3
f 2666/1/4 2658/2/4 2659/6/4 2667/5/4
f 2481/2/5 2667/1/5 2659/5/5 2473/6/5
f 2480/1/6 2666/2/6 2667/6/6 2481/5/6
f 2481/2/1 2482/6/1 2474/5/1 2473/1/1
f 2481/6/2 2473/2/2 2659/1/2 2667/5/2
f 2473/2/3 2474/6/3 2660/5/3 2659/1/3
f 2667/1/4 2659/2/4 2660/6/4 2668/5/4
f 2482/2/5 2668/1/5 2660/5/5 2474/6/5
f 2481/1/6 2667/2/6 2668/6/6 2482/5/6
f 2487/2/1 2488/6/1 2486/5/1 2485/1/1
f 2487/6/2 2485/2/2 2669/1/2 2671/5/2
f 2485/2/3 2486/6/3 2670/5/3 2669/1/3
f 2671/1/4 2669/2/4 2670/6/4 2672/5/4
f 2488/2/5 2672/1/5 2670/5/5 2486/6/5
f 2487/1/6 2671/2/6 2672/6/6 2488/5/6
f 2489/2/1 2490/6/1 2488/5/1 2487/1/1
f 2489/2/2 2487/6/2 2671/5/2 2673/1/2
f 2487/2/3 2488/6/3 2672/5/3 2671/1/3
f 2673/1/4 2671/2/4 2672/6/4 2674/5/4
f 2490/6/5 2674/5/5 2672/1/5 2488/2/5
f 2489/1/6 2673/2/6 2674/6/6 2490/5/6
f 2491/2/1 2492/6/1 2490/5/1 2489/1/1
f 2491/5/2 2489/1/2 2673/2/2 2675/6/2
f 2489/2/3 2490/6/3 2674/5/3 2673/1/3
f 2675/1/4 2673/2/4 2674/6/4 2676/5/4
f 2492/1/5 2676/2/5 2674/6/5 2490/5/5
f 2491/1/6 2675/2/6 2676/6/6 2492/5/6
f 2493/2/1 2494/6/1 2492/5/1 2491/1/1
f 2493/6/2 2491/2/2 2675/1/2 2677/5/2
f 2491/2/3 2492/6/3 2676/5/3 2675/1/3
f 2677/1/4 2675/2/4 2676/6/4 2678/5/4
f 2494/2/5 2678/1/5 2676/5/5 2492/6/5
f 2493/1/6 2677/2/6 2678/6/6 2494/5/6
f 2496/2/1 2497/6/1 2494/5/1 2493/1/1
f 2496/1/2 2493/5/2 2677/6/2 2679/2/2
f 2493/2/3 2494/6/3 2678/5/3 2677/1/3
f 2679/1/4 2677/2/4 2678/6/4 2680/5/4
f 2497/5/5 2680/6/5 2678/2/5 2494/1/5
f 2496/1/6 2679/2/6 2680/6/6 2497/5/6
f 2500/2/1 2501/6/1 2497/5/1 2496/1/1
f 2500/6/2 2496/2/2 2679/1/2 2682/5/2
f 2496/2/3 2497/6/3 2680/5/3 2679/1/3
f 2682/1/4 2679/2/4 2680/6/4 2683/5/4
f 2501/2/5 2683/1/5 2680/5/5 2497/6/5
f 2500/1/6 2682/2/6 2683/6/6 2501/5/6
f 2501/2/1 2502/6/1 2498/5/1 2497/1/1
f 2501/2/2 2497/6/2 2680/5/2 2683/1/2
f 2497/2/3 2498/6/3 2681/5/3 2680/1/3
f 2683/1/4 2680/2/4 2681/6/4 2684/5/4
f 2502/6/5 2684/5/5 2681/1/5 2498/2/5
f 2501/1/6 2683/2/6 2684/6/6 2502/5/6
f 2510/2/1 2511/6/1 2501/5/1 2500/1/1
f 2510/6/2 2500/2/2 2682/1/2 2691/5/2
f 2500/2/3 2501/6/3 2683/5/3 2682/1/3
f 2691/1/4 2682/2/4 2683/6/4 2692/5/4
f 2511/2/5 2692/1/5 2683/5/5 2501/6/5
f 2510/1/6 2691/2/6 2692/6/6 2511/5/6
f 2511/2/1 2512/6/1 2502/5/1 2501/1/1
f 2511/6/2 2501/2/2 2683/1/2 2692/5/2
f 2501/2/3 2502/6/3 2684/5/3 2683/1/3
f 2692/1/4 2683/2/4 2684/6/4 2693/5/4
f 2512/2/5 2693/1/5 2684/5/5 2502/6/5
f 2511/1/6 2692/2/6 2693/6/6 2512/5/6
f 2512/2/1 2513/6/1 2503/5/1 2502/1/1
f 2512/6/2 2502/2/2 2684/1/2 2693/5/2
f 2502/2/3 2503/6/3 2685/5/3 2684/1/3
f 2693/1/4 2684/2/4 2685/6/4 2694/5/4
f 2513/2/5 2694/1/5 2685/5/5 2503/6/5
f 2512/1/6 2693/2/6 2694/6/6 2513/5/6
f 2514/2/1 2515/6/1 2505/5/1 2504/1/1
f 2514/5/2 2504/1/2 2686/2/2 2695/6/2
f 2504/2/3 2505/6/3 2687/5/3 2686/1/3
f 2695/1/4 2686/2/4 2687/6/4 2696/5/4
f 2515/1/5 2696/2/5 2687/6/5 2505/5/5
f 2514/1/6 2695/2/6 2696/6/6 2515/5/6
f 2515/2/1 2516/6/1 2506/5/1 2505/1/1
f 2515/2/2 2505/6/2 2687/5/2 2696/1/2
f 2505/2/3 2506/6/3 2688/5/3 2687/1/3
f 2696/1/4 2687/2/4 2688/6/4 2697/5/4
f 2516/6/5 2697/5/5 2688/1/5 2506/2/5
f 2515/1/6 2696/2/6 2697/6/6 2516/5/6
f 2516/2/1 2517/6/1 2507/5/1 2506/1/1
f 2516/1/2 2506/5/2 2688/6/2 2697/2/2
f 2506/2/3 2507/6/3 2689/5/3 2688/1/3
f 2697/1/4 2688/2/4 2689/6/4 2698/5/4
f 2517/5/5 2698/6/5 2689/2/5 2507/1/5
f 2516/1/6 2697/2/6 2698/6/6 2517/5/6
f 2518/2/1 2526/6/1 2509/5/1 2508/1/1
f 2518/2/2 2508/6/2 2690/5/2 2699/1/2
f 2508/2/3 2509/6/3 2700/5/3 2690/1/3
f 2699/1/4 2690/2/4 2700/6/4 2701/5/4
f 2526/6/5 2701/5/5 2700/1/5 2509/2/5
f 2518/1/6 2699/2/6 2701/6/6 2526/5/6
f 2526/2/1 2529/6/1 2702/5/1 2509/1/1
f 2526/1/2 2509/5/2 2700/6/2 2701/2/2
f 2509/2/3 2702/6/3 2703/5/3 2700/1/3
f 2701/1/4 2700/2/4 2703/6/4 2704/5/4
f 2529/5/5 2704/6/5 2703/2/5 2702/1/5
f 2526/1/6 2701/2/6 2704/6/6 2529/5/6
f 2529/2/1 2532/6/1 2705/5/1 2702/1/1
f 2529/2/2 2702/6/2 2703/5/2 2704/1/2
f 2702/2/3 2705/6/3 2706/5/3 2703/1/3
f 2704/1/4 2703/2/4 2706/6/4 2707/5/4
f 2532/6/5 2707/5/5 2706/1/5 2705/2/5
f 2529/1/6 2704/2/6 2707/6/6 2532/5/6
f 2541/2/1 2542/6/1 2535/5/1 2534/1/1
f 2541/1/2 2534/5/2 2709/6/2 2708/2/2
f 2534/2/3 2535/6/3 2710/5/3 2709/1/3
f 2708/1/4 2709/2/4 2710/6/4 2711/5/4
f 2542/5/5 2711/6/5 2710/2/5 2535/1/5
f 2541/1/6 2708/2/6 2711/6/6 2542/5/6
f 2542/2/1 2543/6/1 2536/5/1 2535/1/1
f 2542/2/2 2535/6/2 2710/5/2 2711/1/2
f 2535/2/3 2536/6/3 2712/5/3 2710/1/3
f 2711/1/4 2710/2/4 2712/6/4 2713/5/4
f 2543/6/5 2713/5/5 2712/1/5 2536/2/5
f 2542/1/6 2711/2/6 2713/6/6 2543/5/6
f 2543/2/1 2544/6/1 2537/5/1 2536/1/1
f 2543/6/2 2536/2/2 2712/1/2 2713/5/2
f 2536/2/3 2537/6/3 2714/5/3 2712/1/3
f 2713/1/4 2712/2/4 2714/6/4 2715/5/4
f 2544/2/5 2715/1/5 2714/5/5 2537/6/5
f 2543/1/6 2713/2/6 2715/6/6 2544/5/6
f 2544/2/1 2545/6/1 2538/5/1 2537/1/1
f 2544/6/2 2537/2/2 2714/1/2 2715/5/2
f 2537/2/3 2538/6/3 2716/5/3 2714/1/3
f 2715/1/4 2714/2/4 2716/6/4 2717/5/4
f 2545/2/5 2717/1/5 2716/5/5 2538/6/5
f 2544/1/6 2715/2/6 2717/6/6 2545/5/6
f 2545/2/1 2546/6/1 2539/5/1 2538/1/1
f 2545/2/2 2538/6/2 2716/5/2 2717/1/2
f 2538/2/3 2539/6/3 2718/5/3 2716/1/3
f 2717/1/4 2716/2/4 2718/6/4 2719/5/4
f 2546/6/5 2719/5/5 2718/1/5 2539/2/5
f 2545/1/6 2717/2/6 2719/6/6 2546/5/6
f 2546/2/1 2547/6/1 2540/5/1 2539/1/1
f 2546/1/2 2539/5/2 2718/6/2 2719/2/2
f 2539/2/3 2540/6/3 2720/5/3 2718/1/3
f 2719/1/4 2718/2/4 2720/6/4 2721/5/4
f 2547/5/5 2721/6/5 2720/2/5 2540/1/5
f 2546/1/6 2719/2/6 2721/6/6 2547/5/6
f 2548/2/1 2549/6/1 2542/5/1 2541/1/1
f 2548/2/2 2541/6/2 2708/5/2 2722/1/2
f 2541/2/3 2542/6/3 2711/5/3 2708/1/3
f 2722/1/4 2708/2/4 2711/6/4 2723/5/4
f 2549/6/5 2723/5/5 2711/1/5 2542/2/5
f 2548/1/6 2722/2/6 2723/6/6 2549/5/6
f 2549/2/1 2550/6/1 2543/5/1 2542/1/1
f 2549/5/2 2542/1/2 2711/2/2 2723/6/2
f 2542/2/3 2543/6/3 2713/5/3 2711/1/3
f 2723/1/4 2711/2/4 2713/6/4 2724/5/4
f 2550/1/5 2724/2/5 2713/6/5 2543/5/5
f 2549/1/6 2723/2/6 2724/6/6 2550/5/6
f 2550/2/1 2551/6/1 2544/5/1 2543/1/1
f 2550/5/2 2543/1/2 2713/2/2 2724/6/2
f 2543/2/3 2544/6/3 2715/5/3 2713/1/3
f 2724/1/4 2713/2/4 2715/6/4 2725/5/4
f 2551/1/5 2725/2/5 2715/6/5 2544/5/5
f 2550/1/6 2724/2/6 2725/6/6 2551/5/6
f 2551/2/1 2552/6/1 2545/5/1 2544/1/1
f 2551/2/2 2544/6/2 2715/5/2 2725/1/2
f 2544/2/3 2545/6/3 2717/5/3 2715/1/3
f 2725/1/4 2715/2/4 2717/6/4 2726/5/4
f 2552/6/5 2726/5/5 2717/1/5 2545/2/5
f 2551/1/6 2725/2/6 2726/6/6 2552/5/6
f 2552/2/1 2553/6/1 2546/5/1 2545/1/1
f 2552/2/2 2545/6/2 2717/5/2 2726/1/2
f 2545/2/3 2546/6/3 2719/5/3 2717/1/3
f 2726/1/4 2717/2/4 2719/6/4 2727/5/4
f 2553/6/5 2727/5/5 2719/1/5 2546/2/5
f 2552/1/6 2726/2/6 2727/6/6 2553/5/6
f 2553/2/1 2554/6/1 2547/5/1 2546/1/1
f 2553/5/2 2546/1/2 2719/2/2 2727/6/2
f 2546/2/3 2547/6/3 2721/5/3 2719/1/3
f 2727/1/4 2719/2/4 2721/6/4 2728/5/4
f 2554/1/5 2728/2/5 2721/6/5 2547/5/5
f 2553/1/6 2727/2/6 2728/6/6 2554/5/6
f 2555/2/1 2556/6/1 2549/5/1 2548/1/1
f 2555/6/2 2548/2/2 2722/1/2 2729/5/2
f 2548/2/3 2549/6/3 2723/5/3 2722/1/3
f 2729/1/4 2722/2/4 2723/6/4 2730/5/4
f 2556/2/5 2730/1/5 2723/5/5 2549/6/5
f 2555/1/6 2729/2/6 2730/6/6 2556/5/6
f 2556/2/1 2557/6/1 2550/5/1 2549/1/1
f 2556/6/2 2549/2/2 2723/1/2 2730/5/2
f 2549/2/3 2550/6/3 2724/5/3 2723/1/3
f 2730/1/4 2723/2/4 2724/6/4 2731/5/4
f 2557/2/5 2731/1/5 2724/5/5 2550/6/5
f 2556/1/6 2730/2/6 2731/6/6 2557/5/6
f 2557/2/1 2558/6/1 2551/5/1 2550/1/1
f 2557/5/2 2550/1/2 2724/2/2 2731/6/2
f 2550/2/3 2551/6/3 2725/5/3 2724/1/3
f 2731/1/4 2724/2/4 2725/6/4 2732/5/4
f 2558/1/5 2732/2/5 2725/6/5 2551/5/5
f 2557/1/6 2731/2/6 2732/6/6 2558/5/6
f 2558/2/1 2559/6/1 2552/5/1 2551/1/1
f 2558/1/2 2551/5/2 2725/6/2 2732/2/2
f 2551/2/3 2552/6/3 2726/5/3 2725/1/3
f 2732/1/4 2725/2/4 2726/6/4 2733/5/4
f 2559/5/5 2733/6/5 2726/2/5 2552/1/5
f 2558/1/6 2732/2/6 2733/6/6 2559/5/6
f 2559/2/1 2560/6/1 2553/5/1 2552/1/1
f 2559/2/2 2552/6/2 2726/5/2 2733/1/2
f 2552/2/3 2553/6/3 2727/5/3 2726/1/3
f 2733/1/4 2726/2/4 2727/6/4 2734/5/4
f 2560/6/5 2734/5/5 2727/1/5 2553/2/5
f 2559/1/6 2733/2/6 2734/6/6 2560/5/6
f 2562/2/1 2563/6/1 2556/5/1 2555/1/1
f 2562/5/2 2555/1/2 2729/2/2 2736/6/2
f 2555/2/3 2556/6/3 2730/5/3 2729/1/3
f 2736/1/4 2729/2/4 2730/6/4 2737/5/4
f 2563/1/5 2737/2/5 2730/6/5 2556/5/5
f 2562/1/6 2736/2/6 2737/6/6 2563/5/6
f 2563/2/1 2564/6/1 2557/5/1 2556/1/1
f 2563/6/2 2556/2/2 2730/1/2 2737/5/2
f 2556/2/3 2557/6/3 2731/5/3 2730/1/3
f 2737/1/4 2730/2/4 2731/6/4 2738/5/4
f 2564/2/5 2738/1/5 2731/5/5 2557/6/5
f 2563/1/6 2737/2/6 2738/6/6 2564/5/6
f 2564/2/1 2565/6/1 2558/5/1 2557/1/1
f 2564/2/2 2557/6/2 2731/5/2 2738/1/2
f 2557/2/3 2558/6/3 2732/5/3 2731/1/3
f 2738/1/4 2731/2/4 2732/6/4 2739/5/4
f 2565/6/5 2739/5/5 2732/1/5 2558/2/5
f 2564/1/6 2738/2/6 2739/6/6 2565/5/6
f 2565/2/1 2566/6/1 2559/5/1 2558/1/1
f 2565/5/2 2558/1/2 2732/2/2 2739/6/2
f 2558/2/3 2559/6/3 2733/5/3 2732/1/3
f 2739/1/4 2732/2/4 2733/6/4 2740/5/4
f 2566/1/5 2740/2/5 2733/6/5 2559/5/5
f 2565/1/6 2739/2/6 2740/6/6 2566/5/6
f 2566/2/1 2567/6/1 2560/5/1 2559/1/1
f 2566/6/2 2559/2/2 2733/1/2 2740/5/2
f 2559/2/3 2560/6/3 2734/5/3 2733/1/3
f 2740/1/4 2733/2/4 2734/6/4 2741/5/4
f 2567/2/5 2741/1/5 2734/5/5 2560/6/5
f 2566/1/6 2740/2/6 2741/6/6 2567/5/6
f 2571/2/1 2572/6/1 2565/5/1 2564/1/1
f 2571/1/2 2564/5/2 2738/6/2 2743/2/2
f 2564/2/3 2565/6/3 2739/5/3 2738/1/3
f 2743/1/4 2738/2/4 2739/6/4 2744/5/4
f 2572/5/5 2744/6/5 2739/2/5 2565/1/5
f 2571/1/6 2743/2/6 2744/6/6 2572/5/6
f 2572/2/1 2573/6/1 2566/5/1 2565/1/1
f 2572/5/2 2565/1/2 2739/2/2 2744/6/2
f 2565/2/3 2566/6/3 2740/5/3 2739/1/3
f 2744/1/4 2739/2/4 2740/6/4 2745/5/4
f 2573/1/5 2745/2/5 2740/6/5 2566/5/5
f 2572/1/6 2744/2/6 2745/6/6 2573/5/6
f 2573/2/1 2574/6/1 2567/5/1 2566/1/1
f 2573/5/2 2566/1/2 2740/2/2 2745/6/2
f 2566/2/3 2567/6/3 2741/5/3 2740/1/3
f 2745/1/4 2740/2/4 2741/6/4 2746/5/4
f 2574/1/5 2746/2/5 2741/6/5 2567/5/5
f 2573/1/6 2745/2/6 2746/6/6 2574/5/6
f 2574/2/1 2575/6/1 2568/5/1 2567/1/1
f 2574/6/2 2567/2/2 2741/1/2 2746/5/2
f 2567/2/3 2568/6/3 2742/5/3 2741/1/3
f 2746/1/4 2741/2/4 2742/6/4 2747/5/4
f 2575/2/5 2747/1/5 2742/5/5 2568/6/5
f 2574/1/6 2746/2/6 2747/6/6 2575/5/6
f 2586/2/1 2587/6/1 2573/5/1 2572/1/1
f 2586/5/2 2572/1/2 2744/2/2 2748/6/2
f 2572/2/3 2573/6/3 2745/5/3 2744/1/3
f 2748/1/4 2744/2/4 2745/6/4 2749/5/4
f 2587/1/5 2749/2/5 2745/6/5 2573/5/5
f 2586/1/6 2748/2/6 2749/6/6 2587/5/6
f 2587/2/1 2588/6/1 2574/5/1 2573/1/1
f 2587/2/2 2573/6/2 2745/5/2 2749/1/2
f 2573/2/3 2574/6/3 2746/5/3 2745/1/3
f 2749/1/4 2745/2/4 2746/6/4 2750/5/4
f 2588/6/5 2750/5/5 2746/1/5 2574/2/5
f 2587/1/6 2749/2/6 2750/6/6 2588/5/6
f 2588/2/1 2589/6/1 2575/5/1 2574/1/1
f 2588/5/2 2574/1/2 2746/2/2 2750/6/2
f 2574/2/3 2575/6/3 2747/5/3 2746/1/3
f 2750/1/4 2746/2/4 2747/6/4 2751/5/4
f 2589/1/5 2751/2/5 2747/6/5 2575/5/5
f 2588/1/6 2750/2/6 2751/6/6 2589/5/6
f 2752/2/1 2755/6/1 2581/5/1 2578/1/1
f 2752/2/2 2578/6/2 2753/5/2 2754/1/2
f 2578/2/3 2581/6/3 2756/5/3 2753/1/3
f 2754/1/4 2753/2/4 2756/6/4 2757/5/4
f 2755/6/5 2757/5/5 2756/1/5 2581/2/5
f 2752/1/6 2754/2/6 2757/6/6 2755/5/6
f 2755/2/1 2758/6/1 2584/5/1 2581/1/1
f 2755/2/2 2581/6/2 2756/5/2 2757/1/2
f 2581/2/3 2584/6/3 2759/5/3 2756/1/3
f 2757/1/4 2756/2/4 2759/6/4 2760/5/4
f 2758/6/5 2760/5/5 2759/1/5 2584/2/5
f 2755/1/6 2757/2/6 2760/6/6 2758/5/6
f 2593/2/1 2594/6/1 2587/5/1 2586/1/1
f 2593/2/2 2586/6/2 2748/5/2 2762/1/2
f 2586/2/3 2587/6/3 2749/5/3 2748/1/3
f 2762/1/4 2748/2/4 2749/6/4 2763/5/4
f 2594/6/5 2763/5/5 2749/1/5 2587/2/5
f 2593/1/6 2762/2/6 2763/6/6 2594/5/6
f 2594/2/1 2595/6/1 2588/5/1 2587/1/1
f 2594/2/2 2587/6/2 2749/5/2 2763/1/2
f 2587/2/3 2588/6/3 2750/5/3 2749/1/3
f 2763/1/4 2749/2/4 2750/6/4 2764/5/4
f 2595/6/5 2764/5/5 2750/1/5 2588/2/5
f 2594/1/6 2763/2/6 2764/6/6 2595/5/6
f 2595/2/1 2596/6/1 2589/5/1 2588/1/1
f 2595/2/2 2588/6/2 2750/5/2 2764/1/2
f 2588/2/3 2589/6/3 2751/5/3 2750/1/3
f 2764/1/4 2750/2/4 2751/6/4 2765/5/4
f 2596/6/5 2765/5/5 2751/1/5 2589/2/5
f 2595/1/6 2764/2/6 2765/6/6 2596/5/6
f 2599/2/1 2600/6/1 2593/5/1 2592/1/1
f 2599/6/2 2592/2/2 2761/1/2 2767/5/2
f 2592/2/3 2593/6/3 2762/5/3 2761/1/3
f 2767/1/4 2761/2/4 2762/6/4 2768/5/4
f 2600/2/5 2768/1/5 2762/5/5 2593/6/5
f 2599/1/6 2767/2/6 2768/6/6 2600/5/6
f 2600/2/1 2601/6/1 2594/5/1 2593/1/1
f 2600/1/2 2593/5/2 2762/6/2 2768/2/2
f 2593/2/3 2594/6/3 2763/5/3 2762/1/3
f 2768/1/4 2762/2/4 2763/6/4 2769/5/4
f 2601/5/5 2769/6/5 2763/2/5 2594/1/5
f 2600/1/6 2768/2/6 2769/6/6 2601/5/6
f 2605/2/1 2606/6/1 2599/5/1 2598/1/1
f 2605/1/2 2598/5/2 2766/6/2 2772/2/2
f 2598/2/3 2599/6/3 2767/5/3 2766/1/3
f 2772/1/4 2766/2/4 2767/6/4 2773/5/4
f 2606/5/5 2773/6/5 2767/2/5 2599/1/5
f 2605/1/6 2772/2/6 2773/6/6 2606/5/6
f 2606/2/1 2607/6/1 2600/5/1 2599/1/1
f 2606/6/2 2599/2/2 2767/1/2 2773/5/2
f 2599/2/3 2600/6/3 2768/5/3 2767/1/3
f 2773/1/4 2767/2/4 2768/6/4 2774/5/4
f 2607/2/5 2774/1/5 2768/5/5 2600/6/5
f 2606/1/6 2773/2/6 2774/6/6 2607/5/6
f 2607/2/1 2608/6/1 2601/5/1 2600/1/1
f 2607/6/2 2600/2/2 2768/1/2 2774/5/2
f 2600/2/3 2601/6/3 2769/5/3 2768/1/3
f 2774/1/4 2768/2/4 2769/6/4 2775/5/4
f 2608/2/5 2775/1/5 2769/5/5 2601/6/5
f 2607/1/6 2774/2/6 2775/6/6 2608/5/6
f 2614/2/1 2615/6/1 2607/5/1 2606/1/1
f 2614/2/2 2606/6/2 2773/5/2 2777/1/2
f 2606/2/3 2607/6/3 2774/5/3 2773/1/3
f 2777/1/4 2773/2/4 2774/6/4 2778/5/4
f 2615/6/5 2778/5/5 2774/1/5 2607/2/5
f 2614/1/6 2777/2/6 2778/6/6 2615/5/6
f 2615/2/1 2616/6/1 2608/5/1 2607/1/1
f 2615/5/2 2607/1/2 2774/2/2 2778/6/2
f 2607/2/3 2608/6/3 2775/5/3 2774/1/3
f 2778/1/4 2774/2/4 2775/6/4 2779/5/4
f 2616/1/5 2779/2/5 2775/6/5 2608/5/5
f 2615/1/6 2778/2/6 2779/6/6 2616/5/6
f 2621/2/1 2622/6/1 2615/5/1 2614/1/1
f 2621/1/2 2614/5/2 2777/6/2 2783/2/2
f 2614/2/3 2615/6/3 2778/5/3 2777/1/3
f 2783/1/4 2777/2/4 2778/6/4 2784/5/4
f 2622/5/5 2784/6/5 2778/2/5 2615/1/5
f 2621/1/6 2783/2/6 2784/6/6 2622/5/6
f 2624/2/1 2625/6/1 2618/5/1 2617/1/1
f 2624/2/2 2617/6/2 2780/5/2 2786/1/2
f 2617/2/3 2618/6/3 2781/5/3 2780/1/3
f 2786/1/4 2780/2/4 2781/6/4 2787/5/4
f 2625/6/5 2787/5/5 2781/1/5 2618/2/5
f 2624/1/6 2786/2/6 2787/6/6 2625/5/6
f 2625/2/1 2626/6/1 2619/5/1 2618/1/1
f 2625/6/2 2618/2/2 2781/1/2 2787/5/2
f 2618/2/3 2619/6/3 2782/5/3 2781/1/3
f 2787/1/4 2781/2/4 2782/6/4 2788/5/4
f 2626/2/5 2788/1/5 2782/5/5 2619/6/5
f 2625/1/6 2787/2/6 2788/6/6 2626/5/6
f 2629/2/1 2630/6/1 2622/5/1 2621/1/1
f 2629/2/2 2621/6/2 2783/5/2 2790/1/2
f 2621/2/3 2622/6/3 2784/5/3 2783/1/3
f 2790/1/4 2783/2/4 2784/6/4 2791/5/4
f 2630/6/5 2791/5/5 2784/1/5 2622/2/5
f 2629/1/6 2790/2/6 2791/6/6 2630/5/6
f 2630/2/1 2631/6/1 2623/5/1 2622/1/1
f 2630/1/2 2622/5/2 2784/6/2 2791/2/2
f 2622/2/3 2623/6/3 2785/5/3 2784/1/3
f 2791/1/4 2784/2/4 2785/6/4 2792/5/4
f 2631/5/5 2792/6/5 2785/2/5 2623/1/5
f 2630/1/6 2791/2/6 2792/6/6 2631/5/6
f 2631/2/1 2632/6/1 2624/5/1 2623/1/1
f 2631/5/2 2623/1/2 2785/2/2 2792/6/2
f 2623/2/3 2624/6/3 2786/5/3 2785/1/3
f 2792/1/4 2785/2/4 2786/6/4 2793/5/4
f 2632/1/5 2793/2/5 2786/6/5 2624/5/5
f 2631/1/6 2792/2/6 2793/6/6 2632/5/6
f 2632/2/1 2633/6/1 2625/5/1 2624/1/1
f 2632/1/2 2624/5/2 2786/6/2 2793/2/2
f 2624/2/3 2625/6/3 2787/5/3 2786/1/3
f 2793/1/4 2786/2/4 2787/6/4 2794/5/4
f 2633/5/5 2794/6/5 2787/2/5 2625/1/5
f 2632/1/6 2793/2/6 2794/6/6 2633/5/6
f 2633/2/1 2634/6/1 2626/5/1 2625/1/1
f 2633/5/2 2625/1/2 2787/2/2 2794/6/2
f 2625/2/3 2626/6/3 2788/5/3 2787/1/3
f 2794/1/4 2787/2/4 2788/6/4 2795/5/4
f 2634/1/5 2795/2/5 2788/6/5 2626/5/5
f 2633/1/6 2794/2/6 2795/6/6 2634/5/6
f 2634/2/1 2635/6/1 2627/5/1 2626/1/1
f 2634/2/2 2626/6/2 2788/5/2 2795/1/2
f 2626/2/3 2627/6/3 2789/5/3 2788/1/3
f 2795/1/4 2788/2/4 2789/6/4 2796/5/4
f 2635/6/5 2796/5/5 2789/1/5 2627/2/5
f 2634/1/6 2795/2/6 2796/6/6 2635/5/6
f 2637/2/1 2638/6/1 2630/5/1 2629/1/1
f 2637/1/2 2629/5/2 2790/6/2 2797/2/2
f 2629/2/3 2630/6/3 2791/5/3 2790/1/3
f 2797/1/4 2790/2/4 2791/6/4 2798/5/4
f 2638/5/5 2798/6/5 2791/2/5 2630/1/5
f 2637/1/6 2797/2/6 2798/6/6 2638/5/6
f 2638/2/1 2639/6/1 2631/5/1 2630/1/1
f 2638/5/2 2630/1/2 2791/2/2 2798/6/2
f 2630/2/3 2631/6/3 2792/5/3 2791/1/3
f 2798/1/4 2791/2/4 2792/6/4 2799/5/4
f 2639/1/5 2799/2/5 2792/6/5 2631/5/5
f 2638/1/6 2798/2/6 2799/6/6 2639/5/6
f 2639/2/1 2640/6/1 2632/5/1 2631/1/1
f 2639/2/2 2631/6/2 2792/5/2 2799/1/2
f 2631/2/3 2632/6/3 2793/5/3 2792/1/3
f 2799/1/4 2792/2/4 2793/6/4 2800/5/4
f 2640/6/5 2800/5/5 2793/1/5 2632/2/5
f 2639/1/6 2799/2/6 2800/6/6 2640/5/6
f 2640/2/1 2641/6/1 2633/5/1 2632/1/1
f 2640/2/2 2632/6/2 2793/5/2 2800/1/2
f 2632/2/3 2633/6/3 2794/5/3 2793/1/3
f 2800/1/4 2793/2/4 2794/6/4 2801/5/4
f 2641/6/5 2801/5/5 2794/1/5 2633/2/5
f 2640/1/6 2800/2/6 2801/6/6 2641/5/6
f 2641/2/1 2642/6/1 2634/5/1 2633/1/1
f 2641/1/2 2633/5/2 2794/6/2 2801/2/2
f 2633/2/3 2634/6/3 2795/5/3 2794/1/3
f 2801/1/4 2794/2/4 2795/6/4 2802/5/4
f 2642/5/5 2802/6/5 2795/2/5 2634/1/5
f 2641/1/6 2801/2/6 2802/6/6 2642/5/6
f 2642/2/1 2643/6/1 2635/5/1 2634/1/1
f 2642/6/2 2634/2/2 2795/1/2 2802/5/2
f 2634/2/3 2635/6/3 2796/5/3 2795/1/3
f 2802/1/4 2795/2/4 2796/6/4 2803/5/4
f 2643/2/5 2803/1/5 2796/5/5 2635/6/5
f 2642/1/6 2802/2/6 2803/6/6 2643/5/6
f 2645/2/1 2646/6/1 2638/5/1 2637/1/1
f 2645/5/2 2637/1/2 2797/2/2 2804/6/2
f 2637/2/3 2638/6/3 2798/5/3 2797/1/3
f 2804/1/4 2797/2/4 2798/6/4 2805/5/4
f 2646/1/5 2805/2/5 2798/6/5 2638/5/5
f 2645/1/6 2804/2/6 2805/6/6 2646/5/6
f 2646/2/1 2647/6/1 2639/5/1 2638/1/1
f 2646/2/2 2638/6/2 2798/5/2 2805/1/2
f 2638/2/3 2639/6/3 2799/5/3 2798/1/3
f 2805/1/4 2798/2/4 2799/6/4 2806/5/4
f 2647/6/5 2806/5/5 2799/1/5 2639/2/5
f 2646/1/6 2805/2/6 2806/6/6 2647/5/6
f 2647/2/1 2648/6/1 2640/5/1 2639/1/1
f 2647/6/2 2639/2/2 2799/1/2 2806/5/2
f 2639/2/3 2640/6/3 2800/5/3 2799/1/3
f 2806/1/4 2799/2/4 2800/6/4 2807/5/4
f 2648/2/5 2807/1/5 2800/5/5 2640/6/5
f 2647/1/6 2806/2/6 2807/6/6 2648/5/6
f 2648/2/1 2649/6/1 2641/5/1 2640/1/1
f 2648/1/2 2640/5/2 2800/6/2 2807/2/2
f 2640/2/3 2641/6/3 2801/5/3 2800/1/3
f 2807/1/4 2800/2/4 2801/6/4 2808/5/4
f 2649/5/5 2808/6/5 2801/2/5 2641/1/5
f 2648/1/6 2807/2/6 2808/6/6 2649/5/6
f 2649/2/1 2650/6/1 2642/5/1 2641/1/1
f 2649/1/2 2641/5/2 2801/6/2 2808/2/2
f 2641/2/3 2642/6/3 2802/5/3 2801/1/3
f 2808/1/4 2801/2/4 2802/6/4 2809/5/4
f 2650/5/5 2809/6/5 2802/2/5 2642/1/5
f 2649/1/6 2808/2/6 2809/6/6 2650/5/6
f 2650/2/1 2651/6/1 2643/5/1 2642/1/1
f 2650/5/2 2642/1/2 2802/2/2 2809/6/2
f 2642/2/3 2643/6/3 2803/5/3 2802/1/3
f 2809/1/4 2802/2/4 2803/6/4 2810/5/4
f 2651/1/5 2810/2/5 2803/6/5 2643/5/5
f 2650/1/6 2809/2/6 2810/6/6 2651/5/6
f 2653/2/1 2654/6/1 2646/5/1 2645/1/1
f 2653/5/2 2645/1/2 2804/2/2 2812/6/2
f 2645/2/3 2646/6/3 2805/5/3 2804/1/3
f 2812/1/4 2804/2/4 2805/6/4 2813/5/4
f 2654/1/5 2813/2/5 2805/6/5 2646/5/5
f 2653/1/6 2812/2/6 2813/6/6 2654/5/6
f 2654/2/1 2655/6/1 2647/5/1 2646/1/1
f 2654/5/2 2646/1/2 2805/2/2 2813/6/2
f 2646/2/3 2647/6/3 2806/5/3 2805/1/3
f 2813/1/4 2805/2/4 2806/6/4 2814/5/4
f 2655/1/5 2814/2/5 2806/6/5 2647/5/5
f 2654/1/6 2813/2/6 2814/6/6 2655/5/6
f 2655/2/1 2656/6/1 2648/5/1 2647/1/1
f 2655/2/2 2647/6/2 2806/5/2 2814/1/2
f 2647/2/3 2648/6/3 2807/5/3 2806/1/3
f 2814/1/4 2806/2/4 2807/6/4 2815/5/4
f 2656/6/5 2815/5/5 2807/1/5 2648/2/5
f 2655/1/6 2814/2/6 2815/6/6 2656/5/6
f 2656/2/1 2657/6/1 2649/5/1 2648/1/1
f 2656/5/2 2648/1/2 2807/2/2 2815/6/2
f 2648/2/3 2649/6/3 2808/5/3 2807/1/3
f 2815/1/4 2807/2/4 2808/6/4 2816/5/4
f 2657/1/5 2816/2/5 2808/6/5 2649/5/5
f 2656/1/6 2815/2/6 2816/6/6 2657/5/6
f 2657/2/1 2658/6/1 2650/5/1 2649/1/1
f 2657/2/2 2649/6/2 2808/5/2 2816/1/2
f 2649/2/3 2650/6/3 2809/5/3 2808/1/3
f 2816/1/4 2808/2/4 2809/6/4 2817/5/4
f 2658/6/5 2817/5/5 2809/1/5 2650/2/5
f 2657/1/6 2816/2/6 2817/6/6 2658/5/6
f 2658/2/1 2659/6/1 2651/5/1 2650/1/1
f 2658/5/2 2650/1/2 2809/2/2 2817/6/2
f 2650/2/3 2651/6/3 2810/5/3 2809/1/3
f 2817/1/4 2809/2/4 2810/6/4 2818/5/4
f 2659/1/5 2818/2/5 2810/6/5 2651/5/5
f 2658/1/6 2817/2/6 2818/6/6 2659/5/6
f 2659/2/1 2660/6/1 2652/5/1 2651/1/1
f 2659/2/2 2651/6/2 2810/5/2 2818/1/2
f 2651/2/3 2652/6/3 2811/5/3 2810/1/3
f 2818/1/4 2810/2/4 2811/6/4 2819/5/4
f 2660/6/5 2819/5/5 2811/1/5 2652/2/5
f 2659/1/6 2818/2/6 2819/6/6 2660/5/6
f 2661/2/1 2662/6/1 2654/5/1 2653/1/1
f 2661/5/2 2653/1/2 2812/2/2 2820/6/2
f 2653/2/3 2654/6/3 2813/5/3 2812/1/3
f 2820/1/4 2812/2/4 2813/6/4 2821/5/4
f 2662/1/5 2821/2/5 2813/6/5 2654/5/5
f 2661/1/6 2820/2/6 2821/6/6 2662/5/6
f 2662/2/1 2663/6/1 2655/5/1 2654/1/1
f 2662/2/2 2654/6/2 2813/5/2 2821/1/2
f 2654/2/3 2655/6/3 2814/5/3 2813/1/3
f 2821/1/4 2813/2/4 2814/6/4 2822/5/4
f 2663/6/5 2822/5/5 2814/1/5 2655/2/5
f 2662/1/6 2821/2/6 2822/6/6 2663/5/6
f 2663/2/1 2664/6/1 2656/5/1 2655/1/1
f 2663/6/2 2655/2/2 2814/1/2 2822/5/2
f 2655/2/3 2656/6/3 2815/5/3 2814/1/3
f 2822/1/4 2814/2/4 2815/6/4 2823/5/4
f 2664/2/5 2823/1/5 2815/5/5 2656/6/5
f 2663/1/6 2822/2/6 2823/6/6 2664/5/6
f 2664/2/1 2665/6/1 2657/5/1 2656/1/1
f 2664/2/2 2656/6/2 2815/5/2 2823/1/2
f 2656/2/3 2657/6/3 2816/5/3 2815/1/3
f 2823/1/4 2815/2/4 2816/6/4 2824/5/4
f 2665/6/5 2824/5/5 2816/1/5 2657/2/5
f 2664/1/6 2823/2/6 2824/6/6 2665/5/6
f 2665/2/1 2666/6/1 2658/5/1 2657/1/1
f 2665/2/2 2657/6/2 2816/5/2 2824/1/2
f 2657/2/3 2658/6/3 2817/5/3 2816/1/3
f 2824/1/4 2816/2/4 2817/6/4 2825/5/4
f 2666/6/5 2825/5/5 2817/1/5 2658/2/5
f 2665/1/6 2824/2/6 2825/6/6 2666/5/6
f 2666/2/1 2667/6/1 2659/5/1 2658/1/1
f 2666/6/2 2658/2/2 2817/1/2 2825/5/2
f 2658/2/3 2659/6/3 2818/5/3 2817/1/3
f 2825/1/4 2817/2/4 2818/6/4 2826/5/4
f 2667/2/5 2826/1/5 2818/5/5 2659/6/5
f 2666/1/6 2825/2/6 2826/6/6 2667/5/6
f 2667/2/1 2668/6/1 2660/5/1 2659/1/1
f 2667/1/2 2659/5/2 2818/6/2 2826/2/2
f 2659/2/3 2660/6/3 2819/5/3 2818/1/3
f 2826/1/4 2818/2/4 2819/6/4 2827/5/4
f 2668/5/5 2827/6/5 2819/2/5 2660/1/5
f 2667/1/6 2826/2/6 2827/6/6 2668/5/6
f 2675/2/1 2676/6/1 2674/5/1 2673/1/1
f 2675/1/2 2673/5/2 2828/6/2 2830/2/2
f 2673/2/3 2674/6/3 2829/5/3 2828/1/3
f 2830/1/4 2828/2/4 2829/6/4 2831/5/4
f 2676/5/5 2831/6/5 2829/2/5 2674/1/5
f 2675/1/6 2830/2/6 2831/6/6 2676/5/6
f 2677/2/1 2678/6/1 2676/5/1 2675/1/1
f 2677/2/2 2675/6/2 2830/5/2 2832/1/2
f 2675/2/3 2676/6/3 2831/5/3 2830/1/3
f 2832/1/4 2830/2/4 2831/6/4 2833/5/4
f 2678/6/5 2833/5/5 2831/1/5 2676/2/5
f 2677/1/6 2832/2/6 2833/6/6 2678/5/6
f 2679/2/1 2680/6/1 2678/5/1 2677/1/1
f 2679/2/2 2677/6/2 2832/5/2 2834/1/2
f 2677/2/3 2678/6/3 2833/5/3 2832/1/3
f 2834/1/4 2832/2/4 2833/6/4 2835/5/4
f 2680/6/5 2835/5/5 2833/1/5 2678/2/5
f 2679/1/6 2834/2/6 2835/6/6 2680/5/6
f 2682/2/1 2683/6/1 2680/5/1 2679/1/1
f 2682/1/2 2679/5/2 2834/6/2 2836/2/2
f 2679/2/3 2680/6/3 2835/5/3 2834/1/3
f 2836/1/4 2834/2/4 2835/6/4 2837/5/4
f 2683/5/5 2837/6/5 2835/2/5 2680/1/5
f 2682/1/6 2836/2/6 2837/6/6 2683/5/6
f 2691/2/1 2692/6/1 2683/5/1 2682/1/1
f 2691/6/2 2682/2/2 2836/1/2 2849/5/2
f 2682/2/3 2683/6/3 2837/5/3 2836/1/3
f 2849/1/4 2836/2/4 2837/6/4 2850/5/4
f 2692/2/5 2850/1/5 2837/5/5 2683/6/5
f 2691/1/6 2849/2/6 2850/6/6 2692/5/6
f 2692/2/1 2693/6/1 2684/5/1 2683/1/1
f 2692/1/2 2683/5/2 2837/6/2 2850/2/2
f 2683/2/3 2684/6/3 2838/5/3 2837/1/3
f 2850/1/4 2837/2/4 2838/6/4 2851/5/4
f 2693/5/5 2851/6/5 2838/2/5 2684/1/5
f 2692/1/6 2850/2/6 2851/6/6 2693/5/6
f 2697/2/1 2698/6/1 2689/5/1 2688/1/1
f 2697/6/2 2688/2/2 2839/1/2 2854/5/2
f 2688/2/3 2689/6/3 2840/5/3 2839/1/3
f 2854/1/4 2839/2/4 2840/6/4 2855/5/4
f 2698/2/5 2855/1/5 2840/5/5 2689/6/5
f 2697/1/6 2854/2/6 2855/6/6 2698/5/6
f 2856/2/1 2857/6/1 2692/5/1 2691/1/1
f 2856/6/2 2691/2/2 2849/1/2 2858/5/2
f 2691/2/3 2692/6/3 2850/5/3 2849/1/3
f 2858/1/4 2849/2/4 2850/6/4 2859/5/4
f 2857/2/5 2859/1/5 2850/5/5 2692/6/5
f 2856/1/6 2858/2/6 2859/6/6 2857/5/6
f 2857/2/1 2860/6/1 2693/5/1 2692/1/1
f 2857/6/2 2692/2/2 2850/1/2 2859/5/2
f 2692/2/3 2693/6/3 2851/5/3 2850/1/3
f 2859/1/4 2850/2/4 2851/6/4 2861/5/4
f 2860/2/5 2861/1/5 2851/5/5 2693/6/5
f 2857/1/6 2859/2/6 2861/6/6 2860/5/6
f 2860/2/1 2862/6/1 2694/5/1 2693/1/1
f 2860/2/2 2693/6/2 2851/5/2 2861/1/2
f 2693/2/3 2694/6/3 2852/5/3 2851/1/3
f 2861/1/4 2851/2/4 2852/6/4 2863/5/4
f 2862/6/5 2863/5/5 2852/1/5 2694/2/5
f 2860/1/6 2861/2/6 2863/6/6 2862/5/6
f 2864/2/1 2866/6/1 2696/5/1 2695/1/1
f 2864/5/2 2695/1/2 2853/2/2 2865/6/2
f 2695/2/3 2696/6/3 2867/5/3 2853/1/3
f 2865/1/4 2853/2/4 2867/6/4 2868/5/4
f 2866/1/5 2868/2/5 2867/6/5 2696/5/5
f 2864/1/6 2865/2/6 2868/6/6 2866/5/6
f 2866/2/1 2869/6/1 2697/5/1 2696/1/1
f 2866/6/2 2696/2/2 2867/1/2 2868/5/2
f 2696/2/3 2697/6/3 2854/5/3 2867/1/3
f 2868/1/4 2867/2/4 2854/6/4 2870/5/4
f 2869/2/5 2870/1/5 2854/5/5 2697/6/5
f 2866/1/6 2868/2/6 2870/6/6 2869/5/6
f 2709/2/1 2710/6/1 2857/5/1 2856/1/1
f 2709/5/2 2856/1/2 2858/2/2 2871/6/2
f 2856/2/3 2857/6/3 2859/5/3 2858/1/3
f 2871/1/4 2858/2/4 2859/6/4 2872/5/4
f 2710/1/5 2872/2/5 2859/6/5 2857/5/5
f 2709/1/6 2871/2/6 2872/6/6 2710/5/6
f 2710/2/1 2712/6/1 2860/5/1 2857/1/1
f 2710/5/2 2857/1/2 2859/2/2 2872/6/2
f 2857/2/3 2860/6/3 2861/5/3 2859/1/3
f 2872/1/4 2859/2/4 2861/6/4 2873/5/4
f 2712/1/5 2873/2/5 2861/6/5 2860/5/5
f 2710/1/6 2872/2/6 2873/6/6 2712/5/6
f 2712/2/1 2714/6/1 2862/5/1 2860/1/1
f 2712/1/2 2860/5/2 2861/6/2 2873/2/2
f 2860/2/3 2862/6/3 2863/5/3 2861/1/3
f 2873/1/4 2861/2/4 2863/6/4 2874/5/4
f 2714/5/5 2874/6/5 2863/2/5 2862/1/5
f 2712/1/6 2873/2/6 2874/6/6 2714/5/6
f 2714/2/1 2716/6/1 2864/5/1 2862/1/1
f 2714/5/2 2862/1/2 2863/2/2 2874/6/2
f 2862/2/3 2864/6/3 2865/5/3 2863/1/3
f 2874/1/4 2863/2/4 2865/6/4 2875/5/4
f 2716/1/5 2875/2/5 2865/6/5 2864/5/5
f 2714/1/6 2874/2/6 2875/6/6 2716/5/6
f 2716/2/1 2718/6/1 2866/5/1 2864/1/1
f 2716/1/2 2864/5/2 2865/6/2 2875/2/2
f 2864/2/3 2866/6/3 2868/5/3 2865/1/3
f 2875/1/4 2865/2/4 2868/6/4 2876/5/4
f 2718/5/5 2876/6/5 2868/2/5 2866/1/5
f 2716/1/6 2875/2/6 2876/6/6 2718/5/6
f 2708/2/1 2711/6/1 2710/5/1 2709/1/1
f 2708/6/2 2709/2/2 2871/1/2 2878/5/2
f 2709/2/3 2710/6/3 2872/5/3 2871/1/3
f 2878/1/4 2871/2/4 2872/6/4 2879/5/4
f 2711/2/5 2879/1/5 2872/5/5 2710/6/5
f 2708/1/6 2878/2/6 2879/6/6 2711/5/6
f 2711/2/1 2713/6/1 2712/5/1 2710/1/1
f 2711/2/2 2710/6/2 2872/5/2 2879/1/2
f 2710/2/3 2712/6/3 2873/5/3 2872/1/3
f 2879/1/4 2872/2/4 2873/6/4 2880/5/4
f 2713/6/5 2880/5/5 2873/1/5 2712/2/5
f 2711/1/6 2879/2/6 2880/6/6 2713/5/6
f 2713/2/1 2715/6/1 2714/5/1 2712/1/1
f 2713/6/2 2712/2/2 2873/1/2 2880/5/2
f 2712/2/3 2714/6/3 2874/5/3 2873/1/3
f 2880/1/4 2873/2/4 2874/6/4 2881/5/4
f 2715/2/5 2881/1/5 2874/5/5 2714/6/5
f 2713/1/6 2880/2/6 2881/6/6 2715/5/6
f 2715/2/1 2717/6/1 2716/5/1 2714/1/1
f 2715/6/2 2714/2/2 2874/1/2 2881/5/2
f 2714/2/3 2716/6/3 2875/5/3 2874/1/3
f 2881/1/4 2874/2/4 2875/6/4 2882/5/4
f 2717/2/5 2882/1/5 2875/5/5 2716/6/5
f 2715/1/6 2881/2/6 2882/6/6 2717/5/6
f 2717/2/1 2719/6/1 2718/5/1 2716/1/1
f 2717/1/2 2716/5/2 2875/6/2 2882/2/2
f 2716/2/3 2718/6/3 2876/5/3 2875/1/3
f 2882/1/4 2875/2/4 2876/6/4 2883/5/4
f 2719/5/5 2883/6/5 2876/2/5 2718/1/5
f 2717/1/6 2882/2/6 2883/6/6 2719/5/6
f 2719/2/1 2721/6/1 2720/5/1 2718/1/1
f 2719/5/2 2718/1/2 2876/2/2 2883/6/2
f 2718/2/3 2720/6/3 2877/5/3 2876/1/3
f 2883/1/4 2876/2/4 2877/6/4 2884/5/4
f 2721/1/5 2884/2/5 2877/6/5 2720/5/5
f 2719/1/6 2883/2/6 2884/6/6 2721/5/6
f 2722/2/1 2723/6/1 2711/5/1 2708/1/1
f 2722/1/2 2708/5/2 2878/6/2 2885/2/2
f 2708/2/3 2711/6/3 2879/5/3 2878/1/3
f 2885/1/4 2878/2/4 2879/6/4 2886/5/4
f 2723/5/5 2886/6/5 2879/2/5 2711/1/5
f 2722/1/6 2885/2/6 2886/6/6 2723/5/6
f 2723/2/1 2724/6/1 2713/5/1 2711/1/1
f 2723/6/2 2711/2/2 2879/1/2 2886/5/2
f 2711/2/3 2713/6/3 2880/5/3 2879/1/3
f 2886/1/4 2879/2/4 2880/6/4 2887/5/4
f 2724/2/5 2887/1/5 2880/5/5 2713/6/5
f 2723/1/6 2886/2/6 2887/6/6 2724/5/6
f 2724/2/1 2725/6/1 2715/5/1 2713/1/1
f 2724/5/2 2713/1/2 2880/2/2 2887/6/2
f 2713/2/3 2715/6/3 2881/5/3 2880/1/3
f 2887/1/4 2880/2/4 2881/6/4 2888/5/4
f 2725/1/5 2888/2/5 2881/6/5 2715/5/5
f 2724/1/6 2887/2/6 2888/6/6 2725/5/6
f 2725/2/1 2726/6/1 2717/5/1 2715/1/1
f 2725/1/2 2715/5/2 2881/6/2 2888/2/2
f 2715/2/3 2717/6/3 2882/5/3 2881/1/3
f 2888/1/4 2881/2/4 2882/6/4 2889/5/4
f 2726/5/5 2889/6/5 2882/2/5 2717/1/5
f 2725/1/6 2888/2/6 2889/6/6 2726/5/6
f 2726/2/1 2727/6/1 2719/5/1 2717/1/1
f 2726/1/2 2717/5/2 2882/6/2 2889/2/2
f 2717/2/3 2719/6/3 2883/5/3 2882/1/3
f 2889/1/4 2882/2/4 2883/6/4 2890/5/4
f 2727/5/5 2890/6/5 2883/2/5 2719/1/5
f 2726/1/6 2889/2/6 2890/6/6 2727/5/6
f 2727/2/1 2728/6/1 2721/5/1 2719/1/1
f 2727/5/2 2719/1/2 2883/2/2 2890/6/2
f 2719/2/3 2721/6/3 2884/5/3 2883/1/3
f 2890/1/4 2883/2/4 2884/6/4 2891/5/4
f 2728/1/5 2891/2/5 2884/6/5 2721/5/5
f 2727/1/6 2890/2/6 2891/6/6 2728/5/6
f 2729/2/1 2730/6/1 2723/5/1 2722/1/1
f 2729/1/2 2722/5/2 2885/6/2 2892/2/2
f 2722/2/3 2723/6/3 2886/5/3 2885/1/3
f 2892/1/4 2885/2/4 2886/6/4 2893/5/4
f 2730/5/5 2893/6/5 2886/2/5 2723/1/5
f 2729/1/6 2892/2/6 2893/6/6 2730/5/6
f 2730/2/1 2731/6/1 2724/5/1 2723/1/1
f 2730/6/2 2723/2/2 2886/1/2 2893/5/2
f 2723/2/3 2724/6/3 2887/5/3 2886/1/3
f 2893/1/4 2886/2/4 2887/6/4 2894/5/4
f 2731/2/5 2894/1/5 2887/5/5 2724/6/5
f 2730/1/6 2893/2/6 2894/6/6 2731/5/6
f 2731/2/1 2732/6/1 2725/5/1 2724/1/1
f 2731/2/2 2724/6/2 2887/5/2 2894/1/2
f 2724/2/3 2725/6/3 2888/5/3 2887/1/3
f 2894/1/4 2887/2/4 2888/6/4 2895/5/4
f 2732/6/5 2895/5/5 2888/1/5 2725/2/5
f 2731/1/6 2894/2/6 2895/6/6 2732/5/6
f 2732/2/1 2733/6/1 2726/5/1 2725/1/1
f 2732/1/2 2725/5/2 2888/6/2 2895/2/2
f 2725/2/3 2726/6/3 2889/5/3 2888/1/3
f 2895/1/4 2888/2/4 2889/6/4 2896/5/4
f 2733/5/5 2896/6/5 2889/2/5 2726/1/5
f 2732/1/6 2895/2/6 2896/6/6 2733/5/6
f 2733/2/1 2734/6/1 2727/5/1 2726/1/1
f 2733/5/2 2726/1/2 2889/2/2 2896/6/2
f 2726/2/3 2727/6/3 2890/5/3 2889/1/3
f 2896/1/4 2889/2/4 2890/6/4 2897/5/4
f 2734/1/5 2897/2/5 2890/6/5 2727/5/5
f 2733/1/6 2896/2/6 2897/6/6 2734/5/6
f 2734/2/1 2735/6/1 2728/5/1 2727/1/1
f 2734/1/2 2727/5/2 2890/6/2 2897/2/2
f 2727/2/3 2728/6/3 2891/5/3 2890/1/3
f 2897/1/4 2890/2/4 2891/6/4 2898/5/4
f 2735/5/5 2898/6/5 2891/2/5 2728/1/5
f 2734/1/6 2897/2/6 2898/6/6 2735/5/6
f 2736/2/1 2737/6/1 2730/5/1 2729/1/1
f 2736/1/2 2729/5/2 2892/6/2 2899/2/2
f 2729/2/3 2730/6/3 2893/5/3 2892/1/3
f 2899/1/4 2892/2/4 2893/6/4 2900/5/4
f 2737/5/5 2900/6/5 2893/2/5 2730/1/5
f 2736/1/6 2899/2/6 2900/6/6 2737/5/6
f 2737/2/1 2738/6/1 2731/5/1 2730/1/1
f 2737/2/2 2730/6/2 2893/5/2 2900/1/2
f 2730/2/3 2731/6/3 2894/5/3 2893/1/3
f 2900/1/4 2893/2/4 2894/6/4 2901/5/4
f 2738/6/5 2901/5/5 2894/1/5 2731/2/5
f 2737/1/6 2900/2/6 2901/6/6 2738/5/6
f 2738/2/1 2739/6/1 2732/5/1 2731/1/1
f 2738/6/2 2731/2/2 2894/1/2 2901/5/2
f 2731/2/3 2732/6/3 2895/5/3 2894/1/3
f 2901/1/4 2894/2/4 2895/6/4 2902/5/4
f 2739/2/5 2902/1/5 2895/5/5 2732/6/5
f 2738/1/6 2901/2/6 2902/6/6 2739/5/6
f 2739/2/1 2740/6/1 2733/5/1 2732/1/1
f 2739/1/2 2732/5/2 2895/6/2 2902/2/2
f 2732/2/3 2733/6/3 2896/5/3 2895/1/3
f 2902/1/4 2895/2/4 2896/6/4 2903/5/4
f 2740/5/5 2903/6/5 2896/2/5 2733/1/5
f 2739/1/6 2902/2/6 2903/6/6 2740/5/6
f 2740/2/1 2741/6/1 2734/5/1 2733/1/1
f 2740/5/2 2733/1/2 2896/2/2 2903/6/2
f 2733/2/3 2734/6/3 2897/5/3 2896/1/3
f 2903/1/4 2896/2/4 2897/6/4 2904/5/4
f 2741/1/5 2904/2/5 2897/6/5 2734/5/5
f 2740/1/6 2903/2/6 2904/6/6 2741/5/6
f 2741/2/1 2742/6/1 2735/5/1 2734/1/1
f 2741/2/2 2734/6/2 2897/5/2 2904/1/2
f 2734/2/3 2735/6/3 2898/5/3 2897/1/3
f 2904/1/4 2897/2/4 2898/6/4 2905/5/4
f 2742/6/5 2905/5/5 2898/1/5 2735/2/5
f 2741/1/6 2904/2/6 2905/6/6 2742/5/6
f 2743/2/1 2744/6/1 2739/5/1 2738/1/1
f 2743/1/2 2738/5/2 2901/6/2 2907/2/2
f 2738/2/3 2739/6/3 2902/5/3 2901/1/3
f 2907/1/4 2901/2/4 2902/6/4 2908/5/4
f 2744/5/5 2908/6/5 2902/2/5 2739/1/5
f 2743/1/6 2907/2/6 2908/6/6 2744/5/6
f 2744/2/1 2745/6/1 2740/5/1 2739/1/1
f 2744/6/2 2739/2/2 2902/1/2 2908/5/2
f 2739/2/3 2740/6/3 2903/5/3 2902/1/3
f 2908/1/4 2902/2/4 2903/6/4 2909/5/4
f 2745/2/5 2909/1/5 2903/5/5 2740/6/5
f 2744/1/6 2908/2/6 2909/6/6 2745/5/6
f 2745/2/1 2746/6/1 2741/5/1 2740/1/1
f 2745/1/2 2740/5/2 2903/6/2 2909/2/2
f 2740/2/3 2741/6/3 2904/5/3 2903/1/3
f 2909/1/4 2903/2/4 2904/6/4 2910/5/4
f 2746/5/5 2910/6/5 2904/2/5 2741/1/5
f 2745/1/6 2909/2/6 2910/6/6 2746/5/6
f 2746/2/1 2747/6/1 2742/5/1 2741/1/1
f 2746/1/2 2741/5/2 2904/6/2 2910/2/2
f 2741/2/3 2742/6/3 2905/5/3 2904/1/3
f 2910/1/4 2904/2/4 2905/6/4 2911/5/4
f 2747/5/5 2911/6/5 2905/2/5 2742/1/5
f 2746/1/6 2910/2/6 2911/6/6 2747/5/6
f 2748/2/1 2749/6/1 2745/5/1 2744/1/1
f 2748/6/2 2744/2/2 2908/1/2 2912/5/2
f 2744/2/3 2745/6/3 2909/5/3 2908/1/3
f 2912/1/4 2908/2/4 2909/6/4 2913/5/4
f 2749/2/5 2913/1/5 2909/5/5 2745/6/5
f 2748/1/6 2912/2/6 2913/6/6 2749/5/6
f 2749/2/1 2750/6/1 2746/5/1 2745/1/1
f 2749/2/2 2745/6/2 2909/5/2 2913/1/2
f 2745/2/3 2746/6/3 2910/5/3 2909/1/3
f 2913/1/4 2909/2/4 2910/6/4 2914/5/4
f 2750/6/5 2914/5/5 2910/1/5 2746/2/5
f 2749/1/6 2913/2/6 2914/6/6 2750/5/6
f 2762/2/1 2763/6/1 2749/5/1 2748/1/1
f 2762/5/2 2748/1/2 2912/2/2 2918/6/2
f 2748/2/3 2749/6/3 2913/5/3 2912/1/3
f 2918/1/4 2912/2/4 2913/6/4 2919/5/4
f 2763/1/5 2919/2/5 2913/6/5 2749/5/5
f 2762/1/6 2918/2/6 2919/6/6 2763/5/6
f 2763/2/1 2764/6/1 2750/5/1 2749/1/1
f 2763/1/2 2749/5/2 2913/6/2 2919/2/2
f 2749/2/3 2750/6/3 2914/5/3 2913/1/3
f 2919/1/4 2913/2/4 2914/6/4 2920/5/4
f 2764/5/5 2920/6/5 2914/2/5 2750/1/5
f 2763/1/6 2919/2/6 2920/6/6 2764/5/6
f 2764/2/1 2765/6/1 2751/5/1 2750/1/1
f 2764/5/2 2750/1/2 2914/2/2 2920/6/2
f 2750/2/3 2751/6/3 2915/5/3 2914/1/3
f 2920/1/4 2914/2/4 2915/6/4 2921/5/4
f 2765/1/5 2921/2/5 2915/6/5 2751/5/5
f 2764/1/6 2920/2/6 2921/6/6 2765/5/6
f 2767/2/1 2768/6/1 2762/5/1 2761/1/1
f 2767/2/2 2761/6/2 2917/5/2 2929/1/2
f 2761/2/3 2762/6/3 2918/5/3 2917/1/3
f 2929/1/4 2917/2/4 2918/6/4 2930/5/4
f 2768/6/5 2930/5/5 2918/1/5 2762/2/5
f 2767/1/6 2929/2/6 2930/6/6 2768/5/6
f 2768/2/1 2769/6/1 2763/5/1 2762/1/1
f 2768/1/2 2762/5/2 2918/6/2 2930/2/2
f 2762/2/3 2763/6/3 2919/5/3 2918/1/3
f 2930/1/4 2918/2/4 2919/6/4 2931/5/4
f 2769/5/5 2931/6/5 2919/2/5 2763/1/5
f 2768/1/6 2930/2/6 2931/6/6 2769/5/6
f 2769/2/1 2770/6/1 2764/5/1 2763/1/1
f 2769/6/2 2763/2/2 2919/1/2 2931/5/2
f 2763/2/3 2764/6/3 2920/5/3 2919/1/3
f 2931/1/4 2919/2/4 2920/6/4 2932/5/4
f 2770/2/5 2932/1/5 2920/5/5 2764/6/5
f 2769/1/6 2931/2/6 2932/6/6 2770/5/6
f 2770/2/1 2771/6/1 2765/5/1 2764/1/1
f 2770/2/2 2764/6/2 2920/5/2 2932/1/2
f 2764/2/3 2765/6/3 2921/5/3 2920/1/3
f 2932/1/4 2920/2/4 2921/6/4 2933/5/4
f 2771/6/5 2933/5/5 2921/1/5 2765/2/5
f 2770/1/6 2932/2/6 2933/6/6 2771/5/6
f 2773/2/1 2774/6/1 2768/5/1 2767/1/1
f 2773/5/2 2767/1/2 2929/2/2 2934/6/2
f 2767/2/3 2768/6/3 2930/5/3 2929/1/3
f 2934/1/4 2929/2/4 2930/6/4 2935/5/4
f 2774/1/5 2935/2/5 2930/6/5 2768/5/5
f 2773/1/6 2934/2/6 2935/6/6 2774/5/6
f 2774/2/1 2775/6/1 2769/5/1 2768/1/1
f 2774/6/2 2768/2/2 2930/1/2 2935/5/2
f 2768/2/3 2769/6/3 2931/5/3 2930/1/3
f 2935/1/4 2930/2/4 2931/6/4 2936/5/4
f 2775/2/5 2936/1/5 2931/5/5 2769/6/5
f 2774/1/6 2935/2/6 2936/6/6 2775/5/6
f 2777/2/1 2778/6/1 2774/5/1 2773/1/1
f 2777/6/2 2773/2/2 2934/1/2 2939/5/2
f 2773/2/3 2774/6/3 2935/5/3 2934/1/3
f 2939/1/4 2934/2/4 2935/6/4 2940/5/4
f 2778/2/5 2940/1/5 2935/5/5 2774/6/5
f 2777/1/6 2939/2/6 2940/6/6 2778/5/6
f 2778/2/1 2779/6/1 2775/5/1 2774/1/1
f 2778/1/2 2774/5/2 2935/6/2 2940/2/2
f 2774/2/3 2775/6/3 2936/5/3 2935/1/3
f 2940/1/4 2935/2/4 2936/6/4 2941/5/4
f 2779/5/5 2941/6/5 2936/2/5 2775/1/5
f 2778/1/6 2940/2/6 2941/6/6 2779/5/6
f 2779/2/1 2780/6/1 2776/5/1 2775/1/1
f 2779/5/2 2775/1/2 2936/2/2 2941/6/2
f 2775/2/3 2776/6/3 2937/5/3 2936/1/3
f 2941/1/4 2936/2/4 2937/6/4 2942/5/4
f 2780/1/5 2942/2/5 2937/6/5 2776/5/5
f 2779/1/6 2941/2/6 2942/6/6 2780/5/6
f 2783/2/1 2784/6/1 2778/5/1 2777/1/1
f 2783/1/2 2777/5/2 2939/6/2 2945/2/2
f 2777/2/3 2778/6/3 2940/5/3 2939/1/3
f 2945/1/4 2939/2/4 2940/6/4 2946/5/4
f 2784/5/5 2946/6/5 2940/2/5 2778/1/5
f 2783/1/6 2945/2/6 2946/6/6 2784/5/6
f 2784/2/1 2785/6/1 2779/5/1 2778/1/1
f 2784/2/2 2778/6/2 2940/5/2 2946/1/2
f 2778/2/3 2779/6/3 2941/5/3 2940/1/3
f 2946/1/4 2940/2/4 2941/6/4 2947/5/4
f 2785/6/5 2947/5/5 2941/1/5 2779/2/5
f 2784/1/6 2946/2/6 2947/6/6 2785/5/6
f 2785/2/1 2786/6/1 2780/5/1 2779/1/1
f 2785/1/2 2779/5/2 2941/6/2 2947/2/2
f 2779/2/3 2780/6/3 2942/5/3 2941/1/3
f 2947/1/4 2941/2/4 2942/6/4 2948/5/4
f 2786/5/5 2948/6/5 2942/2/5 2780/1/5
f 2785/1/6 2947/2/6 2948/6/6 2786/5/6
f 2786/2/1 2787/6/1 2781/5/1 2780/1/1
f 2786/1/2 2780/5/2 2942/6/2 2948/2/2
f 2780/2/3 2781/6/3 2943/5/3 2942/1/3
f 2948/1/4 2942/2/4 2943/6/4 2949/5/4
f 2787/5/5 2949/6/5 2943/2/5 2781/1/5
f 2786/1/6 2948/2/6 2949/6/6 2787/5/6
f 2787/2/1 2788/6/1 2782/5/1 2781/1/1
f 2787/2/2 2781/6/2 2943/5/2 2949/1/2
f 2781/2/3 2782/6/3 2944/5/3 2943/1/3
f 2949/1/4 2943/2/4 2944/6/4 2950/5/4
f 2788/6/5 2950/5/5 2944/1/5 2782/2/5
f 2787/1/6 2949/2/6 2950/6/6 2788/5/6
f 2790/2/1 2791/6/1 2784/5/1 2783/1/1
f 2790/6/2 2783/2/2 2945/1/2 2951/5/2
f 2783/2/3 2784/6/3 2946/5/3 2945/1/3
f 2951/1/4 2945/2/4 2946/6/4 2952/5/4
f 2791/2/5 2952/1/5 2946/5/5 2784/6/5
f 2790/1/6 2951/2/6 2952/6/6 2791/5/6
f 2791/2/1 2792/6/1 2785/5/1 2784/1/1
f 2791/6/2 2784/2/2 2946/1/2 2952/5/2
f 2784/2/3 2785/6/3 2947/5/3 2946/1/3
f 2952/1/4 2946/2/4 2947/6/4 2953/5/4
f 2792/2/5 2953/1/5 2947/5/5 2785/6/5
f 2791/1/6 2952/2/6 2953/6/6 2792/5/6
f 2792/2/1 2793/6/1 2786/5/1 2785/1/1
f 2792/1/2 2785/5/2 2947/6/2 2953/2/2
f 2785/2/3 2786/6/3 2948/5/3 2947/1/3
f 2953/1/4 2947/2/4 2948/6/4 2954/5/4
f 2793/5/5 2954/6/5 2948/2/5 2786/1/5
f 2792/1/6 2953/2/6 2954/6/6 2793/5/6
f 2793/2/1 2794/6/1 2787/5/1 2786/1/1
f 2793/5/2 2786/1/2 2948/2/2 2954/6/2
f 2786/2/3 2787/6/3 2949/5/3 2948/1/3
f 2954/1/4 2948/2/4 2949/6/4 2955/5/4
f 2794/1/5 2955/2/5 2949/6/5 2787/5/5
f 2793/1/6 2954/2/6 2955/6/6 2794/5/6
f 2794/2/1 2795/6/1 2788/5/1 2787/1/1
f 2794/2/2 2787/6/2 2949/5/2 2955/1/2
f 2787/2/3 2788/6/3 2950/5/3 2949/1/3
f 2955/1/4 2949/2/4 2950/6/4 2956/5/4
f 2795/6/5 2956/5/5 2950/1/5 2788/2/5
f 2794/1/6 2955/2/6 2956/6/6 2795/5/6
f 2797/2/1 2798/6/1 2791/5/1 2790/1/1
f 2797/6/2 2790/2/2 2951/1/2 2958/5/2
f 2790/2/3 2791/6/3 2952/5/3 2951/1/3
f 2958/1/4 2951/2/4 2952/6/4 2959/5/4
f 2798/2/5 2959/1/5 2952/5/5 2791/6/5
f 2797/1/6 2958/2/6 2959/6/6 2798/5/6
f 2798/2/1 2799/6/1 2792/5/1 2791/1/1
f 2798/2/2 2791/6/2 2952/5/2 2959/1/2
f 2791/2/3 2792/6/3 2953/5/3 2952/1/3
f 2959/1/4 2952/2/4 2953/6/4 2960/5/4
f 2799/6/5 2960/5/5 2953/1/5 2792/2/5
f 2798/1/6 2959/2/6 2960/6/6 2799/5/6
f 2799/2/1 2800/6/1 2793/5/1 2792/1/1
f 2799/6/2 2792/2/2 2953/1/2 2960/5/2
f 2792/2/3 2793/6/3 2954/5/3 2953/1/3
f 2960/1/4 2953/2/4 2954/6/4 2961/5/4
f 2800/2/5 2961/1/5 2954/5/5 2793/6/5
f 2799/1/6 2960/2/6 2961/6/6 2800/5/6
f 2800/2/1 2801/6/1 2794/5/1 2793/1/1
f 2800/5/2 2793/1/2 2954/2/2 2961/6/2
f 2793/2/3 2794/6/3 2955/5/3 2954/1/3
f 2961/1/4 2954/2/4 2955/6/4 2962/5/4
f 2801/1/5 2962/2/5 2955/6/5 2794/5/5
f 2800/1/6 2961/2/6 2962/6/6 2801/5/6
f 2801/2/1 2802/6/1 2795/5/1 2794/1/1
f 2801/5/2 2794/1/2 2955/2/2 2962/6/2
f 2794/2/3 2795/6/3 2956/5/3 2955/1/3
f 2962/1/4 2955/2/4 2956/6/4 2963/5/4
f 2802/1/5 2963/2/5 2956/6/5 2795/5/5
f 2801/1/6 2962/2/6 2963/6/6 2802/5/6
f 2802/2/1 2803/6/1 2796/5/1 2795/1/1
f 2802/1/2 2795/5/2 2956/6/2 2963/2/2
f 2795/2/3 2796/6/3 2957/5/3 2956/1/3
f 2963/1/4 2956/2/4 2957/6/4 2964/5/4
f 2803/5/5 2964/6/5 2957/2/5 2796/1/5
f 2802/1/6 2963/2/6 2964/6/6 2803/5/6
f 2804/2/1 2805/6/1 2798/5/1 2797/1/1
f 2804/1/2 2797/5/2 2958/6/2 2965/2/2
f 2797/2/3 2798/6/3 2959/5/3 2958/1/3
f 2965/1/4 2958/2/4 2959/6/4 2966/5/4
f 2805/5/5 2966/6/5 2959/2/5 2798/1/5
f 2804/1/6 2965/2/6 2966/6/6 2805/5/6
f 2805/2/1 2806/6/1 2799/5/1 2798/1/1
f 2805/1/2 2798/5/2 2959/6/2 2966/2/2
f 2798/2/3 2799/6/3 2960/5/3 2959/1/3
f 2966/1/4 2959/2/4 2960/6/4 2967/5/4
f 2806/5/5 2967/6/5 2960/2/5 2799/1/5
f 2805/1/6 2966/2/6 2967/6/6 2806/5/6
f 2806/2/1 2807/6/1 2800/5/1 2799/1/1
f 2806/1/2 2799/5/2 2960/6/2 2967/2/2
f 2799/2/3 2800/6/3 2961/5/3 2960/1/3
f 2967/1/4 2960/2/4 2961/6/4 2968/5/4
f 2807/5/5 2968/6/5 2961/2/5 2800/1/5
f 2806/1/6 2967/2/6 2968/6/6 2807/5/6
f 2807/2/1 2808/6/1 2801/5/1 2800/1/1
f 2807/6/2 2800/2/2 2961/1/2 2968/5/2
f 2800/2/3 2801/6/3 2962/5/3 2961/1/3
f 2968/1/4 2961/2/4 2962/6/4 2969/5/4
f 2808/2/5 2969/1/5 2962/5/5 2801/6/5
f 2807/1/6 2968/2/6 2969/6/6 2808/5/6
f 2808/2/1 2809/6/1 2802/5/1 2801/1/1
f 2808/6/2 2801/2/2 2962/1/2 2969/5/2
f 2801/2/3 2802/6/3 2963/5/3 2962/1/3
f 2969/1/4 2962/2/4 2963/6/4 2970/5/4
f 2809/2/5 2970/1/5 2963/5/5 2802/6/5
f 2808/1/6 2969/2/6 2970/6/6 2809/5/6
f 2809/2/1 2810/6/1 2803/5/1 2802/1/1
f 2809/5/2 2802/1/2 2963/2/2 2970/6/2
f 2802/2/3 2803/6/3 2964/5/3 2963/1/3
f 2970/1/4 2963/2/4 2964/6/4 2971/5/4
f 2810/1/5 2971/2/5 2964/6/5 2803/5/5
f 2809/1/6 2970/2/6 2971/6/6 2810/5/6
f 2813/2/1 2814/6/1 2806/5/1 2805/1/1
f 2813/5/2 2805/1/2 2966/2/2 2973/6/2
f 2805/2/3 2806/6/3 2967/5/3 2966/1/3
f 2973/1/4 2966/2/4 2967/6/4 2974/5/4
f 2814/1/5 2974/2/5 2967/6/5 2806/5/5
f 2813/1/6 2973/2/6 2974/6/6 2814/5/6
f 2814/2/1 2815/6/1 2807/5/1 2806/1/1
f 2814/6/2 2806/2/2 2967/1/2 2974/5/2
f 2806/2/3 2807/6/3 2968/5/3 2967/1/3
f 2974/1/4 2967/2/4 2968/6/4 2975/5/4
f 2815/2/5 2975/1/5 2968/5/5 2807/6/5
f 2814/1/6 2974/2/6 2975/6/6 2815/5/6
f 2815/2/1 2816/6/1 2808/5/1 2807/1/1
f 2815/2/2 2807/6/2 2968/5/2 2975/1/2
f 2807/2/3 2808/6/3 2969/5/3 2968/1/3
f 2975/1/4 2968/2/4 2969/6/4 2976/5/4
f 2816/6/5 2976/5/5 2969/1/5 2808/2/5
f 2815/1/6 2975/2/6 2976/6/6 2816/5/6
f 2816/2/1 2817/6/1 2809/5/1 2808/1/1
f 2816/2/2 2808/6/2 2969/5/2 2976/1/2
f 2808/2/3 2809/6/3 2970/5/3 2969/1/3
f 2976/1/4 2969/2/4 2970/6/4 2977/5/4
f 2817/6/5 2977/5/5 2970/1/5 2809/2/5
f 2816/1/6 2976/2/6 2977/6/6 2817/5/6
f 2817/2/1 2818/6/1 2810/5/1 2809/1/1
f 2817/1/2 2809/5/2 2970/6/2 2977/2/2
f 2809/2/3 2810/6/3 2971/5/3 2970/1/3
f 2977/1/4 2970/2/4 2971/6/4 2978/5/4
f 2818/5/5 2978/6/5 2971/2/5 2810/1/5
f 2817/1/6 2977/2/6 2978/6/6 2818/5/6
f 2820/2/1 2821/6/1 2813/5/1 2812/1/1
f 2820/2/2 2812/6/2 2972/5/2 2980/1/2
f 2812/2/3 2813/6/3 2973/5/3 2972/1/3
f 2980/1/4 2972/2/4 2973/6/4 2981/5/4
f 2821/6/5 2981/5/5 2973/1/5 2813/2/5
f 2820/1/6 2980/2/6 2981/6/6 2821/5/6
f 2821/2/1 2822/6/1 2814/5/1 2813/1/1
f 2821/1/2 2813/5/2 2973/6/2 2981/2/2
f 2813/2/3 2814/6/3 2974/5/3 2973/1/3
f 2981/1/4 2973/2/4 2974/6/4 2982/5/4
f 2822/5/5 2982/6/5 2974/2/5 2814/1/5
f 2821/1/6 2981/2/6 2982/6/6 2822/5/6
f 2822/2/1 2823/6/1 2815/5/1 2814/1/1
f 2822/5/2 2814/1/2 2974/2/2 2982/6/2
f 2814/2/3 2815/6/3 2975/5/3 2974/1/3
f 2982/1/4 2974/2/4 2975/6/4 2983/5/4
f 2823/1/5 2983/2/5 2975/6/5 2815/5/5
f 2822/1/6 2982/2/6 2983/6/6 2823/5/6
f 2823/2/1 2824/6/1 2816/5/1 2815/1/1
f 2823/1/2 2815/5/2 2975/6/2 2983/2/2
f 2815/2/3 2816/6/3 2976/5/3 2975/1/3
f 2983/1/4 2975/2/4 2976/6/4 2984/5/4
f 2824/5/5 2984/6/5 2976/2/5 2816/1/5
f 2823/1/6 2983/2/6 2984/6/6 2824/5/6
f 2824/2/1 2825/6/1 2817/5/1 2816/1/1
f 2824/2/2 2816/6/2 2976/5/2 2984/1/2
f 2816/2/3 2817/6/3 2977/5/3 2976/1/3
f 2984/1/4 2976/2/4 2977/6/4 2985/5/4
f 2825/6/5 2985/5/5 2977/1/5 2817/2/5
f 2824/1/6 2984/2/6 2985/6/6 2825/5/6
f 2825/2/1 2826/6/1 2818/5/1 2817/1/1
f 2825/1/2 2817/5/2 2977/6/2 2985/2/2
f 2817/2/3 2818/6/3 2978/5/3 2977/1/3
f 2985/1/4 2977/2/4 2978/6/4 2986/5/4
f 2826/5/5 2986/6/5 2978/2/5 2818/1/5
f 2825/1/6 2985/2/6 2986/6/6 2826/5/6
f 2826/2/1 2827/6/1 2819/5/1 2818/1/1
f 2826/5/2 2818/1/2 2978/2/2 2986/6/2
f 2818/2/3 2819/6/3 2979/5/3 2978/1/3
f 2986/1/4 2978/2/4 2979/6/4 2987/5/4
f 2827/1/5 2987/2/5 2979/6/5 2819/5/5
f 2826/1/6 2986/2/6 2987/6/6 2827/5/6
f 2832/2/1 2833/6/1 2831/5/1 2830/1/1
f 2832/5/2 2830/1/2 2988/2/2 2990/6/2
f 2830/2/3 2831/6/3 2989/5/3 2988/1/3
f 2990/1/4 2988/2/4 2989/6/4 2991/5/4
f 2833/1/5 2991/2/5 2989/6/5 2831/5/5
f 2832/1/6 2990/2/6 2991/6/6 2833/5/6
f 2834/2/1 2835/6/1 2833/5/1 2832/1/1
f 2834/5/2 2832/1/2 2990/2/2 2992/6/2
f 2832/2/3 2833/6/3 2991/5/3 2990/1/3
f 2992/1/4 2990/2/4 2991/6/4 2993/5/4
f 2835/1/5 2993/2/5 2991/6/5 2833/5/5
f 2834/1/6 2992/2/6 2993/6/6 2835/5/6
f 2836/2/1 2837/6/1 2835/5/1 2834/1/1
f 2836/2/2 2834/6/2 2992/5/2 2994/1/2
f 2834/2/3 2835/6/3 2993/5/3 2992/1/3
f 2994/1/4 2992/2/4 2993/6/4 2995/5/4
f 2837/6/5 2995/5/5 2993/1/5 2835/2/5
f 2836/1/6 2994/2/6 2995/6/6 2837/5/6
f 2842/2/1 2844/6/1 2843/5/1 2841/1/1
f 2842/5/2 2841/1/2 2996/2/2 2997/6/2
f 2841/2/3 2843/6/3 2998/5/3 2996/1/3
f 2997/1/4 2996/2/4 2998/6/4 2999/5/4
f 2844/1/5 2999/2/5 2998/6/5 2843/5/5
f 2842/1/6 2997/2/6 2999/6/6 2844/5/6
f 2844/2/1 2846/6/1 2845/5/1 2843/1/1
f 2844/2/2 2843/6/2 2998/5/2 2999/1/2
f 2843/2/3 2845/6/3 3000/5/3 2998/1/3
f 2999/1/4 2998/2/4 3000/6/4 3001/5/4
f 2846/6/5 3001/5/5 3000/1/5 2845/2/5
f 2844/1/6 2999/2/6 3001/6/6 2846/5/6
f 2846/2/1 2848/6/1 2847/5/1 2845/1/1
f 2846/1/2 2845/5/2 3000/6/2 3001/2/2
f 2845/2/3 2847/6/3 3002/5/3 3000/1/3
f 3001/1/4 3000/2/4 3002/6/4 3003/5/4
f 2848/5/5 3003/6/5 3002/2/5 2847/1/5
f 2846/1/6 3001/2/6 3003/6/6 2848/5/6
f 2849/2/1 2850/6/1 2837/5/1 2836/1/1
f 2849/2/2 2836/6/2 2994/5/2 3004/1/2
f 2836/2/3 2837/6/3 2995/5/3 2994/1/3
f 3004/1/4 2994/2/4 2995/6/4 3005/5/4
f 2850/6/5 3005/5/5 2995/1/5 2837/2/5
f 2849/1/6 3004/2/6 3005/6/6 2850/5/6
f 2858/2/1 2859/6/1 2850/5/1 2849/1/1
f 2858/2/2 2849/6/2 3004/5/2 3008/1/2
f 2849/2/3 2850/6/3 3005/5/3 3004/1/3
f 3008/1/4 3004/2/4 3005/6/4 3009/5/4
f 2859/6/5 3009/5/5 3005/1/5 2850/2/5
f 2858/1/6 3008/2/6 3009/6/6 2859/5/6
f 2859/2/1 2861/6/1 2851/5/1 2850/1/1
f 2859/1/2 2850/5/2 3005/6/2 3009/2/2
f 2850/2/3 2851/6/3 3006/5/3 3005/1/3
f 3009/1/4 3005/2/4 3006/6/4 3010/5/4
f 2861/5/5 3010/6/5 3006/2/5 2851/1/5
f 2859/1/6 3009/2/6 3010/6/6 2861/5/6
f 2861/2/1 2863/6/1 2852/5/1 2851/1/1
f 2861/6/2 2851/2/2 3006/1/2 3010/5/2
f 2851/2/3 2852/6/3 3007/5/3 3006/1/3
f 3010/1/4 3006/2/4 3007/6/4 3011/5/4
f 2863/2/5 3011/1/5 3007/5/5 2852/6/5
f 2861/1/6 3010/2/6 3011/6/6 2863/5/6
f 2871/2/1 2872/6/1 2859/5/1 2858/1/1
f 2871/5/2 2858/1/2 3008/2/2 3013/6/2
f 2858/2/3 2859/6/3 3009/5/3 3008/1/3
f 3013/1/4 3008/2/4 3009/6/4 3014/5/4
f 2872/1/5 3014/2/5 3009/6/5 2859/5/5
f 2871/1/6 3013/2/6 3014/6/6 2872/5/6
f 2872/2/1 2873/6/1 2861/5/1 2859/1/1
f 2872/5/2 2859/1/2 3009/2/2 3014/6/2
f 2859/2/3 2861/6/3 3010/5/3 3009/1/3
f 3014/1/4 3009/2/4 3010/6/4 3015/5/4
f 2873/1/5 3015/2/5 3010/6/5 2861/5/5
f 2872/1/6 3014/2/6 3015/6/6 2873/5/6
f 2873/2/1 2874/6/1 2863/5/1 2861/1/1
f 2873/6/2 2861/2/2 3010/1/2 3015/5/2
f 2861/2/3 2863/6/3 3011/5/3 3010/1/3
f 3015/1/4 3010/2/4 3011/6/4 3016/5/4
f 2874/2/5 3016/1/5 3011/5/5 2863/6/5
f 2873/1/6 3015/2/6 3016/6/6 2874/5/6
f 2874/2/1 2875/6/1 2865/5/1 2863/1/1
f 2874/2/2 2863/6/2 3011/5/2 3016/1/2
f 2863/2/3 2865/6/3 3012/5/3 3011/1/3
f 3016/1/4 3011/2/4 3012/6/4 3017/5/4
f 2875/6/5 3017/5/5 3012/1/5 2865/2/5
f 2874/1/6 3016/2/6 3017/6/6 2875/5/6
f 2878/2/1 2879/6/1 2872/5/1 2871/1/1
f 2878/1/2 2871/5/2 3013/6/2 3019/2/2
f 2871/2/3 2872/6/3 3014/5/3 3013/1/3
f 3019/1/4 3013/2/4 3014/6/4 3020/5/4
f 2879/5/5 3020/6/5 3014/2/5 2872/1/5
f 2878/1/6 3019/2/6 3020/6/6 2879/5/6
f 2879/2/1 2880/6/1 2873/5/1 2872/1/1
f 2879/2/2 2872/6/2 3014/5/2 3020/1/2
f 2872/2/3 2873/6/3 3015/5/3 3014/1/3
f 3020/1/4 3014/2/4 3015/6/4 3021/5/4
f 2880/6/5 3021/5/5 3015/1/5 2873/2/5
f 2879/1/6 3020/2/6 3021/6/6 2880/5/6
f 2880/2/1 2881/6/1 2874/5/1 2873/1/1
f 2880/5/2 2873/1/2 3015/2/2 3021/6/2
f 2873/2/3 2874/6/3 3016/5/3 3015/1/3
f 3021/1/4 3015/2/4 3016/6/4 3022/5/4
f 2881/1/5 3022/2/5 3016/6/5 2874/5/5
f 2880/1/6 3021/2/6 3022/6/6 2881/5/6
f 2881/2/1 2882/6/1 2875/5/1 2874/1/1
f 2881/2/2 2874/6/2 3016/5/2 3022/1/2
f 2874/2/3 2875/6/3 3017/5/3 3016/1/3
f 3022/1/4 3016/2/4 3017/6/4 3023/5/4
f 2882/6/5 3023/5/5 3017/1/5 2875/2/5
f 2881/1/6 3022/2/6 3023/6/6 2882/5/6
f 2882/2/1 2883/6/1 2876/5/1 2875/1/1
f 2882/1/2 2875/5/2 3017/6/2 3023/2/2
f 2875/2/3 2876/6/3 3018/5/3 3017/1/3
f 3023/1/4 3017/2/4 3018/6/4 3024/5/4
f 2883/5/5 3024/6/5 3018/2/5 2876/1/5
f 2882/1/6 3023/2/6 3024/6/6 2883/5/6
f 2892/2/1 2893/6/1 2886/5/1 2885/1/1
f 2892/6/2 2885/2/2 3026/1/2 3025/5/2
f 2885/2/3 2886/6/3 3027/5/3 3026/1/3
f 3025/1/4 3026/2/4 3027/6/4 3028/5/4
f 2893/2/5 3028/1/5 3027/5/5 2886/6/5
f 2892/1/6 3025/2/6 3028/6/6 2893/5/6
f 2893/2/1 2894/6/1 2887/5/1 2886/1/1
f 2893/2/2 2886/6/2 3027/5/2 3028/1/2
f 2886/2/3 2887/6/3 3029/5/3 3027/1/3
f 3028/1/4 3027/2/4 3029/6/4 3030/5/4
f 2894/6/5 3030/5/5 3029/1/5 2887/2/5
f 2893/1/6 3028/2/6 3030/6/6 2894/5/6
f 2894/2/1 2895/6/1 2888/5/1 2887/1/1
f 2894/2/2 2887/6/2 3029/5/2 3030/1/2
f 2887/2/3 2888/6/3 3031/5/3 3029/1/3
f 3030/1/4 3029/2/4 3031/6/4 3032/5/4
f 2895/6/5 3032/5/5 3031/1/5 2888/2/5
f 2894/1/6 3030/2/6 3032/6/6 2895/5/6
f 2895/2/1 2896/6/1 2889/5/1 2888/1/1
f 2895/5/2 2888/1/2 3031/2/2 3032/6/2
f 2888/2/3 2889/6/3 3033/5/3 3031/1/3
f 3032/1/4 3031/2/4 3033/6/4 3034/5/4
f 2896/1/5 3034/2/5 3033/6/5 2889/5/5
f 2895/1/6 3032/2/6 3034/6/6 2896/5/6
f 2896/2/1 2897/6/1 2890/5/1 2889/1/1
f 2896/2/2 2889/6/2 3033/5/2 3034/1/2
f 2889/2/3 2890/6/3 3035/5/3 3033/1/3
f 3034/1/4 3033/2/4 3035/6/4 3036/5/4
f 2897/6/5 3036/5/5 3035/1/5 2890/2/5
f 2896/1/6 3034/2/6 3036/6/6 2897/5/6
f 2897/2/1 2898/6/1 2891/5/1 2890/1/1
f 2897/6/2 2890/2/2 3035/1/2 3036/5/2
f 2890/2/3 2891/6/3 3037/5/3 3035/1/3
f 3036/1/4 3035/2/4 3037/6/4 3038/5/4
f 2898/2/5 3038/1/5 3037/5/5 2891/6/5
f 2897/1/6 3036/2/6 3038/6/6 2898/5/6
f 2899/2/1 2900/6/1 2893/5/1 2892/1/1
f 2899/6/2 2892/2/2 3025/1/2 3039/5/2
f 2892/2/3 2893/6/3 3028/5/3 3025/1/3
f 3039/1/4 3025/2/4 3028/6/4 3040/5/4
f 2900/2/5 3040/1/5 3028/5/5 2893/6/5
f 2899/1/6 3039/2/6 3040/6/6 2900/5/6
f 2900/2/1 2901/6/1 2894/5/1 2893/1/1
f 2900/2/2 2893/6/2 3028/5/2 3040/1/2
f 2893/2/3 2894/6/3 3030/5/3 3028/1/3
f 3040/1/4 3028/2/4 3030/6/4 3041/5/4
f 2901/6/5 3041/5/5 3030/1/5 2894/2/5
f 2900/1/6 3040/2/6 3041/6/6 2901/5/6
f 2901/2/1 2902/6/1 2895/5/1 2894/1/1
f 2901/2/2 2894/6/2 3030/5/2 3041/1/2
f 2894/2/3 2895/6/3 3032/5/3 3030/1/3
f 3041/1/4 3030/2/4 3032/6/4 3042/5/4
f 2902/6/5 3042/5/5 3032/1/5 2895/2/5
f 2901/1/6 3041/2/6 3042/6/6 2902/5/6
f 2902/2/1 2903/6/1 2896/5/1 2895/1/1
f 2902/2/2 2895/6/2 3032/5/2 3042/1/2
f 2895/2/3 2896/6/3 3034/5/3 3032/1/3
f 3042/1/4 3032/2/4 3034/6/4 3043/5/4
f 2903/6/5 3043/5/5 3034/1/5 2896/2/5
f 2902/1/6 3042/2/6 3043/6/6 2903/5/6
f 2906/2/1 2907/6/1 2901/5/1 2900/1/1
f 2906/1/2 2900/5/2 3040/6/2 3045/2/2
f 2900/2/3 2901/6/3 3041/5/3 3040/1/3
f 3045/1/4 3040/2/4 3041/6/4 3046/5/4
f 2907/5/5 3046/6/5 3041/2/5 2901/1/5
f 2906/1/6 3045/2/6 3046/6/6 2907/5/6
f 2907/2/1 2908/6/1 2902/5/1 2901/1/1
f 2907/1/2 2901/5/2 3041/6/2 3046/2/2
f 2901/2/3 2902/6/3 3042/5/3 3041/1/3
f 3046/1/4 3041/2/4 3042/6/4 3047/5/4
f 2908/5/5 3047/6/5 3042/2/5 2902/1/5
f 2907/1/6 3046/2/6 3047/6/6 2908/5/6
f 2908/2/1 2909/6/1 2903/5/1 2902/1/1
f 2908/1/2 2902/5/2 3042/6/2 3047/2/2
f 2902/2/3 2903/6/3 3043/5/3 3042/1/3
f 3047/1/4 3042/2/4 3043/6/4 3048/5/4
f 2909/5/5 3048/6/5 3043/2/5 2903/1/5
f 2908/1/6 3047/2/6 3048/6/6 2909/5/6
f 2912/2/1 2913/6/1 2909/5/1 2908/1/1
f 2912/5/2 2908/1/2 3047/2/2 3051/6/2
f 2908/2/3 2909/6/3 3048/5/3 3047/1/3
f 3051/1/4 3047/2/4 3048/6/4 3052/5/4
f 2913/1/5 3052/2/5 3048/6/5 2909/5/5
f 2912/1/6 3051/2/6 3052/6/6 2913/5/6
f 2913/2/1 2914/6/1 2910/5/1 2909/1/1
f 2913/6/2 2909/2/2 3048/1/2 3052/5/2
f 2909/2/3 2910/6/3 3049/5/3 3048/1/3
f 3052/1/4 3048/2/4 3049/6/4 3053/5/4
f 2914/2/5 3053/1/5 3049/5/5 2910/6/5
f 2913/1/6 3052/2/6 3053/6/6 2914/5/6
f 2918/2/1 2919/6/1 2913/5/1 2912/1/1
f 2918/2/2 2912/6/2 3051/5/2 3055/1/2
f 2912/2/3 2913/6/3 3052/5/3 3051/1/3
f 3055/1/4 3051/2/4 3052/6/4 3056/5/4
f 2919/6/5 3056/5/5 3052/1/5 2913/2/5
f 2918/1/6 3055/2/6 3056/6/6 2919/5/6
f 2919/2/1 2920/6/1 2914/5/1 2913/1/1
f 2919/5/2 2913/1/2 3052/2/2 3056/6/2
f 2913/2/3 2914/6/3 3053/5/3 3052/1/3
f 3056/1/4 3052/2/4 3053/6/4 3057/5/4
f 2920/1/5 3057/2/5 3053/6/5 2914/5/5
f 2919/1/6 3056/2/6 3057/6/6 2920/5/6
f 2922/2/1 2924/6/1 2923/5/1 2916/1/1
f 2922/6/2 2916/2/2 3054/1/2 3059/5/2
f 2916/2/3 2923/6/3 3060/5/3 3054/1/3
f 3059/1/4 3054/2/4 3060/6/4 3061/5/4
f 2924/2/5 3061/1/5 3060/5/5 2923/6/5
f 2922/1/6 3059/2/6 3061/6/6 2924/5/6
f 2924/2/1 2926/6/1 2925/5/1 2923/1/1
f 2924/5/2 2923/1/2 3060/2/2 3061/6/2
f 2923/2/3 2925/6/3 3062/5/3 3060/1/3
f 3061/1/4 3060/2/4 3062/6/4 3063/5/4
f 2926/1/5 3063/2/5 3062/6/5 2925/5/5
f 2924/1/6 3061/2/6 3063/6/6 2926/5/6
f 2926/2/1 2928/6/1 2927/5/1 2925/1/1
f 2926/2/2 2925/6/2 3062/5/2 3063/1/2
f 2925/2/3 2927/6/3 3064/5/3 3062/1/3
f 3063/1/4 3062/2/4 3064/6/4 3065/5/4
f 2928/6/5 3065/5/5 3064/1/5 2927/2/5
f 2926/1/6 3063/2/6 3065/6/6 2928/5/6
f 2930/2/1 2931/6/1 2919/5/1 2918/1/1
f 2930/6/2 2918/2/2 3055/1/2 3067/5/2
f 2918/2/3 2919/6/3 3056/5/3 3055/1/3
f 3067/1/4 3055/2/4 3056/6/4 3068/5/4
f 2931/2/5 3068/1/5 3056/5/5 2919/6/5
f 2930/1/6 3067/2/6 3068/6/6 2931/5/6
f 2931/2/1 2932/6/1 2920/5/1 2919/1/1
f 2931/6/2 2919/2/2 3056/1/2 3068/5/2
f 2919/2/3 2920/6/3 3057/5/3 3056/1/3
f 3068/1/4 3056/2/4 3057/6/4 3069/5/4
f 2932/2/5 3069/1/5 3057/5/5 2920/6/5
f 2931/1/6 3068/2/6 3069/6/6 2932/5/6
f 2932/2/1 2933/6/1 2921/5/1 2920/1/1
f 2932/5/2 2920/1/2 3057/2/2 3069/6/2
f 2920/2/3 2921/6/3 3058/5/3 3057/1/3
f 3069/1/4 3057/2/4 3058/6/4 3070/5/4
f 2933/1/5 3070/2/5 3058/6/5 2921/5/5
f 2932/1/6 3069/2/6 3070/6/6 2933/5/6
f 2934/2/1 2935/6/1 2930/5/1 2929/1/1
f 2934/5/2 2929/1/2 3066/2/2 3071/6/2
f 2929/2/3 2930/6/3 3067/5/3 3066/1/3
f 3071/1/4 3066/2/4 3067/6/4 3072/5/4
f 2935/1/5 3072/2/5 3067/6/5 2930/5/5
f 2934/1/6 3071/2/6 3072/6/6 2935/5/6
f 2935/2/1 2936/6/1 2931/5/1 2930/1/1
f 2935/1/2 2930/5/2 3067/6/2 3072/2/2
f 2930/2/3 2931/6/3 3068/5/3 3067/1/3
f 3072/1/4 3067/2/4 3068/6/4 3073/5/4
f 2936/5/5 3073/6/5 3068/2/5 2931/1/5
f 2935/1/6 3072/2/6 3073/6/6 2936/5/6
f 2936/2/1 2937/6/1 2932/5/1 2931/1/1
f 2936/2/2 2931/6/2 3068/5/2 3073/1/2
f 2931/2/3 2932/6/3 3069/5/3 3068/1/3
f 3073/1/4 3068/2/4 3069/6/4 3074/5/4
f 2937/6/5 3074/5/5 3069/1/5 2932/2/5
f 2936/1/6 3073/2/6 3074/6/6 2937/5/6
f 2937/2/1 2938/6/1 2933/5/1 2932/1/1
f 2937/6/2 2932/2/2 3069/1/2 3074/5/2
f 2932/2/3 2933/6/3 3070/5/3 3069/1/3
f 3074/1/4 3069/2/4 3070/6/4 3075/5/4
f 2938/2/5 3075/1/5 3070/5/5 2933/6/5
f 2937/1/6 3074/2/6 3075/6/6 2938/5/6
f 2940/2/1 2941/6/1 2936/5/1 2935/1/1
f 2940/5/2 2935/1/2 3072/2/2 3076/6/2
f 2935/2/3 2936/6/3 3073/5/3 3072/1/3
f 3076/1/4 3072/2/4 3073/6/4 3077/5/4
f 2941/1/5 3077/2/5 3073/6/5 2936/5/5
f 2940/1/6 3076/2/6 3077/6/6 2941/5/6
f 2941/2/1 2942/6/1 2937/5/1 2936/1/1
f 2941/1/2 2936/5/2 3073/6/2 3077/2/2
f 2936/2/3 2937/6/3 3074/5/3 3073/1/3
f 3077/1/4 3073/2/4 3074/6/4 3078/5/4
f 2942/5/5 3078/6/5 3074/2/5 2937/1/5
f 2941/1/6 3077/2/6 3078/6/6 2942/5/6
f 2942/2/1 2943/6/1 2938/5/1 2937/1/1
f 2942/6/2 2937/2/2 3074/1/2 3078/5/2
f 2937/2/3 2938/6/3 3075/5/3 3074/1/3
f 3078/1/4 3074/2/4 3075/6/4 3079/5/4
f 2943/2/5 3079/1/5 3075/5/5 2938/6/5
f 2942/1/6 3078/2/6 3079/6/6 2943/5/6
f 2946/2/1 2947/6/1 2941/5/1 2940/1/1
f 2946/2/2 2940/6/2 3076/5/2 3081/1/2
f 2940/2/3 2941/6/3 3077/5/3 3076/1/3
f 3081/1/4 3076/2/4 3077/6/4 3082/5/4
f 2947/6/5 3082/5/5 3077/1/5 2941/2/5
f 2946/1/6 3081/2/6 3082/6/6 2947/5/6
f 2947/2/1 2948/6/1 2942/5/1 2941/1/1
f 2947/6/2 2941/2/2 3077/1/2 3082/5/2
f 2941/2/3 2942/6/3 3078/5/3 3077/1/3
f 3082/1/4 3077/2/4 3078/6/4 3083/5/4
f 2948/2/5 3083/1/5 3078/5/5 2942/6/5
f 2947/1/6 3082/2/6 3083/6/6 2948/5/6
f 2948/2/1 2949/6/1 2943/5/1 2942/1/1
f 2948/5/2 2942/1/2 3078/2/2 3083/6/2
f 2942/2/3 2943/6/3 3079/5/3 3078/1/3
f 3083/1/4 3078/2/4 3079/6/4 3084/5/4
f 2949/1/5 3084/2/5 3079/6/5 2943/5/5
f 2948/1/6 3083/2/6 3084/6/6 2949/5/6
f 2949/2/1 2950/6/1 2944/5/1 2943/1/1
f 2949/2/2 2943/6/2 3079/5/2 3084/1/2
f 2943/2/3 2944/6/3 3080/5/3 3079/1/3
f 3084/1/4 3079/2/4 3080/6/4 3085/5/4
f 2950/6/5 3085/5/5 3080/1/5 2944/2/5
f 2949/1/6 3084/2/6 3085/6/6 2950/5/6
f 2952/2/1 2953/6/1 2947/5/1 2946/1/1
f 2952/2/2 2946/6/2 3081/5/2 3087/1/2
f 2946/2/3 2947/6/3 3082/5/3 3081/1/3
f 3087/1/4 3081/2/4 3082/6/4 3088/5/4
f 2953/6/5 3088/5/5 3082/1/5 2947/2/5
f 2952/1/6 3087/2/6 3088/6/6 2953/5/6
f 2953/2/1 2954/6/1 2948/5/1 2947/1/1
f 2953/1/2 2947/5/2 3082/6/2 3088/2/2
f 2947/2/3 2948/6/3 3083/5/3 3082/1/3
f 3088/1/4 3082/2/4 3083/6/4 3089/5/4
f 2954/5/5 3089/6/5 3083/2/5 2948/1/5
f 2953/1/6 3088/2/6 3089/6/6 2954/5/6
f 2954/2/1 2955/6/1 2949/5/1 2948/1/1
f 2954/2/2 2948/6/2 3083/5/2 3089/1/2
f 2948/2/3 2949/6/3 3084/5/3 3083/1/3
f 3089/1/4 3083/2/4 3084/6/4 3090/5/4
f 2955/6/5 3090/5/5 3084/1/5 2949/2/5
f 2954/1/6 3089/2/6 3090/6/6 2955/5/6
f 2955/2/1 2956/6/1 2950/5/1 2949/1/1
f 2955/5/2 2949/1/2 3084/2/2 3090/6/2
f 2949/2/3 2950/6/3 3085/5/3 3084/1/3
f 3090/1/4 3084/2/4 3085/6/4 3091/5/4
f 2956/1/5 3091/2/5 3085/6/5 2950/5/5
f 2955/1/6 3090/2/6 3091/6/6 2956/5/6
f 2959/2/1 2960/6/1 2953/5/1 2952/1/1
f 2959/5/2 2952/1/2 3087/2/2 3093/6/2
f 2952/2/3 2953/6/3 3088/5/3 3087/1/3
f 3093/1/4 3087/2/4 3088/6/4 3094/5/4
f 2960/1/5 3094/2/5 3088/6/5 2953/5/5
f 2959/1/6 3093/2/6 3094/6/6 2960/5/6
f 2960/2/1 2961/6/1 2954/5/1 2953/1/1
f 2960/6/2 2953/2/2 3088/1/2 3094/5/2
f 2953/2/3 2954/6/3 3089/5/3 3088/1/3
f 3094/1/4 3088/2/4 3089/6/4 3095/5/4
f 2961/2/5 3095/1/5 3089/5/5 2954/6/5
f 2960/1/6 3094/2/6 3095/6/6 2961/5/6
f 2961/2/1 2962/6/1 2955/5/1 2954/1/1
f 2961/2/2 2954/6/2 3089/5/2 3095/1/2
f 2954/2/3 2955/6/3 3090/5/3 3089/1/3
f 3095/1/4 3089/2/4 3090/6/4 3096/5/4
f 2962/6/5 3096/5/5 3090/1/5 2955/2/5
f 2961/1/6 3095/2/6 3096/6/6 2962/5/6
f 2962/2/1 2963/6/1 2956/5/1 2955/1/1
f 2962/1/2 2955/5/2 3090/6/2 3096/2/2
f 2955/2/3 2956/6/3 3091/5/3 3090/1/3
f 3096/1/4 3090/2/4 3091/6/4 3097/5/4
f 2963/5/5 3097/6/5 3091/2/5 2956/1/5
f 2962/1/6 3096/2/6 3097/6/6 2963/5/6
f 2965/2/1 2966/6/1 2959/5/1 2958/1/1
f 2965/2/2 2958/6/2 3092/5/2 3099/1/2
f 2958/2/3 2959/6/3 3093/5/3 3092/1/3
f 3099/1/4 3092/2/4 3093/6/4 3100/5/4
f 2966/6/5 3100/5/5 3093/1/5 2959/2/5
f 2965/1/6 3099/2/6 3100/6/6 2966/5/6
f 2966/2/1 2967/6/1 2960/5/1 2959/1/1
f 2966/5/2 2959/1/2 3093/2/2 3100/6/2
f 2959/2/3 2960/6/3 3094/5/3 3093/1/3
f 3100/1/4 3093/2/4 3094/6/4 3101/5/4
f 2967/1/5 3101/2/5 3094/6/5 2960/5/5
f 2966/1/6 3100/2/6 3101/6/6 2967/5/6
f 2967/2/1 2968/6/1 2961/5/1 2960/1/1
f 2967/1/2 2960/5/2 3094/6/2 3101/2/2
f 2960/2/3 2961/6/3 3095/5/3 3094/1/3
f 3101/1/4 3094/2/4 3095/6/4 3102/5/4
f 2968/5/5 3102/6/5 3095/2/5 2961/1/5
f 2967/1/6 3101/2/6 3102/6/6 2968/5/6
f 2968/2/1 2969/6/1 2962/5/1 2961/1/1
f 2968/2/2 2961/6/2 3095/5/2 3102/1/2
f 2961/2/3 2962/6/3 3096/5/3 3095/1/3
f 3102/1/4 3095/2/4 3096/6/4 3103/5/4
f 2969/6/5 3103/5/5 3096/1/5 2962/2/5
f 2968/1/6 3102/2/6 3103/6/6 2969/5/6
f 2969/2/1 2970/6/1 2963/5/1 2962/1/1
f 2969/5/2 2962/1/2 3096/2/2 3103/6/2
f 2962/2/3 2963/6/3 3097/5/3 3096/1/3
f 3103/1/4 3096/2/4 3097/6/4 3104/5/4
f 2970/1/5 3104/2/5 3097/6/5 2963/5/5
f 2969/1/6 3103/2/6 3104/6/6 2970/5/6
f 2970/2/1 2971/6/1 2964/5/1 2963/1/1
f 2970/6/2 2963/2/2 3097/1/2 3104/5/2
f 2963/2/3 2964/6/3 3098/5/3 3097/1/3
f 3104/1/4 3097/2/4 3098/6/4 3105/5/4
f 2971/2/5 3105/1/5 3098/5/5 2964/6/5
f 2970/1/6 3104/2/6 3105/6/6 2971/5/6
f 2973/2/1 2974/6/1 2967/5/1 2966/1/1
f 2973/2/2 2966/6/2 3100/5/2 3107/1/2
f 2966/2/3 2967/6/3 3101/5/3 3100/1/3
f 3107/1/4 3100/2/4 3101/6/4 3108/5/4
f 2974/6/5 3108/5/5 3101/1/5 2967/2/5
f 2973/1/6 3107/2/6 3108/6/6 2974/5/6
f 2974/2/1 2975/6/1 2968/5/1 2967/1/1
f 2974/1/2 2967/5/2 3101/6/2 3108/2/2
f 2967/2/3 2968/6/3 3102/5/3 3101/1/3
f 3108/1/4 3101/2/4 3102/6/4 3109/5/4
f 2975/5/5 3109/6/5 3102/2/5 2968/1/5
f 2974/1/6 3108/2/6 3109/6/6 2975/5/6
f 2975/2/1 2976/6/1 2969/5/1 2968/1/1
f 2975/1/2 2968/5/2 3102/6/2 3109/2/2
f 2968/2/3 2969/6/3 3103/5/3 3102/1/3
f 3109/1/4 3102/2/4 3103/6/4 3110/5/4
f 2976/5/5 3110/6/5 3103/2/5 2969/1/5
f 2975/1/6 3109/2/6 3110/6/6 2976/5/6
f 2976/2/1 2977/6/1 2970/5/1 2969/1/1
f 2976/2/2 2969/6/2 3103/5/2 3110/1/2
f 2969/2/3 2970/6/3 3104/5/3 3103/1/3
f 3110/1/4 3103/2/4 3104/6/4 3111/5/4
f 2977/6/5 3111/5/5 3104/1/5 2970/2/5
f 2976/1/6 3110/2/6 3111/6/6 2977/5/6
f 2977/2/1 2978/6/1 2971/5/1 2970/1/1
f 2977/1/2 2970/5/2 3104/6/2 3111/2/2
f 2970/2/3 2971/6/3 3105/5/3 3104/1/3
f 3111/1/4 3104/2/4 3105/6/4 3112/5/4
f 2978/5/5 3112/6/5 3105/2/5 2971/1/5
f 2977/1/6 3111/2/6 3112/6/6 2978/5/6
f 2980/2/1 2981/6/1 2973/5/1 2972/1/1
f 2980/1/2 2972/5/2 3106/6/2 3113/2/2
f 2972/2/3 2973/6/3 3107/5/3 3106/1/3
f 3113/1/4 3106/2/4 3107/6/4 3114/5/4
f 2981/5/5 3114/6/5 3107/2/5 2973/1/5
f 2980/1/6 3113/2/6 3114/6/6 2981/5/6
f 2981/2/1 2982/6/1 2974/5/1 2973/1/1
f 2981/2/2 2973/6/2 3107/5/2 3114/1/2
f 2973/2/3 2974/6/3 3108/5/3 3107/1/3
f 3114/1/4 3107/2/4 3108/6/4 3115/5/4
f 2982/6/5 3115/5/5 3108/1/5 2974/2/5
f 2981/1/6 3114/2/6 3115/6/6 2982/5/6
f 2982/2/1 2983/6/1 2975/5/1 2974/1/1
f 2982/6/2 2974/2/2 3108/1/2 3115/5/2
f 2974/2/3 2975/6/3 3109/5/3 3108/1/3
f 3115/1/4 3108/2/4 3109/6/4 3116/5/4
f 2983/2/5 3116/1/5 3109/5/5 2975/6/5
f 2982/1/6 3115/2/6 3116/6/6 2983/5/6
f 2983/2/1 2984/6/1 2976/5/1 2975/1/1
f 2983/1/2 2975/5/2 3109/6/2 3116/2/2
f 2975/2/3 2976/6/3 3110/5/3 3109/1/3
f 3116/1/4 3109/2/4 3110/6/4 3117/5/4
f 2984/5/5 3117/6/5 3110/2/5 2976/1/5
f 2983/1/6 3116/2/6 3117/6/6 2984/5/6
f 2984/2/1 2985/6/1 2977/5/1 2976/1/1
f 2984/5/2 2976/1/2 3110/2/2 3117/6/2
f 2976/2/3 2977/6/3 3111/5/3 3110/1/3
f 3117/1/4 3110/2/4 3111/6/4 3118/5/4
f 2985/1/5 3118/2/5 3111/6/5 2977/5/5
f 2984/1/6 3117/2/6 3118/6/6 2985/5/6
f 2985/2/1 2986/6/1 2978/5/1 2977/1/1
f 2985/6/2 2977/2/2 3111/1/2 3118/5/2
f 2977/2/3 2978/6/3 3112/5/3 3111/1/3
f 3118/1/4 3111/2/4 3112/6/4 3119/5/4
f 2986/2/5 3119/1/5 3112/5/5 2978/6/5
f 2985/1/6 3118/2/6 3119/6/6 2986/5/6
f 2994/2/1 2995/6/1 2993/5/1 2992/1/1
f 2994/2/2 2992/6/2 3120/5/2 3122/1/2
f 2992/2/3 2993/6/3 3121/5/3 3120/1/3
f 3122/1/4 3120/2/4 3121/6/4 3123/5/4
f 2995/6/5 3123/5/5 3121/1/5 2993/2/5
f 2994/1/6 3122/2/6 3123/6/6 2995/5/6
f 2997/2/1 2999/6/1 2998/5/1 2996/1/1
f 2997/6/2 2996/2/2 3125/1/2 3124/5/2
f 2996/2/3 2998/6/3 3126/5/3 3125/1/3
f 3124/1/4 3125/2/4 3126/6/4 3127/5/4
f 2999/2/5 3127/1/5 3126/5/5 2998/6/5
f 2997/1/6 3124/2/6 3127/6/6 2999/5/6
f 2999/2/1 3001/6/1 3000/5/1 2998/1/1
f 2999/2/2 2998/6/2 3126/5/2 3127/1/2
f 2998/2/3 3000/6/3 3128/5/3 3126/1/3
f 3127/1/4 3126/2/4 3128/6/4 3129/5/4
f 3001/6/5 3129/5/5 3128/1/5 3000/2/5
f 2999/1/6 3127/2/6 3129/6/6 3001/5/6
f 3001/2/1 3003/6/1 3002/5/1 3000/1/1
f 3001/5/2 3000/1/2 3128/2/2 3129/6/2
f 3000/2/3 3002/6/3 3130/5/3 3128/1/3
f 3129/1/4 3128/2/4 3130/6/4 3131/5/4
f 3003/1/5 3131/2/5 3130/6/5 3002/5/5
f 3001/1/6 3129/2/6 3131/6/6 3003/5/6
f 3004/2/1 3005/6/1 2995/5/1 2994/1/1
f 3004/1/2 2994/5/2 3122/6/2 3132/2/2
f 2994/2/3 2995/6/3 3123/5/3 3122/1/3
f 3132/1/4 3122/2/4 3123/6/4 3133/5/4
f 3005/5/5 3133/6/5 3123/2/5 2995/1/5
f 3004/1/6 3132/2/6 3133/6/6 3005/5/6
f 3008/2/1 3009/6/1 3005/5/1 3004/1/1
f 3008/2/2 3004/6/2 3132/5/2 3135/1/2
f 3004/2/3 3005/6/3 3133/5/3 3132/1/3
f 3135/1/4 3132/2/4 3133/6/4 3136/5/4
f 3009/6/5 3136/5/5 3133/1/5 3005/2/5
f 3008/1/6 3135/2/6 3136/6/6 3009/5/6
f 3009/2/1 3010/6/1 3006/5/1 3005/1/1
f 3009/1/2 3005/5/2 3133/6/2 3136/2/2
f 3005/2/3 3006/6/3 3134/5/3 3133/1/3
f 3136/1/4 3133/2/4 3134/6/4 3137/5/4
f 3010/5/5 3137/6/5 3134/2/5 3006/1/5
f 3009/1/6 3136/2/6 3137/6/6 3010/5/6
f 3013/2/1 3014/6/1 3009/5/1 3008/1/1
f 3013/2/2 3008/6/2 3135/5/2 3140/1/2
f 3008/2/3 3009/6/3 3136/5/3 3135/1/3
f 3140/1/4 3135/2/4 3136/6/4 3141/5/4
f 3014/6/5 3141/5/5 3136/1/5 3009/2/5
f 3013/1/6 3140/2/6 3141/6/6 3014/5/6
f 3014/2/1 3015/6/1 3010/5/1 3009/1/1
f 3014/6/2 3009/2/2 3136/1/2 3141/5/2
f 3009/2/3 3010/6/3 3137/5/3 3136/1/3
f 3141/1/4 3136/2/4 3137/6/4 3142/5/4
f 3015/2/5 3142/1/5 3137/5/5 3010/6/5
f 3014/1/6 3141/2/6 3142/6/6 3015/5/6
f 3015/2/1 3016/6/1 3011/5/1 3010/1/1
f 3015/6/2 3010/2/2 3137/1/2 3142/5/2
f 3010/2/3 3011/6/3 3138/5/3 3137/1/3
f 3142/1/4 3137/2/4 3138/6/4 3143/5/4
f 3016/2/5 3143/1/5 3138/5/5 3011/6/5
f 3015/1/6 3142/2/6 3143/6/6 3016/5/6
f 3016/2/1 3017/6/1 3012/5/1 3011/1/1
f 3016/1/2 3011/5/2 3138/6/2 3143/2/2
f 3011/2/3 3012/6/3 3139/5/3 3138/1/3
f 3143/1/4 3138/2/4 3139/6/4 3144/5/4
f 3017/5/5 3144/6/5 3139/2/5 3012/1/5
f 3016/1/6 3143/2/6 3144/6/6 3017/5/6
f 3019/2/1 3020/6/1 3014/5/1 3013/1/1
f 3019/6/2 3013/2/2 3140/1/2 3145/5/2
f 3013/2/3 3014/6/3 3141/5/3 3140/1/3
f 3145/1/4 3140/2/4 3141/6/4 3146/5/4
f 3020/2/5 3146/1/5 3141/5/5 3014/6/5
f 3019/1/6 3145/2/6 3146/6/6 3020/5/6
f 3020/2/1 3021/6/1 3015/5/1 3014/1/1
f 3020/2/2 3014/6/2 3141/5/2 3146/1/2
f 3014/2/3 3015/6/3 3142/5/3 3141/1/3
f 3146/1/4 3141/2/4 3142/6/4 3147/5/4
f 3021/6/5 3147/5/5 3142/1/5 3015/2/5
f 3020/1/6 3146/2/6 3147/6/6 3021/5/6
f 3021/2/1 3022/6/1 3016/5/1 3015/1/1
f 3021/5/2 3015/1/2 3142/2/2 3147/6/2
f 3015/2/3 3016/6/3 3143/5/3 3142/1/3
f 3147/1/4 3142/2/4 3143/6/4 3148/5/4
f 3022/1/5 3148/2/5 3143/6/5 3016/5/5
f 3021/1/6 3147/2/6 3148/6/6 3022/5/6
f 3022/2/1 3023/6/1 3017/5/1 3016/1/1
f 3022/5/2 3016/1/2 3143/2/2 3148/6/2
f 3016/2/3 3017/6/3 3144/5/3 3143/1/3
f 3148/1/4 3143/2/4 3144/6/4 3149/5/4
f 3023/1/5 3149/2/5 3144/6/5 3017/5/5
f 3022/1/6 3148/2/6 3149/6/6 3023/5/6
f 3026/2/1 3027/6/1 3020/5/1 3019/1/1
f 3026/1/2 3019/5/2 3145/6/2 3151/2/2
f 3019/2/3 3020/6/3 3146/5/3 3145/1/3
f 3151/1/4 3145/2/4 3146/6/4 3152/5/4
f 3027/5/5 3152/6/5 3146/2/5 3020/1/5
f 3026/1/6 3151/2/6 3152/6/6 3027/5/6
f 3027/2/1 3029/6/1 3021/5/1 3020/1/1
f 3027/2/2 3020/6/2 3146/5/2 3152/1/2
f 3020/2/3 3021/6/3 3147/5/3 3146/1/3
f 3152/1/4 3146/2/4 3147/6/4 3153/5/4
f 3029/6/5 3153/5/5 3147/1/5 3021/2/5
f 3027/1/6 3152/2/6 3153/6/6 3029/5/6
f 3029/2/1 3031/6/1 3022/5/1 3021/1/1
f 3029/5/2 3021/1/2 3147/2/2 3153/6/2
f 3021/2/3 3022/6/3 3148/5/3 3147/1/3
f 3153/1/4 3147/2/4 3148/6/4 3154/5/4
f 3031/1/5 3154/2/5 3148/6/5 3022/5/5
f 3029/1/6 3153/2/6 3154/6/6 3031/5/6
f 3031/2/1 3033/6/1 3023/5/1 3022/1/1
f 3031/5/2 3022/1/2 3148/2/2 3154/6/2
f 3022/2/3 3023/6/3 3149/5/3 3148/1/3
f 3154/1/4 3148/2/4 3149/6/4 3155/5/4
f 3033/1/5 3155/2/5 3149/6/5 3023/5/5
f 3031/1/6 3154/2/6 3155/6/6 3033/5/6
f 3033/2/1 3035/6/1 3024/5/1 3023/1/1
f 3033/2/2 3023/6/2 3149/5/2 3155/1/2
f 3023/2/3 3024/6/3 3150/5/3 3149/1/3
f 3155/1/4 3149/2/4 3150/6/4 3156/5/4
f 3035/6/5 3156/5/5 3150/1/5 3024/2/5
f 3033/1/6 3155/2/6 3156/6/6 3035/5/6
f 3028/2/1 3030/6/1 3029/5/1 3027/1/1
f 3028/6/2 3027/2/2 3152/1/2 3158/5/2
f 3027/2/3 3029/6/3 3153/5/3 3152/1/3
f 3158/1/4 3152/2/4 3153/6/4 3159/5/4
f 3030/2/5 3159/1/5 3153/5/5 3029/6/5
f 3028/1/6 3158/2/6 3159/6/6 3030/5/6
f 3030/2/1 3032/6/1 3031/5/1 3029/1/1
f 3030/6/2 3029/2/2 3153/1/2 3159/5/2
f 3029/2/3 3031/6/3 3154/5/3 3153/1/3
f 3159/1/4 3153/2/4 3154/6/4 3160/5/4
f 3032/2/5 3160/1/5 3154/5/5 3031/6/5
f 3030/1/6 3159/2/6 3160/6/6 3032/5/6
f 3032/2/1 3034/6/1 3033/5/1 3031/1/1
f 3032/1/2 3031/5/2 3154/6/2 3160/2/2
f 3031/2/3 3033/6/3 3155/5/3 3154/1/3
f 3160/1/4 3154/2/4 3155/6/4 3161/5/4
f 3034/5/5 3161/6/5 3155/2/5 3033/1/5
f 3032/1/6 3160/2/6 3161/6/6 3034/5/6
f 3034/2/1 3036/6/1 3035/5/1 3033/1/1
f 3034/6/2 3033/2/2 3155/1/2 3161/5/2
f 3033/2/3 3035/6/3 3156/5/3 3155/1/3
f 3161/1/4 3155/2/4 3156/6/4 3162/5/4
f 3036/2/5 3162/1/5 3156/5/5 3035/6/5
f 3034/1/6 3161/2/6 3162/6/6 3036/5/6
f 3036/2/1 3038/6/1 3037/5/1 3035/1/1
f 3036/5/2 3035/1/2 3156/2/2 3162/6/2
f 3035/2/3 3037/6/3 3157/5/3 3156/1/3
f 3162/1/4 3156/2/4 3157/6/4 3163/5/4
f 3038/1/5 3163/2/5 3157/6/5 3037/5/5
f 3036/1/6 3162/2/6 3163/6/6 3038/5/6
f 3040/2/1 3041/6/1 3030/5/1 3028/1/1
f 3040/5/2 3028/1/2 3158/2/2 3164/6/2
f 3028/2/3 3030/6/3 3159/5/3 3158/1/3
f 3164/1/4 3158/2/4 3159/6/4 3165/5/4
f 3041/1/5 3165/2/5 3159/6/5 3030/5/5
f 3040/1/6 3164/2/6 3165/6/6 3041/5/6
f 3041/2/1 3042/6/1 3032/5/1 3030/1/1
f 3041/2/2 3030/6/2 3159/5/2 3165/1/2
f 3030/2/3 3032/6/3 3160/5/3 3159/1/3
f 3165/1/4 3159/2/4 3160/6/4 3166/5/4
f 3042/6/5 3166/5/5 3160/1/5 3032/2/5
f 3041/1/6 3165/2/6 3166/6/6 3042/5/6
f 3042/2/1 3043/6/1 3034/5/1 3032/1/1
f 3042/5/2 3032/1/2 3160/2/2 3166/6/2
f 3032/2/3 3034/6/3 3161/5/3 3160/1/3
f 3166/1/4 3160/2/4 3161/6/4 3167/5/4
f 3043/1/5 3167/2/5 3161/6/5 3034/5/5
f 3042/1/6 3166/2/6 3167/6/6 3043/5/6
f 3043/2/1 3044/6/1 3036/5/1 3034/1/1
f 3043/1/2 3034/5/2 3161/6/2 3167/2/2
f 3034/2/3 3036/6/3 3162/5/3 3161/1/3
f 3167/1/4 3161/2/4 3162/6/4 3168/5/4
f 3044/5/5 3168/6/5 3162/2/5 3036/1/5
f 3043/1/6 3167/2/6 3168/6/6 3044/5/6
f 3045/2/1 3046/6/1 3041/5/1 3040/1/1
f 3045/1/2 3040/5/2 3164/6/2 3169/2/2
f 3040/2/3 3041/6/3 3165/5/3 3164/1/3
f 3169/1/4 3164/2/4 3165/6/4 3170/5/4
f 3046/5/5 3170/6/5 3165/2/5 3041/1/5
f 3045/1/6 3169/2/6 3170/6/6 3046/5/6
f 3046/2/1 3047/6/1 3042/5/1 3041/1/1
f 3046/6/2 3041/2/2 3165/1/2 3170/5/2
f 3041/2/3 3042/6/3 3166/5/3 3165/1/3
f 3170/1/4 3165/2/4 3166/6/4 3171/5/4
f 3047/2/5 3171/1/5 3166/5/5 3042/6/5
f 3046/1/6 3170/2/6 3171/6/6 3047/5/6
f 3047/2/1 3048/6/1 3043/5/1 3042/1/1
f 3047/6/2 3042/2/2 3166/1/2 3171/5/2
f 3042/2/3 3043/6/3 3167/5/3 3166/1/3
f 3171/1/4 3166/2/4 3167/6/4 3172/5/4
f 3048/2/5 3172/1/5 3167/5/5 3043/6/5
f 3047/1/6 3171/2/6 3172/6/6 3048/5/6
f 3050/2/1 3051/6/1 3047/5/1 3046/1/1
f 3050/1/2 3046/5/2 3170/6/2 3174/2/2
f 3046/2/3 3047/6/3 3171/5/3 3170/1/3
f 3174/1/4 3170/2/4 3171/6/4 3175/5/4
f 3051/5/5 3175/6/5 3171/2/5 3047/1/5
f 3050/1/6 3174/2/6 3175/6/6 3051/5/6
f 3051/2/1 3052/6/1 3048/5/1 3047/1/1
f 3051/1/2 3047/5/2 3171/6/2 3175/2/2
f 3047/2/3 3048/6/3 3172/5/3 3171/1/3
f 3175/1/4 3171/2/4 3172/6/4 3176/5/4
f 3052/5/5 3176/6/5 3172/2/5 3048/1/5
f 3051/1/6 3175/2/6 3176/6/6 3052/5/6
f 3052/2/1 3053/6/1 3049/5/1 3048/1/1
f 3052/2/2 3048/6/2 3172/5/2 3176/1/2
f 3048/2/3 3049/6/3 3173/5/3 3172/1/3
f 3176/1/4 3172/2/4 3173/6/4 3177/5/4
f 3053/6/5 3177/5/5 3173/1/5 3049/2/5
f 3052/1/6 3176/2/6 3177/6/6 3053/5/6
f 3055/2/1 3056/6/1 3052/5/1 3051/1/1
f 3055/2/2 3051/6/2 3175/5/2 3179/1/2
f 3051/2/3 3052/6/3 3176/5/3 3175/1/3
f 3179/1/4 3175/2/4 3176/6/4 3180/5/4
f 3056/6/5 3180/5/5 3176/1/5 3052/2/5
f 3055/1/6 3179/2/6 3180/6/6 3056/5/6
f 3056/2/1 3057/6/1 3053/5/1 3052/1/1
f 3056/2/2 3052/6/2 3176/5/2 3180/1/2
f 3052/2/3 3053/6/3 3177/5/3 3176/1/3
f 3180/1/4 3176/2/4 3177/6/4 3181/5/4
f 3057/6/5 3181/5/5 3177/1/5 3053/2/5
f 3056/1/6 3180/2/6 3181/6/6 3057/5/6
f 3063/2/1 3065/6/1 3064/5/1 3062/1/1
f 3063/2/2 3062/6/2 3184/5/2 3183/1/2
f 3062/2/3 3064/6/3 3185/5/3 3184/1/3
f 3183/1/4 3184/2/4 3185/6/4 3186/5/4
f 3065/6/5 3186/5/5 3185/1/5 3064/2/5
f 3063/1/6 3183/2/6 3186/6/6 3065/5/6
f 3067/2/1 3068/6/1 3056/5/1 3055/1/1
f 3067/5/2 3055/1/2 3179/2/2 3188/6/2
f 3055/2/3 3056/6/3 3180/5/3 3179/1/3
f 3188/1/4 3179/2/4 3180/6/4 3189/5/4
f 3068/1/5 3189/2/5 3180/6/5 3056/5/5
f 3067/1/6 3188/2/6 3189/6/6 3068/5/6
f 3068/2/1 3069/6/1 3057/5/1 3056/1/1
f 3068/5/2 3056/1/2 3180/2/2 3189/6/2
f 3056/2/3 3057/6/3 3181/5/3 3180/1/3
f 3189/1/4 3180/2/4 3181/6/4 3190/5/4
f 3069/1/5 3190/2/5 3181/6/5 3057/5/5
f 3068/1/6 3189/2/6 3190/6/6 3069/5/6
f 3071/2/1 3072/6/1 3067/5/1 3066/1/1
f 3071/5/2 3066/1/2 3187/2/2 3192/6/2
f 3066/2/3 3067/6/3 3188/5/3 3187/1/3
f 3192/1/4 3187/2/4 3188/6/4 3193/5/4
f 3072/1/5 3193/2/5 3188/6/5 3067/5/5
f 3071/1/6 3192/2/6 3193/6/6 3072/5/6
f 3072/2/1 3073/6/1 3068/5/1 3067/1/1
f 3072/1/2 3067/5/2 3188/6/2 3193/2/2
f 3067/2/3 3068/6/3 3189/5/3 3188/1/3
f 3193/1/4 3188/2/4 3189/6/4 3194/5/4
f 3073/5/5 3194/6/5 3189/2/5 3068/1/5
f 3072/1/6 3193/2/6 3194/6/6 3073/5/6
f 3073/2/1 3074/6/1 3069/5/1 3068/1/1
f 3073/5/2 3068/1/2 3189/2/2 3194/6/2
f 3068/2/3 3069/6/3 3190/5/3 3189/1/3
f 3194/1/4 3189/2/4 3190/6/4 3195/5/4
f 3074/1/5 3195/2/5 3190/6/5 3069/5/5
f 3073/1/6 3194/2/6 3195/6/6 3074/5/6
f 3074/2/1 3075/6/1 3070/5/1 3069/1/1
f 3074/1/2 3069/5/2 3190/6/2 3195/2/2
f 3069/2/3 3070/6/3 3191/5/3 3190/1/3
f 3195/1/4 3190/2/4 3191/6/4 3196/5/4
f 3075/5/5 3196/6/5 3191/2/5 3070/1/5
f 3074/1/6 3195/2/6 3196/6/6 3075/5/6
f 3076/2/1 3077/6/1 3073/5/1 3072/1/1
f 3076/2/2 3072/6/2 3193/5/2 3197/1/2
f 3072/2/3 3073/6/3 3194/5/3 3193/1/3
f 3197/1/4 3193/2/4 3194/6/4 3198/5/4
f 3077/6/5 3198/5/5 3194/1/5 3073/2/5
f 3076/1/6 3197/2/6 3198/6/6 3077/5/6
f 3077/2/1 3078/6/1 3074/5/1 3073/1/1
f 3077/2/2 3073/6/2 3194/5/2 3198/1/2
f 3073/2/3 3074/6/3 3195/5/3 3194/1/3
f 3198/1/4 3194/2/4 3195/6/4 3199/5/4
f 3078/6/5 3199/5/5 3195/1/5 3074/2/5
f 3077/1/6 3198/2/6 3199/6/6 3078/5/6
f 3078/2/1 3079/6/1 3075/5/1 3074/1/1
f 3078/6/2 3074/2/2 3195/1/2 3199/5/2
f 3074/2/3 3075/6/3 3196/5/3 3195/1/3
f 3199/1/4 3195/2/4 3196/6/4 3200/5/4
f 3079/2/5 3200/1/5 3196/5/5 3075/6/5
f 3078/1/6 3199/2/6 3200/6/6 3079/5/6
f 3081/2/1 3082/6/1 3077/5/1 3076/1/1
f 3081/2/2 3076/6/2 3197/5/2 3201/1/2
f 3076/2/3 3077/6/3 3198/5/3 3197/1/3
f 3201/1/4 3197/2/4 3198/6/4 3202/5/4
f 3082/6/5 3202/5/5 3198/1/5 3077/2/5
f 3081/1/6 3201/2/6 3202/6/6 3082/5/6
f 3082/2/1 3083/6/1 3078/5/1 3077/1/1
f 3082/2/2 3077/6/2 3198/5/2 3202/1/2
f 3077/2/3 3078/6/3 3199/5/3 3198/1/3
f 3202/1/4 3198/2/4 3199/6/4 3203/5/4
f 3083/6/5 3203/5/5 3199/1/5 3078/2/5
f 3082/1/6 3202/2/6 3203/6/6 3083/5/6
f 3083/2/1 3084/6/1 3079/5/1 3078/1/1
f 3083/2/2 3078/6/2 3199/5/2 3203/1/2
f 3078/2/3 3079/6/3 3200/5/3 3199/1/3
f 3203/1/4 3199/2/4 3200/6/4 3204/5/4
f 3084/6/5 3204/5/5 3200/1/5 3079/2/5
f 3083/1/6 3203/2/6 3204/6/6 3084/5/6
f 3087/2/1 3088/6/1 3082/5/1 3081/1/1
f 3087/6/2 3081/2/2 3201/1/2 3207/5/2
f 3081/2/3 3082/6/3 3202/5/3 3201/1/3
f 3207/1/4 3201/2/4 3202/6/4 3208/5/4
f 3088/2/5 3208/1/5 3202/5/5 3082/6/5
f 3087/1/6 3207/2/6 3208/6/6 3088/5/6
f 3088/2/1 3089/6/1 3083/5/1 3082/1/1
f 3088/2/2 3082/6/2 3202/5/2 3208/1/2
f 3082/2/3 3083/6/3 3203/5/3 3202/1/3
f 3208/1/4 3202/2/4 3203/6/4 3209/5/4
f 3089/6/5 3209/5/5 3203/1/5 3083/2/5
f 3088/1/6 3208/2/6 3209/6/6 3089/5/6
f 3089/2/1 3090/6/1 3084/5/1 3083/1/1
f 3089/2/2 3083/6/2 3203/5/2 3209/1/2
f 3083/2/3 3084/6/3 3204/5/3 3203/1/3
f 3209/1/4 3203/2/4 3204/6/4 3210/5/4
f 3090/6/5 3210/5/5 3204/1/5 3084/2/5
f 3089/1/6 3209/2/6 3210/6/6 3090/5/6
f 3090/2/1 3091/6/1 3085/5/1 3084/1/1
f 3090/6/2 3084/2/2 3204/1/2 3210/5/2
f 3084/2/3 3085/6/3 3205/5/3 3204/1/3
f 3210/1/4 3204/2/4 3205/6/4 3211/5/4
f 3091/2/5 3211/1/5 3205/5/5 3085/6/5
f 3090/1/6 3210/2/6 3211/6/6 3091/5/6
f 3092/2/1 3093/6/1 3087/5/1 3086/1/1
f 3092/2/2 3086/6/2 3206/5/2 3213/1/2
f 3086/2/3 3087/6/3 3207/5/3 3206/1/3
f 3213/1/4 3206/2/4 3207/6/4 3214/5/4
f 3093/6/5 3214/5/5 3207/1/5 3087/2/5
f 3092/1/6 3213/2/6 3214/6/6 3093/5/6
f 3093/2/1 3094/6/1 3088/5/1 3087/1/1
f 3093/5/2 3087/1/2 3207/2/2 3214/6/2
f 3087/2/3 3088/6/3 3208/5/3 3207/1/3
f 3214/1/4 3207/2/4 3208/6/4 3215/5/4
f 3094/1/5 3215/2/5 3208/6/5 3088/5/5
f 3093/1/6 3214/2/6 3215/6/6 3094/5/6
f 3094/2/1 3095/6/1 3089/5/1 3088/1/1
f 3094/5/2 3088/1/2 3208/2/2 3215/6/2
f 3088/2/3 3089/6/3 3209/5/3 3208/1/3
f 3215/1/4 3208/2/4 3209/6/4 3216/5/4
f 3095/1/5 3216/2/5 3209/6/5 3089/5/5
f 3094/1/6 3215/2/6 3216/6/6 3095/5/6
f 3095/2/1 3096/6/1 3090/5/1 3089/1/1
f 3095/2/2 3089/6/2 3209/5/2 3216/1/2
f 3089/2/3 3090/6/3 3210/5/3 3209/1/3
f 3216/1/4 3209/2/4 3210/6/4 3217/5/4
f 3096/6/5 3217/5/5 3210/1/5 3090/2/5
f 3095/1/6 3216/2/6 3217/6/6 3096/5/6
f 3096/2/1 3097/6/1 3091/5/1 3090/1/1
f 3096/1/2 3090/5/2 3210/6/2 3217/2/2
f 3090/2/3 3091/6/3 3211/5/3 3210/1/3
f 3217/1/4 3210/2/4 3211/6/4 3218/5/4
f 3097/5/5 3218/6/5 3211/2/5 3091/1/5
f 3096/1/6 3217/2/6 3218/6/6 3097/5/6
f 3099/2/1 3100/6/1 3093/5/1 3092/1/1
f 3099/1/2 3092/5/2 3213/6/2 3220/2/2
f 3092/2/3 3093/6/3 3214/5/3 3213/1/3
f 3220/1/4 3213/2/4 3214/6/4 3221/5/4
f 3100/5/5 3221/6/5 3214/2/5 3093/1/5
f 3099/1/6 3220/2/6 3221/6/6 3100/5/6
f 3100/2/1 3101/6/1 3094/5/1 3093/1/1
f 3100/2/2 3093/6/2 3214/5/2 3221/1/2
f 3093/2/3 3094/6/3 3215/5/3 3214/1/3
f 3221/1/4 3214/2/4 3215/6/4 3222/5/4
f 3101/6/5 3222/5/5 3215/1/5 3094/2/5
f 3100/1/6 3221/2/6 3222/6/6 3101/5/6
f 3101/2/1 3102/6/1 3095/5/1 3094/1/1
f 3101/5/2 3094/1/2 3215/2/2 3222/6/2
f 3094/2/3 3095/6/3 3216/5/3 3215/1/3
f 3222/1/4 3215/2/4 3216/6/4 3223/5/4
f 3102/1/5 3223/2/5 3216/6/5 3095/5/5
f 3101/1/6 3222/2/6 3223/6/6 3102/5/6
f 3102/2/1 3103/6/1 3096/5/1 3095/1/1
f 3102/5/2 3095/1/2 3216/2/2 3223/6/2
f 3095/2/3 3096/6/3 3217/5/3 3216/1/3
f 3223/1/4 3216/2/4 3217/6/4 3224/5/4
f 3103/1/5 3224/2/5 3217/6/5 3096/5/5
f 3102/1/6 3223/2/6 3224/6/6 3103/5/6
f 3103/2/1 3104/6/1 3097/5/1 3096/1/1
f 3103/2/2 3096/6/2 3217/5/2 3224/1/2
f 3096/2/3 3097/6/3 3218/5/3 3217/1/3
f 3224/1/4 3217/2/4 3218/6/4 3225/5/4
f 3104/6/5 3225/5/5 3218/1/5 3097/2/5
f 3103/1/6 3224/2/6 3225/6/6 3104/5/6
f 3104/2/1 3105/6/1 3098/5/1 3097/1/1
f 3104/2/2 3097/6/2 3218/5/2 3225/1/2
f 3097/2/3 3098/6/3 3219/5/3 3218/1/3
f 3225/1/4 3218/2/4 3219/6/4 3226/5/4
f 3105/6/5 3226/5/5 3219/1/5 3098/2/5
f 3104/1/6 3225/2/6 3226/6/6 3105/5/6
f 3106/2/1 3107/6/1 3100/5/1 3099/1/1
f 3106/6/2 3099/2/2 3220/1/2 3227/5/2
f 3099/2/3 3100/6/3 3221/5/3 3220/1/3
f 3227/1/4 3220/2/4 3221/6/4 3228/5/4
f 3107/2/5 3228/1/5 3221/5/5 3100/6/5
f 3106/1/6 3227/2/6 3228/6/6 3107/5/6
f 3107/2/1 3108/6/1 3101/5/1 3100/1/1
f 3107/2/2 3100/6/2 3221/5/2 3228/1/2
f 3100/2/3 3101/6/3 3222/5/3 3221/1/3
f 3228/1/4 3221/2/4 3222/6/4 3229/5/4
f 3108/6/5 3229/5/5 3222/1/5 3101/2/5
f 3107/1/6 3228/2/6 3229/6/6 3108/5/6
f 3108/2/1 3109/6/1 3102/5/1 3101/1/1
f 3108/5/2 3101/1/2 3222/2/2 3229/6/2
f 3101/2/3 3102/6/3 3223/5/3 3222/1/3
f 3229/1/4 3222/2/4 3223/6/4 3230/5/4
f 3109/1/5 3230/2/5 3223/6/5 3102/5/5
f 3108/1/6 3229/2/6 3230/6/6 3109/5/6
f 3109/2/1 3110/6/1 3103/5/1 3102/1/1
f 3109/6/2 3102/2/2 3223/1/2 3230/5/2
f 3102/2/3 3103/6/3 3224/5/3 3223/1/3
f 3230/1/4 3223/2/4 3224/6/4 3231/5/4
f 3110/2/5 3231/1/5 3224/5/5 3103/6/5
f 3109/1/6 3230/2/6 3231/6/6 3110/5/6
f 3110/2/1 3111/6/1 3104/5/1 3103/1/1
f 3110/6/2 3103/2/2 3224/1/2 3231/5/2
f 3103/2/3 3104/6/3 3225/5/3 3224/1/3
f 3231/1/4 3224/2/4 3225/6/4 3232/5/4
f 3111/2/5 3232/1/5 3225/5/5 3104/6/5
f 3110/1/6 3231/2/6 3232/6/6 3111/5/6
f 3111/2/1 3112/6/1 3105/5/1 3104/1/1
f 3111/6/2 3104/2/2 3225/1/2 3232/5/2
f 3104/2/3 3105/6/3 3226/5/3 3225/1/3
f 3232/1/4 3225/2/4 3226/6/4 3233/5/4
f 3112/2/5 3233/1/5 3226/5/5 3105/6/5
f 3111/1/6 3232/2/6 3233/6/6 3112/5/6
f 3113/2/1 3114/6/1 3107/5/1 3106/1/1
f 3113/5/2 3106/1/2 3227/2/2 3234/6/2
f 3106/2/3 3107/6/3 3228/5/3 3227/1/3
f 3234/1/4 3227/2/4 3228/6/4 3235/5/4
f 3114/1/5 3235/2/5 3228/6/5 3107/5/5
f 3113/1/6 3234/2/6 3235/6/6 3114/5/6
f 3114/2/1 3115/6/1 3108/5/1 3107/1/1
f 3114/1/2 3107/5/2 3228/6/2 3235/2/2
f 3107/2/3 3108/6/3 3229/5/3 3228/1/3
f 3235/1/4 3228/2/4 3229/6/4 3236/5/4
f 3115/5/5 3236/6/5 3229/2/5 3108/1/5
f 3114/1/6 3235/2/6 3236/6/6 3115/5/6
f 3115/2/1 3116/6/1 3109/5/1 3108/1/1
f 3115/1/2 3108/5/2 3229/6/2 3236/2/2
f 3108/2/3 3109/6/3 3230/5/3 3229/1/3
f 3236/1/4 3229/2/4 3230/6/4 3237/5/4
f 3116/5/5 3237/6/5 3230/2/5 3109/1/5
f 3115/1/6 3236/2/6 3237/6/6 3116/5/6
f 3116/2/1 3117/6/1 3110/5/1 3109/1/1
f 3116/1/2 3109/5/2 3230/6/2 3237/2/2
f 3109/2/3 3110/6/3 3231/5/3 3230/1/3
f 3237/1/4 3230/2/4 3231/6/4 3238/5/4
f 3117/5/5 3238/6/5 3231/2/5 3110/1/5
f 3116/1/6 3237/2/6 3238/6/6 3117/5/6
f 3117/2/1 3118/6/1 3111/5/1 3110/1/1
f 3117/2/2 3110/6/2 3231/5/2 3238/1/2
f 3110/2/3 3111/6/3 3232/5/3 3231/1/3
f 3238/1/4 3231/2/4 3232/6/4 3239/5/4
f 3118/6/5 3239/5/5 3232/1/5 3111/2/5
f 3117/1/6 3238/2/6 3239/6/6 3118/5/6
f 3118/2/1 3119/6/1 3112/5/1 3111/1/1
f 3118/6/2 3111/2/2 3232/1/2 3239/5/2
f 3111/2/3 3112/6/3 3233/5/3 3232/1/3
f 3239/1/4 3232/2/4 3233/6/4 3240/5/4
f 3119/2/5 3240/1/5 3233/5/5 3112/6/5
f 3118/1/6 3239/2/6 3240/6/6 3119/5/6
f 3124/2/1 3127/6/1 3126/5/1 3125/1/1
f 3124/1/2 3125/5/2 3244/6/2 3243/2/2
f 3125/2/3 3126/6/3 3245/5/3 3244/1/3
f 3243/1/4 3244/2/4 3245/6/4 3246/5/4
f 3127/5/5 3246/6/5 3245/2/5 3126/1/5
f 3124/1/6 3243/2/6 3246/6/6 3127/5/6
f 3127/2/1 3129/6/1 3128/5/1 3126/1/1
f 3127/1/2 3126/5/2 3245/6/2 3246/2/2
f 3126/2/3 3128/6/3 3247/5/3 3245/1/3
f 3246/1/4 3245/2/4 3247/6/4 3248/5/4
f 3129/5/5 3248/6/5 3247/2/5 3128/1/5
f 3127/1/6 3246/2/6 3248/6/6 3129/5/6
f 3129/2/1 3131/6/1 3130/5/1 3128/1/1
f 3129/6/2 3128/2/2 3247/1/2 3248/5/2
f 3128/2/3 3130/6/3 3249/5/3 3247/1/3
f 3248/1/4 3247/2/4 3249/6/4 3250/5/4
f 3131/2/5 3250/1/5 3249/5/5 3130/6/5
f 3129/1/6 3248/2/6 3250/6/6 3131/5/6
f 3132/2/1 3133/6/1 3123/5/1 3122/1/1
f 3132/1/2 3122/5/2 3241/6/2 3251/2/2
f 3122/2/3 3123/6/3 3242/5/3 3241/1/3
f 3251/1/4 3241/2/4 3242/6/4 3252/5/4
f 3133/5/5 3252/6/5 3242/2/5 3123/1/5
f 3132/1/6 3251/2/6 3252/6/6 3133/5/6
f 3135/2/1 3136/6/1 3133/5/1 3132/1/1
f 3135/2/2 3132/6/2 3251/5/2 3253/1/2
f 3132/2/3 3133/6/3 3252/5/3 3251/1/3
f 3253/1/4 3251/2/4 3252/6/4 3254/5/4
f 3136/6/5 3254/5/5 3252/1/5 3133/2/5
f 3135/1/6 3253/2/6 3254/6/6 3136/5/6
f 3140/2/1 3141/6/1 3136/5/1 3135/1/1
f 3140/5/2 3135/1/2 3253/2/2 3257/6/2
f 3135/2/3 3136/6/3 3254/5/3 3253/1/3
f 3257/1/4 3253/2/4 3254/6/4 3258/5/4
f 3141/1/5 3258/2/5 3254/6/5 3136/5/5
f 3140/1/6 3257/2/6 3258/6/6 3141/5/6
f 3141/2/1 3142/6/1 3137/5/1 3136/1/1
f 3141/5/2 3136/1/2 3254/2/2 3258/6/2
f 3136/2/3 3137/6/3 3255/5/3 3254/1/3
f 3258/1/4 3254/2/4 3255/6/4 3259/5/4
f 3142/1/5 3259/2/5 3255/6/5 3137/5/5
f 3141/1/6 3258/2/6 3259/6/6 3142/5/6
f 3142/2/1 3143/6/1 3138/5/1 3137/1/1
f 3142/5/2 3137/1/2 3255/2/2 3259/6/2
f 3137/2/3 3138/6/3 3256/5/3 3255/1/3
f 3259/1/4 3255/2/4 3256/6/4 3260/5/4
f 3143/1/5 3260/2/5 3256/6/5 3138/5/5
f 3142/1/6 3259/2/6 3260/6/6 3143/5/6
f 3145/2/1 3146/6/1 3141/5/1 3140/1/1
f 3145/1/2 3140/5/2 3257/6/2 3263/2/2
f 3140/2/3 3141/6/3 3258/5/3 3257/1/3
f 3263/1/4 3257/2/4 3258/6/4 3264/5/4
f 3146/5/5 3264/6/5 3258/2/5 3141/1/5
f 3145/1/6 3263/2/6 3264/6/6 3146/5/6
f 3146/2/1 3147/6/1 3142/5/1 3141/1/1
f 3146/5/2 3141/1/2 3258/2/2 3264/6/2
f 3141/2/3 3142/6/3 3259/5/3 3258/1/3
f 3264/1/4 3258/2/4 3259/6/4 3265/5/4
f 3147/1/5 3265/2/5 3259/6/5 3142/5/5
f 3146/1/6 3264/2/6 3265/6/6 3147/5/6
f 3147/2/1 3148/6/1 3143/5/1 3142/1/1
f 3147/2/2 3142/6/2 3259/5/2 3265/1/2
f 3142/2/3 3143/6/3 3260/5/3 3259/1/3
f 3265/1/4 3259/2/4 3260/6/4 3266/5/4
f 3148/6/5 3266/5/5 3260/1/5 3143/2/5
f 3147/1/6 3265/2/6 3266/6/6 3148/5/6
f 3151/2/1 3152/6/1 3146/5/1 3145/1/1
f 3151/2/2 3145/6/2 3263/5/2 3271/1/2
f 3145/2/3 3146/6/3 3264/5/3 3263/1/3
f 3271/1/4 3263/2/4 3264/6/4 3272/5/4
f 3152/6/5 3272/5/5 3264/1/5 3146/2/5
f 3151/1/6 3271/2/6 3272/6/6 3152/5/6
f 3152/2/1 3153/6/1 3147/5/1 3146/1/1
f 3152/6/2 3146/2/2 3264/1/2 3272/5/2
f 3146/2/3 3147/6/3 3265/5/3 3264/1/3
f 3272/1/4 3264/2/4 3265/6/4 3273/5/4
f 3153/2/5 3273/1/5 3265/5/5 3147/6/5
f 3152/1/6 3272/2/6 3273/6/6 3153/5/6
f 3153/2/1 3154/6/1 3148/5/1 3147/1/1
f 3153/5/2 3147/1/2 3265/2/2 3273/6/2
f 3147/2/3 3148/6/3 3266/5/3 3265/1/3
f 3273/1/4 3265/2/4 3266/6/4 3274/5/4
f 3154/1/5 3274/2/5 3266/6/5 3148/5/5
f 3153/1/6 3273/2/6 3274/6/6 3154/5/6
f 3154/2/1 3155/6/1 3149/5/1 3148/1/1
f 3154/6/2 3148/2/2 3266/1/2 3274/5/2
f 3148/2/3 3149/6/3 3267/5/3 3266/1/3
f 3274/1/4 3266/2/4 3267/6/4 3275/5/4
f 3155/2/5 3275/1/5 3267/5/5 3149/6/5
f 3154/1/6 3274/2/6 3275/6/6 3155/5/6
f 3155/2/1 3156/6/1 3150/5/1 3149/1/1
f 3155/2/2 3149/6/2 3267/5/2 3275/1/2
f 3149/2/3 3150/6/3 3268/5/3 3267/1/3
f 3275/1/4 3267/2/4 3268/6/4 3276/5/4
f 3156/6/5 3276/5/5 3268/1/5 3150/2/5
f 3155/1/6 3275/2/6 3276/6/6 3156/5/6
f 3158/2/1 3159/6/1 3153/5/1 3152/1/1
f 3158/6/2 3152/2/2 3272/1/2 3277/5/2
f 3152/2/3 3153/6/3 3273/5/3 3272/1/3
f 3277/1/4 3272/2/4 3273/6/4 3278/5/4
f 3159/2/5 3278/1/5 3273/5/5 3153/6/5
f 3158/1/6 3277/2/6 3278/6/6 3159/5/6
f 3159/2/1 3160/6/1 3154/5/1 3153/1/1
f 3159/1/2 3153/5/2 3273/6/2 3278/2/2
f 3153/2/3 3154/6/3 3274/5/3 3273/1/3
f 3278/1/4 3273/2/4 3274/6/4 3279/5/4
f 3160/5/5 3279/6/5 3274/2/5 3154/1/5
f 3159/1/6 3278/2/6 3279/6/6 3160/5/6
f 3160/2/1 3161/6/1 3155/5/1 3154/1/1
f 3160/5/2 3154/1/2 3274/2/2 3279/6/2
f 3154/2/3 3155/6/3 3275/5/3 3274/1/3
f 3279/1/4 3274/2/4 3275/6/4 3280/5/4
f 3161/1/5 3280/2/5 3275/6/5 3155/5/5
f 3160/1/6 3279/2/6 3280/6/6 3161/5/6
f 3164/2/1 3165/6/1 3159/5/1 3158/1/1
f 3164/6/2 3158/2/2 3277/1/2 3281/5/2
f 3158/2/3 3159/6/3 3278/5/3 3277/1/3
f 3281/1/4 3277/2/4 3278/6/4 3282/5/4
f 3165/2/5 3282/1/5 3278/5/5 3159/6/5
f 3164/1/6 3281/2/6 3282/6/6 3165/5/6
f 3165/2/1 3166/6/1 3160/5/1 3159/1/1
f 3165/2/2 3159/6/2 3278/5/2 3282/1/2
f 3159/2/3 3160/6/3 3279/5/3 3278/1/3
f 3282/1/4 3278/2/4 3279/6/4 3283/5/4
f 3166/6/5 3283/5/5 3279/1/5 3160/2/5
f 3165/1/6 3282/2/6 3283/6/6 3166/5/6
f 3166/2/1 3167/6/1 3161/5/1 3160/1/1
f 3166/5/2 3160/1/2 3279/2/2 3283/6/2
f 3160/2/3 3161/6/3 3280/5/3 3279/1/3
f 3283/1/4 3279/2/4 3280/6/4 3284/5/4
f 3167/1/5 3284/2/5 3280/6/5 3161/5/5
f 3166/1/6 3283/2/6 3284/6/6 3167/5/6
f 3170/2/1 3171/6/1 3166/5/1 3165/1/1
f 3170/6/2 3165/2/2 3282/1/2 3286/5/2
f 3165/2/3 3166/6/3 3283/5/3 3282/1/3
f 3286/1/4 3282/2/4 3283/6/4 3287/5/4
f 3171/2/5 3287/1/5 3283/5/5 3166/6/5
f 3170/1/6 3286/2/6 3287/6/6 3171/5/6
f 3174/2/1 3175/6/1 3171/5/1 3170/1/1
f 3174/2/2 3170/6/2 3286/5/2 3289/1/2
f 3170/2/3 3171/6/3 3287/5/3 3286/1/3
f 3289/1/4 3286/2/4 3287/6/4 3290/5/4
f 3175/6/5 3290/5/5 3287/1/5 3171/2/5
f 3174/1/6 3289/2/6 3290/6/6 3175/5/6
f 3175/2/1 3176/6/1 3172/5/1 3171/1/1
f 3175/2/2 3171/6/2 3287/5/2 3290/1/2
f 3171/2/3 3172/6/3 3288/5/3 3287/1/3
f 3290/1/4 3287/2/4 3288/6/4 3291/5/4
f 3176/6/5 3291/5/5 3288/1/5 3172/2/5
f 3175/1/6 3290/2/6 3291/6/6 3176/5/6
f 3179/2/1 3180/6/1 3176/5/1 3175/1/1
f 3179/1/2 3175/5/2 3290/6/2 3294/2/2
f 3175/2/3 3176/6/3 3291/5/3 3290/1/3
f 3294/1/4 3290/2/4 3291/6/4 3295/5/4
f 3180/5/5 3295/6/5 3291/2/5 3176/1/5
f 3179/1/6 3294/2/6 3295/6/6 3180/5/6
f 3180/2/1 3181/6/1 3177/5/1 3176/1/1
f 3180/2/2 3176/6/2 3291/5/2 3295/1/2
f 3176/2/3 3177/6/3 3292/5/3 3291/1/3
f 3295/1/4 3291/2/4 3292/6/4 3296/5/4
f 3181/6/5 3296/5/5 3292/1/5 3177/2/5
f 3180/1/6 3295/2/6 3296/6/6 3181/5/6
f 3182/2/1 3298/6/1 3299/5/1 3178/1/1
f 3182/2/2 3178/6/2 3293/5/2 3297/1/2
f 3178/2/3 3299/6/3 3300/5/3 3293/1/3
f 3297/1/4 3293/2/4 3300/6/4 3301/5/4
f 3298/6/5 3301/5/5 3300/1/5 3299/2/5
f 3182/1/6 3297/2/6 3301/6/6 3298/5/6
f 3298/2/1 3183/6/1 3184/5/1 3299/1/1
f 3298/1/2 3299/5/2 3300/6/2 3301/2/2
f 3299/2/3 3184/6/3 3302/5/3 3300/1/3
f 3301/1/4 3300/2/4 3302/6/4 3303/5/4
f 3183/5/5 3303/6/5 3302/2/5 3184/1/5
f 3298/1/6 3301/2/6 3303/6/6 3183/5/6
f 3183/2/1 3186/6/1 3185/5/1 3184/1/1
f 3183/2/2 3184/6/2 3302/5/2 3303/1/2
f 3184/2/3 3185/6/3 3304/5/3 3302/1/3
f 3303/1/4 3302/2/4 3304/6/4 3305/5/4
f 3186/6/5 3305/5/5 3304/1/5 3185/2/5
f 3183/1/6 3303/2/6 3305/6/6 3186/5/6
f 3188/2/1 3189/6/1 3180/5/1 3179/1/1
f 3188/6/2 3179/2/2 3294/1/2 3306/5/2
f 3179/2/3 3180/6/3 3295/5/3 3294/1/3
f 3306/1/4 3294/2/4 3295/6/4 3307/5/4
f 3189/2/5 3307/1/5 3295/5/5 3180/6/5
f 3188/1/6 3306/2/6 3307/6/6 3189/5/6
f 3189/2/1 3190/6/1 3181/5/1 3180/1/1
f 3189/2/2 3180/6/2 3295/5/2 3307/1/2
f 3180/2/3 3181/6/3 3296/5/3 3295/1/3
f 3307/1/4 3295/2/4 3296/6/4 3308/5/4
f 3190/6/5 3308/5/5 3296/1/5 3181/2/5
f 3189/1/6 3307/2/6 3308/6/6 3190/5/6
f 3193/2/1 3194/6/1 3189/5/1 3188/1/1
f 3193/2/2 3188/6/2 3306/5/2 3310/1/2
f 3188/2/3 3189/6/3 3307/5/3 3306/1/3
f 3310/1/4 3306/2/4 3307/6/4 3311/5/4
f 3194/6/5 3311/5/5 3307/1/5 3189/2/5
f 3193/1/6 3310/2/6 3311/6/6 3194/5/6
f 3194/2/1 3195/6/1 3190/5/1 3189/1/1
f 3194/1/2 3189/5/2 3307/6/2 3311/2/2
f 3189/2/3 3190/6/3 3308/5/3 3307/1/3
f 3311/1/4 3307/2/4 3308/6/4 3312/5/4
f 3195/5/5 3312/6/5 3308/2/5 3190/1/5
f 3194/1/6 3311/2/6 3312/6/6 3195/5/6
f 3197/2/1 3198/6/1 3194/5/1 3193/1/1
f 3197/5/2 3193/1/2 3310/2/2 3315/6/2
f 3193/2/3 3194/6/3 3311/5/3 3310/1/3
f 3315/1/4 3310/2/4 3311/6/4 3316/5/4
f 3198/1/5 3316/2/5 3311/6/5 3194/5/5
f 3197/1/6 3315/2/6 3316/6/6 3198/5/6
f 3198/2/1 3199/6/1 3195/5/1 3194/1/1
f 3198/6/2 3194/2/2 3311/1/2 3316/5/2
f 3194/2/3 3195/6/3 3312/5/3 3311/1/3
f 3316/1/4 3311/2/4 3312/6/4 3317/5/4
f 3199/2/5 3317/1/5 3312/5/5 3195/6/5
f 3198/1/6 3316/2/6 3317/6/6 3199/5/6
f 3199/2/1 3200/6/1 3196/5/1 3195/1/1
f 3199/6/2 3195/2/2 3312/1/2 3317/5/2
f 3195/2/3 3196/6/3 3313/5/3 3312/1/3
f 3317/1/4 3312/2/4 3313/6/4 3318/5/4
f 3200/2/5 3318/1/5 3313/5/5 3196/6/5
f 3199/1/6 3317/2/6 3318/6/6 3200/5/6
f 3201/2/1 3202/6/1 3198/5/1 3197/1/1
f 3201/2/2 3197/6/2 3315/5/2 3320/1/2
f 3197/2/3 3198/6/3 3316/5/3 3315/1/3
f 3320/1/4 3315/2/4 3316/6/4 3321/5/4
f 3202/6/5 3321/5/5 3316/1/5 3198/2/5
f 3201/1/6 3320/2/6 3321/6/6 3202/5/6
f 3202/2/1 3203/6/1 3199/5/1 3198/1/1
f 3202/1/2 3198/5/2 3316/6/2 3321/2/2
f 3198/2/3 3199/6/3 3317/5/3 3316/1/3
f 3321/1/4 3316/2/4 3317/6/4 3322/5/4
f 3203/5/5 3322/6/5 3317/2/5 3199/1/5
f 3202/1/6 3321/2/6 3322/6/6 3203/5/6
f 3203/2/1 3204/6/1 3200/5/1 3199/1/1
f 3203/5/2 3199/1/2 3317/2/2 3322/6/2
f 3199/2/3 3200/6/3 3318/5/3 3317/1/3
f 3322/1/4 3317/2/4 3318/6/4 3323/5/4
f 3204/1/5 3323/2/5 3318/6/5 3200/5/5
f 3203/1/6 3322/2/6 3323/6/6 3204/5/6
f 3207/2/1 3208/6/1 3202/5/1 3201/1/1
f 3207/6/2 3201/2/2 3320/1/2 3325/5/2
f 3201/2/3 3202/6/3 3321/5/3 3320/1/3
f 3325/1/4 3320/2/4 3321/6/4 3326/5/4
f 3208/2/5 3326/1/5 3321/5/5 3202/6/5
f 3207/1/6 3325/2/6 3326/6/6 3208/5/6
f 3208/2/1 3209/6/1 3203/5/1 3202/1/1
f 3208/5/2 3202/1/2 3321/2/2 3326/6/2
f 3202/2/3 3203/6/3 3322/5/3 3321/1/3
f 3326/1/4 3321/2/4 3322/6/4 3327/5/4
f 3209/1/5 3327/2/5 3322/6/5 3203/5/5
f 3208/1/6 3326/2/6 3327/6/6 3209/5/6
f 3209/2/1 3210/6/1 3204/5/1 3203/1/1
f 3209/5/2 3203/1/2 3322/2/2 3327/6/2
f 3203/2/3 3204/6/3 3323/5/3 3322/1/3
f 3327/1/4 3322/2/4 3323/6/4 3328/5/4
f 3210/1/5 3328/2/5 3323/6/5 3204/5/5
f 3209/1/6 3327/2/6 3328/6/6 3210/5/6
f 3213/2/1 3214/6/1 3207/5/1 3206/1/1
f 3213/1/2 3206/5/2 3324/6/2 3332/2/2
f 3206/2/3 3207/6/3 3325/5/3 3324/1/3
f 3332/1/4 3324/2/4 3325/6/4 3333/5/4
f 3214/5/5 3333/6/5 3325/2/5 3207/1/5
f 3213/1/6 3332/2/6 3333/6/6 3214/5/6
f 3214/2/1 3215/6/1 3208/5/1 3207/1/1
f 3214/2/2 3207/6/2 3325/5/2 3333/1/2
f 3207/2/3 3208/6/3 3326/5/3 3325/1/3
f 3333/1/4 3325/2/4 3326/6/4 3334/5/4
f 3215/6/5 3334/5/5 3326/1/5 3208/2/5
f 3214/1/6 3333/2/6 3334/6/6 3215/5/6
f 3215/2/1 3216/6/1 3209/5/1 3208/1/1
f 3215/6/2 3208/2/2 3326/1/2 3334/5/2
f 3208/2/3 3209/6/3 3327/5/3 3326/1/3
f 3334/1/4 3326/2/4 3327/6/4 3335/5/4
f 3216/2/5 3335/1/5 3327/5/5 3209/6/5
f 3215/1/6 3334/2/6 3335/6/6 3216/5/6
f 3216/2/1 3217/6/1 3210/5/1 3209/1/1
f 3216/5/2 3209/1/2 3327/2/2 3335/6/2
f 3209/2/3 3210/6/3 3328/5/3 3327/1/3
f 3335/1/4 3327/2/4 3328/6/4 3336/5/4
f 3217/1/5 3336/2/5 3328/6/5 3210/5/5
f 3216/1/6 3335/2/6 3336/6/6 3217/5/6
f 3217/2/1 3218/6/1 3211/5/1 3210/1/1
f 3217/1/2 3210/5/2 3328/6/2 3336/2/2
f 3210/2/3 3211/6/3 3329/5/3 3328/1/3
f 3336/1/4 3328/2/4 3329/6/4 3337/5/4
f 3218/5/5 3337/6/5 3329/2/5 3211/1/5
f 3217/1/6 3336/2/6 3337/6/6 3218/5/6
f 3218/2/1 3219/6/1 3212/5/1 3211/1/1
f 3218/5/2 3211/1/2 3329/2/2 3337/6/2
f 3211/2/3 3212/6/3 3330/5/3 3329/1/3
f 3337/1/4 3329/2/4 3330/6/4 3338/5/4
f 3219/1/5 3338/2/5 3330/6/5 3212/5/5
f 3218/1/6 3337/2/6 3338/6/6 3219/5/6
f 3220/2/1 3221/6/1 3214/5/1 3213/1/1
f 3220/2/2 3213/6/2 3332/5/2 3340/1/2
f 3213/2/3 3214/6/3 3333/5/3 3332/1/3
f 3340/1/4 3332/2/4 3333/6/4 3341/5/4
f 3221/6/5 3341/5/5 3333/1/5 3214/2/5
f 3220/1/6 3340/2/6 3341/6/6 3221/5/6
f 3221/2/1 3222/6/1 3215/5/1 3214/1/1
f 3221/2/2 3214/6/2 3333/5/2 3341/1/2
f 3214/2/3 3215/6/3 3334/5/3 3333/1/3
f 3341/1/4 3333/2/4 3334/6/4 3342/5/4
f 3222/6/5 3342/5/5 3334/1/5 3215/2/5
f 3221/1/6 3341/2/6 3342/6/6 3222/5/6
f 3222/2/1 3223/6/1 3216/5/1 3215/1/1
f 3222/6/2 3215/2/2 3334/1/2 3342/5/2
f 3215/2/3 3216/6/3 3335/5/3 3334/1/3
f 3342/1/4 3334/2/4 3335/6/4 3343/5/4
f 3223/2/5 3343/1/5 3335/5/5 3216/6/5
f 3222/1/6 3342/2/6 3343/6/6 3223/5/6
f 3223/2/1 3224/6/1 3217/5/1 3216/1/1
f 3223/2/2 3216/6/2 3335/5/2 3343/1/2
f 3216/2/3 3217/6/3 3336/5/3 3335/1/3
f 3343/1/4 3335/2/4 3336/6/4 3344/5/4
f 3224/6/5 3344/5/5 3336/1/5 3217/2/5
f 3223/1/6 3343/2/6 3344/6/6 3224/5/6
f 3224/2/1 3225/6/1 3218/5/1 3217/1/1
f 3224/6/2 3217/2/2 3336/1/2 3344/5/2
f 3217/2/3 3218/6/3 3337/5/3 3336/1/3
f 3344/1/4 3336/2/4 3337/6/4 3345/5/4
f 3225/2/5 3345/1/5 3337/5/5 3218/6/5
f 3224/1/6 3344/2/6 3345/6/6 3225/5/6
f 3225/2/1 3226/6/1 3219/5/1 3218/1/1
f 3225/2/2 3218/6/2 3337/5/2 3345/1/2
f 3218/2/3 3219/6/3 3338/5/3 3337/1/3
f 3345/1/4 3337/2/4 3338/6/4 3346/5/4
f 3226/6/5 3346/5/5 3338/1/5 3219/2/5
f 3225/1/6 3345/2/6 3346/6/6 3226/5/6
f 3227/2/1 3228/6/1 3221/5/1 3220/1/1
f 3227/1/2 3220/5/2 3340/6/2 3348/2/2
f 3220/2/3 3221/6/3 3341/5/3 3340/1/3
f 3348/1/4 3340/2/4 3341/6/4 3349/5/4
f 3228/5/5 3349/6/5 3341/2/5 3221/1/5
f 3227/1/6 3348/2/6 3349/6/6 3228/5/6
f 3228/2/1 3229/6/1 3222/5/1 3221/1/1
f 3228/6/2 3221/2/2 3341/1/2 3349/5/2
f 3221/2/3 3222/6/3 3342/5/3 3341/1/3
f 3349/1/4 3341/2/4 3342/6/4 3350/5/4
f 3229/2/5 3350/1/5 3342/5/5 3222/6/5
f 3228/1/6 3349/2/6 3350/6/6 3229/5/6
f 3229/2/1 3230/6/1 3223/5/1 3222/1/1
f 3229/2/2 3222/6/2 3342/5/2 3350/1/2
f 3222/2/3 3223/6/3 3343/5/3 3342/1/3
f 3350/1/4 3342/2/4 3343/6/4 3351/5/4
f 3230/6/5 3351/5/5 3343/1/5 3223/2/5
f 3229/1/6 3350/2/6 3351/6/6 3230/5/6
f 3230/2/1 3231/6/1 3224/5/1 3223/1/1
f 3230/2/2 3223/6/2 3343/5/2 3351/1/2
f 3223/2/3 3224/6/3 3344/5/3 3343/1/3
f 3351/1/4 3343/2/4 3344/6/4 3352/5/4
f 3231/6/5 3352/5/5 3344/1/5 3224/2/5
f 3230/1/6 3351/2/6 3352/6/6 3231/5/6
f 3231/2/1 3232/6/1 3225/5/1 3224/1/1
f 3231/6/2 3224/2/2 3344/1/2 3352/5/2
f 3224/2/3 3225/6/3 3345/5/3 3344/1/3
f 3352/1/4 3344/2/4 3345/6/4 3353/5/4
f 3232/2/5 3353/1/5 3345/5/5 3225/6/5
f 3231/1/6 3352/2/6 3353/6/6 3232/5/6
f 3232/2/1 3233/6/1 3226/5/1 3225/1/1
f 3232/1/2 3225/5/2 3345/6/2 3353/2/2
f 3225/2/3 3226/6/3 3346/5/3 3345/1/3
f 3353/1/4 3345/2/4 3346/6/4 3354/5/4
f 3233/5/5 3354/6/5 3346/2/5 3226/1/5
f 3232/1/6 3353/2/6 3354/6/6 3233/5/6
f 3234/2/1 3235/6/1 3228/5/1 3227/1/1
f 3234/2/2 3227/6/2 3348/5/2 3356/1/2
f 3227/2/3 3228/6/3 3349/5/3 3348/1/3
f 3356/1/4 3348/2/4 3349/6/4 3357/5/4
f 3235/6/5 3357/5/5 3349/1/5 3228/2/5
f 3234/1/6 3356/2/6 3357/6/6 3235/5/6
f 3235/2/1 3236/6/1 3229/5/1 3228/1/1
f 3235/6/2 3228/2/2 3349/1/2 3357/5/2
f 3228/2/3 3229/6/3 3350/5/3 3349/1/3
f 3357/1/4 3349/2/4 3350/6/4 3358/5/4
f 3236/2/5 3358/1/5 3350/5/5 3229/6/5
f 3235/1/6 3357/2/6 3358/6/6 3236/5/6
f 3236/2/1 3237/6/1 3230/5/1 3229/1/1
f 3236/5/2 3229/1/2 3350/2/2 3358/6/2
f 3229/2/3 3230/6/3 3351/5/3 3350/1/3
f 3358/1/4 3350/2/4 3351/6/4 3359/5/4
f 3237/1/5 3359/2/5 3351/6/5 3230/5/5
f 3236/1/6 3358/2/6 3359/6/6 3237/5/6
f 3237/2/1 3238/6/1 3231/5/1 3230/1/1
f 3237/5/2 3230/1/2 3351/2/2 3359/6/2
f 3230/2/3 3231/6/3 3352/5/3 3351/1/3
f 3359/1/4 3351/2/4 3352/6/4 3360/5/4
f 3238/1/5 3360/2/5 3352/6/5 3231/5/5
f 3237/1/6 3359/2/6 3360/6/6 3238/5/6
f 3238/2/1 3239/6/1 3232/5/1 3231/1/1
f 3238/2/2 3231/6/2 3352/5/2 3360/1/2
f 3231/2/3 3232/6/3 3353/5/3 3352/1/3
f 3360/1/4 3352/2/4 3353/6/4 3361/5/4
f 3239/6/5 3361/5/5 3353/1/5 3232/2/5
f 3238/1/6 3360/2/6 3361/6/6 3239/5/6
f 3239/2/1 3240/6/1 3233/5/1 3232/1/1
f 3239/5/2 3232/1/2 3353/2/2 3361/6/2
f 3232/2/3 3233/6/3 3354/5/3 3353/1/3
f 3361/1/4 3353/2/4 3354/6/4 3362/5/4
f 3240/1/5 3362/2/5 3354/6/5 3233/5/5
f 3239/1/6 3361/2/6 3362/6/6 3240/5/6
f 3251/2/1 3252/6/1 3242/5/1 3241/1/1
f 3251/5/2 3241/1/2 3363/2/2 3369/6/2
f 3241/2/3 3242/6/3 3364/5/3 3363/1/3
f 3369/1/4 3363/2/4 3364/6/4 3370/5/4
f 3252/1/5 3370/2/5 3364/6/5 3242/5/5
f 3251/1/6 3369/2/6 3370/6/6 3252/5/6
f 3253/2/1 3254/6/1 3252/5/1 3251/1/1
f 3253/1/2 3251/5/2 3369/6/2 3372/2/2
f 3251/2/3 3252/6/3 3370/5/3 3369/1/3
f 3372/1/4 3369/2/4 3370/6/4 3373/5/4
f 3254/5/5 3373/6/5 3370/2/5 3252/1/5
f 3253/1/6 3372/2/6 3373/6/6 3254/5/6
f 3257/2/1 3258/6/1 3254/5/1 3253/1/1
f 3257/2/2 3253/6/2 3372/5/2 3377/1/2
f 3253/2/3 3254/6/3 3373/5/3 3372/1/3
f 3377/1/4 3372/2/4 3373/6/4 3378/5/4
f 3258/6/5 3378/5/5 3373/1/5 3254/2/5
f 3257/1/6 3377/2/6 3378/6/6 3258/5/6
f 3258/2/1 3259/6/1 3255/5/1 3254/1/1
f 3258/5/2 3254/1/2 3373/2/2 3378/6/2
f 3254/2/3 3255/6/3 3374/5/3 3373/1/3
f 3378/1/4 3373/2/4 3374/6/4 3379/5/4
f 3259/1/5 3379/2/5 3374/6/5 3255/5/5
f 3258/1/6 3378/2/6 3379/6/6 3259/5/6
f 3263/2/1 3264/6/1 3258/5/1 3257/1/1
f 3263/1/2 3257/5/2 3377/6/2 3383/2/2
f 3257/2/3 3258/6/3 3378/5/3 3377/1/3
f 3383/1/4 3377/2/4 3378/6/4 3384/5/4
f 3264/5/5 3384/6/5 3378/2/5 3258/1/5
f 3263/1/6 3383/2/6 3384/6/6 3264/5/6
f 3264/2/1 3265/6/1 3259/5/1 3258/1/1
f 3264/5/2 3258/1/2 3378/2/2 3384/6/2
f 3258/2/3 3259/6/3 3379/5/3 3378/1/3
f 3384/1/4 3378/2/4 3379/6/4 3385/5/4
f 3265/1/5 3385/2/5 3379/6/5 3259/5/5
f 3264/1/6 3384/2/6 3385/6/6 3265/5/6
f 3265/2/1 3266/6/1 3260/5/1 3259/1/1
f 3265/2/2 3259/6/2 3379/5/2 3385/1/2
f 3259/2/3 3260/6/3 3380/5/3 3379/1/3
f 3385/1/4 3379/2/4 3380/6/4 3386/5/4
f 3266/6/5 3386/5/5 3380/1/5 3260/2/5
f 3265/1/6 3385/2/6 3386/6/6 3266/5/6
f 3269/2/1 3270/6/1 3262/5/1 3261/1/1
f 3269/6/2 3261/2/2 3381/1/2 3388/5/2
f 3261/2/3 3262/6/3 3382/5/3 3381/1/3
f 3388/1/4 3381/2/4 3382/6/4 3389/5/4
f 3270/2/5 3389/1/5 3382/5/5 3262/6/5
f 3269/1/6 3388/2/6 3389/6/6 3270/5/6
f 3277/2/1 3278/6/1 3273/5/1 3272/1/1
f 3277/5/2 3272/1/2 3391/2/2 3398/6/2
f 3272/2/3 3273/6/3 3392/5/3 3391/1/3
f 3398/1/4 3391/2/4 3392/6/4 3399/5/4
f 3278/1/5 3399/2/5 3392/6/5 3273/5/5
f 3277/1/6 3398/2/6 3399/6/6 3278/5/6
f 3278/2/1 3279/6/1 3274/5/1 3273/1/1
f 3278/2/2 3273/6/2 3392/5/2 3399/1/2
f 3273/2/3 3274/6/3 3393/5/3 3392/1/3
f 3399/1/4 3392/2/4 3393/6/4 3400/5/4
f 3279/6/5 3400/5/5 3393/1/5 3274/2/5
f 3278/1/6 3399/2/6 3400/6/6 3279/5/6
f 3279/2/1 3280/6/1 3275/5/1 3274/1/1
f 3279/5/2 3274/1/2 3393/2/2 3400/6/2
f 3274/2/3 3275/6/3 3394/5/3 3393/1/3
f 3400/1/4 3393/2/4 3394/6/4 3401/5/4
f 3280/1/5 3401/2/5 3394/6/5 3275/5/5
f 3279/1/6 3400/2/6 3401/6/6 3280/5/6
f 3281/2/1 3282/6/1 3278/5/1 3277/1/1
f 3281/1/2 3277/5/2 3398/6/2 3403/2/2
f 3277/2/3 3278/6/3 3399/5/3 3398/1/3
f 3403/1/4 3398/2/4 3399/6/4 3404/5/4
f 3282/5/5 3404/6/5 3399/2/5 3278/1/5
f 3281/1/6 3403/2/6 3404/6/6 3282/5/6
f 3282/2/1 3283/6/1 3279/5/1 3278/1/1
f 3282/2/2 3278/6/2 3399/5/2 3404/1/2
f 3278/2/3 3279/6/3 3400/5/3 3399/1/3
f 3404/1/4 3399/2/4 3400/6/4 3405/5/4
f 3283/6/5 3405/5/5 3400/1/5 3279/2/5
f 3282/1/6 3404/2/6 3405/6/6 3283/5/6
f 3283/2/1 3284/6/1 3280/5/1 3279/1/1
f 3283/6/2 3279/2/2 3400/1/2 3405/5/2
f 3279/2/3 3280/6/3 3401/5/3 3400/1/3
f 3405/1/4 3400/2/4 3401/6/4 3406/5/4
f 3284/2/5 3406/1/5 3401/5/5 3280/6/5
f 3283/1/6 3405/2/6 3406/6/6 3284/5/6
f 3285/2/1 3286/6/1 3282/5/1 3281/1/1
f 3285/1/2 3281/5/2 3403/6/2 3408/2/2
f 3281/2/3 3282/6/3 3404/5/3 3403/1/3
f 3408/1/4 3403/2/4 3404/6/4 3409/5/4
f 3286/5/5 3409/6/5 3404/2/5 3282/1/5
f 3285/1/6 3408/2/6 3409/6/6 3286/5/6
f 3286/2/1 3287/6/1 3283/5/1 3282/1/1
f 3286/6/2 3282/2/2 3404/1/2 3409/5/2
f 3282/2/3 3283/6/3 3405/5/3 3404/1/3
f 3409/1/4 3404/2/4 3405/6/4 3410/5/4
f 3287/2/5 3410/1/5 3405/5/5 3283/6/5
f 3286/1/6 3409/2/6 3410/6/6 3287/5/6
f 3287/2/1 3288/6/1 3284/5/1 3283/1/1
f 3287/2/2 3283/6/2 3405/5/2 3410/1/2
f 3283/2/3 3284/6/3 3406/5/3 3405/1/3
f 3410/1/4 3405/2/4 3406/6/4 3411/5/4
f 3288/6/5 3411/5/5 3406/1/5 3284/2/5
f 3287/1/6 3410/2/6 3411/6/6 3288/5/6
f 3289/2/1 3290/6/1 3287/5/1 3286/1/1
f 3289/5/2 3286/1/2 3409/2/2 3414/6/2
f 3286/2/3 3287/6/3 3410/5/3 3409/1/3
f 3414/1/4 3409/2/4 3410/6/4 3415/5/4
f 3290/1/5 3415/2/5 3410/6/5 3287/5/5
f 3289/1/6 3414/2/6 3415/6/6 3290/5/6
f 3294/2/1 3295/6/1 3291/5/1 3290/1/1
f 3294/5/2 3290/1/2 3415/2/2 3422/6/2
f 3290/2/3 3291/6/3 3416/5/3 3415/1/3
f 3422/1/4 3415/2/4 3416/6/4 3423/5/4
f 3295/1/5 3423/2/5 3416/6/5 3291/5/5
f 3294/1/6 3422/2/6 3423/6/6 3295/5/6
f 3306/2/1 3307/6/1 3295/5/1 3294/1/1
f 3306/6/2 3294/2/2 3422/1/2 3426/5/2
f 3294/2/3 3295/6/3 3423/5/3 3422/1/3
f 3426/1/4 3422/2/4 3423/6/4 3427/5/4
f 3307/2/5 3427/1/5 3423/5/5 3295/6/5
f 3306/1/6 3426/2/6 3427/6/6 3307/5/6
f 3307/2/1 3308/6/1 3296/5/1 3295/1/1
f 3307/6/2 3295/2/2 3423/1/2 3427/5/2
f 3295/2/3 3296/6/3 3424/5/3 3423/1/3
f 3427/1/4 3423/2/4 3424/6/4 3428/5/4
f 3308/2/5 3428/1/5 3424/5/5 3296/6/5
f 3307/1/6 3427/2/6 3428/6/6 3308/5/6
f 3310/2/1 3311/6/1 3307/5/1 3306/1/1
f 3310/6/2 3306/2/2 3426/1/2 3430/5/2
f 3306/2/3 3307/6/3 3427/5/3 3426/1/3
f 3430/1/4 3426/2/4 3427/6/4 3431/5/4
f 3311/2/5 3431/1/5 3427/5/5 3307/6/5
f 3310/1/6 3430/2/6 3431/6/6 3311/5/6
f 3311/2/1 3312/6/1 3308/5/1 3307/1/1
f 3311/1/2 3307/5/2 3427/6/2 3431/2/2
f 3307/2/3 3308/6/3 3428/5/3 3427/1/3
f 3431/1/4 3427/2/4 3428/6/4 3432/5/4
f 3312/5/5 3432/6/5 3428/2/5 3308/1/5
f 3311/1/6 3431/2/6 3432/6/6 3312/5/6
f 3314/2/1 3315/6/1 3310/5/1 3309/1/1
f 3314/2/2 3309/6/2 3429/5/2 3434/1/2
f 3309/2/3 3310/6/3 3430/5/3 3429/1/3
f 3434/1/4 3429/2/4 3430/6/4 3435/5/4
f 3315/6/5 3435/5/5 3430/1/5 3310/2/5
f 3314/1/6 3434/2/6 3435/6/6 3315/5/6
f 3315/2/1 3316/6/1 3311/5/1 3310/1/1
f 3315/1/2 3310/5/2 3430/6/2 3435/2/2
f 3310/2/3 3311/6/3 3431/5/3 3430/1/3
f 3435/1/4 3430/2/4 3431/6/4 3436/5/4
f 3316/5/5 3436/6/5 3431/2/5 3311/1/5
f 3315/1/6 3435/2/6 3436/6/6 3316/5/6
f 3316/2/1 3317/6/1 3312/5/1 3311/1/1
f 3316/2/2 3311/6/2 3431/5/2 3436/1/2
f 3311/2/3 3312/6/3 3432/5/3 3431/1/3
f 3436/1/4 3431/2/4 3432/6/4 3437/5/4
f 3317/6/5 3437/5/5 3432/1/5 3312/2/5
f 3316/1/6 3436/2/6 3437/6/6 3317/5/6
f 3319/2/1 3320/6/1 3315/5/1 3314/1/1
f 3319/1/2 3314/5/2 3434/6/2 3440/2/2
f 3314/2/3 3315/6/3 3435/5/3 3434/1/3
f 3440/1/4 3434/2/4 3435/6/4 3441/5/4
f 3320/5/5 3441/6/5 3435/2/5 3315/1/5
f 3319/1/6 3440/2/6 3441/6/6 3320/5/6
f 3320/2/1 3321/6/1 3316/5/1 3315/1/1
f 3320/1/2 3315/5/2 3435/6/2 3441/2/2
f 3315/2/3 3316/6/3 3436/5/3 3435/1/3
f 3441/1/4 3435/2/4 3436/6/4 3442/5/4
f 3321/5/5 3442/6/5 3436/2/5 3316/1/5
f 3320/1/6 3441/2/6 3442/6/6 3321/5/6
f 3321/2/1 3322/6/1 3317/5/1 3316/1/1
f 3321/6/2 3316/2/2 3436/1/2 3442/5/2
f 3316/2/3 3317/6/3 3437/5/3 3436/1/3
f 3442/1/4 3436/2/4 3437/6/4 3443/5/4
f 3322/2/5 3443/1/5 3437/5/5 3317/6/5
f 3321/1/6 3442/2/6 3443/6/6 3322/5/6
f 3322/2/1 3323/6/1 3318/5/1 3317/1/1
f 3322/6/2 3317/2/2 3437/1/2 3443/5/2
f 3317/2/3 3318/6/3 3438/5/3 3437/1/3
f 3443/1/4 3437/2/4 3438/6/4 3444/5/4
f 3323/2/5 3444/1/5 3438/5/5 3318/6/5
f 3322/1/6 3443/2/6 3444/6/6 3323/5/6
f 3324/2/1 3325/6/1 3320/5/1 3319/1/1
f 3324/5/2 3319/1/2 3440/2/2 3446/6/2
f 3319/2/3 3320/6/3 3441/5/3 3440/1/3
f 3446/1/4 3440/2/4 3441/6/4 3447/5/4
f 3325/1/5 3447/2/5 3441/6/5 3320/5/5
f 3324/1/6 3446/2/6 3447/6/6 3325/5/6
f 3325/2/1 3326/6/1 3321/5/1 3320/1/1
f 3325/5/2 3320/1/2 3441/2/2 3447/6/2
f 3320/2/3 3321/6/3 3442/5/3 3441/1/3
f 3447/1/4 3441/2/4 3442/6/4 3448/5/4
f 3326/1/5 3448/2/5 3442/6/5 3321/5/5
f 3325/1/6 3447/2/6 3448/6/6 3326/5/6
f 3326/2/1 3327/6/1 3322/5/1 3321/1/1
f 3326/5/2 3321/1/2 3442/2/2 3448/6/2
f 3321/2/3 3322/6/3 3443/5/3 3442/1/3
f 3448/1/4 3442/2/4 3443/6/4 3449/5/4
f 3327/1/5 3449/2/5 3443/6/5 3322/5/5
f 3326/1/6 3448/2/6 3449/6/6 3327/5/6
f 3327/2/1 3328/6/1 3323/5/1 3322/1/1
f 3327/1/2 3322/5/2 3443/6/2 3449/2/2
f 3322/2/3 3323/6/3 3444/5/3 3443/1/3
f 3449/1/4 3443/2/4 3444/6/4 3450/5/4
f 3328/5/5 3450/6/5 3444/2/5 3323/1/5
f 3327/1/6 3449/2/6 3450/6/6 3328/5/6
f 3332/2/1 3333/6/1 3325/5/1 3324/1/1
f 3332/2/2 3324/6/2 3446/5/2 3453/1/2
f 3324/2/3 3325/6/3 3447/5/3 3446/1/3
f 3453/1/4 3446/2/4 3447/6/4 3454/5/4
f 3333/6/5 3454/5/5 3447/1/5 3325/2/5
f 3332/1/6 3453/2/6 3454/6/6 3333/5/6
f 3333/2/1 3334/6/1 3326/5/1 3325/1/1
f 3333/1/2 3325/5/2 3447/6/2 3454/2/2
f 3325/2/3 3326/6/3 3448/5/3 3447/1/3
f 3454/1/4 3447/2/4 3448/6/4 3455/5/4
f 3334/5/5 3455/6/5 3448/2/5 3326/1/5
f 3333/1/6 3454/2/6 3455/6/6 3334/5/6
f 3334/2/1 3335/6/1 3327/5/1 3326/1/1
f 3334/6/2 3326/2/2 3448/1/2 3455/5/2
f 3326/2/3 3327/6/3 3449/5/3 3448/1/3
f 3455/1/4 3448/2/4 3449/6/4 3456/5/4
f 3335/2/5 3456/1/5 3449/5/5 3327/6/5
f 3334/1/6 3455/2/6 3456/6/6 3335/5/6
f 3335/2/1 3336/6/1 3328/5/1 3327/1/1
f 3335/5/2 3327/1/2 3449/2/2 3456/6/2
f 3327/2/3 3328/6/3 3450/5/3 3449/1/3
f 3456/1/4 3449/2/4 3450/6/4 3457/5/4
f 3336/1/5 3457/2/5 3450/6/5 3328/5/5
f 3335/1/6 3456/2/6 3457/6/6 3336/5/6
f 3339/2/1 3340/6/1 3332/5/1 3331/1/1
f 3339/1/2 3331/5/2 3452/6/2 3461/2/2
f 3331/2/3 3332/6/3 3453/5/3 3452/1/3
f 3461/1/4 3452/2/4 3453/6/4 3462/5/4
f 3340/5/5 3462/6/5 3453/2/5 3332/1/5
f 3339/1/6 3461/2/6 3462/6/6 3340/5/6
f 3340/2/1 3341/6/1 3333/5/1 3332/1/1
f 3340/1/2 3332/5/2 3453/6/2 3462/2/2
f 3332/2/3 3333/6/3 3454/5/3 3453/1/3
f 3462/1/4 3453/2/4 3454/6/4 3463/5/4
f 3341/5/5 3463/6/5 3454/2/5 3333/1/5
f 3340/1/6 3462/2/6 3463/6/6 3341/5/6
f 3341/2/1 3342/6/1 3334/5/1 3333/1/1
f 3341/5/2 3333/1/2 3454/2/2 3463/6/2
f 3333/2/3 3334/6/3 3455/5/3 3454/1/3
f 3463/1/4 3454/2/4 3455/6/4 3464/5/4
f 3342/1/5 3464/2/5 3455/6/5 3334/5/5
f 3341/1/6 3463/2/6 3464/6/6 3342/5/6
f 3342/2/1 3343/6/1 3335/5/1 3334/1/1
f 3342/5/2 3334/1/2 3455/2/2 3464/6/2
f 3334/2/3 3335/6/3 3456/5/3 3455/1/3
f 3464/1/4 3455/2/4 3456/6/4 3465/5/4
f 3343/1/5 3465/2/5 3456/6/5 3335/5/5
f 3342/1/6 3464/2/6 3465/6/6 3343/5/6
f 3343/2/1 3344/6/1 3336/5/1 3335/1/1
f 3343/1/2 3335/5/2 3456/6/2 3465/2/2
f 3335/2/3 3336/6/3 3457/5/3 3456/1/3
f 3465/1/4 3456/2/4 3457/6/4 3466/5/4
f 3344/5/5 3466/6/5 3457/2/5 3336/1/5
f 3343/1/6 3465/2/6 3466/6/6 3344/5/6
f 3344/2/1 3345/6/1 3337/5/1 3336/1/1
f 3344/5/2 3336/1/2 3457/2/2 3466/6/2
f 3336/2/3 3337/6/3 3458/5/3 3457/1/3
f 3466/1/4 3457/2/4 3458/6/4 3467/5/4
f 3345/1/5 3467/2/5 3458/6/5 3337/5/5
f 3344/1/6 3466/2/6 3467/6/6 3345/5/6
f 3345/2/1 3346/6/1 3338/5/1 3337/1/1
f 3345/1/2 3337/5/2 3458/6/2 3467/2/2
f 3337/2/3 3338/6/3 3459/5/3 3458/1/3
f 3467/1/4 3458/2/4 3459/6/4 3468/5/4
f 3346/5/5 3468/6/5 3459/2/5 3338/1/5
f 3345/1/6 3467/2/6 3468/6/6 3346/5/6
f 3347/2/1 3348/6/1 3340/5/1 3339/1/1
f 3347/1/2 3339/5/2 3461/6/2 3470/2/2
f 3339/2/3 3340/6/3 3462/5/3 3461/1/3
f 3470/1/4 3461/2/4 3462/6/4 3471/5/4
f 3348/5/5 3471/6/5 3462/2/5 3340/1/5
f 3347/1/6 3470/2/6 3471/6/6 3348/5/6
f 3348/2/1 3349/6/1 3341/5/1 3340/1/1
f 3348/2/2 3340/6/2 3462/5/2 3471/1/2
f 3340/2/3 3341/6/3 3463/5/3 3462/1/3
f 3471/1/4 3462/2/4 3463/6/4 3472/5/4
f 3349/6/5 3472/5/5 3463/1/5 3341/2/5
f 3348/1/6 3471/2/6 3472/6/6 3349/5/6
f 3349/2/1 3350/6/1 3342/5/1 3341/1/1
f 3349/6/2 3341/2/2 3463/1/2 3472/5/2
f 3341/2/3 3342/6/3 3464/5/3 3463/1/3
f 3472/1/4 3463/2/4 3464/6/4 3473/5/4
f 3350/2/5 3473/1/5 3464/5/5 3342/6/5
f 3349/1/6 3472/2/6 3473/6/6 3350/5/6
f 3350/2/1 3351/6/1 3343/5/1 3342/1/1
f 3350/2/2 3342/6/2 3464/5/2 3473/1/2
f 3342/2/3 3343/6/3 3465/5/3 3464/1/3
f 3473/1/4 3464/2/4 3465/6/4 3474/5/4
f 3351/6/5 3474/5/5 3465/1/5 3343/2/5
f 3350/1/6 3473/2/6 3474/6/6 3351/5/6
f 3351/2/1 3352/6/1 3344/5/1 3343/1/1
f 3351/1/2 3343/5/2 3465/6/2 3474/2/2
f 3343/2/3 3344/6/3 3466/5/3 3465/1/3
f 3474/1/4 3465/2/4 3466/6/4 3475/5/4
f 3352/5/5 3475/6/5 3466/2/5 3344/1/5
f 3351/1/6 3474/2/6 3475/6/6 3352/5/6
f 3352/2/1 3353/6/1 3345/5/1 3344/1/1
f 3352/5/2 3344/1/2 3466/2/2 3475/6/2
f 3344/2/3 3345/6/3 3467/5/3 3466/1/3
f 3475/1/4 3466/2/4 3467/6/4 3476/5/4
f 3353/1/5 3476/2/5 3467/6/5 3345/5/5
f 3352/1/6 3475/2/6 3476/6/6 3353/5/6
f 3353/2/1 3354/6/1 3346/5/1 3345/1/1
f 3353/2/2 3345/6/2 3467/5/2 3476/1/2
f 3345/2/3 3346/6/3 3468/5/3 3467/1/3
f 3476/1/4 3467/2/4 3468/6/4 3477/5/4
f 3354/6/5 3477/5/5 3468/1/5 3346/2/5
f 3353/1/6 3476/2/6 3477/6/6 3354/5/6
f 3355/2/1 3356/6/1 3348/5/1 3347/1/1
f 3355/5/2 3347/1/2 3470/2/2 3479/6/2
f 3347/2/3 3348/6/3 3471/5/3 3470/1/3
f 3479/1/4 3470/2/4 3471/6/4 3480/5/4
f 3356/1/5 3480/2/5 3471/6/5 3348/5/5
f 3355/1/6 3479/2/6 3480/6/6 3356/5/6
f 3356/2/1 3357/6/1 3349/5/1 3348/1/1
f 3356/2/2 3348/6/2 3471/5/2 3480/1/2
f 3348/2/3 3349/6/3 3472/5/3 3471/1/3
f 3480/1/4 3471/2/4 3472/6/4 3481/5/4
f 3357/6/5 3481/5/5 3472/1/5 3349/2/5
f 3356/1/6 3480/2/6 3481/6/6 3357/5/6
f 3357/2/1 3358/6/1 3350/5/1 3349/1/1
f 3357/2/2 3349/6/2 3472/5/2 3481/1/2
f 3349/2/3 3350/6/3 3473/5/3 3472/1/3
f 3481/1/4 3472/2/4 3473/6/4 3482/5/4
f 3358/6/5 3482/5/5 3473/1/5 3350/2/5
f 3357/1/6 3481/2/6 3482/6/6 3358/5/6
f 3358/2/1 3359/6/1 3351/5/1 3350/1/1
f 3358/1/2 3350/5/2 3473/6/2 3482/2/2
f 3350/2/3 3351/6/3 3474/5/3 3473/1/3
f 3482/1/4 3473/2/4 3474/6/4 3483/5/4
f 3359/5/5 3483/6/5 3474/2/5 3351/1/5
f 3358/1/6 3482/2/6 3483/6/6 3359/5/6
f 3359/2/1 3360/6/1 3352/5/1 3351/1/1
f 3359/6/2 3351/2/2 3474/1/2 3483/5/2
f 3351/2/3 3352/6/3 3475/5/3 3474/1/3
f 3483/1/4 3474/2/4 3475/6/4 3484/5/4
f 3360/2/5 3484/1/5 3475/5/5 3352/6/5
f 3359/1/6 3483/2/6 3484/6/6 3360/5/6
f 3360/2/1 3361/6/1 3353/5/1 3352/1/1
f 3360/2/2 3352/6/2 3475/5/2 3484/1/2
f 3352/2/3 3353/6/3 3476/5/3 3475/1/3
f 3484/1/4 3475/2/4 3476/6/4 3485/5/4
f 3361/6/5 3485/5/5 3476/1/5 3353/2/5
f 3360/1/6 3484/2/6 3485/6/6 3361/5/6
f 3361/2/1 3362/6/1 3354/5/1 3353/1/1
f 3361/6/2 3353/2/2 3476/1/2 3485/5/2
f 3353/2/3 3354/6/3 3477/5/3 3476/1/3
f 3485/1/4 3476/2/4 3477/6/4 3486/5/4
f 3362/2/5 3486/1/5 3477/5/5 3354/6/5
f 3361/1/6 3485/2/6 3486/6/6 3362/5/6
f 3371/2/1 3375/6/1 3366/5/1 3365/1/1
f 3371/2/2 3365/6/2 3487/5/2 3488/1/2
f 3365/2/3 3366/6/3 3489/5/3 3487/1/3
f 3488/1/4 3487/2/4 3489/6/4 3490/5/4
f 3375/6/5 3490/5/5 3489/1/5 3366/2/5
f 3371/1/6 3488/2/6 3490/6/6 3375/5/6
f 3375/2/1 3376/6/1 3367/5/1 3366/1/1
f 3375/5/2 3366/1/2 3489/2/2 3490/6/2
f 3366/2/3 3367/6/3 3491/5/3 3489/1/3
f 3490/1/4 3489/2/4 3491/6/4 3492/5/4
f 3376/1/5 3492/2/5 3491/6/5 3367/5/5
f 3375/1/6 3490/2/6 3492/6/6 3376/5/6
f 3376/2/1 3493/6/1 3368/5/1 3367/1/1
f 3376/1/2 3367/5/2 3491/6/2 3492/2/2
f 3367/2/3 3368/6/3 3494/5/3 3491/1/3
f 3492/1/4 3491/2/4 3494/6/4 3495/5/4
f 3493/5/5 3495/6/5 3494/2/5 3368/1/5
f 3376/1/6 3492/2/6 3495/6/6 3493/5/6
f 3377/2/1 3378/6/1 3373/5/1 3372/1/1
f 3377/1/2 3372/5/2 3496/6/2 3500/2/2
f 3372/2/3 3373/6/3 3497/5/3 3496/1/3
f 3500/1/4 3496/2/4 3497/6/4 3501/5/4
f 3378/5/5 3501/6/5 3497/2/5 3373/1/5
f 3377/1/6 3500/2/6 3501/6/6 3378/5/6
f 3378/2/1 3379/6/1 3374/5/1 3373/1/1
f 3378/1/2 3373/5/2 3497/6/2 3501/2/2
f 3373/2/3 3374/6/3 3498/5/3 3497/1/3
f 3501/1/4 3497/2/4 3498/6/4 3502/5/4
f 3379/5/5 3502/6/5 3498/2/5 3374/1/5
f 3378/1/6 3501/2/6 3502/6/6 3379/5/6
f 3383/2/1 3384/6/1 3378/5/1 3377/1/1
f 3383/1/2 3377/5/2 3500/6/2 3504/2/2
f 3377/2/3 3378/6/3 3501/5/3 3500/1/3
f 3504/1/4 3500/2/4 3501/6/4 3505/5/4
f 3384/5/5 3505/6/5 3501/2/5 3378/1/5
f 3383/1/6 3504/2/6 3505/6/6 3384/5/6
f 3384/2/1 3385/6/1 3379/5/1 3378/1/1
f 3384/1/2 3378/5/2 3501/6/2 3505/2/2
f 3378/2/3 3379/6/3 3502/5/3 3501/1/3
f 3505/1/4 3501/2/4 3502/6/4 3506/5/4
f 3385/5/5 3506/6/5 3502/2/5 3379/1/5
f 3384/1/6 3505/2/6 3506/6/6 3385/5/6
f 3385/2/1 3386/6/1 3380/5/1 3379/1/1
f 3385/2/2 3379/6/2 3502/5/2 3506/1/2
f 3379/2/3 3380/6/3 3503/5/3 3502/1/3
f 3506/1/4 3502/2/4 3503/6/4 3507/5/4
f 3386/6/5 3507/5/5 3503/1/5 3380/2/5
f 3385/1/6 3506/2/6 3507/6/6 3386/5/6
f 3390/2/1 3391/6/1 3384/5/1 3383/1/1
f 3390/2/2 3383/6/2 3504/5/2 3511/1/2
f 3383/2/3 3384/6/3 3505/5/3 3504/1/3
f 3511/1/4 3504/2/4 3505/6/4 3512/5/4
f 3391/6/5 3512/5/5 3505/1/5 3384/2/5
f 3390/1/6 3511/2/6 3512/6/6 3391/5/6
f 3391/2/1 3392/6/1 3385/5/1 3384/1/1
f 3391/6/2 3384/2/2 3505/1/2 3512/5/2
f 3384/2/3 3385/6/3 3506/5/3 3505/1/3
f 3512/1/4 3505/2/4 3506/6/4 3513/5/4
f 3392/2/5 3513/1/5 3506/5/5 3385/6/5
f 3391/1/6 3512/2/6 3513/6/6 3392/5/6
f 3392/2/1 3393/6/1 3386/5/1 3385/1/1
f 3392/5/2 3385/1/2 3506/2/2 3513/6/2
f 3385/2/3 3386/6/3 3507/5/3 3506/1/3
f 3513/1/4 3506/2/4 3507/6/4 3514/5/4
f 3393/1/5 3514/2/5 3507/6/5 3386/5/5
f 3392/1/6 3513/2/6 3514/6/6 3393/5/6
f 3393/2/1 3394/6/1 3387/5/1 3386/1/1
f 3393/5/2 3386/1/2 3507/2/2 3514/6/2
f 3386/2/3 3387/6/3 3508/5/3 3507/1/3
f 3514/1/4 3507/2/4 3508/6/4 3515/5/4
f 3394/1/5 3515/2/5 3508/6/5 3387/5/5
f 3393/1/6 3514/2/6 3515/6/6 3394/5/6
f 3395/2/1 3396/6/1 3389/5/1 3388/1/1
f 3395/6/2 3388/2/2 3509/1/2 3516/5/2
f 3388/2/3 3389/6/3 3510/5/3 3509/1/3
f 3516/1/4 3509/2/4 3510/6/4 3517/5/4
f 3396/2/5 3517/1/5 3510/5/5 3389/6/5
f 3395/1/6 3516/2/6 3517/6/6 3396/5/6
f 3397/2/1 3398/6/1 3391/5/1 3390/1/1
f 3397/6/2 3390/2/2 3511/1/2 3518/5/2
f 3390/2/3 3391/6/3 3512/5/3 3511/1/3
f 3518/1/4 3511/2/4 3512/6/4 3519/5/4
f 3398/2/5 3519/1/5 3512/5/5 3391/6/5
f 3397/1/6 3518/2/6 3519/6/6 3398/5/6
f 3398/2/1 3399/6/1 3392/5/1 3391/1/1
f 3398/1/2 3391/5/2 3512/6/2 3519/2/2
f 3391/2/3 3392/6/3 3513/5/3 3512/1/3
f 3519/1/4 3512/2/4 3513/6/4 3520/5/4
f 3399/5/5 3520/6/5 3513/2/5 3392/1/5
f 3398/1/6 3519/2/6 3520/6/6 3399/5/6
f 3399/2/1 3400/6/1 3393/5/1 3392/1/1
f 3399/1/2 3392/5/2 3513/6/2 3520/2/2
f 3392/2/3 3393/6/3 3514/5/3 3513/1/3
f 3520/1/4 3513/2/4 3514/6/4 3521/5/4
f 3400/5/5 3521/6/5 3514/2/5 3393/1/5
f 3399/1/6 3520/2/6 3521/6/6 3400/5/6
f 3400/2/1 3401/6/1 3394/5/1 3393/1/1
f 3400/6/2 3393/2/2 3514/1/2 3521/5/2
f 3393/2/3 3394/6/3 3515/5/3 3514/1/3
f 3521/1/4 3514/2/4 3515/6/4 3522/5/4
f 3401/2/5 3522/1/5 3515/5/5 3394/6/5
f 3400/1/6 3521/2/6 3522/6/6 3401/5/6
f 3402/2/1 3403/6/1 3398/5/1 3397/1/1
f 3402/6/2 3397/2/2 3518/1/2 3523/5/2
f 3397/2/3 3398/6/3 3519/5/3 3518/1/3
f 3523/1/4 3518/2/4 3519/6/4 3524/5/4
f 3403/2/5 3524/1/5 3519/5/5 3398/6/5
f 3402/1/6 3523/2/6 3524/6/6 3403/5/6
f 3403/2/1 3404/6/1 3399/5/1 3398/1/1
f 3403/1/2 3398/5/2 3519/6/2 3524/2/2
f 3398/2/3 3399/6/3 3520/5/3 3519/1/3
f 3524/1/4 3519/2/4 3520/6/4 3525/5/4
f 3404/5/5 3525/6/5 3520/2/5 3399/1/5
f 3403/1/6 3524/2/6 3525/6/6 3404/5/6
f 3404/2/1 3405/6/1 3400/5/1 3399/1/1
f 3404/6/2 3399/2/2 3520/1/2 3525/5/2
f 3399/2/3 3400/6/3 3521/5/3 3520/1/3
f 3525/1/4 3520/2/4 3521/6/4 3526/5/4
f 3405/2/5 3526/1/5 3521/5/5 3400/6/5
f 3404/1/6 3525/2/6 3526/6/6 3405/5/6
f 3405/2/1 3406/6/1 3401/5/1 3400/1/1
f 3405/6/2 3400/2/2 3521/1/2 3526/5/2
f 3400/2/3 3401/6/3 3522/5/3 3521/1/3
f 3526/1/4 3521/2/4 3522/6/4 3527/5/4
f 3406/2/5 3527/1/5 3522/5/5 3401/6/5
f 3405/1/6 3526/2/6 3527/6/6 3406/5/6
f 3407/2/1 3408/6/1 3403/5/1 3402/1/1
f 3407/6/2 3402/2/2 3523/1/2 3532/5/2
f 3402/2/3 3403/6/3 3524/5/3 3523/1/3
f 3532/1/4 3523/2/4 3524/6/4 3533/5/4
f 3408/2/5 3533/1/5 3524/5/5 3403/6/5
f 3407/1/6 3532/2/6 3533/6/6 3408/5/6
f 3408/2/1 3409/6/1 3404/5/1 3403/1/1
f 3408/1/2 3403/5/2 3524/6/2 3533/2/2
f 3403/2/3 3404/6/3 3525/5/3 3524/1/3
f 3533/1/4 3524/2/4 3525/6/4 3534/5/4
f 3409/5/5 3534/6/5 3525/2/5 3404/1/5
f 3408/1/6 3533/2/6 3534/6/6 3409/5/6
f 3409/2/1 3410/6/1 3405/5/1 3404/1/1
f 3409/6/2 3404/2/2 3525/1/2 3534/5/2
f 3404/2/3 3405/6/3 3526/5/3 3525/1/3
f 3534/1/4 3525/2/4 3526/6/4 3535/5/4
f 3410/2/5 3535/1/5 3526/5/5 3405/6/5
f 3409/1/6 3534/2/6 3535/6/6 3410/5/6
f 3410/2/1 3411/6/1 3406/5/1 3405/1/1
f 3410/5/2 3405/1/2 3526/2/2 3535/6/2
f 3405/2/3 3406/6/3 3527/5/3 3526/1/3
f 3535/1/4 3526/2/4 3527/6/4 3536/5/4
f 3411/1/5 3536/2/5 3527/6/5 3406/5/5
f 3410/1/6 3535/2/6 3536/6/6 3411/5/6
f 3414/2/1 3415/6/1 3410/5/1 3409/1/1
f 3414/5/2 3409/1/2 3534/2/2 3540/6/2
f 3409/2/3 3410/6/3 3535/5/3 3534/1/3
f 3540/1/4 3534/2/4 3535/6/4 3541/5/4
f 3415/1/5 3541/2/5 3535/6/5 3410/5/5
f 3414/1/6 3540/2/6 3541/6/6 3415/5/6
f 3418/2/1 3419/6/1 3413/5/1 3412/1/1
f 3418/2/2 3412/6/2 3537/5/2 3544/1/2
f 3412/2/3 3413/6/3 3545/5/3 3537/1/3
f 3544/1/4 3537/2/4 3545/6/4 3546/5/4
f 3419/6/5 3546/5/5 3545/1/5 3413/2/5
f 3418/1/6 3544/2/6 3546/6/6 3419/5/6
f 3419/2/1 3425/6/1 3547/5/1 3413/1/1
f 3419/6/2 3413/2/2 3545/1/2 3546/5/2
f 3413/2/3 3547/6/3 3548/5/3 3545/1/3
f 3546/1/4 3545/2/4 3548/6/4 3549/5/4
f 3425/2/5 3549/1/5 3548/5/5 3547/6/5
f 3419/1/6 3546/2/6 3549/6/6 3425/5/6
f 3425/2/1 3420/6/1 3421/5/1 3547/1/1
f 3425/2/2 3547/6/2 3548/5/2 3549/1/2
f 3547/2/3 3421/6/3 3550/5/3 3548/1/3
f 3549/1/4 3548/2/4 3550/6/4 3551/5/4
f 3420/6/5 3551/5/5 3550/1/5 3421/2/5
f 3425/1/6 3549/2/6 3551/6/6 3420/5/6
f 3422/2/1 3423/6/1 3416/5/1 3415/1/1
f 3422/1/2 3415/5/2 3541/6/2 3552/2/2
f 3415/2/3 3416/6/3 3542/5/3 3541/1/3
f 3552/1/4 3541/2/4 3542/6/4 3553/5/4
f 3423/5/5 3553/6/5 3542/2/5 3416/1/5
f 3422/1/6 3552/2/6 3553/6/6 3423/5/6
f 3423/2/1 3424/6/1 3417/5/1 3416/1/1
f 3423/6/2 3416/2/2 3542/1/2 3553/5/2
f 3416/2/3 3417/6/3 3543/5/3 3542/1/3
f 3553/1/4 3542/2/4 3543/6/4 3554/5/4
f 3424/2/5 3554/1/5 3543/5/5 3417/6/5
f 3423/1/6 3553/2/6 3554/6/6 3424/5/6
f 3426/2/1 3427/6/1 3423/5/1 3422/1/1
f 3426/6/2 3422/2/2 3552/1/2 3555/5/2
f 3422/2/3 3423/6/3 3553/5/3 3552/1/3
f 3555/1/4 3552/2/4 3553/6/4 3556/5/4
f 3427/2/5 3556/1/5 3553/5/5 3423/6/5
f 3426/1/6 3555/2/6 3556/6/6 3427/5/6
f 3427/2/1 3428/6/1 3424/5/1 3423/1/1
f 3427/2/2 3423/6/2 3553/5/2 3556/1/2
f 3423/2/3 3424/6/3 3554/5/3 3553/1/3
f 3556/1/4 3553/2/4 3554/6/4 3557/5/4
f 3428/6/5 3557/5/5 3554/1/5 3424/2/5
f 3427/1/6 3556/2/6 3557/6/6 3428/5/6
f 3430/2/1 3431/6/1 3427/5/1 3426/1/1
f 3430/6/2 3426/2/2 3555/1/2 3559/5/2
f 3426/2/3 3427/6/3 3556/5/3 3555/1/3
f 3559/1/4 3555/2/4 3556/6/4 3560/5/4
f 3431/2/5 3560/1/5 3556/5/5 3427/6/5
f 3430/1/6 3559/2/6 3560/6/6 3431/5/6
f 3431/2/1 3432/6/1 3428/5/1 3427/1/1
f 3431/2/2 3427/6/2 3556/5/2 3560/1/2
f 3427/2/3 3428/6/3 3557/5/3 3556/1/3
f 3560/1/4 3556/2/4 3557/6/4 3561/5/4
f 3432/6/5 3561/5/5 3557/1/5 3428/2/5
f 3431/1/6 3560/2/6 3561/6/6 3432/5/6
f 3434/2/1 3435/6/1 3430/5/1 3429/1/1
f 3434/2/2 3429/6/2 3558/5/2 3564/1/2
f 3429/2/3 3430/6/3 3559/5/3 3558/1/3
f 3564/1/4 3558/2/4 3559/6/4 3565/5/4
f 3435/6/5 3565/5/5 3559/1/5 3430/2/5
f 3434/1/6 3564/2/6 3565/6/6 3435/5/6
f 3435/2/1 3436/6/1 3431/5/1 3430/1/1
f 3435/2/2 3430/6/2 3559/5/2 3565/1/2
f 3430/2/3 3431/6/3 3560/5/3 3559/1/3
f 3565/1/4 3559/2/4 3560/6/4 3566/5/4
f 3436/6/5 3566/5/5 3560/1/5 3431/2/5
f 3435/1/6 3565/2/6 3566/6/6 3436/5/6
f 3436/2/1 3437/6/1 3432/5/1 3431/1/1
f 3436/2/2 3431/6/2 3560/5/2 3566/1/2
f 3431/2/3 3432/6/3 3561/5/3 3560/1/3
f 3566/1/4 3560/2/4 3561/6/4 3567/5/4
f 3437/6/5 3567/5/5 3561/1/5 3432/2/5
f 3436/1/6 3566/2/6 3567/6/6 3437/5/6
f 3439/2/1 3440/6/1 3434/5/1 3433/1/1
f 3439/6/2 3433/2/2 3563/1/2 3569/5/2
f 3433/2/3 3434/6/3 3564/5/3 3563/1/3
f 3569/1/4 3563/2/4 3564/6/4 3570/5/4
f 3440/2/5 3570/1/5 3564/5/5 3434/6/5
f 3439/1/6 3569/2/6 3570/6/6 3440/5/6
f 3440/2/1 3441/6/1 3435/5/1 3434/1/1
f 3440/5/2 3434/1/2 3564/2/2 3570/6/2
f 3434/2/3 3435/6/3 3565/5/3 3564/1/3
f 3570/1/4 3564/2/4 3565/6/4 3571/5/4
f 3441/1/5 3571/2/5 3565/6/5 3435/5/5
f 3440/1/6 3570/2/6 3571/6/6 3441/5/6
f 3441/2/1 3442/6/1 3436/5/1 3435/1/1
f 3441/1/2 3435/5/2 3565/6/2 3571/2/2
f 3435/2/3 3436/6/3 3566/5/3 3565/1/3
f 3571/1/4 3565/2/4 3566/6/4 3572/5/4
f 3442/5/5 3572/6/5 3566/2/5 3436/1/5
f 3441/1/6 3571/2/6 3572/6/6 3442/5/6
f 3442/2/1 3443/6/1 3437/5/1 3436/1/1
f 3442/2/2 3436/6/2 3566/5/2 3572/1/2
f 3436/2/3 3437/6/3 3567/5/3 3566/1/3
f 3572/1/4 3566/2/4 3567/6/4 3573/5/4
f 3443/6/5 3573/5/5 3567/1/5 3437/2/5
f 3442/1/6 3572/2/6 3573/6/6 3443/5/6
f 3445/2/1 3446/6/1 3440/5/1 3439/1/1
f 3445/2/2 3439/6/2 3569/5/2 3576/1/2
f 3439/2/3 3440/6/3 3570/5/3 3569/1/3
f 3576/1/4 3569/2/4 3570/6/4 3577/5/4
f 3446/6/5 3577/5/5 3570/1/5 3440/2/5
f 3445/1/6 3576/2/6 3577/6/6 3446/5/6
f 3446/2/1 3447/6/1 3441/5/1 3440/1/1
f 3446/6/2 3440/2/2 3570/1/2 3577/5/2
f 3440/2/3 3441/6/3 3571/5/3 3570/1/3
f 3577/1/4 3570/2/4 3571/6/4 3578/5/4
f 3447/2/5 3578/1/5 3571/5/5 3441/6/5
f 3446/1/6 3577/2/6 3578/6/6 3447/5/6
f 3447/2/1 3448/6/1 3442/5/1 3441/1/1
f 3447/1/2 3441/5/2 3571/6/2 3578/2/2
f 3441/2/3 3442/6/3 3572/5/3 3571/1/3
f 3578/1/4 3571/2/4 3572/6/4 3579/5/4
f 3448/5/5 3579/6/5 3572/2/5 3442/1/5
f 3447/1/6 3578/2/6 3579/6/6 3448/5/6
f 3448/2/1 3449/6/1 3443/5/1 3442/1/1
f 3448/6/2 3442/2/2 3572/1/2 3579/5/2
f 3442/2/3 3443/6/3 3573/5/3 3572/1/3
f 3579/1/4 3572/2/4 3573/6/4 3580/5/4
f 3449/2/5 3580/1/5 3573/5/5 3443/6/5
f 3448/1/6 3579/2/6 3580/6/6 3449/5/6
f 3449/2/1 3450/6/1 3444/5/1 3443/1/1
f 3449/6/2 3443/2/2 3573/1/2 3580/5/2
f 3443/2/3 3444/6/3 3574/5/3 3573/1/3
f 3580/1/4 3573/2/4 3574/6/4 3581/5/4
f 3450/2/5 3581/1/5 3574/5/5 3444/6/5
f 3449/1/6 3580/2/6 3581/6/6 3450/5/6
f 3452/2/1 3453/6/1 3446/5/1 3445/1/1
f 3452/5/2 3445/1/2 3576/2/2 3583/6/2
f 3445/2/3 3446/6/3 3577/5/3 3576/1/3
f 3583/1/4 3576/2/4 3577/6/4 3584/5/4
f 3453/1/5 3584/2/5 3577/6/5 3446/5/5
f 3452/1/6 3583/2/6 3584/6/6 3453/5/6
f 3453/2/1 3454/6/1 3447/5/1 3446/1/1
f 3453/6/2 3446/2/2 3577/1/2 3584/5/2
f 3446/2/3 3447/6/3 3578/5/3 3577/1/3
f 3584/1/4 3577/2/4 3578/6/4 3585/5/4
f 3454/2/5 3585/1/5 3578/5/5 3447/6/5
f 3453/1/6 3584/2/6 3585/6/6 3454/5/6
f 3454/2/1 3455/6/1 3448/5/1 3447/1/1
f 3454/1/2 3447/5/2 3578/6/2 3585/2/2
f 3447/2/3 3448/6/3 3579/5/3 3578/1/3
f 3585/1/4 3578/2/4 3579/6/4 3586/5/4
f 3455/5/5 3586/6/5 3579/2/5 3448/1/5
f 3454/1/6 3585/2/6 3586/6/6 3455/5/6
f 3455/2/1 3456/6/1 3449/5/1 3448/1/1
f 3455/2/2 3448/6/2 3579/5/2 3586/1/2
f 3448/2/3 3449/6/3 3580/5/3 3579/1/3
f 3586/1/4 3579/2/4 3580/6/4 3587/5/4
f 3456/6/5 3587/5/5 3580/1/5 3449/2/5
f 3455/1/6 3586/2/6 3587/6/6 3456/5/6
f 3456/2/1 3457/6/1 3450/5/1 3449/1/1
f 3456/5/2 3449/1/2 3580/2/2 3587/6/2
f 3449/2/3 3450/6/3 3581/5/3 3580/1/3
f 3587/1/4 3580/2/4 3581/6/4 3588/5/4
f 3457/1/5 3588/2/5 3581/6/5 3450/5/5
f 3456/1/6 3587/2/6 3588/6/6 3457/5/6
f 3460/2/1 3461/6/1 3452/5/1 3451/1/1
f 3460/6/2 3451/2/2 3582/1/2 3590/5/2
f 3451/2/3 3452/6/3 3583/5/3 3582/1/3
f 3590/1/4 3582/2/4 3583/6/4 3591/5/4
f 3461/2/5 3591/1/5 3583/5/5 3452/6/5
f 3460/1/6 3590/2/6 3591/6/6 3461/5/6
f 3461/2/1 3462/6/1 3453/5/1 3452/1/1
f 3461/2/2 3452/6/2 3583/5/2 3591/1/2
f 3452/2/3 3453/6/3 3584/5/3 3583/1/3
f 3591/1/4 3583/2/4 3584/6/4 3592/5/4
f 3462/6/5 3592/5/5 3584/1/5 3453/2/5
f 3461/1/6 3591/2/6 3592/6/6 3462/5/6
f 3462/2/1 3463/6/1 3454/5/1 3453/1/1
f 3462/2/2 3453/6/2 3584/5/2 3592/1/2
f 3453/2/3 3454/6/3 3585/5/3 3584/1/3
f 3592/1/4 3584/2/4 3585/6/4 3593/5/4
f 3463/6/5 3593/5/5 3585/1/5 3454/2/5
f 3462/1/6 3592/2/6 3593/6/6 3463/5/6
f 3463/2/1 3464/6/1 3455/5/1 3454/1/1
f 3463/5/2 3454/1/2 3585/2/2 3593/6/2
f 3454/2/3 3455/6/3 3586/5/3 3585/1/3
f 3593/1/4 3585/2/4 3586/6/4 3594/5/4
f 3464/1/5 3594/2/5 3586/6/5 3455/5/5
f 3463/1/6 3593/2/6 3594/6/6 3464/5/6
f 3464/2/1 3465/6/1 3456/5/1 3455/1/1
f 3464/1/2 3455/5/2 3586/6/2 3594/2/2
f 3455/2/3 3456/6/3 3587/5/3 3586/1/3
f 3594/1/4 3586/2/4 3587/6/4 3595/5/4
f 3465/5/5 3595/6/5 3587/2/5 3456/1/5
f 3464/1/6 3594/2/6 3595/6/6 3465/5/6
f 3465/2/1 3466/6/1 3457/5/1 3456/1/1
f 3465/1/2 3456/5/2 3587/6/2 3595/2/2
f 3456/2/3 3457/6/3 3588/5/3 3587/1/3
f 3595/1/4 3587/2/4 3588/6/4 3596/5/4
f 3466/5/5 3596/6/5 3588/2/5 3457/1/5
f 3465/1/6 3595/2/6 3596/6/6 3466/5/6
f 3466/2/1 3467/6/1 3458/5/1 3457/1/1
f 3466/5/2 3457/1/2 3588/2/2 3596/6/2
f 3457/2/3 3458/6/3 3589/5/3 3588/1/3
f 3596/1/4 3588/2/4 3589/6/4 3597/5/4
f 3467/1/5 3597/2/5 3589/6/5 3458/5/5
f 3466/1/6 3596/2/6 3597/6/6 3467/5/6
f 3469/2/1 3470/6/1 3461/5/1 3460/1/1
f 3469/2/2 3460/6/2 3590/5/2 3599/1/2
f 3460/2/3 3461/6/3 3591/5/3 3590/1/3
f 3599/1/4 3590/2/4 3591/6/4 3600/5/4
f 3470/6/5 3600/5/5 3591/1/5 3461/2/5
f 3469/1/6 3599/2/6 3600/6/6 3470/5/6
f 3470/2/1 3471/6/1 3462/5/1 3461/1/1
f 3470/2/2 3461/6/2 3591/5/2 3600/1/2
f 3461/2/3 3462/6/3 3592/5/3 3591/1/3
f 3600/1/4 3591/2/4 3592/6/4 3601/5/4
f 3471/6/5 3601/5/5 3592/1/5 3462/2/5
f 3470/1/6 3600/2/6 3601/6/6 3471/5/6
f 3471/2/1 3472/6/1 3463/5/1 3462/1/1
f 3471/6/2 3462/2/2 3592/1/2 3601/5/2
f 3462/2/3 3463/6/3 3593/5/3 3592/1/3
f 3601/1/4 3592/2/4 3593/6/4 3602/5/4
f 3472/2/5 3602/1/5 3593/5/5 3463/6/5
f 3471/1/6 3601/2/6 3602/6/6 3472/5/6
f 3472/2/1 3473/6/1 3464/5/1 3463/1/1
f 3472/1/2 3463/5/2 3593/6/2 3602/2/2
f 3463/2/3 3464/6/3 3594/5/3 3593/1/3
f 3602/1/4 3593/2/4 3594/6/4 3603/5/4
f 3473/5/5 3603/6/5 3594/2/5 3464/1/5
f 3472/1/6 3602/2/6 3603/6/6 3473/5/6
f 3473/2/1 3474/6/1 3465/5/1 3464/1/1
f 3473/2/2 3464/6/2 3594/5/2 3603/1/2
f 3464/2/3 3465/6/3 3595/5/3 3594/1/3
f 3603/1/4 3594/2/4 3595/6/4 3604/5/4
f 3474/6/5 3604/5/5 3595/1/5 3465/2/5
f 3473/1/6 3603/2/6 3604/6/6 3474/5/6
f 3474/2/1 3475/6/1 3466/5/1 3465/1/1
f 3474/5/2 3465/1/2 3595/2/2 3604/6/2
f 3465/2/3 3466/6/3 3596/5/3 3595/1/3
f 3604/1/4 3595/2/4 3596/6/4 3605/5/4
f 3475/1/5 3605/2/5 3596/6/5 3466/5/5
f 3474/1/6 3604/2/6 3605/6/6 3475/5/6
f 3475/2/1 3476/6/1 3467/5/1 3466/1/1
f 3475/5/2 3466/1/2 3596/2/2 3605/6/2
f 3466/2/3 3467/6/3 3597/5/3 3596/1/3
f 3605/1/4 3596/2/4 3597/6/4 3606/5/4
f 3476/1/5 3606/2/5 3597/6/5 3467/5/5
f 3475/1/6 3605/2/6 3606/6/6 3476/5/6
f 3476/2/1 3477/6/1 3468/5/1 3467/1/1
f 3476/1/2 3467/5/2 3597/6/2 3606/2/2
f 3467/2/3 3468/6/3 3598/5/3 3597/1/3
f 3606/1/4 3597/2/4 3598/6/4 3607/5/4
f 3477/5/5 3607/6/5 3598/2/5 3468/1/5
f 3476/1/6 3606/2/6 3607/6/6 3477/5/6
f 3478/2/1 3479/6/1 3470/5/1 3469/1/1
f 3478/2/2 3469/6/2 3599/5/2 3608/1/2
f 3469/2/3 3470/6/3 3600/5/3 3599/1/3
f 3608/1/4 3599/2/4 3600/6/4 3609/5/4
f 3479/6/5 3609/5/5 3600/1/5 3470/2/5
f 3478/1/6 3608/2/6 3609/6/6 3479/5/6
f 3479/2/1 3480/6/1 3471/5/1 3470/1/1
f 3479/1/2 3470/5/2 3600/6/2 3609/2/2
f 3470/2/3 3471/6/3 3601/5/3 3600/1/3
f 3609/1/4 3600/2/4 3601/6/4 3610/5/4
f 3480/5/5 3610/6/5 3601/2/5 3471/1/5
f 3479/1/6 3609/2/6 3610/6/6 3480/5/6
f 3480/2/1 3481/6/1 3472/5/1 3471/1/1
f 3480/1/2 3471/5/2 3601/6/2 3610/2/2
f 3471/2/3 3472/6/3 3602/5/3 3601/1/3
f 3610/1/4 3601/2/4 3602/6/4 3611/5/4
f 3481/5/5 3611/6/5 3602/2/5 3472/1/5
f 3480/1/6 3610/2/6 3611/6/6 3481/5/6
f 3481/2/1 3482/6/1 3473/5/1 3472/1/1
f 3481/1/2 3472/5/2 3602/6/2 3611/2/2
f 3472/2/3 3473/6/3 3603/5/3 3602/1/3
f 3611/1/4 3602/2/4 3603/6/4 3612/5/4
f 3482/5/5 3612/6/5 3603/2/5 3473/1/5
f 3481/1/6 3611/2/6 3612/6/6 3482/5/6
f 3482/2/1 3483/6/1 3474/5/1 3473/1/1
f 3482/1/2 3473/5/2 3603/6/2 3612/2/2
f 3473/2/3 3474/6/3 3604/5/3 3603/1/3
f 3612/1/4 3603/2/4 3604/6/4 3613/5/4
f 3483/5/5 3613/6/5 3604/2/5 3474/1/5
f 3482/1/6 3612/2/6 3613/6/6 3483/5/6
f 3483/2/1 3484/6/1 3475/5/1 3474/1/1
f 3483/6/2 3474/2/2 3604/1/2 3613/5/2
f 3474/2/3 3475/6/3 3605/5/3 3604/1/3
f 3613/1/4 3604/2/4 3605/6/4 3614/5/4
f 3484/2/5 3614/1/5 3605/5/5 3475/6/5
f 3483/1/6 3613/2/6 3614/6/6 3484/5/6
f 3484/2/1 3485/6/1 3476/5/1 3475/1/1
f 3484/6/2 3475/2/2 3605/1/2 3614/5/2
f 3475/2/3 3476/6/3 3606/5/3 3605/1/3
f 3614/1/4 3605/2/4 3606/6/4 3615/5/4
f 3485/2/5 3615/1/5 3606/5/5 3476/6/5
f 3484/1/6 3614/2/6 3615/6/6 3485/5/6
f 3485/2/1 3486/6/1 3477/5/1 3476/1/1
f 3485/1/2 3476/5/2 3606/6/2 3615/2/2
f 3476/2/3 3477/6/3 3607/5/3 3606/1/3
f 3615/1/4 3606/2/4 3607/6/4 3616/5/4
f 3486/5/5 3616/6/5 3607/2/5 3477/1/5
f 3485/1/6 3615/2/6 3616/6/6 3486/5/6
f 3499/2/1 3622/6/1 3490/5/1 3488/1/1
f 3499/5/2 3488/1/2 3617/2/2 3621/6/2
f 3488/2/3 3490/6/3 3618/5/3 3617/1/3
f 3621/1/4 3617/2/4 3618/6/4 3623/5/4
f 3622/1/5 3623/2/5 3618/6/5 3490/5/5
f 3499/1/6 3621/2/6 3623/6/6 3622/5/6
f 3622/2/1 3624/6/1 3492/5/1 3490/1/1
f 3622/5/2 3490/1/2 3618/2/2 3623/6/2
f 3490/2/3 3492/6/3 3625/5/3 3618/1/3
f 3623/1/4 3618/2/4 3625/6/4 3626/5/4
f 3624/1/5 3626/2/5 3625/6/5 3492/5/5
f 3622/1/6 3623/2/6 3626/6/6 3624/5/6
f 3624/2/1 3627/6/1 3495/5/1 3492/1/1
f 3624/6/2 3492/2/2 3625/1/2 3626/5/2
f 3492/2/3 3495/6/3 3628/5/3 3625/1/3
f 3626/1/4 3625/2/4 3628/6/4 3629/5/4
f 3627/2/5 3629/1/5 3628/5/5 3495/6/5
f 3624/1/6 3626/2/6 3629/6/6 3627/5/6
f 3500/2/1 3501/6/1 3497/5/1 3496/1/1
f 3500/5/2 3496/1/2 3619/2/2 3630/6/2
f 3496/2/3 3497/6/3 3620/5/3 3619/1/3
f 3630/1/4 3619/2/4 3620/6/4 3631/5/4
f 3501/1/5 3631/2/5 3620/6/5 3497/5/5
f 3500/1/6 3630/2/6 3631/6/6 3501/5/6
f 3504/2/1 3505/6/1 3501/5/1 3500/1/1
f 3504/5/2 3500/1/2 3630/2/2 3635/6/2
f 3500/2/3 3501/6/3 3631/5/3 3630/1/3
f 3635/1/4 3630/2/4 3631/6/4 3636/5/4
f 3505/1/5 3636/2/5 3631/6/5 3501/5/5
f 3504/1/6 3635/2/6 3636/6/6 3505/5/6
f 3505/2/1 3506/6/1 3502/5/1 3501/1/1
f 3505/5/2 3501/1/2 3631/2/2 3636/6/2
f 3501/2/3 3502/6/3 3632/5/3 3631/1/3
f 3636/1/4 3631/2/4 3632/6/4 3637/5/4
f 3506/1/5 3637/2/5 3632/6/5 3502/5/5
f 3505/1/6 3636/2/6 3637/6/6 3506/5/6
f 3506/2/1 3507/6/1 3503/5/1 3502/1/1
f 3506/2/2 3502/6/2 3632/5/2 3637/1/2
f 3502/2/3 3503/6/3 3633/5/3 3632/1/3
f 3637/1/4 3632/2/4 3633/6/4 3638/5/4
f 3507/6/5 3638/5/5 3633/1/5 3503/2/5
f 3506/1/6 3637/2/6 3638/6/6 3507/5/6
f 3511/2/1 3512/6/1 3505/5/1 3504/1/1
f 3511/6/2 3504/2/2 3635/1/2 3641/5/2
f 3504/2/3 3505/6/3 3636/5/3 3635/1/3
f 3641/1/4 3635/2/4 3636/6/4 3642/5/4
f 3512/2/5 3642/1/5 3636/5/5 3505/6/5
f 3511/1/6 3641/2/6 3642/6/6 3512/5/6
f 3512/2/1 3513/6/1 3506/5/1 3505/1/1
f 3512/2/2 3505/6/2 3636/5/2 3642/1/2
f 3505/2/3 3506/6/3 3637/5/3 3636/1/3
f 3642/1/4 3636/2/4 3637/6/4 3643/5/4
f 3513/6/5 3643/5/5 3637/1/5 3506/2/5
f 3512/1/6 3642/2/6 3643/6/6 3513/5/6
f 3513/2/1 3514/6/1 3507/5/1 3506/1/1
f 3513/2/2 3506/6/2 3637/5/2 3643/1/2
f 3506/2/3 3507/6/3 3638/5/3 3637/1/3
f 3643/1/4 3637/2/4 3638/6/4 3644/5/4
f 3514/6/5 3644/5/5 3638/1/5 3507/2/5
f 3513/1/6 3643/2/6 3644/6/6 3514/5/6
f 3514/2/1 3515/6/1 3508/5/1 3507/1/1
f 3514/2/2 3507/6/2 3638/5/2 3644/1/2
f 3507/2/3 3508/6/3 3639/5/3 3638/1/3
f 3644/1/4 3638/2/4 3639/6/4 3645/5/4
f 3515/6/5 3645/5/5 3639/1/5 3508/2/5
f 3514/1/6 3644/2/6 3645/6/6 3515/5/6
f 3518/2/1 3519/6/1 3512/5/1 3511/1/1
f 3518/5/2 3511/1/2 3641/2/2 3647/6/2
f 3511/2/3 3512/6/3 3642/5/3 3641/1/3
f 3647/1/4 3641/2/4 3642/6/4 3648/5/4
f 3519/1/5 3648/2/5 3642/6/5 3512/5/5
f 3518/1/6 3647/2/6 3648/6/6 3519/5/6
f 3519/2/1 3520/6/1 3513/5/1 3512/1/1
f 3519/1/2 3512/5/2 3642/6/2 3648/2/2
f 3512/2/3 3513/6/3 3643/5/3 3642/1/3
f 3648/1/4 3642/2/4 3643/6/4 3649/5/4
f 3520/5/5 3649/6/5 3643/2/5 3513/1/5
f 3519/1/6 3648/2/6 3649/6/6 3520/5/6
f 3520/2/1 3521/6/1 3514/5/1 3513/1/1
f 3520/2/2 3513/6/2 3643/5/2 3649/1/2
f 3513/2/3 3514/6/3 3644/5/3 3643/1/3
f 3649/1/4 3643/2/4 3644/6/4 3650/5/4
f 3521/6/5 3650/5/5 3644/1/5 3514/2/5
f 3520/1/6 3649/2/6 3650/6/6 3521/5/6
f 3521/2/1 3522/6/1 3515/5/1 3514/1/1
f 3521/5/2 3514/1/2 3644/2/2 3650/6/2
f 3514/2/3 3515/6/3 3645/5/3 3644/1/3
f 3650/1/4 3644/2/4 3645/6/4 3651/5/4
f 3522/1/5 3651/2/5 3645/6/5 3515/5/5
f 3521/1/6 3650/2/6 3651/6/6 3522/5/6
f 3523/2/1 3524/6/1 3519/5/1 3518/1/1
f 3523/2/2 3518/6/2 3647/5/2 3653/1/2
f 3518/2/3 3519/6/3 3648/5/3 3647/1/3
f 3653/1/4 3647/2/4 3648/6/4 3654/5/4
f 3524/6/5 3654/5/5 3648/1/5 3519/2/5
f 3523/1/6 3653/2/6 3654/6/6 3524/5/6
f 3524/2/1 3525/6/1 3520/5/1 3519/1/1
f 3524/1/2 3519/5/2 3648/6/2 3654/2/2
f 3519/2/3 3520/6/3 3649/5/3 3648/1/3
f 3654/1/4 3648/2/4 3649/6/4 3655/5/4
f 3525/5/5 3655/6/5 3649/2/5 3520/1/5
f 3524/1/6 3654/2/6 3655/6/6 3525/5/6
f 3525/2/1 3526/6/1 3521/5/1 3520/1/1
f 3525/5/2 3520/1/2 3649/2/2 3655/6/2
f 3520/2/3 3521/6/3 3650/5/3 3649/1/3
f 3655/1/4 3649/2/4 3650/6/4 3656/5/4
f 3526/1/5 3656/2/5 3650/6/5 3521/5/5
f 3525/1/6 3655/2/6 3656/6/6 3526/5/6
f 3526/2/1 3527/6/1 3522/5/1 3521/1/1
f 3526/6/2 3521/2/2 3650/1/2 3656/5/2
f 3521/2/3 3522/6/3 3651/5/3 3650/1/3
f 3656/1/4 3650/2/4 3651/6/4 3657/5/4
f 3527/2/5 3657/1/5 3651/5/5 3522/6/5
f 3526/1/6 3656/2/6 3657/6/6 3527/5/6
f 3532/2/1 3533/6/1 3524/5/1 3523/1/1
f 3532/6/2 3523/2/2 3653/1/2 3659/5/2
f 3523/2/3 3524/6/3 3654/5/3 3653/1/3
f 3659/1/4 3653/2/4 3654/6/4 3660/5/4
f 3533/2/5 3660/1/5 3654/5/5 3524/6/5
f 3532/1/6 3659/2/6 3660/6/6 3533/5/6
f 3533/2/1 3534/6/1 3525/5/1 3524/1/1
f 3533/1/2 3524/5/2 3654/6/2 3660/2/2
f 3524/2/3 3525/6/3 3655/5/3 3654/1/3
f 3660/1/4 3654/2/4 3655/6/4 3661/5/4
f 3534/5/5 3661/6/5 3655/2/5 3525/1/5
f 3533/1/6 3660/2/6 3661/6/6 3534/5/6
f 3534/2/1 3535/6/1 3526/5/1 3525/1/1
f 3534/1/2 3525/5/2 3655/6/2 3661/2/2
f 3525/2/3 3526/6/3 3656/5/3 3655/1/3
f 3661/1/4 3655/2/4 3656/6/4 3662/5/4
f 3535/5/5 3662/6/5 3656/2/5 3526/1/5
f 3534/1/6 3661/2/6 3662/6/6 3535/5/6
f 3535/2/1 3536/6/1 3527/5/1 3526/1/1
f 3535/2/2 3526/6/2 3656/5/2 3662/1/2
f 3526/2/3 3527/6/3 3657/5/3 3656/1/3
f 3662/1/4 3656/2/4 3657/6/4 3663/5/4
f 3536/6/5 3663/5/5 3657/1/5 3527/2/5
f 3535/1/6 3662/2/6 3663/6/6 3536/5/6
f 3537/2/1 3545/6/1 3529/5/1 3528/1/1
f 3537/6/2 3528/2/2 3658/1/2 3664/5/2
f 3528/2/3 3529/6/3 3665/5/3 3658/1/3
f 3664/1/4 3658/2/4 3665/6/4 3666/5/4
f 3545/2/5 3666/1/5 3665/5/5 3529/6/5
f 3537/1/6 3664/2/6 3666/6/6 3545/5/6
f 3545/2/1 3548/6/1 3530/5/1 3529/1/1
f 3545/6/2 3529/2/2 3665/1/2 3666/5/2
f 3529/2/3 3530/6/3 3667/5/3 3665/1/3
f 3666/1/4 3665/2/4 3667/6/4 3668/5/4
f 3548/2/5 3668/1/5 3667/5/5 3530/6/5
f 3545/1/6 3666/2/6 3668/6/6 3548/5/6
f 3548/2/1 3550/6/1 3531/5/1 3530/1/1
f 3548/6/2 3530/2/2 3667/1/2 3668/5/2
f 3530/2/3 3531/6/3 3669/5/3 3667/1/3
f 3668/1/4 3667/2/4 3669/6/4 3670/5/4
f 3550/2/5 3670/1/5 3669/5/5 3531/6/5
f 3548/1/6 3668/2/6 3670/6/6 3550/5/6
f 3538/2/1 3539/6/1 3533/5/1 3532/1/1
f 3538/6/2 3532/2/2 3659/1/2 3671/5/2
f 3532/2/3 3533/6/3 3660/5/3 3659/1/3
f 3671/1/4 3659/2/4 3660/6/4 3672/5/4
f 3539/2/5 3672/1/5 3660/5/5 3533/6/5
f 3538/1/6 3671/2/6 3672/6/6 3539/5/6
f 3539/2/1 3540/6/1 3534/5/1 3533/1/1
f 3539/5/2 3533/1/2 3660/2/2 3672/6/2
f 3533/2/3 3534/6/3 3661/5/3 3660/1/3
f 3672/1/4 3660/2/4 3661/6/4 3673/5/4
f 3540/1/5 3673/2/5 3661/6/5 3534/5/5
f 3539/1/6 3672/2/6 3673/6/6 3540/5/6
f 3540/2/1 3541/6/1 3535/5/1 3534/1/1
f 3540/1/2 3534/5/2 3661/6/2 3673/2/2
f 3534/2/3 3535/6/3 3662/5/3 3661/1/3
f 3673/1/4 3661/2/4 3662/6/4 3674/5/4
f 3541/5/5 3674/6/5 3662/2/5 3535/1/5
f 3540/1/6 3673/2/6 3674/6/6 3541/5/6
f 3541/2/1 3542/6/1 3536/5/1 3535/1/1
f 3541/2/2 3535/6/2 3662/5/2 3674/1/2
f 3535/2/3 3536/6/3 3663/5/3 3662/1/3
f 3674/1/4 3662/2/4 3663/6/4 3675/5/4
f 3542/6/5 3675/5/5 3663/1/5 3536/2/5
f 3541/1/6 3674/2/6 3675/6/6 3542/5/6
f 3552/2/1 3553/6/1 3542/5/1 3541/1/1
f 3552/2/2 3541/6/2 3674/5/2 3679/1/2
f 3541/2/3 3542/6/3 3675/5/3 3674/1/3
f 3679/1/4 3674/2/4 3675/6/4 3680/5/4
f 3553/6/5 3680/5/5 3675/1/5 3542/2/5
f 3552/1/6 3679/2/6 3680/6/6 3553/5/6
f 3559/2/1 3560/6/1 3556/5/1 3555/1/1
f 3559/1/2 3555/5/2 3682/6/2 3687/2/2
f 3555/2/3 3556/6/3 3683/5/3 3682/1/3
f 3687/1/4 3682/2/4 3683/6/4 3688/5/4
f 3560/5/5 3688/6/5 3683/2/5 3556/1/5
f 3559/1/6 3687/2/6 3688/6/6 3560/5/6
f 3564/2/1 3565/6/1 3559/5/1 3558/1/1
f 3564/6/2 3558/2/2 3686/1/2 3691/5/2
f 3558/2/3 3559/6/3 3687/5/3 3686/1/3
f 3691/1/4 3686/2/4 3687/6/4 3692/5/4
f 3565/2/5 3692/1/5 3687/5/5 3559/6/5
f 3564/1/6 3691/2/6 3692/6/6 3565/5/6
f 3565/2/1 3566/6/1 3560/5/1 3559/1/1
f 3565/5/2 3559/1/2 3687/2/2 3692/6/2
f 3559/2/3 3560/6/3 3688/5/3 3687/1/3
f 3692/1/4 3687/2/4 3688/6/4 3693/5/4
f 3566/1/5 3693/2/5 3688/6/5 3560/5/5
f 3565/1/6 3692/2/6 3693/6/6 3566/5/6
f 3568/2/1 3569/6/1 3563/5/1 3562/1/1
f 3568/1/2 3562/5/2 3689/6/2 3695/2/2
f 3562/2/3 3563/6/3 3690/5/3 3689/1/3
f 3695/1/4 3689/2/4 3690/6/4 3696/5/4
f 3569/5/5 3696/6/5 3690/2/5 3563/1/5
f 3568/1/6 3695/2/6 3696/6/6 3569/5/6
f 3569/2/1 3570/6/1 3564/5/1 3563/1/1
f 3569/5/2 3563/1/2 3690/2/2 3696/6/2
f 3563/2/3 3564/6/3 3691/5/3 3690/1/3
f 3696/1/4 3690/2/4 3691/6/4 3697/5/4
f 3570/1/5 3697/2/5 3691/6/5 3564/5/5
f 3569/1/6 3696/2/6 3697/6/6 3570/5/6
f 3570/2/1 3571/6/1 3565/5/1 3564/1/1
f 3570/1/2 3564/5/2 3691/6/2 3697/2/2
f 3564/2/3 3565/6/3 3692/5/3 3691/1/3
f 3697/1/4 3691/2/4 3692/6/4 3698/5/4
f 3571/5/5 3698/6/5 3692/2/5 3565/1/5
f 3570/1/6 3697/2/6 3698/6/6 3571/5/6
f 3571/2/1 3572/6/1 3566/5/1 3565/1/1
f 3571/5/2 3565/1/2 3692/2/2 3698/6/2
f 3565/2/3 3566/6/3 3693/5/3 3692/1/3
f 3698/1/4 3692/2/4 3693/6/4 3699/5/4
f 3572/1/5 3699/2/5 3693/6/5 3566/5/5
f 3571/1/6 3698/2/6 3699/6/6 3572/5/6
f 3572/2/1 3573/6/1 3567/5/1 3566/1/1
f 3572/5/2 3566/1/2 3693/2/2 3699/6/2
f 3566/2/3 3567/6/3 3694/5/3 3693/1/3
f 3699/1/4 3693/2/4 3694/6/4 3700/5/4
f 3573/1/5 3700/2/5 3694/6/5 3567/5/5
f 3572/1/6 3699/2/6 3700/6/6 3573/5/6
f 3575/2/1 3576/6/1 3569/5/1 3568/1/1
f 3575/5/2 3568/1/2 3695/2/2 3701/6/2
f 3568/2/3 3569/6/3 3696/5/3 3695/1/3
f 3701/1/4 3695/2/4 3696/6/4 3702/5/4
f 3576/1/5 3702/2/5 3696/6/5 3569/5/5
f 3575/1/6 3701/2/6 3702/6/6 3576/5/6
f 3576/2/1 3577/6/1 3570/5/1 3569/1/1
f 3576/1/2 3569/5/2 3696/6/2 3702/2/2
f 3569/2/3 3570/6/3 3697/5/3 3696/1/3
f 3702/1/4 3696/2/4 3697/6/4 3703/5/4
f 3577/5/5 3703/6/5 3697/2/5 3570/1/5
f 3576/1/6 3702/2/6 3703/6/6 3577/5/6
f 3577/2/1 3578/6/1 3571/5/1 3570/1/1
f 3577/1/2 3570/5/2 3697/6/2 3703/2/2
f 3570/2/3 3571/6/3 3698/5/3 3697/1/3
f 3703/1/4 3697/2/4 3698/6/4 3704/5/4
f 3578/5/5 3704/6/5 3698/2/5 3571/1/5
f 3577/1/6 3703/2/6 3704/6/6 3578/5/6
f 3578/2/1 3579/6/1 3572/5/1 3571/1/1
f 3578/2/2 3571/6/2 3698/5/2 3704/1/2
f 3571/2/3 3572/6/3 3699/5/3 3698/1/3
f 3704/1/4 3698/2/4 3699/6/4 3705/5/4
f 3579/6/5 3705/5/5 3699/1/5 3572/2/5
f 3578/1/6 3704/2/6 3705/6/6 3579/5/6
f 3579/2/1 3580/6/1 3573/5/1 3572/1/1
f 3579/5/2 3572/1/2 3699/2/2 3705/6/2
f 3572/2/3 3573/6/3 3700/5/3 3699/1/3
f 3705/1/4 3699/2/4 3700/6/4 3706/5/4
f 3580/1/5 3706/2/5 3700/6/5 3573/5/5
f 3579/1/6 3705/2/6 3706/6/6 3580/5/6
f 3582/2/1 3583/6/1 3576/5/1 3575/1/1
f 3582/6/2 3575/2/2 3701/1/2 3708/5/2
f 3575/2/3 3576/6/3 3702/5/3 3701/1/3
f 3708/1/4 3701/2/4 3702/6/4 3709/5/4
f 3583/2/5 3709/1/5 3702/5/5 3576/6/5
f 3582/1/6 3708/2/6 3709/6/6 3583/5/6
f 3583/2/1 3584/6/1 3577/5/1 3576/1/1
f 3583/1/2 3576/5/2 3702/6/2 3709/2/2
f 3576/2/3 3577/6/3 3703/5/3 3702/1/3
f 3709/1/4 3702/2/4 3703/6/4 3710/5/4
f 3584/5/5 3710/6/5 3703/2/5 3577/1/5
f 3583/1/6 3709/2/6 3710/6/6 3584/5/6
f 3584/2/1 3585/6/1 3578/5/1 3577/1/1
f 3584/2/2 3577/6/2 3703/5/2 3710/1/2
f 3577/2/3 3578/6/3 3704/5/3 3703/1/3
f 3710/1/4 3703/2/4 3704/6/4 3711/5/4
f 3585/6/5 3711/5/5 3704/1/5 3578/2/5
f 3584/1/6 3710/2/6 3711/6/6 3585/5/6
f 3585/2/1 3586/6/1 3579/5/1 3578/1/1
f 3585/2/2 3578/6/2 3704/5/2 3711/1/2
f 3578/2/3 3579/6/3 3705/5/3 3704/1/3
f 3711/1/4 3704/2/4 3705/6/4 3712/5/4
f 3586/6/5 3712/5/5 3705/1/5 3579/2/5
f 3585/1/6 3711/2/6 3712/6/6 3586/5/6
f 3586/2/1 3587/6/1 3580/5/1 3579/1/1
f 3586/5/2 3579/1/2 3705/2/2 3712/6/2
f 3579/2/3 3580/6/3 3706/5/3 3705/1/3
f 3712/1/4 3705/2/4 3706/6/4 3713/5/4
f 3587/1/5 3713/2/5 3706/6/5 3580/5/5
f 3586/1/6 3712/2/6 3713/6/6 3587/5/6
f 3587/2/1 3588/6/1 3581/5/1 3580/1/1
f 3587/5/2 3580/1/2 3706/2/2 3713/6/2
f 3580/2/3 3581/6/3 3707/5/3 3706/1/3
f 3713/1/4 3706/2/4 3707/6/4 3714/5/4
f 3588/1/5 3714/2/5 3707/6/5 3581/5/5
f 3587/1/6 3713/2/6 3714/6/6 3588/5/6
f 3590/2/1 3591/6/1 3583/5/1 3582/1/1
f 3590/5/2 3582/1/2 3708/2/2 3715/6/2
f 3582/2/3 3583/6/3 3709/5/3 3708/1/3
f 3715/1/4 3708/2/4 3709/6/4 3716/5/4
f 3591/1/5 3716/2/5 3709/6/5 3583/5/5
f 3590/1/6 3715/2/6 3716/6/6 3591/5/6
f 3591/2/1 3592/6/1 3584/5/1 3583/1/1
f 3591/6/2 3583/2/2 3709/1/2 3716/5/2
f 3583/2/3 3584/6/3 3710/5/3 3709/1/3
f 3716/1/4 3709/2/4 3710/6/4 3717/5/4
f 3592/2/5 3717/1/5 3710/5/5 3584/6/5
f 3591/1/6 3716/2/6 3717/6/6 3592/5/6
f 3592/2/1 3593/6/1 3585/5/1 3584/1/1
f 3592/1/2 3584/5/2 3710/6/2 3717/2/2
f 3584/2/3 3585/6/3 3711/5/3 3710/1/3
f 3717/1/4 3710/2/4 3711/6/4 3718/5/4
f 3593/5/5 3718/6/5 3711/2/5 3585/1/5
f 3592/1/6 3717/2/6 3718/6/6 3593/5/6
f 3593/2/1 3594/6/1 3586/5/1 3585/1/1
f 3593/5/2 3585/1/2 3711/2/2 3718/6/2
f 3585/2/3 3586/6/3 3712/5/3 3711/1/3
f 3718/1/4 3711/2/4 3712/6/4 3719/5/4
f 3594/1/5 3719/2/5 3712/6/5 3586/5/5
f 3593/1/6 3718/2/6 3719/6/6 3594/5/6
f 3594/2/1 3595/6/1 3587/5/1 3586/1/1
f 3594/1/2 3586/5/2 3712/6/2 3719/2/2
f 3586/2/3 3587/6/3 3713/5/3 3712/1/3
f 3719/1/4 3712/2/4 3713/6/4 3720/5/4
f 3595/5/5 3720/6/5 3713/2/5 3587/1/5
f 3594/1/6 3719/2/6 3720/6/6 3595/5/6
f 3595/2/1 3596/6/1 3588/5/1 3587/1/1
f 3595/2/2 3587/6/2 3713/5/2 3720/1/2
f 3587/2/3 3588/6/3 3714/5/3 3713/1/3
f 3720/1/4 3713/2/4 3714/6/4 3721/5/4
f 3596/6/5 3721/5/5 3714/1/5 3588/2/5
f 3595/1/6 3720/2/6 3721/6/6 3596/5/6
f 3599/2/1 3600/6/1 3591/5/1 3590/1/1
f 3599/6/2 3590/2/2 3715/1/2 3723/5/2
f 3590/2/3 3591/6/3 3716/5/3 3715/1/3
f 3723/1/4 3715/2/4 3716/6/4 3724/5/4
f 3600/2/5 3724/1/5 3716/5/5 3591/6/5
f 3599/1/6 3723/2/6 3724/6/6 3600/5/6
f 3600/2/1 3601/6/1 3592/5/1 3591/1/1
f 3600/1/2 3591/5/2 3716/6/2 3724/2/2
f 3591/2/3 3592/6/3 3717/5/3 3716/1/3
f 3724/1/4 3716/2/4 3717/6/4 3725/5/4
f 3601/5/5 3725/6/5 3717/2/5 3592/1/5
f 3600/1/6 3724/2/6 3725/6/6 3601/5/6
f 3601/2/1 3602/6/1 3593/5/1 3592/1/1
f 3601/5/2 3592/1/2 3717/2/2 3725/6/2
f 3592/2/3 3593/6/3 3718/5/3 3717/1/3
f 3725/1/4 3717/2/4 3718/6/4 3726/5/4
f 3602/1/5 3726/2/5 3718/6/5 3593/5/5
f 3601/1/6 3725/2/6 3726/6/6 3602/5/6
f 3602/2/1 3603/6/1 3594/5/1 3593/1/1
f 3602/6/2 3593/2/2 3718/1/2 3726/5/2
f 3593/2/3 3594/6/3 3719/5/3 3718/1/3
f 3726/1/4 3718/2/4 3719/6/4 3727/5/4
f 3603/2/5 3727/1/5 3719/5/5 3594/6/5
f 3602/1/6 3726/2/6 3727/6/6 3603/5/6
f 3603/2/1 3604/6/1 3595/5/1 3594/1/1
f 3603/5/2 3594/1/2 3719/2/2 3727/6/2
f 3594/2/3 3595/6/3 3720/5/3 3719/1/3
f 3727/1/4 3719/2/4 3720/6/4 3728/5/4
f 3604/1/5 3728/2/5 3720/6/5 3595/5/5
f 3603/1/6 3727/2/6 3728/6/6 3604/5/6
f 3604/2/1 3605/6/1 3596/5/1 3595/1/1
f 3604/5/2 3595/1/2 3720/2/2 3728/6/2
f 3595/2/3 3596/6/3 3721/5/3 3720/1/3
f 3728/1/4 3720/2/4 3721/6/4 3729/5/4
f 3605/1/5 3729/2/5 3721/6/5 3596/5/5
f 3604/1/6 3728/2/6 3729/6/6 3605/5/6
f 3605/2/1 3606/6/1 3597/5/1 3596/1/1
f 3605/5/2 3596/1/2 3721/2/2 3729/6/2
f 3596/2/3 3597/6/3 3722/5/3 3721/1/3
f 3729/1/4 3721/2/4 3722/6/4 3730/5/4
f 3606/1/5 3730/2/5 3722/6/5 3597/5/5
f 3605/1/6 3729/2/6 3730/6/6 3606/5/6
f 3608/2/1 3609/6/1 3600/5/1 3599/1/1
f 3608/1/2 3599/5/2 3723/6/2 3732/2/2
f 3599/2/3 3600/6/3 3724/5/3 3723/1/3
f 3732/1/4 3723/2/4 3724/6/4 3733/5/4
f 3609/5/5 3733/6/5 3724/2/5 3600/1/5
f 3608/1/6 3732/2/6 3733/6/6 3609/5/6
f 3609/2/1 3610/6/1 3601/5/1 3600/1/1
f 3609/2/2 3600/6/2 3724/5/2 3733/1/2
f 3600/2/3 3601/6/3 3725/5/3 3724/1/3
f 3733/1/4 3724/2/4 3725/6/4 3734/5/4
f 3610/6/5 3734/5/5 3725/1/5 3601/2/5
f 3609/1/6 3733/2/6 3734/6/6 3610/5/6
f 3610/2/1 3611/6/1 3602/5/1 3601/1/1
f 3610/1/2 3601/5/2 3725/6/2 3734/2/2
f 3601/2/3 3602/6/3 3726/5/3 3725/1/3
f 3734/1/4 3725/2/4 3726/6/4 3735/5/4
f 3611/5/5 3735/6/5 3726/2/5 3602/1/5
f 3610/1/6 3734/2/6 3735/6/6 3611/5/6
f 3611/2/1 3612/6/1 3603/5/1 3602/1/1
f 3611/5/2 3602/1/2 3726/2/2 3735/6/2
f 3602/2/3 3603/6/3 3727/5/3 3726/1/3
f 3735/1/4 3726/2/4 3727/6/4 3736/5/4
f 3612/1/5 3736/2/5 3727/6/5 3603/5/5
f 3611/1/6 3735/2/6 3736/6/6 3612/5/6
f 3612/2/1 3613/6/1 3604/5/1 3603/1/1
f 3612/1/2 3603/5/2 3727/6/2 3736/2/2
f 3603/2/3 3604/6/3 3728/5/3 3727/1/3
f 3736/1/4 3727/2/4 3728/6/4 3737/5/4
f 3613/5/5 3737/6/5 3728/2/5 3604/1/5
f 3612/1/6 3736/2/6 3737/6/6 3613/5/6
f 3613/2/1 3614/6/1 3605/5/1 3604/1/1
f 3613/2/2 3604/6/2 3728/5/2 3737/1/2
f 3604/2/3 3605/6/3 3729/5/3 3728/1/3
f 3737/1/4 3728/2/4 3729/6/4 3738/5/4
f 3614/6/5 3738/5/5 3729/1/5 3605/2/5
f 3613/1/6 3737/2/6 3738/6/6 3614/5/6
f 3614/2/1 3615/6/1 3606/5/1 3605/1/1
f 3614/1/2 3605/5/2 3729/6/2 3738/2/2
f 3605/2/3 3606/6/3 3730/5/3 3729/1/3
f 3738/1/4 3729/2/4 3730/6/4 3739/5/4
f 3615/5/5 3739/6/5 3730/2/5 3606/1/5
f 3614/1/6 3738/2/6 3739/6/6 3615/5/6
f 3615/2/1 3616/6/1 3607/5/1 3606/1/1
f 3615/1/2 3606/5/2 3730/6/2 3739/2/2
f 3606/2/3 3607/6/3 3731/5/3 3730/1/3
f 3739/1/4 3730/2/4 3731/6/4 3740/5/4
f 3616/5/5 3740/6/5 3731/2/5 3607/1/5
f 3615/1/6 3739/2/6 3740/6/6 3616/5/6
f 3630/2/1 3631/6/1 3620/5/1 3619/1/1
f 3630/6/2 3619/2/2 3741/1/2 3743/5/2
f 3619/2/3 3620/6/3 3742/5/3 3741/1/3
f 3743/1/4 3741/2/4 3742/6/4 3744/5/4
f 3631/2/5 3744/1/5 3742/5/5 3620/6/5
f 3630/1/6 3743/2/6 3744/6/6 3631/5/6
f 3635/2/1 3636/6/1 3631/5/1 3630/1/1
f 3635/6/2 3630/2/2 3743/1/2 3754/5/2
f 3630/2/3 3631/6/3 3744/5/3 3743/1/3
f 3754/1/4 3743/2/4 3744/6/4 3755/5/4
f 3636/2/5 3755/1/5 3744/5/5 3631/6/5
f 3635/1/6 3754/2/6 3755/6/6 3636/5/6
f 3636/2/1 3637/6/1 3632/5/1 3631/1/1
f 3636/1/2 3631/5/2 3744/6/2 3755/2/2
f 3631/2/3 3632/6/3 3745/5/3 3744/1/3
f 3755/1/4 3744/2/4 3745/6/4 3756/5/4
f 3637/5/5 3756/6/5 3745/2/5 3632/1/5
f 3636/1/6 3755/2/6 3756/6/6 3637/5/6
f 3637/2/1 3638/6/1 3633/5/1 3632/1/1
f 3637/6/2 3632/2/2 3745/1/2 3756/5/2
f 3632/2/3 3633/6/3 3746/5/3 3745/1/3
f 3756/1/4 3745/2/4 3746/6/4 3757/5/4
f 3638/2/5 3757/1/5 3746/5/5 3633/6/5
f 3637/1/6 3756/2/6 3757/6/6 3638/5/6
f 3640/2/1 3760/6/1 3748/5/1 3634/1/1
f 3640/6/2 3634/2/2 3747/1/2 3759/5/2
f 3634/2/3 3748/6/3 3749/5/3 3747/1/3
f 3759/1/4 3747/2/4 3749/6/4 3761/5/4
f 3760/2/5 3761/1/5 3749/5/5 3748/6/5
f 3640/1/6 3759/2/6 3761/6/6 3760/5/6
f 3760/2/1 3762/6/1 3750/5/1 3748/1/1
f 3760/1/2 3748/5/2 3749/6/2 3761/2/2
f 3748/2/3 3750/6/3 3751/5/3 3749/1/3
f 3761/1/4 3749/2/4 3751/6/4 3763/5/4
f 3762/5/5 3763/6/5 3751/2/5 3750/1/5
f 3760/1/6 3761/2/6 3763/6/6 3762/5/6
f 3762/2/1 3764/6/1 3752/5/1 3750/1/1
f 3762/6/2 3750/2/2 3751/1/2 3763/5/2
f 3750/2/3 3752/6/3 3753/5/3 3751/1/3
f 3763/1/4 3751/2/4 3753/6/4 3765/5/4
f 3764/2/5 3765/1/5 3753/5/5 3752/6/5
f 3762/1/6 3763/2/6 3765/6/6 3764/5/6
f 3641/2/1 3642/6/1 3636/5/1 3635/1/1
f 3641/6/2 3635/2/2 3754/1/2 3766/5/2
f 3635/2/3 3636/6/3 3755/5/3 3754/1/3
f 3766/1/4 3754/2/4 3755/6/4 3767/5/4
f 3642/2/5 3767/1/5 3755/5/5 3636/6/5
f 3641/1/6 3766/2/6 3767/6/6 3642/5/6
f 3642/2/1 3643/6/1 3637/5/1 3636/1/1
f 3642/5/2 3636/1/2 3755/2/2 3767/6/2
f 3636/2/3 3637/6/3 3756/5/3 3755/1/3
f 3767/1/4 3755/2/4 3756/6/4 3768/5/4
f 3643/1/5 3768/2/5 3756/6/5 3637/5/5
f 3642/1/6 3767/2/6 3768/6/6 3643/5/6
f 3643/2/1 3644/6/1 3638/5/1 3637/1/1
f 3643/1/2 3637/5/2 3756/6/2 3768/2/2
f 3637/2/3 3638/6/3 3757/5/3 3756/1/3
f 3768/1/4 3756/2/4 3757/6/4 3769/5/4
f 3644/5/5 3769/6/5 3757/2/5 3638/1/5
f 3643/1/6 3768/2/6 3769/6/6 3644/5/6
f 3644/2/1 3645/6/1 3639/5/1 3638/1/1
f 3644/5/2 3638/1/2 3757/2/2 3769/6/2
f 3638/2/3 3639/6/3 3758/5/3 3757/1/3
f 3769/1/4 3757/2/4 3758/6/4 3770/5/4
f 3645/1/5 3770/2/5 3758/6/5 3639/5/5
f 3644/1/6 3769/2/6 3770/6/6 3645/5/6
f 3646/2/1 3772/6/1 3760/5/1 3640/1/1
f 3646/5/2 3640/1/2 3759/2/2 3771/6/2
f 3640/2/3 3760/6/3 3761/5/3 3759/1/3
f 3771/1/4 3759/2/4 3761/6/4 3773/5/4
f 3772/1/5 3773/2/5 3761/6/5 3760/5/5
f 3646/1/6 3771/2/6 3773/6/6 3772/5/6
f 3772/2/1 3774/6/1 3762/5/1 3760/1/1
f 3772/6/2 3760/2/2 3761/1/2 3773/5/2
f 3760/2/3 3762/6/3 3763/5/3 3761/1/3
f 3773/1/4 3761/2/4 3763/6/4 3775/5/4
f 3774/2/5 3775/1/5 3763/5/5 3762/6/5
f 3772/1/6 3773/2/6 3775/6/6 3774/5/6
f 3774/2/1 3776/6/1 3764/5/1 3762/1/1
f 3774/1/2 3762/5/2 3763/6/2 3775/2/2
f 3762/2/3 3764/6/3 3765/5/3 3763/1/3
f 3775/1/4 3763/2/4 3765/6/4 3777/5/4
f 3776/5/5 3777/6/5 3765/2/5 3764/1/5
f 3774/1/6 3775/2/6 3777/6/6 3776/5/6
f 3647/2/1 3648/6/1 3642/5/1 3641/1/1
f 3647/6/2 3641/2/2 3766/1/2 3778/5/2
f 3641/2/3 3642/6/3 3767/5/3 3766/1/3
f 3778/1/4 3766/2/4 3767/6/4 3779/5/4
f 3648/2/5 3779/1/5 3767/5/5 3642/6/5
f 3647/1/6 3778/2/6 3779/6/6 3648/5/6
f 3648/2/1 3649/6/1 3643/5/1 3642/1/1
f 3648/5/2 3642/1/2 3767/2/2 3779/6/2
f 3642/2/3 3643/6/3 3768/5/3 3767/1/3
f 3779/1/4 3767/2/4 3768/6/4 3780/5/4
f 3649/1/5 3780/2/5 3768/6/5 3643/5/5
f 3648/1/6 3779/2/6 3780/6/6 3649/5/6
f 3649/2/1 3650/6/1 3644/5/1 3643/1/1
f 3649/6/2 3643/2/2 3768/1/2 3780/5/2
f 3643/2/3 3644/6/3 3769/5/3 3768/1/3
f 3780/1/4 3768/2/4 3769/6/4 3781/5/4
f 3650/2/5 3781/1/5 3769/5/5 3644/6/5
f 3649/1/6 3780/2/6 3781/6/6 3650/5/6
f 3650/2/1 3651/6/1 3645/5/1 3644/1/1
f 3650/1/2 3644/5/2 3769/6/2 3781/2/2
f 3644/2/3 3645/6/3 3770/5/3 3769/1/3
f 3781/1/4 3769/2/4 3770/6/4 3782/5/4
f 3651/5/5 3782/6/5 3770/2/5 3645/1/5
f 3650/1/6 3781/2/6 3782/6/6 3651/5/6
f 3652/2/1 3784/6/1 3772/5/1 3646/1/1
f 3652/6/2 3646/2/2 3771/1/2 3783/5/2
f 3646/2/3 3772/6/3 3773/5/3 3771/1/3
f 3783/1/4 3771/2/4 3773/6/4 3785/5/4
f 3784/2/5 3785/1/5 3773/5/5 3772/6/5
f 3652/1/6 3783/2/6 3785/6/6 3784/5/6
f 3784/2/1 3786/6/1 3774/5/1 3772/1/1
f 3784/1/2 3772/5/2 3773/6/2 3785/2/2
f 3772/2/3 3774/6/3 3775/5/3 3773/1/3
f 3785/1/4 3773/2/4 3775/6/4 3787/5/4
f 3786/5/5 3787/6/5 3775/2/5 3774/1/5
f 3784/1/6 3785/2/6 3787/6/6 3786/5/6
f 3786/2/1 3788/6/1 3776/5/1 3774/1/1
f 3786/1/2 3774/5/2 3775/6/2 3787/2/2
f 3774/2/3 3776/6/3 3777/5/3 3775/1/3
f 3787/1/4 3775/2/4 3777/6/4 3789/5/4
f 3788/5/5 3789/6/5 3777/2/5 3776/1/5
f 3786/1/6 3787/2/6 3789/6/6 3788/5/6
f 3653/2/1 3654/6/1 3648/5/1 3647/1/1
f 3653/2/2 3647/6/2 3778/5/2 3790/1/2
f 3647/2/3 3648/6/3 3779/5/3 3778/1/3
f 3790/1/4 3778/2/4 3779/6/4 3791/5/4
f 3654/6/5 3791/5/5 3779/1/5 3648/2/5
f 3653/1/6 3790/2/6 3791/6/6 3654/5/6
f 3654/2/1 3655/6/1 3649/5/1 3648/1/1
f 3654/2/2 3648/6/2 3779/5/2 3791/1/2
f 3648/2/3 3649/6/3 3780/5/3 3779/1/3
f 3791/1/4 3779/2/4 3780/6/4 3792/5/4
f 3655/6/5 3792/5/5 3780/1/5 3649/2/5
f 3654/1/6 3791/2/6 3792/6/6 3655/5/6
f 3655/2/1 3656/6/1 3650/5/1 3649/1/1
f 3655/5/2 3649/1/2 3780/2/2 3792/6/2
f 3649/2/3 3650/6/3 3781/5/3 3780/1/3
f 3792/1/4 3780/2/4 3781/6/4 3793/5/4
f 3656/1/5 3793/2/5 3781/6/5 3650/5/5
f 3655/1/6 3792/2/6 3793/6/6 3656/5/6
f 3656/2/1 3657/6/1 3651/5/1 3650/1/1
f 3656/2/2 3650/6/2 3781/5/2 3793/1/2
f 3650/2/3 3651/6/3 3782/5/3 3781/1/3
f 3793/1/4 3781/2/4 3782/6/4 3794/5/4
f 3657/6/5 3794/5/5 3782/1/5 3651/2/5
f 3656/1/6 3793/2/6 3794/6/6 3657/5/6
f 3659/2/1 3660/6/1 3654/5/1 3653/1/1
f 3659/6/2 3653/2/2 3790/1/2 3795/5/2
f 3653/2/3 3654/6/3 3791/5/3 3790/1/3
f 3795/1/4 3790/2/4 3791/6/4 3796/5/4
f 3660/2/5 3796/1/5 3791/5/5 3654/6/5
f 3659/1/6 3795/2/6 3796/6/6 3660/5/6
f 3660/2/1 3661/6/1 3655/5/1 3654/1/1
f 3660/2/2 3654/6/2 3791/5/2 3796/1/2
f 3654/2/3 3655/6/3 3792/5/3 3791/1/3
f 3796/1/4 3791/2/4 3792/6/4 3797/5/4
f 3661/6/5 3797/5/5 3792/1/5 3655/2/5
f 3660/1/6 3796/2/6 3797/6/6 3661/5/6
f 3661/2/1 3662/6/1 3656/5/1 3655/1/1
f 3661/6/2 3655/2/2 3792/1/2 3797/5/2
f 3655/2/3 3656/6/3 3793/5/3 3792/1/3
f 3797/1/4 3792/2/4 3793/6/4 3798/5/4
f 3662/2/5 3798/1/5 3793/5/5 3656/6/5
f 3661/1/6 3797/2/6 3798/6/6 3662/5/6
f 3662/2/1 3663/6/1 3657/5/1 3656/1/1
f 3662/1/2 3656/5/2 3793/6/2 3798/2/2
f 3656/2/3 3657/6/3 3794/5/3 3793/1/3
f 3798/1/4 3793/2/4 3794/6/4 3799/5/4
f 3663/5/5 3799/6/5 3794/2/5 3657/1/5
f 3662/1/6 3798/2/6 3799/6/6 3663/5/6
f 3671/2/1 3672/6/1 3660/5/1 3659/1/1
f 3671/5/2 3659/1/2 3795/2/2 3800/6/2
f 3659/2/3 3660/6/3 3796/5/3 3795/1/3
f 3800/1/4 3795/2/4 3796/6/4 3801/5/4
f 3672/1/5 3801/2/5 3796/6/5 3660/5/5
f 3671/1/6 3800/2/6 3801/6/6 3672/5/6
f 3672/2/1 3673/6/1 3661/5/1 3660/1/1
f 3672/6/2 3660/2/2 3796/1/2 3801/5/2
f 3660/2/3 3661/6/3 3797/5/3 3796/1/3
f 3801/1/4 3796/2/4 3797/6/4 3802/5/4
f 3673/2/5 3802/1/5 3797/5/5 3661/6/5
f 3672/1/6 3801/2/6 3802/6/6 3673/5/6
f 3674/2/1 3675/6/1 3663/5/1 3662/1/1
f 3674/1/2 3662/5/2 3798/6/2 3803/2/2
f 3662/2/3 3663/6/3 3799/5/3 3798/1/3
f 3803/1/4 3798/2/4 3799/6/4 3804/5/4
f 3675/5/5 3804/6/5 3799/2/5 3663/1/5
f 3674/1/6 3803/2/6 3804/6/6 3675/5/6
f 3676/2/1 3677/6/1 3672/5/1 3671/1/1
f 3676/6/2 3671/2/2 3800/1/2 3805/5/2
f 3671/2/3 3672/6/3 3801/5/3 3800/1/3
f 3805/1/4 3800/2/4 3801/6/4 3806/5/4
f 3677/2/5 3806/1/5 3801/5/5 3672/6/5
f 3676/1/6 3805/2/6 3806/6/6 3677/5/6
f 3679/2/1 3680/6/1 3675/5/1 3674/1/1
f 3679/1/2 3674/5/2 3803/6/2 3808/2/2
f 3674/2/3 3675/6/3 3804/5/3 3803/1/3
f 3808/1/4 3803/2/4 3804/6/4 3809/5/4
f 3680/5/5 3809/6/5 3804/2/5 3675/1/5
f 3679/1/6 3808/2/6 3809/6/6 3680/5/6
f 3681/2/1 3682/6/1 3679/5/1 3678/1/1
f 3681/1/2 3678/5/2 3807/6/2 3812/2/2
f 3678/2/3 3679/6/3 3808/5/3 3807/1/3
f 3812/1/4 3807/2/4 3808/6/4 3813/5/4
f 3682/5/5 3813/6/5 3808/2/5 3679/1/5
f 3681/1/6 3812/2/6 3813/6/6 3682/5/6
f 3686/2/1 3687/6/1 3682/5/1 3681/1/1
f 3686/5/2 3681/1/2 3812/2/2 3816/6/2
f 3681/2/3 3682/6/3 3813/5/3 3812/1/3
f 3816/1/4 3812/2/4 3813/6/4 3817/5/4
f 3687/1/5 3817/2/5 3813/6/5 3682/5/5
f 3686/1/6 3816/2/6 3817/6/6 3687/5/6
f 3689/2/1 3690/6/1 3685/5/1 3684/1/1
f 3689/5/2 3684/1/2 3814/2/2 3818/6/2
f 3684/2/3 3685/6/3 3815/5/3 3814/1/3
f 3818/1/4 3814/2/4 3815/6/4 3819/5/4
f 3690/1/5 3819/2/5 3815/6/5 3685/5/5
f 3689/1/6 3818/2/6 3819/6/6 3690/5/6
f 3690/2/1 3691/6/1 3686/5/1 3685/1/1
f 3690/6/2 3685/2/2 3815/1/2 3819/5/2
f 3685/2/3 3686/6/3 3816/5/3 3815/1/3
f 3819/1/4 3815/2/4 3816/6/4 3820/5/4
f 3691/2/5 3820/1/5 3816/5/5 3686/6/5
f 3690/1/6 3819/2/6 3820/6/6 3691/5/6
f 3691/2/1 3692/6/1 3687/5/1 3686/1/1
f 3691/5/2 3686/1/2 3816/2/2 3820/6/2
f 3686/2/3 3687/6/3 3817/5/3 3816/1/3
f 3820/1/4 3816/2/4 3817/6/4 3821/5/4
f 3692/1/5 3821/2/5 3817/6/5 3687/5/5
f 3691/1/6 3820/2/6 3821/6/6 3692/5/6
f 3695/2/1 3696/6/1 3690/5/1 3689/1/1
f 3695/5/2 3689/1/2 3818/2/2 3823/6/2
f 3689/2/3 3690/6/3 3819/5/3 3818/1/3
f 3823/1/4 3818/2/4 3819/6/4 3824/5/4
f 3696/1/5 3824/2/5 3819/6/5 3690/5/5
f 3695/1/6 3823/2/6 3824/6/6 3696/5/6
f 3696/2/1 3697/6/1 3691/5/1 3690/1/1
f 3696/2/2 3690/6/2 3819/5/2 3824/1/2
f 3690/2/3 3691/6/3 3820/5/3 3819/1/3
f 3824/1/4 3819/2/4 3820/6/4 3825/5/4
f 3697/6/5 3825/5/5 3820/1/5 3691/2/5
f 3696/1/6 3824/2/6 3825/6/6 3697/5/6
f 3697/2/1 3698/6/1 3692/5/1 3691/1/1
f 3697/2/2 3691/6/2 3820/5/2 3825/1/2
f 3691/2/3 3692/6/3 3821/5/3 3820/1/3
f 3825/1/4 3820/2/4 3821/6/4 3826/5/4
f 3698/6/5 3826/5/5 3821/1/5 3692/2/5
f 3697/1/6 3825/2/6 3826/6/6 3698/5/6
f 3698/2/1 3699/6/1 3693/5/1 3692/1/1
f 3698/6/2 3692/2/2 3821/1/2 3826/5/2
f 3692/2/3 3693/6/3 3822/5/3 3821/1/3
f 3826/1/4 3821/2/4 3822/6/4 3827/5/4
f 3699/2/5 3827/1/5 3822/5/5 3693/6/5
f 3698/1/6 3826/2/6 3827/6/6 3699/5/6
f 3701/2/1 3702/6/1 3696/5/1 3695/1/1
f 3701/5/2 3695/1/2 3823/2/2 3829/6/2
f 3695/2/3 3696/6/3 3824/5/3 3823/1/3
f 3829/1/4 3823/2/4 3824/6/4 3830/5/4
f 3702/1/5 3830/2/5 3824/6/5 3696/5/5
f 3701/1/6 3829/2/6 3830/6/6 3702/5/6
f 3702/2/1 3703/6/1 3697/5/1 3696/1/1
f 3702/6/2 3696/2/2 3824/1/2 3830/5/2
f 3696/2/3 3697/6/3 3825/5/3 3824/1/3
f 3830/1/4 3824/2/4 3825/6/4 3831/5/4
f 3703/2/5 3831/1/5 3825/5/5 3697/6/5
f 3702/1/6 3830/2/6 3831/6/6 3703/5/6
f 3703/2/1 3704/6/1 3698/5/1 3697/1/1
f 3703/2/2 3697/6/2 3825/5/2 3831/1/2
f 3697/2/3 3698/6/3 3826/5/3 3825/1/3
f 3831/1/4 3825/2/4 3826/6/4 3832/5/4
f 3704/6/5 3832/5/5 3826/1/5 3698/2/5
f 3703/1/6 3831/2/6 3832/6/6 3704/5/6
f 3704/2/1 3705/6/1 3699/5/1 3698/1/1
f 3704/5/2 3698/1/2 3826/2/2 3832/6/2
f 3698/2/3 3699/6/3 3827/5/3 3826/1/3
f 3832/1/4 3826/2/4 3827/6/4 3833/5/4
f 3705/1/5 3833/2/5 3827/6/5 3699/5/5
f 3704/1/6 3832/2/6 3833/6/6 3705/5/6
f 3705/2/1 3706/6/1 3700/5/1 3699/1/1
f 3705/1/2 3699/5/2 3827/6/2 3833/2/2
f 3699/2/3 3700/6/3 3828/5/3 3827/1/3
f 3833/1/4 3827/2/4 3828/6/4 3834/5/4
f 3706/5/5 3834/6/5 3828/2/5 3700/1/5
f 3705/1/6 3833/2/6 3834/6/6 3706/5/6
f 3708/2/1 3709/6/1 3702/5/1 3701/1/1
f 3708/6/2 3701/2/2 3829/1/2 3835/5/2
f 3701/2/3 3702/6/3 3830/5/3 3829/1/3
f 3835/1/4 3829/2/4 3830/6/4 3836/5/4
f 3709/2/5 3836/1/5 3830/5/5 3702/6/5
f 3708/1/6 3835/2/6 3836/6/6 3709/5/6
f 3709/2/1 3710/6/1 3703/5/1 3702/1/1
f 3709/6/2 3702/2/2 3830/1/2 3836/5/2
f 3702/2/3 3703/6/3 3831/5/3 3830/1/3
f 3836/1/4 3830/2/4 3831/6/4 3837/5/4
f 3710/2/5 3837/1/5 3831/5/5 3703/6/5
f 3709/1/6 3836/2/6 3837/6/6 3710/5/6
f 3710/2/1 3711/6/1 3704/5/1 3703/1/1
f 3710/5/2 3703/1/2 3831/2/2 3837/6/2
f 3703/2/3 3704/6/3 3832/5/3 3831/1/3
f 3837/1/4 3831/2/4 3832/6/4 3838/5/4
f 3711/1/5 3838/2/5 3832/6/5 3704/5/5
f 3710/1/6 3837/2/6 3838/6/6 3711/5/6
f 3711/2/1 3712/6/1 3705/5/1 3704/1/1
f 3711/5/2 3704/1/2 3832/2/2 3838/6/2
f 3704/2/3 3705/6/3 3833/5/3 3832/1/3
f 3838/1/4 3832/2/4 3833/6/4 3839/5/4
f 3712/1/5 3839/2/5 3833/6/5 3705/5/5
f 3711/1/6 3838/2/6 3839/6/6 3712/5/6
f 3712/2/1 3713/6/1 3706/5/1 3705/1/1
f 3712/2/2 3705/6/2 3833/5/2 3839/1/2
f 3705/2/3 3706/6/3 3834/5/3 3833/1/3
f 3839/1/4 3833/2/4 3834/6/4 3840/5/4
f 3713/6/5 3840/5/5 3834/1/5 3706/2/5
f 3712/1/6 3839/2/6 3840/6/6 3713/5/6
f 3715/2/1 3716/6/1 3709/5/1 3708/1/1
f 3715/2/2 3708/6/2 3835/5/2 3842/1/2
f 3708/2/3 3709/6/3 3836/5/3 3835/1/3
f 3842/1/4 3835/2/4 3836/6/4 3843/5/4
f 3716/6/5 3843/5/5 3836/1/5 3709/2/5
f 3715/1/6 3842/2/6 3843/6/6 3716/5/6
f 3716/2/1 3717/6/1 3710/5/1 3709/1/1
f 3716/2/2 3709/6/2 3836/5/2 3843/1/2
f 3709/2/3 3710/6/3 3837/5/3 3836/1/3
f 3843/1/4 3836/2/4 3837/6/4 3844/5/4
f 3717/6/5 3844/5/5 3837/1/5 3710/2/5
f 3716/1/6 3843/2/6 3844/6/6 3717/5/6
f 3717/2/1 3718/6/1 3711/5/1 3710/1/1
f 3717/5/2 3710/1/2 3837/2/2 3844/6/2
f 3710/2/3 3711/6/3 3838/5/3 3837/1/3
f 3844/1/4 3837/2/4 3838/6/4 3845/5/4
f 3718/1/5 3845/2/5 3838/6/5 3711/5/5
f 3717/1/6 3844/2/6 3845/6/6 3718/5/6
f 3718/2/1 3719/6/1 3712/5/1 3711/1/1
f 3718/2/2 3711/6/2 3838/5/2 3845/1/2
f 3711/2/3 3712/6/3 3839/5/3 3838/1/3
f 3845/1/4 3838/2/4 3839/6/4 3846/5/4
f 3719/6/5 3846/5/5 3839/1/5 3712/2/5
f 3718/1/6 3845/2/6 3846/6/6 3719/5/6
f 3719/2/1 3720/6/1 3713/5/1 3712/1/1
f 3719/1/2 3712/5/2 3839/6/2 3846/2/2
f 3712/2/3 3713/6/3 3840/5/3 3839/1/3
f 3846/1/4 3839/2/4 3840/6/4 3847/5/4
f 3720/5/5 3847/6/5 3840/2/5 3713/1/5
f 3719/1/6 3846/2/6 3847/6/6 3720/5/6
f 3720/2/1 3721/6/1 3714/5/1 3713/1/1
f 3720/1/2 3713/5/2 3840/6/2 3847/2/2
f 3713/2/3 3714/6/3 3841/5/3 3840/1/3
f 3847/1/4 3840/2/4 3841/6/4 3848/5/4
f 3721/5/5 3848/6/5 3841/2/5 3714/1/5
f 3720/1/6 3847/2/6 3848/6/6 3721/5/6
f 3723/2/1 3724/6/1 3716/5/1 3715/1/1
f 3723/6/2 3715/2/2 3842/1/2 3850/5/2
f 3715/2/3 3716/6/3 3843/5/3 3842/1/3
f 3850/1/4 3842/2/4 3843/6/4 3851/5/4
f 3724/2/5 3851/1/5 3843/5/5 3716/6/5
f 3723/1/6 3850/2/6 3851/6/6 3724/5/6
f 3724/2/1 3725/6/1 3717/5/1 3716/1/1
f 3724/6/2 3716/2/2 3843/1/2 3851/5/2
f 3716/2/3 3717/6/3 3844/5/3 3843/1/3
f 3851/1/4 3843/2/4 3844/6/4 3852/5/4
f 3725/2/5 3852/1/5 3844/5/5 3717/6/5
f 3724/1/6 3851/2/6 3852/6/6 3725/5/6
f 3725/2/1 3726/6/1 3718/5/1 3717/1/1
f 3725/6/2 3717/2/2 3844/1/2 3852/5/2
f 3717/2/3 3718/6/3 3845/5/3 3844/1/3
f 3852/1/4 3844/2/4 3845/6/4 3853/5/4
f 3726/2/5 3853/1/5 3845/5/5 3718/6/5
f 3725/1/6 3852/2/6 3853/6/6 3726/5/6
f 3726/2/1 3727/6/1 3719/5/1 3718/1/1
f 3726/6/2 3718/2/2 3845/1/2 3853/5/2
f 3718/2/3 3719/6/3 3846/5/3 3845/1/3
f 3853/1/4 3845/2/4 3846/6/4 3854/5/4
f 3727/2/5 3854/1/5 3846/5/5 3719/6/5
f 3726/1/6 3853/2/6 3854/6/6 3727/5/6
f 3727/2/1 3728/6/1 3720/5/1 3719/1/1
f 3727/1/2 3719/5/2 3846/6/2 3854/2/2
f 3719/2/3 3720/6/3 3847/5/3 3846/1/3
f 3854/1/4 3846/2/4 3847/6/4 3855/5/4
f 3728/5/5 3855/6/5 3847/2/5 3720/1/5
f 3727/1/6 3854/2/6 3855/6/6 3728/5/6
f 3728/2/1 3729/6/1 3721/5/1 3720/1/1
f 3728/5/2 3720/1/2 3847/2/2 3855/6/2
f 3720/2/3 3721/6/3 3848/5/3 3847/1/3
f 3855/1/4 3847/2/4 3848/6/4 3856/5/4
f 3729/1/5 3856/2/5 3848/6/5 3721/5/5
f 3728/1/6 3855/2/6 3856/6/6 3729/5/6
f 3729/2/1 3730/6/1 3722/5/1 3721/1/1
f 3729/6/2 3721/2/2 3848/1/2 3856/5/2
f 3721/2/3 3722/6/3 3849/5/3 3848/1/3
f 3856/1/4 3848/2/4 3849/6/4 3857/5/4
f 3730/2/5 3857/1/5 3849/5/5 3722/6/5
f 3729/1/6 3856/2/6 3857/6/6 3730/5/6
f 3732/2/1 3733/6/1 3724/5/1 3723/1/1
f 3732/5/2 3723/1/2 3850/2/2 3858/6/2
f 3723/2/3 3724/6/3 3851/5/3 3850/1/3
f 3858/1/4 3850/2/4 3851/6/4 3859/5/4
f 3733/1/5 3859/2/5 3851/6/5 3724/5/5
f 3732/1/6 3858/2/6 3859/6/6 3733/5/6
f 3733/2/1 3734/6/1 3725/5/1 3724/1/1
f 3733/5/2 3724/1/2 3851/2/2 3859/6/2
f 3724/2/3 3725/6/3 3852/5/3 3851/1/3
f 3859/1/4 3851/2/4 3852/6/4 3860/5/4
f 3734/1/5 3860/2/5 3852/6/5 3725/5/5
f 3733/1/6 3859/2/6 3860/6/6 3734/5/6
f 3734/2/1 3735/6/1 3726/5/1 3725/1/1
f 3734/1/2 3725/5/2 3852/6/2 3860/2/2
f 3725/2/3 3726/6/3 3853/5/3 3852/1/3
f 3860/1/4 3852/2/4 3853/6/4 3861/5/4
f 3735/5/5 3861/6/5 3853/2/5 3726/1/5
f 3734/1/6 3860/2/6 3861/6/6 3735/5/6
f 3735/2/1 3736/6/1 3727/5/1 3726/1/1
f 3735/1/2 3726/5/2 3853/6/2 3861/2/2
f 3726/2/3 3727/6/3 3854/5/3 3853/1/3
f 3861/1/4 3853/2/4 3854/6/4 3862/5/4
f 3736/5/5 3862/6/5 3854/2/5 3727/1/5
f 3735/1/6 3861/2/6 3862/6/6 3736/5/6
f 3736/2/1 3737/6/1 3728/5/1 3727/1/1
f 3736/2/2 3727/6/2 3854/5/2 3862/1/2
f 3727/2/3 3728/6/3 3855/5/3 3854/1/3
f 3862/1/4 3854/2/4 3855/6/4 3863/5/4
f 3737/6/5 3863/5/5 3855/1/5 3728/2/5
f 3736/1/6 3862/2/6 3863/6/6 3737/5/6
f 3737/2/1 3738/6/1 3729/5/1 3728/1/1
f 3737/6/2 3728/2/2 3855/1/2 3863/5/2
f 3728/2/3 3729/6/3 3856/5/3 3855/1/3
f 3863/1/4 3855/2/4 3856/6/4 3864/5/4
f 3738/2/5 3864/1/5 3856/5/5 3729/6/5
f 3737/1/6 3863/2/6 3864/6/6 3738/5/6
f 3738/2/1 3739/6/1 3730/5/1 3729/1/1
f 3738/2/2 3729/6/2 3856/5/2 3864/1/2
f 3729/2/3 3730/6/3 3857/5/3 3856/1/3
f 3864/1/4 3856/2/4 3857/6/4 3865/5/4
f 3739/6/5 3865/5/5 3857/1/5 3730/2/5
f 3738/1/6 3864/2/6 3865/6/6 3739/5/6
f 3754/2/1 3755/6/1 3744/5/1 3743/1/1
f 3754/5/2 3743/1/2 3866/2/2 3869/6/2
f 3743/2/3 3744/6/3 3867/5/3 3866/1/3
f 3869/1/4 3866/2/4 3867/6/4 3870/5/4
f 3755/1/5 3870/2/5 3867/6/5 3744/5/5
f 3754/1/6 3869/2/6 3870/6/6 3755/5/6
f 3755/2/1 3756/6/1 3745/5/1 3744/1/1
f 3755/6/2 3744/2/2 3867/1/2 3870/5/2
f 3744/2/3 3745/6/3 3868/5/3 3867/1/3
f 3870/1/4 3867/2/4 3868/6/4 3871/5/4
f 3756/2/5 3871/1/5 3868/5/5 3745/6/5
f 3755/1/6 3870/2/6 3871/6/6 3756/5/6
f 3766/2/1 3767/6/1 3755/5/1 3754/1/1
f 3766/6/2 3754/2/2 3869/1/2 3873/5/2
f 3754/2/3 3755/6/3 3870/5/3 3869/1/3
f 3873/1/4 3869/2/4 3870/6/4 3874/5/4
f 3767/2/5 3874/1/5 3870/5/5 3755/6/5
f 3766/1/6 3873/2/6 3874/6/6 3767/5/6
f 3767/2/1 3768/6/1 3756/5/1 3755/1/1
f 3767/6/2 3755/2/2 3870/1/2 3874/5/2
f 3755/2/3 3756/6/3 3871/5/3 3870/1/3
f 3874/1/4 3870/2/4 3871/6/4 3875/5/4
f 3768/2/5 3875/1/5 3871/5/5 3756/6/5
f 3767/1/6 3874/2/6 3875/6/6 3768/5/6
f 3768/2/1 3769/6/1 3757/5/1 3756/1/1
f 3768/6/2 3756/2/2 3871/1/2 3875/5/2
f 3756/2/3 3757/6/3 3872/5/3 3871/1/3
f 3875/1/4 3871/2/4 3872/6/4 3876/5/4
f 3769/2/5 3876/1/5 3872/5/5 3757/6/5
f 3768/1/6 3875/2/6 3876/6/6 3769/5/6
f 3778/2/1 3779/6/1 3767/5/1 3766/1/1
f 3778/6/2 3766/2/2 3873/1/2 3877/5/2
f 3766/2/3 3767/6/3 3874/5/3 3873/1/3
f 3877/1/4 3873/2/4 3874/6/4 3878/5/4
f 3779/2/5 3878/1/5 3874/5/5 3767/6/5
f 3778/1/6 3877/2/6 3878/6/6 3779/5/6
f 3779/2/1 3780/6/1 3768/5/1 3767/1/1
f 3779/5/2 3767/1/2 3874/2/2 3878/6/2
f 3767/2/3 3768/6/3 3875/5/3 3874/1/3
f 3878/1/4 3874/2/4 3875/6/4 3879/5/4
f 3780/1/5 3879/2/5 3875/6/5 3768/5/5
f 3779/1/6 3878/2/6 3879/6/6 3780/5/6
f 3780/2/1 3781/6/1 3769/5/1 3768/1/1
f 3780/2/2 3768/6/2 3875/5/2 3879/1/2
f 3768/2/3 3769/6/3 3876/5/3 3875/1/3
f 3879/1/4 3875/2/4 3876/6/4 3880/5/4
f 3781/6/5 3880/5/5 3876/1/5 3769/2/5
f 3780/1/6 3879/2/6 3880/6/6 3781/5/6
f 3790/2/1 3791/6/1 3779/5/1 3778/1/1
f 3790/2/2 3778/6/2 3877/5/2 3881/1/2
f 3778/2/3 3779/6/3 3878/5/3 3877/1/3
f 3881/1/4 3877/2/4 3878/6/4 3882/5/4
f 3791/6/5 3882/5/5 3878/1/5 3779/2/5
f 3790/1/6 3881/2/6 3882/6/6 3791/5/6
f 3791/2/1 3792/6/1 3780/5/1 3779/1/1
f 3791/1/2 3779/5/2 3878/6/2 3882/2/2
f 3779/2/3 3780/6/3 3879/5/3 3878/1/3
f 3882/1/4 3878/2/4 3879/6/4 3883/5/4
f 3792/5/5 3883/6/5 3879/2/5 3780/1/5
f 3791/1/6 3882/2/6 3883/6/6 3792/5/6
f 3792/2/1 3793/6/1 3781/5/1 3780/1/1
f 3792/6/2 3780/2/2 3879/1/2 3883/5/2
f 3780/2/3 3781/6/3 3880/5/3 3879/1/3
f 3883/1/4 3879/2/4 3880/6/4 3884/5/4
f 3793/2/5 3884/1/5 3880/5/5 3781/6/5
f 3792/1/6 3883/2/6 3884/6/6 3793/5/6
f 3795/2/1 3796/6/1 3791/5/1 3790/1/1
f 3795/2/2 3790/6/2 3881/5/2 3885/1/2
f 3790/2/3 3791/6/3 3882/5/3 3881/1/3
f 3885/1/4 3881/2/4 3882/6/4 3886/5/4
f 3796/6/5 3886/5/5 3882/1/5 3791/2/5
f 3795/1/6 3885/2/6 3886/6/6 3796/5/6
f 3796/2/1 3797/6/1 3792/5/1 3791/1/1
f 3796/1/2 3791/5/2 3882/6/2 3886/2/2
f 3791/2/3 3792/6/3 3883/5/3 3882/1/3
f 3886/1/4 3882/2/4 3883/6/4 3887/5/4
f 3797/5/5 3887/6/5 3883/2/5 3792/1/5
f 3796/1/6 3886/2/6 3887/6/6 3797/5/6
f 3797/2/1 3798/6/1 3793/5/1 3792/1/1
f 3797/1/2 3792/5/2 3883/6/2 3887/2/2
f 3792/2/3 3793/6/3 3884/5/3 3883/1/3
f 3887/1/4 3883/2/4 3884/6/4 3888/5/4
f 3798/5/5 3888/6/5 3884/2/5 3793/1/5
f 3797/1/6 3887/2/6 3888/6/6 3798/5/6
f 3800/2/1 3801/6/1 3796/5/1 3795/1/1
f 3800/5/2 3795/1/2 3885/2/2 3889/6/2
f 3795/2/3 3796/6/3 3886/5/3 3885/1/3
f 3889/1/4 3885/2/4 3886/6/4 3890/5/4
f 3801/1/5 3890/2/5 3886/6/5 3796/5/5
f 3800/1/6 3889/2/6 3890/6/6 3801/5/6
f 3801/2/1 3802/6/1 3797/5/1 3796/1/1
f 3801/5/2 3796/1/2 3886/2/2 3890/6/2
f 3796/2/3 3797/6/3 3887/5/3 3886/1/3
f 3890/1/4 3886/2/4 3887/6/4 3891/5/4
f 3802/1/5 3891/2/5 3887/6/5 3797/5/5
f 3801/1/6 3890/2/6 3891/6/6 3802/5/6
f 3805/2/1 3806/6/1 3801/5/1 3800/1/1
f 3805/5/2 3800/1/2 3889/2/2 3892/6/2
f 3800/2/3 3801/6/3 3890/5/3 3889/1/3
f 3892/1/4 3889/2/4 3890/6/4 3893/5/4
f 3806/1/5 3893/2/5 3890/6/5 3801/5/5
f 3805/1/6 3892/2/6 3893/6/6 3806/5/6
f 3806/2/1 3807/6/1 3802/5/1 3801/1/1
f 3806/1/2 3801/5/2 3890/6/2 3893/2/2
f 3801/2/3 3802/6/3 3891/5/3 3890/1/3
f 3893/1/4 3890/2/4 3891/6/4 3894/5/4
f 3807/5/5 3894/6/5 3891/2/5 3802/1/5
f 3806/1/6 3893/2/6 3894/6/6 3807/5/6
f 3810/2/1 3811/6/1 3806/5/1 3805/1/1
f 3810/1/2 3805/5/2 3892/6/2 3896/2/2
f 3805/2/3 3806/6/3 3893/5/3 3892/1/3
f 3896/1/4 3892/2/4 3893/6/4 3897/5/4
f 3811/5/5 3897/6/5 3893/2/5 3806/1/5
f 3810/1/6 3896/2/6 3897/6/6 3811/5/6
f 3811/2/1 3812/6/1 3807/5/1 3806/1/1
f 3811/1/2 3806/5/2 3893/6/2 3897/2/2
f 3806/2/3 3807/6/3 3894/5/3 3893/1/3
f 3897/1/4 3893/2/4 3894/6/4 3898/5/4
f 3812/5/5 3898/6/5 3894/2/5 3807/1/5
f 3811/1/6 3897/2/6 3898/6/6 3812/5/6
f 3812/2/1 3813/6/1 3808/5/1 3807/1/1
f 3812/5/2 3807/1/2 3894/2/2 3898/6/2
f 3807/2/3 3808/6/3 3895/5/3 3894/1/3
f 3898/1/4 3894/2/4 3895/6/4 3899/5/4
f 3813/1/5 3899/2/5 3895/6/5 3808/5/5
f 3812/1/6 3898/2/6 3899/6/6 3813/5/6
f 3814/2/1 3815/6/1 3811/5/1 3810/1/1
f 3814/1/2 3810/5/2 3896/6/2 3900/2/2
f 3810/2/3 3811/6/3 3897/5/3 3896/1/3
f 3900/1/4 3896/2/4 3897/6/4 3901/5/4
f 3815/5/5 3901/6/5 3897/2/5 3811/1/5
f 3814/1/6 3900/2/6 3901/6/6 3815/5/6
f 3815/2/1 3816/6/1 3812/5/1 3811/1/1
f 3815/1/2 3811/5/2 3897/6/2 3901/2/2
f 3811/2/3 3812/6/3 3898/5/3 3897/1/3
f 3901/1/4 3897/2/4 3898/6/4 3902/5/4
f 3816/5/5 3902/6/5 3898/2/5 3812/1/5
f 3815/1/6 3901/2/6 3902/6/6 3816/5/6
f 3818/2/1 3819/6/1 3815/5/1 3814/1/1
f 3818/1/2 3814/5/2 3900/6/2 3904/2/2
f 3814/2/3 3815/6/3 3901/5/3 3900/1/3
f 3904/1/4 3900/2/4 3901/6/4 3905/5/4
f 3819/5/5 3905/6/5 3901/2/5 3815/1/5
f 3818/1/6 3904/2/6 3905/6/6 3819/5/6
f 3819/2/1 3820/6/1 3816/5/1 3815/1/1
f 3819/5/2 3815/1/2 3901/2/2 3905/6/2
f 3815/2/3 3816/6/3 3902/5/3 3901/1/3
f 3905/1/4 3901/2/4 3902/6/4 3906/5/4
f 3820/1/5 3906/2/5 3902/6/5 3816/5/5
f 3819/1/6 3905/2/6 3906/6/6 3820/5/6
f 3820/2/1 3821/6/1 3817/5/1 3816/1/1
f 3820/1/2 3816/5/2 3902/6/2 3906/2/2
f 3816/2/3 3817/6/3 3903/5/3 3902/1/3
f 3906/1/4 3902/2/4 3903/6/4 3907/5/4
f 3821/5/5 3907/6/5 3903/2/5 3817/1/5
f 3820/1/6 3906/2/6 3907/6/6 3821/5/6
f 3823/2/1 3824/6/1 3819/5/1 3818/1/1
f 3823/6/2 3818/2/2 3904/1/2 3908/5/2
f 3818/2/3 3819/6/3 3905/5/3 3904/1/3
f 3908/1/4 3904/2/4 3905/6/4 3909/5/4
f 3824/2/5 3909/1/5 3905/5/5 3819/6/5
f 3823/1/6 3908/2/6 3909/6/6 3824/5/6
f 3824/2/1 3825/6/1 3820/5/1 3819/1/1
f 3824/5/2 3819/1/2 3905/2/2 3909/6/2
f 3819/2/3 3820/6/3 3906/5/3 3905/1/3
f 3909/1/4 3905/2/4 3906/6/4 3910/5/4
f 3825/1/5 3910/2/5 3906/6/5 3820/5/5
f 3824/1/6 3909/2/6 3910/6/6 3825/5/6
f 3825/2/1 3826/6/1 3821/5/1 3820/1/1
f 3825/2/2 3820/6/2 3906/5/2 3910/1/2
f 3820/2/3 3821/6/3 3907/5/3 3906/1/3
f 3910/1/4 3906/2/4 3907/6/4 3911/5/4
f 3826/6/5 3911/5/5 3907/1/5 3821/2/5
f 3825/1/6 3910/2/6 3911/6/6 3826/5/6
f 3829/2/1 3830/6/1 3824/5/1 3823/1/1
f 3829/2/2 3823/6/2 3908/5/2 3913/1/2
f 3823/2/3 3824/6/3 3909/5/3 3908/1/3
f 3913/1/4 3908/2/4 3909/6/4 3914/5/4
f 3830/6/5 3914/5/5 3909/1/5 3824/2/5
f 3829/1/6 3913/2/6 3914/6/6 3830/5/6
f 3830/2/1 3831/6/1 3825/5/1 3824/1/1
f 3830/5/2 3824/1/2 3909/2/2 3914/6/2
f 3824/2/3 3825/6/3 3910/5/3 3909/1/3
f 3914/1/4 3909/2/4 3910/6/4 3915/5/4
f 3831/1/5 3915/2/5 3910/6/5 3825/5/5
f 3830/1/6 3914/2/6 3915/6/6 3831/5/6
f 3831/2/1 3832/6/1 3826/5/1 3825/1/1
f 3831/1/2 3825/5/2 3910/6/2 3915/2/2
f 3825/2/3 3826/6/3 3911/5/3 3910/1/3
f 3915/1/4 3910/2/4 3911/6/4 3916/5/4
f 3832/5/5 3916/6/5 3911/2/5 3826/1/5
f 3831/1/6 3915/2/6 3916/6/6 3832/5/6
f 3832/2/1 3833/6/1 3827/5/1 3826/1/1
f 3832/6/2 3826/2/2 3911/1/2 3916/5/2
f 3826/2/3 3827/6/3 3912/5/3 3911/1/3
f 3916/1/4 3911/2/4 3912/6/4 3917/5/4
f 3833/2/5 3917/1/5 3912/5/5 3827/6/5
f 3832/1/6 3916/2/6 3917/6/6 3833/5/6
f 3835/2/1 3836/6/1 3830/5/1 3829/1/1
f 3835/1/2 3829/5/2 3913/6/2 3919/2/2
f 3829/2/3 3830/6/3 3914/5/3 3913/1/3
f 3919/1/4 3913/2/4 3914/6/4 3920/5/4
f 3836/5/5 3920/6/5 3914/2/5 3830/1/5
f 3835/1/6 3919/2/6 3920/6/6 3836/5/6
f 3836/2/1 3837/6/1 3831/5/1 3830/1/1
f 3836/1/2 3830/5/2 3914/6/2 3920/2/2
f 3830/2/3 3831/6/3 3915/5/3 3914/1/3
f 3920/1/4 3914/2/4 3915/6/4 3921/5/4
f 3837/5/5 3921/6/5 3915/2/5 3831/1/5
f 3836/1/6 3920/2/6 3921/6/6 3837/5/6
f 3837/2/1 3838/6/1 3832/5/1 3831/1/1
f 3837/2/2 3831/6/2 3915/5/2 3921/1/2
f 3831/2/3 3832/6/3 3916/5/3 3915/1/3
f 3921/1/4 3915/2/4 3916/6/4 3922/5/4
f 3838/6/5 3922/5/5 3916/1/5 3832/2/5
f 3837/1/6 3921/2/6 3922/6/6 3838/5/6
f 3838/2/1 3839/6/1 3833/5/1 3832/1/1
f 3838/5/2 3832/1/2 3916/2/2 3922/6/2
f 3832/2/3 3833/6/3 3917/5/3 3916/1/3
f 3922/1/4 3916/2/4 3917/6/4 3923/5/4
f 3839/1/5 3923/2/5 3917/6/5 3833/5/5
f 3838/1/6 3922/2/6 3923/6/6 3839/5/6
f 3839/2/1 3840/6/1 3834/5/1 3833/1/1
f 3839/2/2 3833/6/2 3917/5/2 3923/1/2
f 3833/2/3 3834/6/3 3918/5/3 3917/1/3
f 3923/1/4 3917/2/4 3918/6/4 3924/5/4
f 3840/6/5 3924/5/5 3918/1/5 3834/2/5
f 3839/1/6 3923/2/6 3924/6/6 3840/5/6
f 3842/2/1 3843/6/1 3836/5/1 3835/1/1
f 3842/2/2 3835/6/2 3919/5/2 3925/1/2
f 3835/2/3 3836/6/3 3920/5/3 3919/1/3
f 3925/1/4 3919/2/4 3920/6/4 3926/5/4
f 3843/6/5 3926/5/5 3920/1/5 3836/2/5
f 3842/1/6 3925/2/6 3926/6/6 3843/5/6
f 3843/2/1 3844/6/1 3837/5/1 3836/1/1
f 3843/1/2 3836/5/2 3920/6/2 3926/2/2
f 3836/2/3 3837/6/3 3921/5/3 3920/1/3
f 3926/1/4 3920/2/4 3921/6/4 3927/5/4
f 3844/5/5 3927/6/5 3921/2/5 3837/1/5
f 3843/1/6 3926/2/6 3927/6/6 3844/5/6
f 3844/2/1 3845/6/1 3838/5/1 3837/1/1
f 3844/1/2 3837/5/2 3921/6/2 3927/2/2
f 3837/2/3 3838/6/3 3922/5/3 3921/1/3
f 3927/1/4 3921/2/4 3922/6/4 3928/5/4
f 3845/5/5 3928/6/5 3922/2/5 3838/1/5
f 3844/1/6 3927/2/6 3928/6/6 3845/5/6
f 3845/2/1 3846/6/1 3839/5/1 3838/1/1
f 3845/2/2 3838/6/2 3922/5/2 3928/1/2
f 3838/2/3 3839/6/3 3923/5/3 3922/1/3
f 3928/1/4 3922/2/4 3923/6/4 3929/5/4
f 3846/6/5 3929/5/5 3923/1/5 3839/2/5
f 3845/1/6 3928/2/6 3929/6/6 3846/5/6
f 3846/2/1 3847/6/1 3840/5/1 3839/1/1
f 3846/2/2 3839/6/2 3923/5/2 3929/1/2
f 3839/2/3 3840/6/3 3924/5/3 3923/1/3
f 3929/1/4 3923/2/4 3924/6/4 3930/5/4
f 3847/6/5 3930/5/5 3924/1/5 3840/2/5
f 3846/1/6 3929/2/6 3930/6/6 3847/5/6
f 3850/2/1 3851/6/1 3843/5/1 3842/1/1
f 3850/2/2 3842/6/2 3925/5/2 3933/1/2
f 3842/2/3 3843/6/3 3926/5/3 3925/1/3
f 3933/1/4 3925/2/4 3926/6/4 3934/5/4
f 3851/6/5 3934/5/5 3926/1/5 3843/2/5
f 3850/1/6 3933/2/6 3934/6/6 3851/5/6
f 3851/2/1 3852/6/1 3844/5/1 3843/1/1
f 3851/6/2 3843/2/2 3926/1/2 3934/5/2
f 3843/2/3 3844/6/3 3927/5/3 3926/1/3
f 3934/1/4 3926/2/4 3927/6/4 3935/5/4
f 3852/2/5 3935/1/5 3927/5/5 3844/6/5
f 3851/1/6 3934/2/6 3935/6/6 3852/5/6
f 3852/2/1 3853/6/1 3845/5/1 3844/1/1
f 3852/6/2 3844/2/2 3927/1/2 3935/5/2
f 3844/2/3 3845/6/3 3928/5/3 3927/1/3
f 3935/1/4 3927/2/4 3928/6/4 3936/5/4
f 3853/2/5 3936/1/5 3928/5/5 3845/6/5
f 3852/1/6 3935/2/6 3936/6/6 3853/5/6
f 3853/2/1 3854/6/1 3846/5/1 3845/1/1
f 3853/2/2 3845/6/2 3928/5/2 3936/1/2
f 3845/2/3 3846/6/3 3929/5/3 3928/1/3
f 3936/1/4 3928/2/4 3929/6/4 3937/5/4
f 3854/6/5 3937/5/5 3929/1/5 3846/2/5
f 3853/1/6 3936/2/6 3937/6/6 3854/5/6
f 3854/2/1 3855/6/1 3847/5/1 3846/1/1
f 3854/5/2 3846/1/2 3929/2/2 3937/6/2
f 3846/2/3 3847/6/3 3930/5/3 3929/1/3
f 3937/1/4 3929/2/4 3930/6/4 3938/5/4
f 3855/1/5 3938/2/5 3930/6/5 3847/5/5
f 3854/1/6 3937/2/6 3938/6/6 3855/5/6
f 3855/2/1 3856/6/1 3848/5/1 3847/1/1
f 3855/6/2 3847/2/2 3930/1/2 3938/5/2
f 3847/2/3 3848/6/3 3931/5/3 3930/1/3
f 3938/1/4 3930/2/4 3931/6/4 3939/5/4
f 3856/2/5 3939/1/5 3931/5/5 3848/6/5
f 3855/1/6 3938/2/6 3939/6/6 3856/5/6
f 3856/2/1 3857/6/1 3849/5/1 3848/1/1
f 3856/1/2 3848/5/2 3931/6/2 3939/2/2
f 3848/2/3 3849/6/3 3932/5/3 3931/1/3
f 3939/1/4 3931/2/4 3932/6/4 3940/5/4
f 3857/5/5 3940/6/5 3932/2/5 3849/1/5
f 3856/1/6 3939/2/6 3940/6/6 3857/5/6
f 3858/2/1 3859/6/1 3851/5/1 3850/1/1
f 3858/2/2 3850/6/2 3933/5/2 3941/1/2
f 3850/2/3 3851/6/3 3934/5/3 3933/1/3
f 3941/1/4 3933/2/4 3934/6/4 3942/5/4
f 3859/6/5 3942/5/5 3934/1/5 3851/2/5
f 3858/1/6 3941/2/6 3942/6/6 3859/5/6
f 3859/2/1 3860/6/1 3852/5/1 3851/1/1
f 3859/5/2 3851/1/2 3934/2/2 3942/6/2
f 3851/2/3 3852/6/3 3935/5/3 3934/1/3
f 3942/1/4 3934/2/4 3935/6/4 3943/5/4
f 3860/1/5 3943/2/5 3935/6/5 3852/5/5
f 3859/1/6 3942/2/6 3943/6/6 3860/5/6
f 3860/2/1 3861/6/1 3853/5/1 3852/1/1
f 3860/1/2 3852/5/2 3935/6/2 3943/2/2
f 3852/2/3 3853/6/3 3936/5/3 3935/1/3
f 3943/1/4 3935/2/4 3936/6/4 3944/5/4
f 3861/5/5 3944/6/5 3936/2/5 3853/1/5
f 3860/1/6 3943/2/6 3944/6/6 3861/5/6
f 3861/2/1 3862/6/1 3854/5/1 3853/1/1
f 3861/6/2 3853/2/2 3936/1/2 3944/5/2
f 3853/2/3 3854/6/3 3937/5/3 3936/1/3
f 3944/1/4 3936/2/4 3937/6/4 3945/5/4
f 3862/2/5 3945/1/5 3937/5/5 3854/6/5
f 3861/1/6 3944/2/6 3945/6/6 3862/5/6
f 3862/2/1 3863/6/1 3855/5/1 3854/1/1
f 3862/6/2 3854/2/2 3937/1/2 3945/5/2
f 3854/2/3 3855/6/3 3938/5/3 3937/1/3
f 3945/1/4 3937/2/4 3938/6/4 3946/5/4
f 3863/2/5 3946/1/5 3938/5/5 3855/6/5
f 3862/1/6 3945/2/6 3946/6/6 3863/5/6
f 3863/2/1 3864/6/1 3856/5/1 3855/1/1
f 3863/1/2 3855/5/2 3938/6/2 3946/2/2
f 3855/2/3 3856/6/3 3939/5/3 3938/1/3
f 3946/1/4 3938/2/4 3939/6/4 3947/5/4
f 3864/5/5 3947/6/5 3939/2/5 3856/1/5
f 3863/1/6 3946/2/6 3947/6/6 3864/5/6
f 3873/2/1 3874/6/1 3870/5/1 3869/1/1
f 3873/5/2 3869/1/2 3949/2/2 3952/6/2
f 3869/2/3 3870/6/3 3950/5/3 3949/1/3
f 3952/1/4 3949/2/4 3950/6/4 3953/5/4
f 3874/1/5 3953/2/5 3950/6/5 3870/5/5
f 3873/1/6 3952/2/6 3953/6/6 3874/5/6
f 3874/2/1 3875/6/1 3871/5/1 3870/1/1
f 3874/6/2 3870/2/2 3950/1/2 3953/5/2
f 3870/2/3 3871/6/3 3951/5/3 3950/1/3
f 3953/1/4 3950/2/4 3951/6/4 3954/5/4
f 3875/2/5 3954/1/5 3951/5/5 3871/6/5
f 3874/1/6 3953/2/6 3954/6/6 3875/5/6
f 3877/2/1 3878/6/1 3874/5/1 3873/1/1
f 3877/6/2 3873/2/2 3952/1/2 3955/5/2
f 3873/2/3 3874/6/3 3953/5/3 3952/1/3
f 3955/1/4 3952/2/4 3953/6/4 3956/5/4
f 3878/2/5 3956/1/5 3953/5/5 3874/6/5
f 3877/1/6 3955/2/6 3956/6/6 3878/5/6
f 3878/2/1 3879/6/1 3875/5/1 3874/1/1
f 3878/5/2 3874/1/2 3953/2/2 3956/6/2
f 3874/2/3 3875/6/3 3954/5/3 3953/1/3
f 3956/1/4 3953/2/4 3954/6/4 3957/5/4
f 3879/1/5 3957/2/5 3954/6/5 3875/5/5
f 3878/1/6 3956/2/6 3957/6/6 3879/5/6
f 3881/2/1 3882/6/1 3878/5/1 3877/1/1
f 3881/2/2 3877/6/2 3955/5/2 3958/1/2
f 3877/2/3 3878/6/3 3956/5/3 3955/1/3
f 3958/1/4 3955/2/4 3956/6/4 3959/5/4
f 3882/6/5 3959/5/5 3956/1/5 3878/2/5
f 3881/1/6 3958/2/6 3959/6/6 3882/5/6
f 3882/2/1 3883/6/1 3879/5/1 3878/1/1
f 3882/1/2 3878/5/2 3956/6/2 3959/2/2
f 3878/2/3 3879/6/3 3957/5/3 3956/1/3
f 3959/1/4 3956/2/4 3957/6/4 3960/5/4
f 3883/5/5 3960/6/5 3957/2/5 3879/1/5
f 3882/1/6 3959/2/6 3960/6/6 3883/5/6
f 3885/2/1 3886/6/1 3882/5/1 3881/1/1
f 3885/6/2 3881/2/2 3958/1/2 3961/5/2
f 3881/2/3 3882/6/3 3959/5/3 3958/1/3
f 3961/1/4 3958/2/4 3959/6/4 3962/5/4
f 3886/2/5 3962/1/5 3959/5/5 3882/6/5
f 3885/1/6 3961/2/6 3962/6/6 3886/5/6
f 3886/2/1 3887/6/1 3883/5/1 3882/1/1
f 3886/6/2 3882/2/2 3959/1/2 3962/5/2
f 3882/2/3 3883/6/3 3960/5/3 3959/1/3
f 3962/1/4 3959/2/4 3960/6/4 3963/5/4
f 3887/2/5 3963/1/5 3960/5/5 3883/6/5
f 3886/1/6 3962/2/6 3963/6/6 3887/5/6
f 3889/2/1 3890/6/1 3886/5/1 3885/1/1
f 3889/5/2 3885/1/2 3961/2/2 3964/6/2
f 3885/2/3 3886/6/3 3962/5/3 3961/1/3
f 3964/1/4 3961/2/4 3962/6/4 3965/5/4
f 3890/1/5 3965/2/5 3962/6/5 3886/5/5
f 3889/1/6 3964/2/6 3965/6/6 3890/5/6
f 3890/2/1 3891/6/1 3887/5/1 3886/1/1
f 3890/6/2 3886/2/2 3962/1/2 3965/5/2
f 3886/2/3 3887/6/3 3963/5/3 3962/1/3
f 3965/1/4 3962/2/4 3963/6/4 3966/5/4
f 3891/2/5 3966/1/5 3963/5/5 3887/6/5
f 3890/1/6 3965/2/6 3966/6/6 3891/5/6
f 3892/2/1 3893/6/1 3890/5/1 3889/1/1
f 3892/5/2 3889/1/2 3964/2/2 3967/6/2
f 3889/2/3 3890/6/3 3965/5/3 3964/1/3
f 3967/1/4 3964/2/4 3965/6/4 3968/5/4
f 3893/1/5 3968/2/5 3965/6/5 3890/5/5
f 3892/1/6 3967/2/6 3968/6/6 3893/5/6
f 3893/2/1 3894/6/1 3891/5/1 3890/1/1
f 3893/2/2 3890/6/2 3965/5/2 3968/1/2
f 3890/2/3 3891/6/3 3966/5/3 3965/1/3
f 3968/1/4 3965/2/4 3966/6/4 3969/5/4
f 3894/6/5 3969/5/5 3966/1/5 3891/2/5
f 3893/1/6 3968/2/6 3969/6/6 3894/5/6
f 3896/2/1 3897/6/1 3893/5/1 3892/1/1
f 3896/6/2 3892/2/2 3967/1/2 3970/5/2
f 3892/2/3 3893/6/3 3968/5/3 3967/1/3
f 3970/1/4 3967/2/4 3968/6/4 3971/5/4
f 3897/2/5 3971/1/5 3968/5/5 3893/6/5
f 3896/1/6 3970/2/6 3971/6/6 3897/5/6
f 3897/2/1 3898/6/1 3894/5/1 3893/1/1
f 3897/2/2 3893/6/2 3968/5/2 3971/1/2
f 3893/2/3 3894/6/3 3969/5/3 3968/1/3
f 3971/1/4 3968/2/4 3969/6/4 3972/5/4
f 3898/6/5 3972/5/5 3969/1/5 3894/2/5
f 3897/1/6 3971/2/6 3972/6/6 3898/5/6
f 3900/2/1 3901/6/1 3897/5/1 3896/1/1
f 3900/6/2 3896/2/2 3970/1/2 3973/5/2
f 3896/2/3 3897/6/3 3971/5/3 3970/1/3
f 3973/1/4 3970/2/4 3971/6/4 3974/5/4
f 3901/2/5 3974/1/5 3971/5/5 3897/6/5
f 3900/1/6 3973/2/6 3974/6/6 3901/5/6
f 3904/2/1 3905/6/1 3901/5/1 3900/1/1
f 3904/1/2 3900/5/2 3973/6/2 3976/2/2
f 3900/2/3 3901/6/3 3974/5/3 3973/1/3
f 3976/1/4 3973/2/4 3974/6/4 3977/5/4
f 3905/5/5 3977/6/5 3974/2/5 3901/1/5
f 3904/1/6 3976/2/6 3977/6/6 3905/5/6
f 3905/2/1 3906/6/1 3902/5/1 3901/1/1
f 3905/6/2 3901/2/2 3974/1/2 3977/5/2
f 3901/2/3 3902/6/3 3975/5/3 3974/1/3
f 3977/1/4 3974/2/4 3975/6/4 3978/5/4
f 3906/2/5 3978/1/5 3975/5/5 3902/6/5
f 3905/1/6 3977/2/6 3978/6/6 3906/5/6
f 3908/2/1 3909/6/1 3905/5/1 3904/1/1
f 3908/6/2 3904/2/2 3976/1/2 3980/5/2
f 3904/2/3 3905/6/3 3977/5/3 3976/1/3
f 3980/1/4 3976/2/4 3977/6/4 3981/5/4
f 3909/2/5 3981/1/5 3977/5/5 3905/6/5
f 3908/1/6 3980/2/6 3981/6/6 3909/5/6
f 3909/2/1 3910/6/1 3906/5/1 3905/1/1
f 3909/2/2 3905/6/2 3977/5/2 3981/1/2
f 3905/2/3 3906/6/3 3978/5/3 3977/1/3
f 3981/1/4 3977/2/4 3978/6/4 3982/5/4
f 3910/6/5 3982/5/5 3978/1/5 3906/2/5
f 3909/1/6 3981/2/6 3982/6/6 3910/5/6
f 3910/2/1 3911/6/1 3907/5/1 3906/1/1
f 3910/5/2 3906/1/2 3978/2/2 3982/6/2
f 3906/2/3 3907/6/3 3979/5/3 3978/1/3
f 3982/1/4 3978/2/4 3979/6/4 3983/5/4
f 3911/1/5 3983/2/5 3979/6/5 3907/5/5
f 3910/1/6 3982/2/6 3983/6/6 3911/5/6
f 3913/2/1 3914/6/1 3909/5/1 3908/1/1
f 3913/6/2 3908/2/2 3980/1/2 3985/5/2
f 3908/2/3 3909/6/3 3981/5/3 3980/1/3
f 3985/1/4 3980/2/4 3981/6/4 3986/5/4
f 3914/2/5 3986/1/5 3981/5/5 3909/6/5
f 3913/1/6 3985/2/6 3986/6/6 3914/5/6
f 3914/2/1 3915/6/1 3910/5/1 3909/1/1
f 3914/1/2 3909/5/2 3981/6/2 3986/2/2
f 3909/2/3 3910/6/3 3982/5/3 3981/1/3
f 3986/1/4 3981/2/4 3982/6/4 3987/5/4
f 3915/5/5 3987/6/5 3982/2/5 3910/1/5
f 3914/1/6 3986/2/6 3987/6/6 3915/5/6
f 3915/2/1 3916/6/1 3911/5/1 3910/1/1
f 3915/2/2 3910/6/2 3982/5/2 3987/1/2
f 3910/2/3 3911/6/3 3983/5/3 3982/1/3
f 3987/1/4 3982/2/4 3983/6/4 3988/5/4
f 3916/6/5 3988/5/5 3983/1/5 3911/2/5
f 3915/1/6 3987/2/6 3988/6/6 3916/5/6
f 3916/2/1 3917/6/1 3912/5/1 3911/1/1
f 3916/6/2 3911/2/2 3983/1/2 3988/5/2
f 3911/2/3 3912/6/3 3984/5/3 3983/1/3
f 3988/1/4 3983/2/4 3984/6/4 3989/5/4
f 3917/2/5 3989/1/5 3984/5/5 3912/6/5
f 3916/1/6 3988/2/6 3989/6/6 3917/5/6
f 3919/2/1 3920/6/1 3914/5/1 3913/1/1
f 3919/5/2 3913/1/2 3985/2/2 3990/6/2
f 3913/2/3 3914/6/3 3986/5/3 3985/1/3
f 3990/1/4 3985/2/4 3986/6/4 3991/5/4
f 3920/1/5 3991/2/5 3986/6/5 3914/5/5
f 3919/1/6 3990/2/6 3991/6/6 3920/5/6
f 3920/2/1 3921/6/1 3915/5/1 3914/1/1
f 3920/5/2 3914/1/2 3986/2/2 3991/6/2
f 3914/2/3 3915/6/3 3987/5/3 3986/1/3
f 3991/1/4 3986/2/4 3987/6/4 3992/5/4
f 3921/1/5 3992/2/5 3987/6/5 3915/5/5
f 3920/1/6 3991/2/6 3992/6/6 3921/5/6
f 3921/2/1 3922/6/1 3916/5/1 3915/1/1
f 3921/5/2 3915/1/2 3987/2/2 3992/6/2
f 3915/2/3 3916/6/3 3988/5/3 3987/1/3
f 3992/1/4 3987/2/4 3988/6/4 3993/5/4
f 3922/1/5 3993/2/5 3988/6/5 3916/5/5
f 3921/1/6 3992/2/6 3993/6/6 3922/5/6
f 3922/2/1 3923/6/1 3917/5/1 3916/1/1
f 3922/2/2 3916/6/2 3988/5/2 3993/1/2
f 3916/2/3 3917/6/3 3989/5/3 3988/1/3
f 3993/1/4 3988/2/4 3989/6/4 3994/5/4
f 3923/6/5 3994/5/5 3989/1/5 3917/2/5
f 3922/1/6 3993/2/6 3994/6/6 3923/5/6
f 3925/2/1 3926/6/1 3920/5/1 3919/1/1
f 3925/1/2 3919/5/2 3990/6/2 3996/2/2
f 3919/2/3 3920/6/3 3991/5/3 3990/1/3
f 3996/1/4 3990/2/4 3991/6/4 3997/5/4
f 3926/5/5 3997/6/5 3991/2/5 3920/1/5
f 3925/1/6 3996/2/6 3997/6/6 3926/5/6
f 3926/2/1 3927/6/1 3921/5/1 3920/1/1
f 3926/6/2 3920/2/2 3991/1/2 3997/5/2
f 3920/2/3 3921/6/3 3992/5/3 3991/1/3
f 3997/1/4 3991/2/4 3992/6/4 3998/5/4
f 3927/2/5 3998/1/5 3992/5/5 3921/6/5
f 3926/1/6 3997/2/6 3998/6/6 3927/5/6
f 3927/2/1 3928/6/1 3922/5/1 3921/1/1
f 3927/5/2 3921/1/2 3992/2/2 3998/6/2
f 3921/2/3 3922/6/3 3993/5/3 3992/1/3
f 3998/1/4 3992/2/4 3993/6/4 3999/5/4
f 3928/1/5 3999/2/5 3993/6/5 3922/5/5
f 3927/1/6 3998/2/6 3999/6/6 3928/5/6
f 3928/2/1 3929/6/1 3923/5/1 3922/1/1
f 3928/1/2 3922/5/2 3993/6/2 3999/2/2
f 3922/2/3 3923/6/3 3994/5/3 3993/1/3
f 3999/1/4 3993/2/4 3994/6/4 4000/5/4
f 3929/5/5 4000/6/5 3994/2/5 3923/1/5
f 3928/1/6 3999/2/6 4000/6/6 3929/5/6
f 3929/2/1 3930/6/1 3924/5/1 3923/1/1
f 3929/2/2 3923/6/2 3994/5/2 4000/1/2
f 3923/2/3 3924/6/3 3995/5/3 3994/1/3
f 4000/1/4 3994/2/4 3995/6/4 4001/5/4
f 3930/6/5 4001/5/5 3995/1/5 3924/2/5
f 3929/1/6 4000/2/6 4001/6/6 3930/5/6
f 3933/2/1 3934/6/1 3926/5/1 3925/1/1
f 3933/6/2 3925/2/2 3996/1/2 4002/5/2
f 3925/2/3 3926/6/3 3997/5/3 3996/1/3
f 4002/1/4 3996/2/4 3997/6/4 4003/5/4
f 3934/2/5 4003/1/5 3997/5/5 3926/6/5
f 3933/1/6 4002/2/6 4003/6/6 3934/5/6
f 3934/2/1 3935/6/1 3927/5/1 3926/1/1
f 3934/5/2 3926/1/2 3997/2/2 4003/6/2
f 3926/2/3 3927/6/3 3998/5/3 3997/1/3
f 4003/1/4 3997/2/4 3998/6/4 4004/5/4
f 3935/1/5 4004/2/5 3998/6/5 3927/5/5
f 3934/1/6 4003/2/6 4004/6/6 3935/5/6
f 3935/2/1 3936/6/1 3928/5/1 3927/1/1
f 3935/6/2 3927/2/2 3998/1/2 4004/5/2
f 3927/2/3 3928/6/3 3999/5/3 3998/1/3
f 4004/1/4 3998/2/4 3999/6/4 4005/5/4
f 3936/2/5 4005/1/5 3999/5/5 3928/6/5
f 3935/1/6 4004/2/6 4005/6/6 3936/5/6
f 3936/2/1 3937/6/1 3929/5/1 3928/1/1
f 3936/6/2 3928/2/2 3999/1/2 4005/5/2
f 3928/2/3 3929/6/3 4000/5/3 3999/1/3
f 4005/1/4 3999/2/4 4000/6/4 4006/5/4
f 3937/2/5 4006/1/5 4000/5/5 3929/6/5
f 3936/1/6 4005/2/6 4006/6/6 3937/5/6
f 3937/2/1 3938/6/1 3930/5/1 3929/1/1
f 3937/5/2 3929/1/2 4000/2/2 4006/6/2
f 3929/2/3 3930/6/3 4001/5/3 4000/1/3
f 4006/1/4 4000/2/4 4001/6/4 4007/5/4
f 3938/1/5 4007/2/5 4001/6/5 3930/5/5
f 3937/1/6 4006/2/6 4007/6/6 3938/5/6
f 3941/2/1 3942/6/1 3934/5/1 3933/1/1
f 3941/1/2 3933/5/2 4002/6/2 4010/2/2
f 3933/2/3 3934/6/3 4003/5/3 4002/1/3
f 4010/1/4 4002/2/4 4003/6/4 4011/5/4
f 3942/5/5 4011/6/5 4003/2/5 3934/1/5
f 3941/1/6 4010/2/6 4011/6/6 3942/5/6
f 3942/2/1 3943/6/1 3935/5/1 3934/1/1
f 3942/2/2 3934/6/2 4003/5/2 4011/1/2
f 3934/2/3 3935/6/3 4004/5/3 4003/1/3
f 4011/1/4 4003/2/4 4004/6/4 4012/5/4
f 3943/6/5 4012/5/5 4004/1/5 3935/2/5
f 3942/1/6 4011/2/6 4012/6/6 3943/5/6
f 3943/2/1 3944/6/1 3936/5/1 3935/1/1
f 3943/1/2 3935/5/2 4004/6/2 4012/2/2
f 3935/2/3 3936/6/3 4005/5/3 4004/1/3
f 4012/1/4 4004/2/4 4005/6/4 4013/5/4
f 3944/5/5 4013/6/5 4005/2/5 3936/1/5
f 3943/1/6 4012/2/6 4013/6/6 3944/5/6
f 3944/2/1 3945/6/1 3937/5/1 3936/1/1
f 3944/1/2 3936/5/2 4005/6/2 4013/2/2
f 3936/2/3 3937/6/3 4006/5/3 4005/1/3
f 4013/1/4 4005/2/4 4006/6/4 4014/5/4
f 3945/5/5 4014/6/5 4006/2/5 3937/1/5
f 3944/1/6 4013/2/6 4014/6/6 3945/5/6
f 3945/2/1 3946/6/1 3938/5/1 3937/1/1
f 3945/1/2 3937/5/2 4006/6/2 4014/2/2
f 3937/2/3 3938/6/3 4007/5/3 4006/1/3
f 4014/1/4 4006/2/4 4007/6/4 4015/5/4
f 3946/5/5 4015/6/5 4007/2/5 3938/1/5
f 3945/1/6 4014/2/6 4015/6/6 3946/5/6
f 3946/2/1 3947/6/1 3939/5/1 3938/1/1
f 3946/6/2 3938/2/2 4007/1/2 4015/5/2
f 3938/2/3 3939/6/3 4008/5/3 4007/1/3
f 4015/1/4 4007/2/4 4008/6/4 4016/5/4
f 3947/2/5 4016/1/5 4008/5/5 3939/6/5
f 3946/1/6 4015/2/6 4016/6/6 3947/5/6
f 3947/2/1 3948/6/1 3940/5/1 3939/1/1
f 3947/1/2 3939/5/2 4008/6/2 4016/2/2
f 3939/2/3 3940/6/3 4009/5/3 4008/1/3
f 4016/1/4 4008/2/4 4009/6/4 4017/5/4
f 3948/5/5 4017/6/5 4009/2/5 3940/1/5
f 3947/1/6 4016/2/6 4017/6/6 3948/5/6
f 3958/2/1 3959/6/1 3956/5/1 3955/1/1
f 3958/6/2 3955/2/2 4018/1/2 4020/5/2
f 3955/2/3 3956/6/3 4019/5/3 4018/1/3
f 4020/1/4 4018/2/4 4019/6/4 4021/5/4
f 3959/2/5 4021/1/5 4019/5/5 3956/6/5
f 3958/1/6 4020/2/6 4021/6/6 3959/5/6
f 3961/2/1 3962/6/1 3959/5/1 3958/1/1
f 3961/5/2 3958/1/2 4020/2/2 4022/6/2
f 3958/2/3 3959/6/3 4021/5/3 4020/1/3
f 4022/1/4 4020/2/4 4021/6/4 4023/5/4
f 3962/1/5 4023/2/5 4021/6/5 3959/5/5
f 3961/1/6 4022/2/6 4023/6/6 3962/5/6
f 3964/2/1 3965/6/1 3962/5/1 3961/1/1
f 3964/2/2 3961/6/2 4022/5/2 4025/1/2
f 3961/2/3 3962/6/3 4023/5/3 4022/1/3
f 4025/1/4 4022/2/4 4023/6/4 4026/5/4
f 3965/6/5 4026/5/5 4023/1/5 3962/2/5
f 3964/1/6 4025/2/6 4026/6/6 3965/5/6
f 3965/2/1 3966/6/1 3963/5/1 3962/1/1
f 3965/2/2 3962/6/2 4023/5/2 4026/1/2
f 3962/2/3 3963/6/3 4024/5/3 4023/1/3
f 4026/1/4 4023/2/4 4024/6/4 4027/5/4
f 3966/6/5 4027/5/5 4024/1/5 3963/2/5
f 3965/1/6 4026/2/6 4027/6/6 3966/5/6
f 3967/2/1 3968/6/1 3965/5/1 3964/1/1
f 3967/2/2 3964/6/2 4025/5/2 4028/1/2
f 3964/2/3 3965/6/3 4026/5/3 4025/1/3
f 4028/1/4 4025/2/4 4026/6/4 4029/5/4
f 3968/6/5 4029/5/5 4026/1/5 3965/2/5
f 3967/1/6 4028/2/6 4029/6/6 3968/5/6
f 3970/2/1 3971/6/1 3968/5/1 3967/1/1
f 3970/1/2 3967/5/2 4028/6/2 4030/2/2
f 3967/2/3 3968/6/3 4029/5/3 4028/1/3
f 4030/1/4 4028/2/4 4029/6/4 4031/5/4
f 3971/5/5 4031/6/5 4029/2/5 3968/1/5
f 3970/1/6 4030/2/6 4031/6/6 3971/5/6
f 3980/2/1 3981/6/1 3977/5/1 3976/1/1
f 3980/5/2 3976/1/2 4032/2/2 4035/6/2
f 3976/2/3 3977/6/3 4033/5/3 4032/1/3
f 4035/1/4 4032/2/4 4033/6/4 4036/5/4
f 3981/1/5 4036/2/5 4033/6/5 3977/5/5
f 3980/1/6 4035/2/6 4036/6/6 3981/5/6
f 3981/2/1 3982/6/1 3978/5/1 3977/1/1
f 3981/6/2 3977/2/2 4033/1/2 4036/5/2
f 3977/2/3 3978/6/3 4034/5/3 4033/1/3
f 4036/1/4 4033/2/4 4034/6/4 4037/5/4
f 3982/2/5 4037/1/5 4034/5/5 3978/6/5
f 3981/1/6 4036/2/6 4037/6/6 3982/5/6
f 3985/2/1 3986/6/1 3981/5/1 3980/1/1
f 3985/2/2 3980/6/2 4035/5/2 4039/1/2
f 3980/2/3 3981/6/3 4036/5/3 4035/1/3
f 4039/1/4 4035/2/4 4036/6/4 4040/5/4
f 3986/6/5 4040/5/5 4036/1/5 3981/2/5
f 3985/1/6 4039/2/6 4040/6/6 3986/5/6
f 3986/2/1 3987/6/1 3982/5/1 3981/1/1
f 3986/6/2 3981/2/2 4036/1/2 4040/5/2
f 3981/2/3 3982/6/3 4037/5/3 4036/1/3
f 4040/1/4 4036/2/4 4037/6/4 4041/5/4
f 3987/2/5 4041/1/5 4037/5/5 3982/6/5
f 3986/1/6 4040/2/6 4041/6/6 3987/5/6
f 3987/2/1 3988/6/1 3983/5/1 3982/1/1
f 3987/6/2 3982/2/2 4037/1/2 4041/5/2
f 3982/2/3 3983/6/3 4038/5/3 4037/1/3
f 4041/1/4 4037/2/4 4038/6/4 4042/5/4
f 3988/2/5 4042/1/5 4038/5/5 3983/6/5
f 3987/1/6 4041/2/6 4042/6/6 3988/5/6
f 3990/2/1 3991/6/1 3986/5/1 3985/1/1
f 3990/6/2 3985/2/2 4039/1/2 4044/5/2
f 3985/2/3 3986/6/3 4040/5/3 4039/1/3
f 4044/1/4 4039/2/4 4040/6/4 4045/5/4
f 3991/2/5 4045/1/5 4040/5/5 3986/6/5
f 3990/1/6 4044/2/6 4045/6/6 3991/5/6
f 3991/2/1 3992/6/1 3987/5/1 3986/1/1
f 3991/1/2 3986/5/2 4040/6/2 4045/2/2
f 3986/2/3 3987/6/3 4041/5/3 4040/1/3
f 4045/1/4 4040/2/4 4041/6/4 4046/5/4
f 3992/5/5 4046/6/5 4041/2/5 3987/1/5
f 3991/1/6 4045/2/6 4046/6/6 3992/5/6
f 3992/2/1 3993/6/1 3988/5/1 3987/1/1
f 3992/6/2 3987/2/2 4041/1/2 4046/5/2
f 3987/2/3 3988/6/3 4042/5/3 4041/1/3
f 4046/1/4 4041/2/4 4042/6/4 4047/5/4
f 3993/2/5 4047/1/5 4042/5/5 3988/6/5
f 3992/1/6 4046/2/6 4047/6/6 3993/5/6
f 3993/2/1 3994/6/1 3989/5/1 3988/1/1
f 3993/2/2 3988/6/2 4042/5/2 4047/1/2
f 3988/2/3 3989/6/3 4043/5/3 4042/1/3
f 4047/1/4 4042/2/4 4043/6/4 4048/5/4
f 3994/6/5 4048/5/5 4043/1/5 3989/2/5
f 3993/1/6 4047/2/6 4048/6/6 3994/5/6
f 3996/2/1 3997/6/1 3991/5/1 3990/1/1
f 3996/6/2 3990/2/2 4044/1/2 4049/5/2
f 3990/2/3 3991/6/3 4045/5/3 4044/1/3
f 4049/1/4 4044/2/4 4045/6/4 4050/5/4
f 3997/2/5 4050/1/5 4045/5/5 3991/6/5
f 3996/1/6 4049/2/6 4050/6/6 3997/5/6
f 3997/2/1 3998/6/1 3992/5/1 3991/1/1
f 3997/5/2 3991/1/2 4045/2/2 4050/6/2
f 3991/2/3 3992/6/3 4046/5/3 4045/1/3
f 4050/1/4 4045/2/4 4046/6/4 4051/5/4
f 3998/1/5 4051/2/5 4046/6/5 3992/5/5
f 3997/1/6 4050/2/6 4051/6/6 3998/5/6
f 3998/2/1 3999/6/1 3993/5/1 3992/1/1
f 3998/5/2 3992/1/2 4046/2/2 4051/6/2
f 3992/2/3 3993/6/3 4047/5/3 4046/1/3
f 4051/1/4 4046/2/4 4047/6/4 4052/5/4
f 3999/1/5 4052/2/5 4047/6/5 3993/5/5
f 3998/1/6 4051/2/6 4052/6/6 3999/5/6
f 3999/2/1 4000/6/1 3994/5/1 3993/1/1
f 3999/5/2 3993/1/2 4047/2/2 4052/6/2
f 3993/2/3 3994/6/3 4048/5/3 4047/1/3
f 4052/1/4 4047/2/4 4048/6/4 4053/5/4
f 4000/1/5 4053/2/5 4048/6/5 3994/5/5
f 3999/1/6 4052/2/6 4053/6/6 4000/5/6
f 4002/2/1 4003/6/1 3997/5/1 3996/1/1
f 4002/6/2 3996/2/2 4049/1/2 4055/5/2
f 3996/2/3 3997/6/3 4050/5/3 4049/1/3
f 4055/1/4 4049/2/4 4050/6/4 4056/5/4
f 4003/2/5 4056/1/5 4050/5/5 3997/6/5
f 4002/1/6 4055/2/6 4056/6/6 4003/5/6
f 4003/2/1 4004/6/1 3998/5/1 3997/1/1
f 4003/5/2 3997/1/2 4050/2/2 4056/6/2
f 3997/2/3 3998/6/3 4051/5/3 4050/1/3
f 4056/1/4 4050/2/4 4051/6/4 4057/5/4
f 4004/1/5 4057/2/5 4051/6/5 3998/5/5
f 4003/1/6 4056/2/6 4057/6/6 4004/5/6
f 4004/2/1 4005/6/1 3999/5/1 3998/1/1
f 4004/1/2 3998/5/2 4051/6/2 4057/2/2
f 3998/2/3 3999/6/3 4052/5/3 4051/1/3
f 4057/1/4 4051/2/4 4052/6/4 4058/5/4
f 4005/5/5 4058/6/5 4052/2/5 3999/1/5
f 4004/1/6 4057/2/6 4058/6/6 4005/5/6
f 4005/2/1 4006/6/1 4000/5/1 3999/1/1
f 4005/5/2 3999/1/2 4052/2/2 4058/6/2
f 3999/2/3 4000/6/3 4053/5/3 4052/1/3
f 4058/1/4 4052/2/4 4053/6/4 4059/5/4
f 4006/1/5 4059/2/5 4053/6/5 4000/5/5
f 4005/1/6 4058/2/6 4059/6/6 4006/5/6
f 4006/2/1 4007/6/1 4001/5/1 4000/1/1
f 4006/1/2 4000/5/2 4053/6/2 4059/2/2
f 4000/2/3 4001/6/3 4054/5/3 4053/1/3
f 4059/1/4 4053/2/4 4054/6/4 4060/5/4
f 4007/5/5 4060/6/5 4054/2/5 4001/1/5
f 4006/1/6 4059/2/6 4060/6/6 4007/5/6
f 4010/2/1 4011/6/1 4003/5/1 4002/1/1
f 4010/2/2 4002/6/2 4055/5/2 4061/1/2
f 4002/2/3 4003/6/3 4056/5/3 4055/1/3
f 4061/1/4 4055/2/4 4056/6/4 4062/5/4
f 4011/6/5 4062/5/5 4056/1/5 4003/2/5
f 4010/1/6 4061/2/6 4062/6/6 4011/5/6
f 4011/2/1 4012/6/1 4004/5/1 4003/1/1
f 4011/5/2 4003/1/2 4056/2/2 4062/6/2
f 4003/2/3 4004/6/3 4057/5/3 4056/1/3
f 4062/1/4 4056/2/4 4057/6/4 4063/5/4
f 4012/1/5 4063/2/5 4057/6/5 4004/5/5
f 4011/1/6 4062/2/6 4063/6/6 4012/5/6
f 4012/2/1 4013/6/1 4005/5/1 4004/1/1
f 4012/2/2 4004/6/2 4057/5/2 4063/1/2
f 4004/2/3 4005/6/3 4058/5/3 4057/1/3
f 4063/1/4 4057/2/4 4058/6/4 4064/5/4
f 4013/6/5 4064/5/5 4058/1/5 4005/2/5
f 4012/1/6 4063/2/6 4064/6/6 4013/5/6
f 4013/2/1 4014/6/1 4006/5/1 4005/1/1
f 4013/5/2 4005/1/2 4058/2/2 4064/6/2
f 4005/2/3 4006/6/3 4059/5/3 4058/1/3
f 4064/1/4 4058/2/4 4059/6/4 4065/5/4
f 4014/1/5 4065/2/5 4059/6/5 4006/5/5
f 4013/1/6 4064/2/6 4065/6/6 4014/5/6
f 4014/2/1 4015/6/1 4007/5/1 4006/1/1
f 4014/2/2 4006/6/2 4059/5/2 4065/1/2
f 4006/2/3 4007/6/3 4060/5/3 4059/1/3
f 4065/1/4 4059/2/4 4060/6/4 4066/5/4
f 4015/6/5 4066/5/5 4060/1/5 4007/2/5
f 4014/1/6 4065/2/6 4066/6/6 4015/5/6
f 4035/2/1 4036/6/1 4033/5/1 4032/1/1
f 4035/1/2 4032/5/2 4067/6/2 4069/2/2
f 4032/2/3 4033/6/3 4068/5/3 4067/1/3
f 4069/1/4 4067/2/4 4068/6/4 4070/5/4
f 4036/5/5 4070/6/5 4068/2/5 4033/1/5
f 4035/1/6 4069/2/6 4070/6/6 4036/5/6
f 4039/2/1 4040/6/1 4036/5/1 4035/1/1
f 4039/6/2 4035/2/2 4069/1/2 4072/5/2
f 4035/2/3 4036/6/3 4070/5/3 4069/1/3
f 4072/1/4 4069/2/4 4070/6/4 4073/5/4
f 4040/2/5 4073/1/5 4070/5/5 4036/6/5
f 4039/1/6 4072/2/6 4073/6/6 4040/5/6
f 4040/2/1 4041/6/1 4037/5/1 4036/1/1
f 4040/6/2 4036/2/2 4070/1/2 4073/5/2
f 4036/2/3 4037/6/3 4071/5/3 4070/1/3
f 4073/1/4 4070/2/4 4071/6/4 4074/5/4
f 4041/2/5 4074/1/5 4071/5/5 4037/6/5
f 4040/1/6 4073/2/6 4074/6/6 4041/5/6
f 4044/2/1 4045/6/1 4040/5/1 4039/1/1
f 4044/2/2 4039/6/2 4072/5/2 4076/1/2
f 4039/2/3 4040/6/3 4073/5/3 4072/1/3
f 4076/1/4 4072/2/4 4073/6/4 4077/5/4
f 4045/6/5 4077/5/5 4073/1/5 4040/2/5
f 4044/1/6 4076/2/6 4077/6/6 4045/5/6
f 4045/2/1 4046/6/1 4041/5/1 4040/1/1
f 4045/6/2 4040/2/2 4073/1/2 4077/5/2
f 4040/2/3 4041/6/3 4074/5/3 4073/1/3
f 4077/1/4 4073/2/4 4074/6/4 4078/5/4
f 4046/2/5 4078/1/5 4074/5/5 4041/6/5
f 4045/1/6 4077/2/6 4078/6/6 4046/5/6
f 4046/2/1 4047/6/1 4042/5/1 4041/1/1
f 4046/5/2 4041/1/2 4074/2/2 4078/6/2
f 4041/2/3 4042/6/3 4075/5/3 4074/1/3
f 4078/1/4 4074/2/4 4075/6/4 4079/5/4
f 4047/1/5 4079/2/5 4075/6/5 4042/5/5
f 4046/1/6 4078/2/6 4079/6/6 4047/5/6
f 4049/2/1 4050/6/1 4045/5/1 4044/1/1
f 4049/5/2 4044/1/2 4076/2/2 4081/6/2
f 4044/2/3 4045/6/3 4077/5/3 4076/1/3
f 4081/1/4 4076/2/4 4077/6/4 4082/5/4
f 4050/1/5 4082/2/5 4077/6/5 4045/5/5
f 4049/1/6 4081/2/6 4082/6/6 4050/5/6
f 4050/2/1 4051/6/1 4046/5/1 4045/1/1
f 4050/5/2 4045/1/2 4077/2/2 4082/6/2
f 4045/2/3 4046/6/3 4078/5/3 4077/1/3
f 4082/1/4 4077/2/4 4078/6/4 4083/5/4
f 4051/1/5 4083/2/5 4078/6/5 4046/5/5
f 4050/1/6 4082/2/6 4083/6/6 4051/5/6
f 4051/2/1 4052/6/1 4047/5/1 4046/1/1
f 4051/6/2 4046/2/2 4078/1/2 4083/5/2
f 4046/2/3 4047/6/3 4079/5/3 4078/1/3
f 4083/1/4 4078/2/4 4079/6/4 4084/5/4
f 4052/2/5 4084/1/5 4079/5/5 4047/6/5
f 4051/1/6 4083/2/6 4084/6/6 4052/5/6
f 4052/2/1 4053/6/1 4048/5/1 4047/1/1
f 4052/6/2 4047/2/2 4079/1/2 4084/5/2
f 4047/2/3 4048/6/3 4080/5/3 4079/1/3
f 4084/1/4 4079/2/4 4080/6/4 4085/5/4
f 4053/2/5 4085/1/5 4080/5/5 4048/6/5
f 4052/1/6 4084/2/6 4085/6/6 4053/5/6
f 4055/2/1 4056/6/1 4050/5/1 4049/1/1
f 4055/5/2 4049/1/2 4081/2/2 4086/6/2
f 4049/2/3 4050/6/3 4082/5/3 4081/1/3
f 4086/1/4 4081/2/4 4082/6/4 4087/5/4
f 4056/1/5 4087/2/5 4082/6/5 4050/5/5
f 4055/1/6 4086/2/6 4087/6/6 4056/5/6
f 4056/2/1 4057/6/1 4051/5/1 4050/1/1
f 4056/6/2 4050/2/2 4082/1/2 4087/5/2
f 4050/2/3 4051/6/3 4083/5/3 4082/1/3
f 4087/1/4 4082/2/4 4083/6/4 4088/5/4
f 4057/2/5 4088/1/5 4083/5/5 4051/6/5
f 4056/1/6 4087/2/6 4088/6/6 4057/5/6
f 4057/2/1 4058/6/1 4052/5/1 4051/1/1
f 4057/5/2 4051/1/2 4083/2/2 4088/6/2
f 4051/2/3 4052/6/3 4084/5/3 4083/1/3
f 4088/1/4 4083/2/4 4084/6/4 4089/5/4
f 4058/1/5 4089/2/5 4084/6/5 4052/5/5
f 4057/1/6 4088/2/6 4089/6/6 4058/5/6
f 4058/2/1 4059/6/1 4053/5/1 4052/1/1
f 4058/5/2 4052/1/2 4084/2/2 4089/6/2
f 4052/2/3 4053/6/3 4085/5/3 4084/1/3
f 4089/1/4 4084/2/4 4085/6/4 4090/5/4
f 4059/1/5 4090/2/5 4085/6/5 4053/5/5
f 4058/1/6 4089/2/6 4090/6/6 4059/5/6
f 4061/2/1 4062/6/1 4056/5/1 4055/1/1
f 4061/6/2 4055/2/2 4086/1/2 4092/5/2
f 4055/2/3 4056/6/3 4087/5/3 4086/1/3
f 4092/1/4 4086/2/4 4087/6/4 4093/5/4
f 4062/2/5 4093/1/5 4087/5/5 4056/6/5
f 4061/1/6 4092/2/6 4093/6/6 4062/5/6
f 4062/2/1 4063/6/1 4057/5/1 4056/1/1
f 4062/1/2 4056/5/2 4087/6/2 4093/2/2
f 4056/2/3 4057/6/3 4088/5/3 4087/1/3
f 4093/1/4 4087/2/4 4088/6/4 4094/5/4
f 4063/5/5 4094/6/5 4088/2/5 4057/1/5
f 4062/1/6 4093/2/6 4094/6/6 4063/5/6
f 4063/2/1 4064/6/1 4058/5/1 4057/1/1
f 4063/1/2 4057/5/2 4088/6/2 4094/2/2
f 4057/2/3 4058/6/3 4089/5/3 4088/1/3
f 4094/1/4 4088/2/4 4089/6/4 4095/5/4
f 4064/5/5 4095/6/5 4089/2/5 4058/1/5
f 4063/1/6 4094/2/6 4095/6/6 4064/5/6
f 4064/2/1 4065/6/1 4059/5/1 4058/1/1
f 4064/2/2 4058/6/2 4089/5/2 4095/1/2
f 4058/2/3 4059/6/3 4090/5/3 4089/1/3
f 4095/1/4 4089/2/4 4090/6/4 4096/5/4
f 4065/6/5 4096/5/5 4090/1/5 4059/2/5
f 4064/1/6 4095/2/6 4096/6/6 4065/5/6
f 4065/2/1 4066/6/1 4060/5/1 4059/1/1
f 4065/5/2 4059/1/2 4090/2/2 4096/6/2
f 4059/2/3 4060/6/3 4091/5/3 4090/1/3
f 4096/1/4 4090/2/4 4091/6/4 4097/5/4
f 4066/1/5 4097/2/5 4091/6/5 4060/5/5
f 4065/1/6 4096/2/6 4097/6/6 4066/5/6
f 4072/2/1 4073/6/1 4070/5/1 4069/1/1
f 4072/5/2 4069/1/2 4098/2/2 4101/6/2
f 4069/2/3 4070/6/3 4099/5/3 4098/1/3
f 4101/1/4 4098/2/4 4099/6/4 4102/5/4
f 4073/1/5 4102/2/5 4099/6/5 4070/5/5
f 4072/1/6 4101/2/6 4102/6/6 4073/5/6
f 4073/2/1 4074/6/1 4071/5/1 4070/1/1
f 4073/2/2 4070/6/2 4099/5/2 4102/1/2
f 4070/2/3 4071/6/3 4100/5/3 4099/1/3
f 4102/1/4 4099/2/4 4100/6/4 4103/5/4
f 4074/6/5 4103/5/5 4100/1/5 4071/2/5
f 4073/1/6 4102/2/6 4103/6/6 4074/5/6
f 4076/2/1 4077/6/1 4073/5/1 4072/1/1
f 4076/5/2 4072/1/2 4101/2/2 4104/6/2
f 4072/2/3 4073/6/3 4102/5/3 4101/1/3
f 4104/1/4 4101/2/4 4102/6/4 4105/5/4
f 4077/1/5 4105/2/5 4102/6/5 4073/5/5
f 4076/1/6 4104/2/6 4105/6/6 4077/5/6
f 4077/2/1 4078/6/1 4074/5/1 4073/1/1
f 4077/1/2 4073/5/2 4102/6/2 4105/2/2
f 4073/2/3 4074/6/3 4103/5/3 4102/1/3
f 4105/1/4 4102/2/4 4103/6/4 4106/5/4
f 4078/5/5 4106/6/5 4103/2/5 4074/1/5
f 4077/1/6 4105/2/6 4106/6/6 4078/5/6
f 4081/2/1 4082/6/1 4077/5/1 4076/1/1
f 4081/6/2 4076/2/2 4104/1/2 4108/5/2
f 4076/2/3 4077/6/3 4105/5/3 4104/1/3
f 4108/1/4 4104/2/4 4105/6/4 4109/5/4
f 4082/2/5 4109/1/5 4105/5/5 4077/6/5
f 4081/1/6 4108/2/6 4109/6/6 4082/5/6
f 4082/2/1 4083/6/1 4078/5/1 4077/1/1
f 4082/6/2 4077/2/2 4105/1/2 4109/5/2
f 4077/2/3 4078/6/3 4106/5/3 4105/1/3
f 4109/1/4 4105/2/4 4106/6/4 4110/5/4
f 4083/2/5 4110/1/5 4106/5/5 4078/6/5
f 4082/1/6 4109/2/6 4110/6/6 4083/5/6
f 4083/2/1 4084/6/1 4079/5/1 4078/1/1
f 4083/1/2 4078/5/2 4106/6/2 4110/2/2
f 4078/2/3 4079/6/3 4107/5/3 4106/1/3
f 4110/1/4 4106/2/4 4107/6/4 4111/5/4
f 4084/5/5 4111/6/5 4107/2/5 4079/1/5
f 4083/1/6 4110/2/6 4111/6/6 4084/5/6
f 4086/2/1 4087/6/1 4082/5/1 4081/1/1
f 4086/2/2 4081/6/2 4108/5/2 4113/1/2
f 4081/2/3 4082/6/3 4109/5/3 4108/1/3
f 4113/1/4 4108/2/4 4109/6/4 4114/5/4
f 4087/6/5 4114/5/5 4109/1/5 4082/2/5
f 4086/1/6 4113/2/6 4114/6/6 4087/5/6
f 4087/2/1 4088/6/1 4083/5/1 4082/1/1
f 4087/2/2 4082/6/2 4109/5/2 4114/1/2
f 4082/2/3 4083/6/3 4110/5/3 4109/1/3
f 4114/1/4 4109/2/4 4110/6/4 4115/5/4
f 4088/6/5 4115/5/5 4110/1/5 4083/2/5
f 4087/1/6 4114/2/6 4115/6/6 4088/5/6
f 4088/2/1 4089/6/1 4084/5/1 4083/1/1
f 4088/1/2 4083/5/2 4110/6/2 4115/2/2
f 4083/2/3 4084/6/3 4111/5/3 4110/1/3
f 4115/1/4 4110/2/4 4111/6/4 4116/5/4
f 4089/5/5 4116/6/5 4111/2/5 4084/1/5
f 4088/1/6 4115/2/6 4116/6/6 4089/5/6
f 4089/2/1 4090/6/1 4085/5/1 4084/1/1
f 4089/5/2 4084/1/2 4111/2/2 4116/6/2
f 4084/2/3 4085/6/3 4112/5/3 4111/1/3
f 4116/1/4 4111/2/4 4112/6/4 4117/5/4
f 4090/1/5 4117/2/5 4112/6/5 4085/5/5
f 4089/1/6 4116/2/6 4117/6/6 4090/5/6
f 4092/2/1 4093/6/1 4087/5/1 4086/1/1
f 4092/1/2 4086/5/2 4113/6/2 4118/2/2
f 4086/2/3 4087/6/3 4114/5/3 4113/1/3
f 4118/1/4 4113/2/4 4114/6/4 4119/5/4
f 4093/5/5 4119/6/5 4114/2/5 4087/1/5
f 4092/1/6 4118/2/6 4119/6/6 4093/5/6
f 4093/2/1 4094/6/1 4088/5/1 4087/1/1
f 4093/5/2 4087/1/2 4114/2/2 4119/6/2
f 4087/2/3 4088/6/3 4115/5/3 4114/1/3
f 4119/1/4 4114/2/4 4115/6/4 4120/5/4
f 4094/1/5 4120/2/5 4115/6/5 4088/5/5
f 4093/1/6 4119/2/6 4120/6/6 4094/5/6
f 4094/2/1 4095/6/1 4089/5/1 4088/1/1
f 4094/5/2 4088/1/2 4115/2/2 4120/6/2
f 4088/2/3 4089/6/3 4116/5/3 4115/1/3
f 4120/1/4 4115/2/4 4116/6/4 4121/5/4
f 4095/1/5 4121/2/5 4116/6/5 4089/5/5
f 4094/1/6 4120/2/6 4121/6/6 4095/5/6
f 4095/2/1 4096/6/1 4090/5/1 4089/1/1
f 4095/6/2 4089/2/2 4116/1/2 4121/5/2
f 4089/2/3 4090/6/3 4117/5/3 4116/1/3
f 4121/1/4 4116/2/4 4117/6/4 4122/5/4
f 4096/2/5 4122/1/5 4117/5/5 4090/6/5
f 4095/1/6 4121/2/6 4122/6/6 4096/5/6
f 4101/2/1 4102/6/1 4099/5/1 4098/1/1
f 4101/6/2 4098/2/2 4123/1/2 4125/5/2
f 4098/2/3 4099/6/3 4124/5/3 4123/1/3
f 4125/1/4 4123/2/4 4124/6/4 4126/5/4
f 4102/2/5 4126/1/5 4124/5/5 4099/6/5
f 4101/1/6 4125/2/6 4126/6/6 4102/5/6
f 4104/2/1 4105/6/1 4102/5/1 4101/1/1
f 4104/6/2 4101/2/2 4125/1/2 4128/5/2
f 4101/2/3 4102/6/3 4126/5/3 4125/1/3
f 4128/1/4 4125/2/4 4126/6/4 4129/5/4
f 4105/2/5 4129/1/5 4126/5/5 4102/6/5
f 4104/1/6 4128/2/6 4129/6/6 4105/5/6
f 4105/2/1 4106/6/1 4103/5/1 4102/1/1
f 4105/5/2 4102/1/2 4126/2/2 4129/6/2
f 4102/2/3 4103/6/3 4127/5/3 4126/1/3
f 4129/1/4 4126/2/4 4127/6/4 4130/5/4
f 4106/1/5 4130/2/5 4127/6/5 4103/5/5
f 4105/1/6 4129/2/6 4130/6/6 4106/5/6
f 4108/2/1 4109/6/1 4105/5/1 4104/1/1
f 4108/1/2 4104/5/2 4128/6/2 4132/2/2
f 4104/2/3 4105/6/3 4129/5/3 4128/1/3
f 4132/1/4 4128/2/4 4129/6/4 4133/5/4
f 4109/5/5 4133/6/5 4129/2/5 4105/1/5
f 4108/1/6 4132/2/6 4133/6/6 4109/5/6
f 4109/2/1 4110/6/1 4106/5/1 4105/1/1
f 4109/5/2 4105/1/2 4129/2/2 4133/6/2
f 4105/2/3 4106/6/3 4130/5/3 4129/1/3
f 4133/1/4 4129/2/4 4130/6/4 4134/5/4
f 4110/1/5 4134/2/5 4130/6/5 4106/5/5
f 4109/1/6 4133/2/6 4134/6/6 4110/5/6
f 4110/2/1 4111/6/1 4107/5/1 4106/1/1
f 4110/5/2 4106/1/2 4130/2/2 4134/6/2
f 4106/2/3 4107/6/3 4131/5/3 4130/1/3
f 4134/1/4 4130/2/4 4131/6/4 4135/5/4
f 4111/1/5 4135/2/5 4131/6/5 4107/5/5
f 4110/1/6 4134/2/6 4135/6/6 4111/5/6
f 4113/2/1 4114/6/1 4109/5/1 4108/1/1
f 4113/5/2 4108/1/2 4132/2/2 4137/6/2
f 4108/2/3 4109/6/3 4133/5/3 4132/1/3
f 4137/1/4 4132/2/4 4133/6/4 4138/5/4
f 4114/1/5 4138/2/5 4133/6/5 4109/5/5
f 4113/1/6 4137/2/6 4138/6/6 4114/5/6
f 4114/2/1 4115/6/1 4110/5/1 4109/1/1
f 4114/5/2 4109/1/2 4133/2/2 4138/6/2
f 4109/2/3 4110/6/3 4134/5/3 4133/1/3
f 4138/1/4 4133/2/4 4134/6/4 4139/5/4
f 4115/1/5 4139/2/5 4134/6/5 4110/5/5
f 4114/1/6 4138/2/6 4139/6/6 4115/5/6
f 4115/2/1 4116/6/1 4111/5/1 4110/1/1
f 4115/5/2 4110/1/2 4134/2/2 4139/6/2
f 4110/2/3 4111/6/3 4135/5/3 4134/1/3
f 4139/1/4 4134/2/4 4135/6/4 4140/5/4
f 4116/1/5 4140/2/5 4135/6/5 4111/5/5
f 4115/1/6 4139/2/6 4140/6/6 4116/5/6
f 4116/2/1 4117/6/1 4112/5/1 4111/1/1
f 4116/5/2 4111/1/2 4135/2/2 4140/6/2
f 4111/2/3 4112/6/3 4136/5/3 4135/1/3
f 4140/1/4 4135/2/4 4136/6/4 4141/5/4
f 4117/1/5 4141/2/5 4136/6/5 4112/5/5
f 4116/1/6 4140/2/6 4141/6/6 4117/5/6
f 4118/2/1 4119/6/1 4114/5/1 4113/1/1
f 4118/1/2 4113/5/2 4137/6/2 4142/2/2
f 4113/2/3 4114/6/3 4138/5/3 4137/1/3
f 4142/1/4 4137/2/4 4138/6/4 4143/5/4
f 4119/5/5 4143/6/5 4138/2/5 4114/1/5
f 4118/1/6 4142/2/6 4143/6/6 4119/5/6
f 4119/2/1 4120/6/1 4115/5/1 4114/1/1
f 4119/2/2 4114/6/2 4138/5/2 4143/1/2
f 4114/2/3 4115/6/3 4139/5/3 4138/1/3
f 4143/1/4 4138/2/4 4139/6/4 4144/5/4
f 4120/6/5 4144/5/5 4139/1/5 4115/2/5
f 4119/1/6 4143/2/6 4144/6/6 4120/5/6
f 4120/2/1 4121/6/1 4116/5/1 4115/1/1
f 4120/6/2 4115/2/2 4139/1/2 4144/5/2
f 4115/2/3 4116/6/3 4140/5/3 4139/1/3
f 4144/1/4 4139/2/4 4140/6/4 4145/5/4
f 4121/2/5 4145/1/5 4140/5/5 4116/6/5
f 4120/1/6 4144/2/6 4145/6/6 4121/5/6
f 4121/2/1 4122/6/1 4117/5/1 4116/1/1
f 4121/6/2 4116/2/2 4140/1/2 4145/5/2
f 4116/2/3 4117/6/3 4141/5/3 4140/1/3
f 4145/1/4 4140/2/4 4141/6/4 4146/5/4
f 4122/2/5 4146/1/5 4141/5/5 4117/6/5
f 4121/1/6 4145/2/6 4146/6/6 4122/5/6
f 4129/2/1 4130/6/1 4127/5/1 4126/1/1
f 4129/2/2 4126/6/2 4147/5/2 4149/1/2
f 4126/2/3 4127/6/3 4148/5/3 4147/1/3
f 4149/1/4 4147/2/4 4148/6/4 4150/5/4
f 4130/6/5 4150/5/5 4148/1/5 4127/2/5
f 4129/1/6 4149/2/6 4150/6/6 4130/5/6
f 4133/2/1 4134/6/1 4130/5/1 4129/1/1
f 4133/2/2 4129/6/2 4149/5/2 4152/1/2
f 4129/2/3 4130/6/3 4150/5/3 4149/1/3
f 4152/1/4 4149/2/4 4150/6/4 4153/5/4
f 4134/6/5 4153/5/5 4150/1/5 4130/2/5
f 4133/1/6 4152/2/6 4153/6/6 4134/5/6
f 4134/2/1 4135/6/1 4131/5/1 4130/1/1
f 4134/5/2 4130/1/2 4150/2/2 4153/6/2
f 4130/2/3 4131/6/3 4151/5/3 4150/1/3
f 4153/1/4 4150/2/4 4151/6/4 4154/5/4
f 4135/1/5 4154/2/5 4151/6/5 4131/5/5
f 4134/1/6 4153/2/6 4154/6/6 4135/5/6
f 4138/2/1 4139/6/1 4134/5/1 4133/1/1
f 4138/1/2 4133/5/2 4152/6/2 4156/2/2
f 4133/2/3 4134/6/3 4153/5/3 4152/1/3
f 4156/1/4 4152/2/4 4153/6/4 4157/5/4
f 4139/5/5 4157/6/5 4153/2/5 4134/1/5
f 4138/1/6 4156/2/6 4157/6/6 4139/5/6
f 4139/2/1 4140/6/1 4135/5/1 4134/1/1
f 4139/2/2 4134/6/2 4153/5/2 4157/1/2
f 4134/2/3 4135/6/3 4154/5/3 4153/1/3
f 4157/1/4 4153/2/4 4154/6/4 4158/5/4
f 4140/6/5 4158/5/5 4154/1/5 4135/2/5
f 4139/1/6 4157/2/6 4158/6/6 4140/5/6
f 4140/2/1 4141/6/1 4136/5/1 4135/1/1
f 4140/1/2 4135/5/2 4154/6/2 4158/2/2
f 4135/2/3 4136/6/3 4155/5/3 4154/1/3
f 4158/1/4 4154/2/4 4155/6/4 4159/5/4
f 4141/5/5 4159/6/5 4155/2/5 4136/1/5
f 4140/1/6 4158/2/6 4159/6/6 4141/5/6
f 4143/2/1 4144/6/1 4139/5/1 4138/1/1
f 4143/5/2 4138/1/2 4156/2/2 4160/6/2
f 4138/2/3 4139/6/3 4157/5/3 4156/1/3
f 4160/1/4 4156/2/4 4157/6/4 4161/5/4
f 4144/1/5 4161/2/5 4157/6/5 4139/5/5
f 4143/1/6 4160/2/6 4161/6/6 4144/5/6
f 4144/2/1 4145/6/1 4140/5/1 4139/1/1
f 4144/2/2 4139/6/2 4157/5/2 4161/1/2
f 4139/2/3 4140/6/3 4158/5/3 4157/1/3
f 4161/1/4 4157/2/4 4158/6/4 4162/5/4
f 4145/6/5 4162/5/5 4158/1/5 4140/2/5
f 4144/1/6 4161/2/6 4162/6/6 4145/5/6
f 4145/2/1 4146/6/1 4141/5/1 4140/1/1
f 4145/2/2 4140/6/2 4158/5/2 4162/1/2
f 4140/2/3 4141/6/3 4159/5/3 4158/1/3
f 4162/1/4 4158/2/4 4159/6/4 4163/5/4
f 4146/6/5 4163/5/5 4159/1/5 4141/2/5
f 4145/1/6 4162/2/6 4163/6/6 4146/5/6
f 4156/2/1 4157/6/1 4153/5/1 4152/1/1
f 4156/2/2 4152/6/2 4170/5/2 4169/1/2
f 4152/2/3 4153/6/3 4166/5/3 4170/1/3
f 4169/1/4 4170/2/4 4166/6/4 4171/5/4
f 4157/6/5 4171/5/5 4166/1/5 4153/2/5
f 4156/1/6 4169/2/6 4171/6/6 4157/5/6
f 4157/2/1 4158/6/1 4154/5/1 4153/1/1
f 4157/6/2 4153/2/2 4166/1/2 4171/5/2
f 4153/2/3 4154/6/3 4167/5/3 4166/1/3
f 4171/1/4 4166/2/4 4167/6/4 4172/5/4
f 4158/2/5 4172/1/5 4167/5/5 4154/6/5
f 4157/1/6 4171/2/6 4172/6/6 4158/5/6
f 4158/2/1 4159/6/1 4155/5/1 4154/1/1
f 4158/1/2 4154/5/2 4167/6/2 4172/2/2
f 4154/2/3 4155/6/3 4168/5/3 4167/1/3
f 4172/1/4 4167/2/4 4168/6/4 4173/5/4
f 4159/5/5 4173/6/5 4168/2/5 4155/1/5
f 4158/1/6 4172/2/6 4173/6/6 4159/5/6
f 4160/2/1 4161/6/1 4157/5/1 4156/1/1
f 4160/6/2 4156/2/2 4169/1/2 4174/5/2
f 4156/2/3 4157/6/3 4171/5/3 4169/1/3
f 4174/1/4 4169/2/4 4171/6/4 4175/5/4
f 4161/2/5 4175/1/5 4171/5/5 4157/6/5
f 4160/1/6 4174/2/6 4175/6/6 4161/5/6
f 4161/2/1 4162/6/1 4158/5/1 4157/1/1
f 4161/5/2 4157/1/2 4171/2/2 4175/6/2
f 4157/2/3 4158/6/3 4172/5/3 4171/1/3
f 4175/1/4 4171/2/4 4172/6/4 4176/5/4
f 4162/1/5 4176/2/5 4172/6/5 4158/5/5
f 4161/1/6 4175/2/6 4176/6/6 4162/5/6
f 4162/2/1 4163/6/1 4159/5/1 4158/1/1
f 4162/2/2 4158/6/2 4172/5/2 4176/1/2
f 4158/2/3 4159/6/3 4173/5/3 4172/1/3
f 4176/1/4 4172/2/4 4173/6/4 4177/5/4
f 4163/6/5 4177/5/5 4173/1/5 4159/2/5
f 4162/1/6 4176/2/6 4177/6/6 4163/5/6
f 4180/2/1 4165/6/1 4164/5/1 4179/1/1
f 4180/1/2 4179/5/2 4182/6/2 4181/2/2
f 4179/2/3 4164/6/3 4178/5/3 4182/1/3
f 4181/1/4 4182/2/4 4178/6/4 4183/5/4
f 4165/5/5 4183/6/5 4178/2/5 4164/1/5
f 4180/1/6 4181/2/6 4183/6/6 4165/5/6
f 4170/2/1 4166/6/1 4165/5/1 4180/1/1
f 4170/6/2 4180/2/2 4181/1/2 4184/5/2
f 4180/2/3 4165/6/3 4183/5/3 4181/1/3
f 4184/1/4 4181/2/4 4183/6/4 4185/5/4
f 4166/2/5 4185/1/5 4183/5/5 4165/6/5
f 4170/1/6 4184/2/6 4185/6/6 4166/5/6
f 4169/2/1 4171/6/1 4166/5/1 4170/1/1
f 4169/1/2 4170/5/2 4184/6/2 4187/2/2
f 4170/2/3 4166/6/3 4185/5/3 4184/1/3
f 4187/1/4 4184/2/4 4185/6/4 4188/5/4
f 4171/5/5 4188/6/5 4185/2/5 4166/1/5
f 4169/1/6 4187/2/6 4188/6/6 4171/5/6
f 4171/2/1 4172/6/1 4167/5/1 4166/1/1
f 4171/6/2 4166/2/2 4185/1/2 4188/5/2
f 4166/2/3 4167/6/3 4186/5/3 4185/1/3
f 4188/1/4 4185/2/4 4186/6/4 4189/5/4
f 4172/2/5 4189/1/5 4186/5/5 4167/6/5
f 4171/1/6 4188/2/6 4189/6/6 4172/5/6
f 4174/2/1 4175/6/1 4171/5/1 4169/1/1
f 4174/6/2 4169/2/2 4187/1/2 4191/5/2
f 4169/2/3 4171/6/3 4188/5/3 4187/1/3
f 4191/1/4 4187/2/4 4188/6/4 4192/5/4
f 4175/2/5 4192/1/5 4188/5/5 4171/6/5
f 4174/1/6 4191/2/6 4192/6/6 4175/5/6
f 4175/2/1 4176/6/1 4172/5/1 4171/1/1
f 4175/1/2 4171/5/2 4188/6/2 4192/2/2
f 4171/2/3 4172/6/3 4189/5/3 4188/1/3
f 4192/1/4 4188/2/4 4189/6/4 4193/5/4
f 4176/5/5 4193/6/5 4189/2/5 4172/1/5
f 4175/1/6 4192/2/6 4193/6/6 4176/5/6
f 4176/2/1 4177/6/1 4173/5/1 4172/1/1
f 4176/2/2 4172/6/2 4189/5/2 4193/1/2
f 4172/2/3 4173/6/3 4190/5/3 4189/1/3
f 4193/1/4 4189/2/4 4190/6/4 4194/5/4
f 4177/6/5 4194/5/5 4190/1/5 4173/2/5
f 4176/1/6 4193/2/6 4194/6/6 4177/5/6
