v -0.6024975746952257 -0.6024975746952257 0.5234437362054702
v -0.5947988418384547 -0.6149615144431481 0.5177225835342927
v -0.6075287050330235 -0.6075287050330235 0.5116812925267008
v -0.6149615144431481 -0.5947988418384547 0.5177225835342927
v -0.6426813534066426 -0.5761397119840393 0.5049987230264592
v -0.6359195048073769 -0.5894026454013064 0.49820769263378734
v -0.6494736320521808 -0.5799492468191195 0.4917752254667617
v -0.6558769980541675 -0.5664649482762915 0.49894170581120184
v -0.6849872876091873 -0.5431435007013312 0.4855796056875863
v -0.6794654285500177 -0.557028304047695 0.47754183051863575
v -0.6936534684631853 -0.5451460354291403 0.4708085234412003
v -0.698715735801814 -0.5311204169468492 0.47927802291064275
v -0.728659462473938 -0.5023286544578744 0.4655333614873728
v -0.7246987936910352 -0.5165337521490964 0.45607514875679694
v -0.739196292754868 -0.501809436919228 0.4491949797095543
v -0.7425972443947002 -0.48758973510299136 0.45913569109751473
v -0.7725210665995257 -0.45258136688617606 0.4454001661510374
v -0.7704241478425979 -0.4666529851785227 0.4343749806848689
v -0.7847432144865875 -0.44872471051374 0.42757949143009416
v -0.7861971138219521 -0.4348165228299149 0.4391226362784482
v -0.8149180045573452 -0.39304500823775324 0.4259392765966285
v -0.8149119319205781 -0.40636553964638994 0.4132621340037935
v -0.8283906184760941 -0.3850058093006646 0.406865469197786
v -0.8277089632795338 -0.3720762466511105 0.42006801685529604
v -0.8537368889726049 -0.3233740243822033 0.40812077227486987
v -0.8559007014071867 -0.33518323632270736 0.3938098366203183
v -0.8677297915621923 -0.3104011118790715 0.3881960311230275
v -0.8648962288546501 -0.29924364777455975 0.4029984523290131
v -0.8865448556239798 -0.2440101889077219 0.39306137774636996
v -0.8907369911563396 -0.25347466563681753 0.3772773601291948
v -0.900040512460175 -0.22561229616530706 0.37286212967991705
v -0.8952780147257641 -0.21706050227604812 0.3890527145521084
v -0.9108776957771721 -0.15639746458986828 0.38189220521703576
v -0.9166911717167711 -0.16273108222269178 0.3649601218971257
v -0.9226614633204713 -0.13251426904067434 0.36212676316994596
v -0.9164617089350305 -0.12730831332056944 0.3793290516363794
v -0.9246479400077805 -0.06302604595393846 0.37557143737347787
v -0.9314236299039063 -0.06564002387369189 0.3579684468252649
v -0.9334837688637545 -0.03414169002980727 0.35699075375957423
v -0.9265711080107643 -0.03277775274239979 0.374688671732764
v -0.9265711080107643 0.03277775274239979 0.374688671732764
v -0.9334837688637545 0.03414169002980727 0.35699075375957423
v -0.9314236299039063 0.06564002387369189 0.3579684468252649
v -0.9246479400077805 0.06302604595393846 0.37557143737347787
v -0.9164617089350305 0.12730831332056944 0.3793290516363794
v -0.9226614633204713 0.13251426904067434 0.36212676316994596
v -0.9166911717167711 0.16273108222269178 0.3649601218971257
v -0.9108776957771721 0.15639746458986828 0.38189220521703576
v -0.8952780147257642 0.21706050227604803 0.3890527145521083
v -0.9000405124601751 0.22561229616530695 0.372862129679917
v -0.8907369911563396 0.25347466563681736 0.3772773601291948
v -0.8865448556239798 0.24401018890772175 0.39306137774636996
v -0.8648962288546501 0.2992436477745598 0.4029984523290131
v -0.8677297915621921 0.3104011118790715 0.3881960311230276
v -0.8559007014071867 0.3351832363227074 0.3938098366203183
v -0.8537368889726049 0.32337402438220336 0.40812077227486987
v -0.8277089632795339 0.3720762466511105 0.42006801685529593
v -0.8283906184760942 0.3850058093006644 0.40686546919778593
v -0.8149119319205781 0.40636553964638983 0.4132621340037935
v -0.8149180045573453 0.3930450082377532 0.42593927659662845
v -0.7861971138219522 0.43481652282991484 0.4391226362784482
v -0.7847432144865875 0.4487247105137399 0.42757949143009416
v -0.7704241478425982 0.4666529851785227 0.4343749806848688
v -0.7725210665995257 0.45258136688617595 0.4454001661510374
v -0.7425972443947004 0.4875897351029913 0.4591356910975146
v -0.7391962927548681 0.501809436919228 0.44919497970955424
v -0.7246987936910352 0.5165337521490964 0.45607514875679694
v -0.7286594624739381 0.5023286544578744 0.4655333614873727
v -0.698715735801814 0.5311204169468492 0.47927802291064275
v -0.6936534684631853 0.5451460354291403 0.4708085234412003
v -0.6794654285500177 0.557028304047695 0.47754183051863575
v -0.6849872876091873 0.5431435007013312 0.4855796056875863
v -0.6558769980541675 0.5664649482762915 0.49894170581120184
v -0.6494736320521808 0.5799492468191195 0.4917752254667617
v -0.6359195048073769 0.5894026454013064 0.49820769263378734
v -0.6426813534066426 0.5761397119840393 0.5049987230264592
v -0.6149615144431481 0.5947988418384547 0.5177225835342927
v -0.6075287050330235 0.6075287050330235 0.5116812925267008
v -0.5947988418384547 0.6149615144431481 0.5177225835342927
v -0.6024975746952257 0.6024975746952257 0.5234437362054702
v -0.5761397119840393 -0.6426813534066426 0.5049987230264592
v -0.5664649482762915 -0.6558769980541675 0.49894170581120184
v -0.5799492468191195 -0.6494736320521808 0.4917752254667617
v -0.5894026454013064 -0.6359195048073769 0.49820769263378734
v -0.6191704898994506 -0.6191704898994506 0.4829656394355075
v -0.6103068845724542 -0.6334753776930867 0.4756410963111433
v -0.6249416070062951 -0.6249416070062951 0.46786320187078034
v -0.6334753776930867 -0.6103068845724542 0.4756410963111433
v -0.6653479741818882 -0.5885031648442302 0.4593213452697166
v -0.6576594330873996 -0.6037852337735466 0.45047470689061286
v -0.6733015735281916 -0.5925861001781586 0.4421614014815206
v -0.6805330988423168 -0.577044908643004 0.45154609375927574
v -0.714006390469176 -0.5490770991192221 0.43440673750760195
v -0.7079083007201866 -0.5650536785968322 0.423769015001859
v -0.7242515748265895 -0.5506048435994353 0.4150830791131413
v -0.7297555913169507 -0.5344985611089506 0.4263426616163448
v -0.7639405138936111 -0.4992450519092994 0.4088389284009614
v -0.7598621048502922 -0.5154309382550932 0.39615720301662805
v -0.7763808739692787 -0.49716297723707054 0.38737799705129256
v -0.779736770252028 -0.48105030773007706 0.40075075863900006
v -0.8132728222948593 -0.4375548678179273 0.3835792671214003
v -0.8115865606778511 -0.45322366375516354 0.36866728243694635
v -0.8274958852376997 -0.43069466154729424 0.3602119770764674
v -0.8283696048688434 -0.4153807162046847 0.3758492494800533
v -0.8594044224790831 -0.3631169792765328 0.359958467027072
v -0.8603215403014758 -0.3773038523400079 0.3427661743852297
v -0.8745854827988605 -0.3503584201821609 0.3351853378131931
v -0.8728421535069851 -0.33687170698392793 0.35307793487419054
v -0.8991410872593031 -0.2760596793414031 0.33961207081621825
v -0.9025912677979929 -0.28763897545210776 0.32030114438708074
v -0.9140162723057113 -0.2565819905273775 0.31422911401934234
v -0.909837558811848 -0.24606771321090412 0.3341351479423454
v -0.9290713010026529 -0.1779453213662445 0.32428687956360797
v -0.9346103789783252 -0.18580166375293383 0.30328399438914194
v -0.942040983459003 -0.1515170812556439 0.2993348619378726
v -0.9359961838627616 -0.1450388696842201 0.32074112626083817
v -0.9461867029052409 -0.07194297356064874 0.31552326665487185
v -0.9529911446899805 -0.0752110893411673 0.29351519582910135
v -0.9555735037714788 -0.039139374280350296 0.2921427532403331
v -0.9485874202968426 -0.03743222736493798 0.3142940254110489
v -0.9485874202968426 0.03743222736493798 0.3142940254110489
v -0.9555735037714788 0.039139374280350296 0.2921427532403331
v -0.9529911446899805 0.0752110893411673 0.29351519582910135
v -0.9461867029052409 0.07194297356064874 0.31552326665487185
v -0.9359961838627616 0.1450388696842201 0.32074112626083817
v -0.942040983459003 0.1515170812556439 0.2993348619378726
v -0.9346103789783252 0.18580166375293383 0.30328399438914194
v -0.9290713010026529 0.1779453213662445 0.32428687956360797
v -0.909837558811848 0.24606771321090398 0.3341351479423454
v -0.9140162723057113 0.25658199052737735 0.31422911401934234
v -0.9025912677979931 0.28763897545210765 0.3203011443870807
v -0.8991410872593032 0.276059679341403 0.3396120708162182
v -0.8728421535069851 0.336871706983928 0.35307793487419054
v -0.8745854827988605 0.350358420182161 0.3351853378131931
v -0.8603215403014758 0.377303852340008 0.3427661743852297
v -0.8594044224790831 0.36311697927653286 0.359958467027072
v -0.8283696048688434 0.4153807162046846 0.3758492494800533
v -0.8274958852376997 0.4306946615472941 0.3602119770764674
v -0.8115865606778512 0.4532236637551635 0.3686672824369463
v -0.8132728222948594 0.43755486781792713 0.3835792671214002
v -0.7797367702520281 0.481050307730077 0.400750758639
v -0.7763808739692787 0.4971629772370704 0.38737799705129256
v -0.7598621048502922 0.5154309382550931 0.39615720301662805
v -0.7639405138936112 0.49924505190929935 0.40883892840096137
v -0.7297555913169508 0.5344985611089504 0.42634266161634476
v -0.7242515748265895 0.5506048435994352 0.41508307911314135
v -0.7079083007201865 0.5650536785968321 0.423769015001859
v -0.714006390469176 0.5490770991192219 0.4344067375076019
v -0.6805330988423168 0.577044908643004 0.45154609375927574
v -0.6733015735281916 0.5925861001781586 0.4421614014815206
v -0.6576594330873996 0.6037852337735466 0.45047470689061286
v -0.6653479741818882 0.5885031648442302 0.4593213452697166
v -0.6334753776930867 0.6103068845724542 0.4756410963111433
v -0.6249416070062951 0.6249416070062951 0.46786320187078034
v -0.6103068845724542 0.6334753776930867 0.4756410963111433
v -0.6191704898994506 0.6191704898994506 0.4829656394355075
v -0.5894026454013064 0.6359195048073769 0.49820769263378734
v -0.5799492468191195 0.6494736320521808 0.4917752254667617
v -0.5664649482762915 0.6558769980541675 0.49894170581120184
v -0.5761397119840393 0.6426813534066426 0.5049987230264592
v -0.5431435007013312 -0.6849872876091873 0.4855796056875863
v -0.5311204169468492 -0.698715735801814 0.47927802291064275
v -0.5451460354291403 -0.6936534684631853 0.4708085234412003
v -0.557028304047695 -0.6794654285500177 0.47754183051863575
v -0.5885031648442302 -0.6653479741818882 0.4593213452697166
v -0.577044908643004 -0.6805330988423168 0.45154609375927574
v -0.5925861001781586 -0.6733015735281916 0.4421614014815206
v -0.6037852337735466 -0.6576594330873996 0.45047470689061286
v -0.6382127548945971 -0.6382127548945971 0.43054495581727353
v -0.6277273806000159 -0.6548030224420142 0.42094101421202235
v -0.6447268618772146 -0.6447268618772146 0.4106757201831122
v -0.6548030224420142 -0.6277273806000159 0.42094101421202235
v -0.6918157004146452 -0.6014806796858561 0.3995147414357004
v -0.6828083612467518 -0.6192552561136829 0.38767985450252906
v -0.7010243694727715 -0.60553864377841 0.37667994942166355
v -0.7094458127396918 -0.5874736273067525 0.3893088439852927
v -0.7482034627626803 -0.5528075638910338 0.36687242416784993
v -0.7412474205403545 -0.5712905772382529 0.3523908879370391
v -0.7601598234870575 -0.5530788273044311 0.34097045846184504
v -0.7663450011324493 -0.5345235535646357 0.35637046724432747
v -0.8053622484136856 -0.4898775809175739 0.33378376914463465
v -0.8010216575151032 -0.5082532423960757 0.31629566197725895
v -0.8197408764172578 -0.48477298139999014 0.30499188847448233
v -0.8231546153229671 -0.4666632802864699 0.32348394412206916
v -0.8601887609021229 -0.4109062742503069 0.3020452439609039
v -0.8588790572834145 -0.4279771919948002 0.281357935896962
v -0.8761071535638811 -0.3987729495790197 0.2709545905834453
v -0.8764194516659147 -0.38242023951907717 0.2926494577951396
v -0.9085348290348172 -0.3153673672057746 0.2740581838449153
v -0.9103330856648649 -0.3296211740375619 0.2502869448652576
v -0.9244509000628077 -0.2948589136409183 0.24176177203925808
v -0.921732087871001 -0.2818353826896098 0.2664184213847959
v -0.9456630934110636 -0.2047736187038104 0.25256499924408504
v -0.9501311241721356 -0.21461531635670267 0.22625453114690575
v -0.9594712238874643 -0.17534037122120524 0.22061442552993082
v -0.9543430961125908 -0.16719177200666724 0.24754023163014327
v -0.96717876563725 -0.08314159138775057 0.2401097896419837
v -0.973308197982429 -0.08727735260001351 0.21225884071889645
v -0.9765840961180845 -0.04544829505203346 0.21028065932483442
v -0.9702135180366761 -0.043284825070189055 0.23835300152827887
v -0.9702135180366761 0.043284825070189055 0.23835300152827887
v -0.9765840961180845 0.04544829505203346 0.21028065932483442
v -0.973308197982429 0.08727735260001351 0.21225884071889645
v -0.96717876563725 0.08314159138775057 0.2401097896419837
v -0.9543430961125908 0.16719177200666724 0.24754023163014327
v -0.9594712238874643 0.17534037122120524 0.22061442552993082
v -0.9501311241721356 0.21461531635670267 0.22625453114690575
v -0.9456630934110636 0.2047736187038104 0.25256499924408504
v -0.921732087871001 0.2818353826896096 0.2664184213847959
v -0.9244509000628077 0.29485891364091815 0.24176177203925808
v -0.9103330856648651 0.3296211740375618 0.2502869448652575
v -0.9085348290348172 0.3153673672057744 0.2740581838449153
v -0.8764194516659147 0.3824202395190772 0.2926494577951396
v -0.8761071535638812 0.39877294957901976 0.2709545905834453
v -0.8588790572834144 0.4279771919948002 0.2813579358969621
v -0.8601887609021229 0.41090627425030696 0.3020452439609039
v -0.8231546153229671 0.4666632802864698 0.32348394412206916
v -0.8197408764172578 0.4847729813999899 0.30499188847448233
v -0.8010216575151033 0.5082532423960757 0.31629566197725884
v -0.8053622484136858 0.4898775809175738 0.33378376914463453
v -0.7663450011324495 0.5345235535646357 0.35637046724432736
v -0.7601598234870575 0.553078827304431 0.34097045846184504
v -0.7412474205403544 0.5712905772382527 0.35239088793703915
v -0.7482034627626805 0.5528075638910338 0.3668724241678498
v -0.7094458127396919 0.5874736273067525 0.38930884398529264
v -0.7010243694727715 0.6055386437784099 0.37667994942166355
v -0.6828083612467518 0.6192552561136828 0.38767985450252906
v -0.6918157004146452 0.601480679685856 0.3995147414357004
v -0.6548030224420142 0.6277273806000159 0.42094101421202235
v -0.6447268618772146 0.6447268618772146 0.4106757201831122
v -0.6277273806000159 0.6548030224420142 0.42094101421202235
v -0.6382127548945971 0.6382127548945971 0.43054495581727353
v -0.6037852337735466 0.6576594330873996 0.45047470689061286
v -0.5925861001781586 0.6733015735281916 0.4421614014815206
v -0.577044908643004 0.6805330988423168 0.45154609375927574
v -0.5885031648442302 0.6653479741818882 0.4593213452697166
v -0.557028304047695 0.6794654285500177 0.47754183051863575
v -0.5451460354291403 0.6936534684631853 0.4708085234412003
v -0.5311204169468492 0.698715735801814 0.47927802291064275
v -0.5431435007013312 0.6849872876091873 0.4855796056875863
v -0.5023286544578744 -0.728659462473938 0.4655333614873728
v -0.48758973510299136 -0.7425972443947002 0.45913569109751473
v -0.501809436919228 -0.739196292754868 0.4491949797095543
v -0.5165337521490964 -0.7246987936910352 0.45607514875679694
v -0.5490770991192221 -0.714006390469176 0.43440673750760195
v -0.5344985611089506 -0.7297555913169507 0.4263426616163448
v -0.5506048435994353 -0.7242515748265895 0.4150830791131413
v -0.5650536785968322 -0.7079083007201866 0.423769015001859
v -0.6014806796858561 -0.6918157004146452 0.3995147414357004
v -0.5874736273067525 -0.7094458127396918 0.3893088439852927
v -0.60553864377841 -0.7010243694727715 0.37667994942166355
v -0.6192552561136829 -0.6828083612467518 0.38767985450252906
v -0.6594455446672949 -0.6594455446672949 0.3609198626245296
v -0.6465703156796612 -0.6788563498397493 0.34799552175876525
v -0.6664806091959354 -0.6664806091959354 0.3340766306278088
v -0.6788563498397493 -0.6465703156796612 0.34799552175876525
v -0.7221561145098526 -0.6136971235947309 0.3191651402762934
v -0.711117414650758 -0.6344924107067866 0.30287192563179616
v -0.7324343107959743 -0.6169387558741386 0.28796970651319553
v -0.7427283253875466 -0.5958558905799967 0.30546749798976874
v -0.7876547484359083 -0.5510625836992149 0.27555403483366314
v -0.7792366654574502 -0.5723959211441716 0.2552511090363162
v -0.8010273669126056 -0.5484037557969348 0.2400176620269303
v -0.808459095785004 -0.527167946062562 0.2617018285887084
v -0.8524217196008144 -0.46835185845401445 0.23243009408306237
v -0.8473234939863838 -0.48879765290410315 0.20765295821188412
v -0.8680265495464919 -0.45739638156129203 0.19317986286631594
v -0.871976723328681 -0.4376253642738437 0.2194097411628807
v -0.9112025835577237 -0.36379677616384726 0.19329189680512027
v -0.9097627383518804 -0.3813591505049276 0.16400292141497996
v -0.9272190638070502 -0.34237655312717624 0.15179955066313988
v -0.9275314408568164 -0.32620317256666514 0.1824196163506555
v -0.9574602598645257 -0.2384663225444814 0.16249204224289415
v -0.9593417502013615 -0.25086597672808275 0.12934321799326665
v -0.9711453975248104 -0.20545914454861305 0.1210915223611051
v -0.9684190584097864 -0.19513825832787945 0.15519532030787686
v -0.9847269584623657 -0.09736349151254933 0.144336993864858
v -0.9887520607337751 -0.10264311799995826 0.10878305346863582
v -0.9929416097608945 -0.053496197109325475 0.10585422287411861
v -0.9886006721274465 -0.050729195941458485 0.14175775022302683
v -0.9886006721274465 0.050729195941458485 0.14175775022302683
v -0.9929416097608945 0.053496197109325475 0.10585422287411861
v -0.9887520607337751 0.10264311799995826 0.10878305346863582
v -0.9847269584623657 0.09736349151254933 0.144336993864858
v -0.9684190584097864 0.19513825832787945 0.15519532030787686
v -0.9711453975248104 0.20545914454861305 0.1210915223611051
v -0.9593417502013615 0.25086597672808275 0.12934321799326665
v -0.9574602598645257 0.2384663225444814 0.16249204224289415
v -0.9275314408568166 0.32620317256666503 0.1824196163506554
v -0.9272190638070504 0.34237655312717613 0.15179955066313966
v -0.9097627383518804 0.3813591505049274 0.16400292141497996
v -0.9112025835577239 0.3637967761638471 0.19329189680512016
v -0.871976723328681 0.43762536427384385 0.2194097411628807
v -0.8680265495464918 0.45739638156129203 0.19317986286631605
v -0.8473234939863836 0.48879765290410315 0.20765295821188434
v -0.8524217196008144 0.46835185845401456 0.23243009408306237
v -0.8084590957850039 0.5271679460625618 0.2617018285887084
v -0.8010273669126056 0.5484037557969346 0.24001766202693042
v -0.7792366654574501 0.5723959211441714 0.2552511090363163
v -0.7876547484359083 0.5510625836992148 0.27555403483366314
v -0.7427283253875469 0.5958558905799967 0.30546749798976863
v -0.7324343107959743 0.6169387558741385 0.28796970651319553
v -0.7111174146507582 0.6344924107067866 0.302871925631796
v -0.7221561145098528 0.6136971235947308 0.31916514027629334
v -0.6788563498397494 0.6465703156796612 0.3479955217587652
v -0.6664806091959354 0.6664806091959353 0.33407663062780873
v -0.6465703156796613 0.6788563498397493 0.3479955217587652
v -0.6594455446672952 0.659445544667295 0.3609198626245294
v -0.6192552561136829 0.6828083612467518 0.38767985450252906
v -0.60553864377841 0.7010243694727715 0.37667994942166355
v -0.5874736273067525 0.7094458127396918 0.3893088439852927
v -0.6014806796858561 0.6918157004146452 0.3995147414357004
v -0.5650536785968322 0.7079083007201866 0.423769015001859
v -0.5506048435994353 0.7242515748265895 0.4150830791131413
v -0.5344985611089506 0.7297555913169507 0.4263426616163448
v -0.5490770991192221 0.714006390469176 0.43440673750760195
v -0.5165337521490964 0.7246987936910352 0.45607514875679694
v -0.501809436919228 0.739196292754868 0.4491949797095543
v -0.48758973510299136 0.7425972443947002 0.45913569109751473
v -0.5023286544578744 0.728659462473938 0.4655333614873728
v -0.45258136688617606 -0.7725210665995257 0.4454001661510374
v -0.4348165228299149 -0.7861971138219521 0.4391226362784482
v -0.44872471051374 -0.7847432144865875 0.42757949143009416
v -0.4666529851785227 -0.7704241478425979 0.4343749806848689
v -0.4992450519092994 -0.7639405138936111 0.4088389284009614
v -0.48105030773007706 -0.779736770252028 0.40075075863900006
v -0.49716297723707054 -0.7763808739692787 0.38737799705129256
v -0.5154309382550932 -0.7598621048502922 0.39615720301662805
v -0.5528075638910338 -0.7482034627626803 0.36687242416784993
v -0.5345235535646357 -0.7663450011324493 0.35637046724432747
v -0.5530788273044311 -0.7601598234870575 0.34097045846184504
v -0.5712905772382529 -0.7412474205403545 0.3523908879370391
v -0.6136971235947309 -0.7221561145098526 0.3191651402762934
v -0.5958558905799967 -0.7427283253875466 0.30546749798976874
v -0.6169387558741386 -0.7324343107959743 0.28796970651319553
v -0.6344924107067866 -0.711117414650758 0.30287192563179616
v -0.6816461620367122 -0.6816461620367122 0.26592671840422555
v -0.6650080094946565 -0.704431261227569 0.24807447573922436
v -0.6883685692035546 -0.6883685692035546 0.22868630449876604
v -0.704431261227569 -0.6650080094946565 0.24807447573922436
v -0.7550791647063048 -0.6216336569526131 0.20839158229196753
v -0.7406124150312271 -0.6458694851832386 0.185326357571587
v -0.7653984300731848 -0.6221101124307788 0.1647551251186672
v -0.778958833566462 -0.5976988988043104 0.18968173864895765
v -0.8303413769749914 -0.5368481067629179 0.14942325102990373
v -0.8190718426074832 -0.5609555989152655 0.1202087047313869
v -0.8435337612586568 -0.5277020877764763 0.09990645711450041
v -0.8536106753765141 -0.5041205903180886 0.13119163578747361
v -0.9010831168843478 -0.42333654534036386 0.09399673316277912
v -0.8937443211989702 -0.44478071523006485 0.05823404231224327
v -0.9151104856559682 -0.40116387904731227 0.04050112578943055
v -0.9211662181610479 -0.3812190092831436 0.0782615197913441
v -0.9584812076008918 -0.2809098090023233 0.04902503321992002
v -0.9550089858488552 -0.2964848489608771 0.007387237953836445
v -0.9698630618511844 -0.24360055063656902 -0.004940949929531979
v -0.9723112653337876 -0.2305480319863621 0.03818911169723871
v -0.9930606512915571 -0.11554019359651402 0.021931860843728668
v -0.9922168423703162 -0.12228569508152104 -0.02349354156163519
v -0.9975711232112537 -0.06380720132864495 -0.027937344069246417
v -0.9980193632951396 -0.06026331943313805 0.01804668442855062
v -0.9980193632951396 0.06026331943313805 0.01804668442855062
v -0.9975711232112537 0.06380720132864495 -0.027937344069246417
v -0.9922168423703162 0.12228569508152104 -0.02349354156163519
v -0.9930606512915571 0.11554019359651402 0.021931860843728668
v -0.9723112653337876 0.2305480319863621 0.03818911169723871
v -0.9698630618511844 0.24360055063656902 -0.004940949929531979
v -0.9550089858488552 0.2964848489608771 0.007387237953836445
v -0.9584812076008918 0.2809098090023233 0.04902503321992002
v -0.9211662181610479 0.3812190092831434 0.0782615197913441
v -0.9151104856559683 0.401163879047312 0.04050112578943055
v -0.8937443211989702 0.44478071523006457 0.05823404231224327
v -0.901083116884348 0.4233365453403637 0.09399673316277901
v -0.8536106753765141 0.5041205903180888 0.13119163578747361
v -0.8435337612586566 0.5277020877764764 0.09990645711450052
v -0.8190718426074832 0.5609555989152656 0.1202087047313869
v -0.8303413769749914 0.536848106762918 0.14942325102990373
v -0.7789588335664622 0.5976988988043102 0.18968173864895754
v -0.765398430073185 0.6221101124307787 0.1647551251186672
v -0.7406124150312271 0.6458694851832385 0.185326357571587
v -0.7550791647063049 0.6216336569526131 0.20839158229196741
v -0.7044312612275692 0.6650080094946564 0.24807447573922425
v -0.6883685692035546 0.6883685692035545 0.22868630449876604
v -0.6650080094946567 0.704431261227569 0.24807447573922425
v -0.6816461620367124 0.6816461620367122 0.26592671840422544
v -0.6344924107067867 0.711117414650758 0.3028719256317961
v -0.6169387558741386 0.7324343107959742 0.28796970651319553
v -0.595855890579997 0.7427283253875467 0.3054674979897686
v -0.613697123594731 0.7221561145098527 0.3191651402762932
v -0.5712905772382529 0.7412474205403545 0.3523908879370391
v -0.5530788273044311 0.7601598234870575 0.34097045846184504
v -0.5345235535646357 0.7663450011324493 0.35637046724432747
v -0.5528075638910338 0.7482034627626803 0.36687242416784993
v -0.5154309382550932 0.7598621048502922 0.39615720301662805
v -0.49716297723707054 0.7763808739692787 0.38737799705129256
v -0.48105030773007706 0.779736770252028 0.40075075863900006
v -0.4992450519092994 0.7639405138936111 0.4088389284009614
v -0.4666529851785227 0.7704241478425979 0.4343749806848689
v -0.44872471051374 0.7847432144865875 0.42757949143009416
v -0.4348165228299149 0.7861971138219521 0.4391226362784482
v -0.45258136688617606 0.7725210665995257 0.4454001661510374
v -0.39304500823775324 -0.8149180045573452 0.4259392765966285
v -0.3720762466511105 -0.8277089632795338 0.42006801685529604
v -0.3850058093006646 -0.8283906184760941 0.406865469197786
v -0.40636553964638994 -0.8149119319205781 0.4132621340037935
v -0.4375548678179273 -0.8132728222948593 0.3835792671214003
v -0.4153807162046847 -0.8283696048688434 0.3758492494800533
v -0.43069466154729424 -0.8274958852376997 0.3602119770764674
v -0.45322366375516354 -0.8115865606778511 0.36866728243694635
v -0.4898775809175739 -0.8053622484136856 0.33378376914463465
v -0.4666632802864699 -0.8231546153229671 0.32348394412206916
v -0.48477298139999014 -0.8197408764172578 0.30499188847448233
v -0.5082532423960757 -0.8010216575151032 0.31629566197725895
v -0.5510625836992149 -0.7876547484359083 0.27555403483366314
v -0.527167946062562 -0.808459095785004 0.2617018285887084
v -0.5484037557969348 -0.8010273669126056 0.2400176620269303
v -0.5723959211441716 -0.7792366654574502 0.2552511090363162
v -0.6216336569526131 -0.7550791647063048 0.20839158229196753
v -0.5976988988043104 -0.778958833566462 0.18968173864895765
v -0.6221101124307788 -0.7653984300731848 0.1647551251186672
v -0.6458694851832386 -0.7406124150312271 0.185326357571587
v -0.7008222270146353 -0.7008222270146353 0.13302786266227928
v -0.6778275035607845 -0.727265977908788 0.10786135912795147
v -0.7048236197971063 -0.7048236197971063 0.08029526730890513
v -0.727265977908788 -0.6778275035607845 0.10786135912795147
v -0.7853778533176708 -0.6167815341797094 0.052556318488370724
v -0.7645787290434691 -0.6442419617084126 0.019278533874999004
v -0.7924211410139349 -0.6099057150606294 -0.00915172172632106
v -0.8122575371954643 -0.5826749059309145 0.02697493776746518
v -0.868229555272691 -0.4954655243863837 -0.026293601797981236
v -0.8508167681506037 -0.5209415528599669 -0.06878026997336117
v -0.8761907615556815 -0.4725712168851183 -0.0946899906864157
v -0.8923806576045615 -0.4485849101733128 -0.049278192925986786
v -0.938026363179588 -0.33393067311759944 -0.0927191864249387
v -0.9244438460483886 -0.35309851317395274 -0.14396185431428532
v -0.9427053644071314 -0.29131586116995817 -0.16260893256160058
v -0.9552052448110827 -0.27511278070587547 -0.10906831885419666
v -0.9812503455819381 -0.1386740202164099 -0.13385542728012711
v -0.9704986682319282 -0.147158147390254 -0.19098904318500143
v -0.9772122401739949 -0.07690153905399964 -0.1978443604079949
v -0.9875235060417555 -0.07243016770610375 -0.13982559072310174
v -0.9875235060417555 0.07243016770610375 -0.13982559072310174
v -0.9772122401739949 0.07690153905399964 -0.1978443604079949
v -0.9704986682319282 0.147158147390254 -0.19098904318500143
v -0.9812503455819381 0.1386740202164099 -0.13385542728012711
v -0.9552052448110827 0.27511278070587547 -0.10906831885419666
v -0.9427053644071314 0.29131586116995817 -0.16260893256160058
v -0.9244438460483886 0.35309851317395274 -0.14396185431428532
v -0.938026363179588 0.33393067311759944 -0.0927191864249387
v -0.8923806576045616 0.4485849101733126 -0.04927819292598701
v -0.8761907615556815 0.472571216885118 -0.0946899906864157
v -0.8508167681506037 0.5209415528599666 -0.06878026997336117
v -0.8682295552726911 0.4954655243863835 -0.026293601797981347
v -0.8122575371954642 0.5826749059309145 0.02697493776746529
v -0.7924211410139349 0.6099057150606295 -0.00915172172632106
v -0.764578729043469 0.6442419617084126 0.019278533874999115
v -0.7853778533176708 0.6167815341797095 0.052556318488370724
v -0.7272659779087881 0.6778275035607843 0.10786135912795136
v -0.7048236197971064 0.7048236197971061 0.08029526730890502
v -0.6778275035607846 0.7272659779087879 0.10786135912795136
v -0.7008222270146353 0.7008222270146351 0.13302786266227928
v -0.6458694851832387 0.740612415031227 0.18532635757158689
v -0.622110112430779 0.7653984300731846 0.1647551251186673
v -0.5976988988043105 0.778958833566462 0.18968173864895754
v -0.6216336569526133 0.7550791647063048 0.20839158229196741
v -0.5723959211441716 0.77923666545745 0.2552511090363163
v -0.5484037557969349 0.8010273669126055 0.2400176620269303
v -0.527167946062562 0.8084590957850039 0.2617018285887083
v -0.5510625836992149 0.7876547484359082 0.27555403483366314
v -0.5082532423960757 0.8010216575151032 0.31629566197725895
v -0.48477298139999014 0.8197408764172578 0.30499188847448233
v -0.4666632802864699 0.8231546153229671 0.32348394412206916
v -0.4898775809175739 0.8053622484136856 0.33378376914463465
v -0.45322366375516354 0.8115865606778511 0.36866728243694635
v -0.43069466154729424 0.8274958852376997 0.3602119770764674
v -0.4153807162046847 0.8283696048688434 0.3758492494800533
v -0.4375548678179273 0.8132728222948593 0.3835792671214003
v -0.40636553964638994 0.8149119319205781 0.4132621340037935
v -0.3850058093006646 0.8283906184760941 0.406865469197786
v -0.3720762466511105 0.8277089632795338 0.42006801685529604
v -0.39304500823775324 0.8149180045573452 0.4259392765966285
v -0.3233740243822033 -0.8537368889726049 0.40812077227486987
v -0.29924364777455975 -0.8648962288546501 0.4029984523290131
v -0.3104011118790715 -0.8677297915621923 0.3881960311230275
v -0.33518323632270736 -0.8559007014071867 0.3938098366203183
v -0.3631169792765328 -0.8594044224790831 0.359958467027072
v -0.33687170698392793 -0.8728421535069851 0.35307793487419054
v -0.3503584201821609 -0.8745854827988605 0.3351853378131931
v -0.3773038523400079 -0.8603215403014758 0.3427661743852297
v -0.4109062742503069 -0.8601887609021229 0.3020452439609039
v -0.38242023951907717 -0.8764194516659147 0.2926494577951396
v -0.3987729495790197 -0.8761071535638811 0.2709545905834453
v -0.4279771919948002 -0.8588790572834145 0.281357935896962
v -0.46835185845401445 -0.8524217196008144 0.23243009408306237
v -0.4376253642738437 -0.871976723328681 0.2194097411628807
v -0.45739638156129203 -0.8680265495464919 0.19317986286631594
v -0.48879765290410315 -0.8473234939863838 0.20765295821188412
v -0.5368481067629179 -0.8303413769749914 0.14942325102990373
v -0.5041205903180886 -0.8536106753765141 0.13119163578747361
v -0.5277020877764763 -0.8435337612586568 0.09990645711450041
v -0.5609555989152655 -0.8190718426074832 0.1202087047313869
v -0.6167815341797094 -0.7853778533176708 0.052556318488370724
v -0.5826749059309145 -0.8122575371954643 0.02697493776746518
v -0.6099057150606294 -0.7924211410139349 -0.00915172172632106
v -0.6442419617084126 -0.7645787290434691 0.019278533874999004
v -0.70601378733014 -0.70601378733014 -0.055579350477527045
v -0.6716282469711671 -0.7352738165095819 -0.09103797353780752
v -0.7010942122799141 -0.7010942122799141 -0.1301299773888135
v -0.7352738165095819 -0.6716282469711671 -0.09103797353780752
v -0.7976632440769048 -0.5796231773588444 -0.16664429578340156
v -0.7644243802789272 -0.6081081728403437 -0.2141490531381276
v -0.7926114642062386 -0.5554210011021274 -0.25154438642822674
v -0.8252144124818485 -0.5282124143676525 -0.20003204428324217
v -0.8783684271608974 -0.39816700912304925 -0.2644464766505632
v -0.8473803519762311 -0.4205204240480549 -0.3242053547415331
v -0.8685184143448913 -0.3487068945374752 -0.35224886890643914
v -0.8987501678702148 -0.32960997044898543 -0.2891459893096904
v -0.9300560254891321 -0.16736771301512857 -0.32708383954491604
v -0.901135694510613 -0.17753047348214074 -0.3955216695253019
v -0.9090966145546463 -0.09295002792204615 -0.40608328913484226
v -0.9376703765069087 -0.08757285976488216 -0.33631125353456803
v -0.9376703765069087 0.08757285976488216 -0.33631125353456803
v -0.9090966145546463 0.09295002792204615 -0.40608328913484226
v -0.901135694510613 0.17753047348214074 -0.3955216695253019
v -0.9300560254891321 0.16736771301512857 -0.32708383954491604
v -0.8987501678702148 0.32960997044898543 -0.2891459893096904
v -0.8685184143448913 0.3487068945374752 -0.35224886890643914
v -0.8473803519762311 0.4205204240480549 -0.3242053547415331
v -0.8783684271608974 0.39816700912304925 -0.2644464766505632
v -0.8252144124818486 0.5282124143676523 -0.2000320442832424
v -0.7926114642062386 0.5554210011021271 -0.25154438642822674
v -0.7644243802789273 0.6081081728403435 -0.21414905313812782
v -0.7976632440769049 0.5796231773588442 -0.16664429578340156
v -0.7352738165095819 0.6716282469711673 -0.09103797353780752
v -0.7010942122799141 0.7010942122799143 -0.1301299773888135
v -0.671628246971167 0.735273816509582 -0.0910379735378074
v -0.7060137873301399 0.70601378733014 -0.055579350477526934
v -0.6442419617084127 0.7645787290434691 0.019278533874998782
v -0.6099057150606295 0.7924211410139347 -0.009151721726321282
v -0.5826749059309148 0.8122575371954643 0.026974937767464846
v -0.6167815341797095 0.7853778533176707 0.0525563184883705
v -0.5609555989152656 0.8190718426074832 0.12020870473138678
v -0.5277020877764765 0.8435337612586566 0.09990645711450019
v -0.5041205903180888 0.8536106753765141 0.1311916357874735
v -0.536848106762918 0.8303413769749914 0.14942325102990361
v -0.48879765290410315 0.8473234939863837 0.20765295821188412
v -0.4573963815612921 0.8680265495464918 0.19317986286631583
v -0.43762536427384385 0.8719767233286813 0.21940974116288048
v -0.4683518584540146 0.8524217196008145 0.23243009408306214
v -0.4279771919948002 0.8588790572834145 0.281357935896962
v -0.3987729495790197 0.8761071535638811 0.2709545905834453
v -0.38242023951907717 0.8764194516659147 0.2926494577951396
v -0.4109062742503069 0.8601887609021229 0.3020452439609039
v -0.3773038523400079 0.8603215403014758 0.3427661743852297
v -0.3503584201821609 0.8745854827988605 0.3351853378131931
v -0.33687170698392793 0.8728421535069851 0.35307793487419054
v -0.3631169792765328 0.8594044224790831 0.359958467027072
v -0.33518323632270736 0.8559007014071867 0.3938098366203183
v -0.3104011118790715 0.8677297915621923 0.3881960311230275
v -0.29924364777455975 0.8648962288546501 0.4029984523290131
v -0.3233740243822033 0.8537368889726049 0.40812077227486987
v -0.2440101889077219 -0.8865448556239798 0.39306137774636996
v -0.21706050227604812 -0.8952780147257641 0.3890527145521084
v -0.22561229616530706 -0.900040512460175 0.37286212967991705
v -0.25347466563681753 -0.8907369911563396 0.3772773601291948
v -0.2760596793414031 -0.8991410872593031 0.33961207081621825
v -0.24606771321090412 -0.909837558811848 0.3341351479423454
v -0.2565819905273775 -0.9140162723057113 0.31422911401934234
v -0.28763897545210776 -0.9025912677979929 0.32030114438708074
v -0.3153673672057746 -0.9085348290348172 0.2740581838449153
v -0.2818353826896098 -0.921732087871001 0.2664184213847959
v -0.2948589136409183 -0.9244509000628077 0.24176177203925808
v -0.3296211740375619 -0.9103330856648649 0.2502869448652576
v -0.36379677616384726 -0.9112025835577237 0.19329189680512027
v -0.32620317256666514 -0.9275314408568164 0.1824196163506555
v -0.34237655312717624 -0.9272190638070502 0.15179955066313988
v -0.3813591505049276 -0.9097627383518804 0.16400292141497996
v -0.42333654534036386 -0.9010831168843478 0.09399673316277912
v -0.3812190092831436 -0.9211662181610479 0.0782615197913441
v -0.40116387904731227 -0.9151104856559682 0.04050112578943055
v -0.44478071523006485 -0.8937443211989702 0.05823404231224327
v -0.4954655243863837 -0.868229555272691 -0.026293601797981236
v -0.4485849101733128 -0.8923806576045615 -0.049278192925986786
v -0.4725712168851183 -0.8761907615556815 -0.0946899906864157
v -0.5209415528599669 -0.8508167681506037 -0.06878026997336117
v -0.5796231773588444 -0.7976632440769048 -0.16664429578340156
v -0.5282124143676525 -0.8252144124818485 -0.20003204428324217
v -0.5554210011021274 -0.7926114642062386 -0.25154438642822674
v -0.6081081728403437 -0.7644243802789272 -0.2141490531381276
v -0.6703952293579598 -0.6703952293579598 -0.3180258997443086
v -0.6153794765570779 -0.6985980534580352 -0.3650600766133998
v -0.6427395820734959 -0.6427395820734959 -0.4168592799398567
v -0.6985980534580352 -0.6153794765570779 -0.3650600766133998
v -0.7542698642106891 -0.47053198425682485 -0.4579046011287975
v -0.6971414034538801 -0.49370512201894 -0.5198548990657084
v -0.7185895375307507 -0.41171856064929135 -0.5604613308411359
v -0.776071373794505 -0.39168492533202287 -0.4942632315319011
v -0.8100645644568977 -0.2006116006021784 -0.5509540698779607
v -0.752195294428921 -0.21147127494620907 -0.6240850414099139
v -0.7604932056010939 -0.11096164209838028 -0.639794965764348
v -0.8184270396921898 -0.10518968221749149 -0.5649002668220839
v -0.8184270396921898 0.10518968221749149 -0.5649002668220839
v -0.7604932056010939 0.11096164209838028 -0.639794965764348
v -0.752195294428921 0.21147127494620907 -0.6240850414099139
v -0.8100645644568977 0.2006116006021784 -0.5509540698779607
v -0.776071373794505 0.39168492533202287 -0.4942632315319011
v -0.7185895375307507 0.41171856064929135 -0.5604613308411359
v -0.6971414034538801 0.49370512201894 -0.5198548990657084
v -0.7542698642106891 0.47053198425682485 -0.4579046011287975
v -0.6985980534580352 0.6153794765570776 -0.3650600766134
v -0.642739582073496 0.6427395820734956 -0.4168592799398567
v -0.6153794765570779 0.6985980534580348 -0.3650600766134
v -0.6703952293579599 0.6703952293579595 -0.31802589974430884
v -0.6081081728403436 0.7644243802789272 -0.21414905313812738
v -0.5554210011021273 0.7926114642062386 -0.2515443864282263
v -0.5282124143676524 0.8252144124818485 -0.20003204428324173
v -0.5796231773588443 0.7976632440769048 -0.16664429578340134
v -0.5209415528599669 0.8508167681506035 -0.06878026997336117
v -0.4725712168851182 0.8761907615556814 -0.0946899906864157
v -0.44858491017331287 0.8923806576045615 -0.04927819292598701
v -0.49546552438638386 0.868229555272691 -0.02629360179798146
v -0.44478071523006496 0.8937443211989701 0.05823404231224316
v -0.40116387904731227 0.9151104856559681 0.04050112578943055
v -0.38121900928314373 0.921166218161048 0.07826151979134388
v -0.4233365453403639 0.9010831168843478 0.09399673316277901
v -0.38135915050492764 0.9097627383518804 0.16400292141497996
v -0.3423765531271763 0.9272190638070501 0.15179955066313966
v -0.3262031725666653 0.9275314408568166 0.18241961635065518
v -0.36379677616384737 0.9112025835577238 0.19329189680512004
v -0.3296211740375619 0.9103330856648649 0.2502869448652576
v -0.2948589136409183 0.9244509000628077 0.24176177203925808
v -0.2818353826896098 0.921732087871001 0.2664184213847959
v -0.3153673672057746 0.9085348290348172 0.2740581838449153
v -0.28763897545210776 0.9025912677979929 0.32030114438708074
v -0.2565819905273775 0.9140162723057113 0.31422911401934234
v -0.24606771321090412 0.909837558811848 0.3341351479423454
v -0.2760596793414031 0.8991410872593031 0.33961207081621825
v -0.25347466563681753 0.8907369911563396 0.3772773601291948
v -0.22561229616530706 0.900040512460175 0.37286212967991705
v -0.21706050227604812 0.8952780147257641 0.3890527145521084
v -0.2440101889077219 0.8865448556239798 0.39306137774636996
v -0.15639746458986828 -0.9108776957771721 0.38189220521703576
v -0.12730831332056944 -0.9164617089350305 0.3793290516363794
v -0.13251426904067434 -0.9226614633204713 0.36212676316994596
v -0.16273108222269178 -0.9166911717167711 0.3649601218971257
v -0.1779453213662445 -0.9290713010026529 0.32428687956360797
v -0.1450388696842201 -0.9359961838627616 0.32074112626083817
v -0.1515170812556439 -0.942040983459003 0.2993348619378726
v -0.18580166375293383 -0.9346103789783252 0.30328399438914194
v -0.2047736187038104 -0.9456630934110636 0.25256499924408504
v -0.16719177200666724 -0.9543430961125908 0.24754023163014327
v -0.17534037122120524 -0.9594712238874643 0.22061442552993082
v -0.21461531635670267 -0.9501311241721356 0.22625453114690575
v -0.2384663225444814 -0.9574602598645257 0.16249204224289415
v -0.19513825832787945 -0.9684190584097864 0.15519532030787686
v -0.20545914454861305 -0.9711453975248104 0.1210915223611051
v -0.25086597672808275 -0.9593417502013615 0.12934321799326665
v -0.2809098090023233 -0.9584812076008918 0.04902503321992002
v -0.2305480319863621 -0.9723112653337876 0.03818911169723871
v -0.24360055063656902 -0.9698630618511844 -0.004940949929531979
v -0.2964848489608771 -0.9550089858488552 0.007387237953836445
v -0.33393067311759944 -0.938026363179588 -0.0927191864249387
v -0.27511278070587547 -0.9552052448110827 -0.10906831885419666
v -0.29131586116995817 -0.9427053644071314 -0.16260893256160058
v -0.35309851317395274 -0.9244438460483886 -0.14396185431428532
v -0.39816700912304925 -0.8783684271608974 -0.2644464766505632
v -0.32960997044898543 -0.8987501678702148 -0.2891459893096904
v -0.3487068945374752 -0.8685184143448913 -0.35224886890643914
v -0.4205204240480549 -0.8473803519762311 -0.3242053547415331
v -0.47053198425682485 -0.7542698642106891 -0.4579046011287975
v -0.39168492533202287 -0.776071373794505 -0.4942632315319011
v -0.41171856064929135 -0.7185895375307507 -0.5604613308411359
v -0.49370512201894 -0.6971414034538801 -0.5198548990657084
v -0.540455942886535 -0.540455942886535 -0.6448369930433995
v -0.45236899617459686 -0.5591393182530732 -0.6947845090986673
v -0.46870253740713547 -0.46870253740713547 -0.7487562105627077
v -0.5591393182530732 -0.45236899617459686 -0.6947845090986673
v -0.5887055854430842 -0.23370724246232985 -0.7738259872146767
v -0.49465401992548097 -0.2427184321373478 -0.8345089354059365
v -0.5011306586777282 -0.1276171242595457 -0.8559100025872752
v -0.5960617148214044 -0.12280668496320393 -0.7934916195225477
v -0.5960617148214044 0.12280668496320393 -0.7934916195225477
v -0.5011306586777282 0.1276171242595457 -0.8559100025872752
v -0.49465401992548097 0.2427184321373478 -0.8345089354059365
v -0.5887055854430842 0.23370724246232985 -0.7738259872146767
v -0.5591393182530732 0.45236899617459686 -0.6947845090986673
v -0.46870253740713547 0.46870253740713547 -0.7487562105627077
v -0.45236899617459686 0.5591393182530732 -0.6947845090986673
v -0.540455942886535 0.540455942886535 -0.6448369930433995
v -0.4937051220189402 0.6971414034538799 -0.5198548990657088
v -0.4117185606492915 0.7185895375307505 -0.5604613308411366
v -0.39168492533202287 0.7760713737945045 -0.4942632315319011
v -0.47053198425682513 0.7542698642106892 -0.45790460112879816
v -0.42052042404805484 0.847380351976231 -0.3242053547415329
v -0.34870689453747516 0.8685184143448914 -0.35224886890643914
v -0.32960997044898543 0.8987501678702149 -0.2891459893096906
v -0.39816700912304925 0.8783684271608976 -0.2644464766505632
v -0.35309851317395274 0.9244438460483883 -0.14396185431428554
v -0.29131586116995833 0.9427053644071315 -0.16260893256160103
v -0.27511278070587547 0.9552052448110826 -0.10906831885419688
v -0.3339306731175995 0.9380263631795879 -0.09271918642493882
v -0.2964848489608773 0.9550089858488554 0.007387237953836001
v -0.24360055063656907 0.9698630618511843 -0.00494094992953209
v -0.23054803198636212 0.9723112653337875 0.0381891116972386
v -0.28090980900232343 0.958481207600892 0.04902503321991969
v -0.2508659767280828 0.9593417502013615 0.12934321799326642
v -0.20545914454861308 0.9711453975248104 0.12109152236110499
v -0.19513825832787948 0.9684190584097864 0.15519532030787686
v -0.23846632254448144 0.9574602598645253 0.16249204224289415
v -0.21461531635670267 0.9501311241721356 0.22625453114690575
v -0.17534037122120524 0.9594712238874643 0.22061442552993082
v -0.16719177200666724 0.9543430961125908 0.24754023163014327
v -0.2047736187038104 0.9456630934110636 0.25256499924408504
v -0.18580166375293383 0.9346103789783252 0.30328399438914194
v -0.1515170812556439 0.942040983459003 0.2993348619378726
v -0.1450388696842201 0.9359961838627616 0.32074112626083817
v -0.1779453213662445 0.9290713010026529 0.32428687956360797
v -0.16273108222269178 0.9166911717167711 0.3649601218971257
v -0.13251426904067434 0.9226614633204713 0.36212676316994596
v -0.12730831332056944 0.9164617089350305 0.3793290516363794
v -0.15639746458986828 0.9108776957771721 0.38189220521703576
v -0.06302604595393846 -0.9246479400077805 0.37557143737347787
v -0.03277775274239979 -0.9265711080107643 0.374688671732764
v -0.03414169002980727 -0.9334837688637545 0.35699075375957423
v -0.06564002387369189 -0.9314236299039063 0.3579684468252649
v -0.07194297356064874 -0.9461867029052409 0.31552326665487185
v -0.03743222736493798 -0.9485874202968426 0.3142940254110489
v -0.039139374280350296 -0.9555735037714788 0.2921427532403331
v -0.0752110893411673 -0.9529911446899805 0.29351519582910135
v -0.08314159138775057 -0.96717876563725 0.2401097896419837
v -0.043284825070189055 -0.9702135180366761 0.23835300152827887
v -0.04544829505203346 -0.9765840961180845 0.21028065932483442
v -0.08727735260001351 -0.973308197982429 0.21225884071889645
v -0.09736349151254933 -0.9847269584623657 0.144336993864858
v -0.050729195941458485 -0.9886006721274465 0.14175775022302683
v -0.053496197109325475 -0.9929416097608945 0.10585422287411861
v -0.10264311799995826 -0.9887520607337751 0.10878305346863582
v -0.11554019359651402 -0.9930606512915571 0.021931860843728668
v -0.06026331943313805 -0.9980193632951396 0.01804668442855062
v -0.06380720132864495 -0.9975711232112537 -0.027937344069246417
v -0.12228569508152104 -0.9922168423703162 -0.02349354156163519
v -0.1386740202164099 -0.9812503455819381 -0.13385542728012711
v -0.07243016770610375 -0.9875235060417555 -0.13982559072310174
v -0.07690153905399964 -0.9772122401739949 -0.1978443604079949
v -0.147158147390254 -0.9704986682319282 -0.19098904318500143
v -0.16736771301512857 -0.9300560254891321 -0.32708383954491604
v -0.08757285976488216 -0.9376703765069087 -0.33631125353456803
v -0.09295002792204615 -0.9090966145546463 -0.40608328913484226
v -0.17753047348214074 -0.901135694510613 -0.3955216695253019
v -0.2006116006021784 -0.8100645644568977 -0.5509540698779607
v -0.10518968221749149 -0.8184270396921898 -0.5649002668220839
v -0.11096164209838028 -0.7604932056010939 -0.639794965764348
v -0.21147127494620907 -0.752195294428921 -0.6240850414099139
v -0.23370724246232985 -0.5887055854430842 -0.7738259872146767
v -0.12280668496320393 -0.5960617148214044 -0.7934916195225477
v -0.1276171242595457 -0.5011306586777282 -0.8559100025872752
v -0.2427184321373478 -0.49465401992548097 -0.8345089354059365
v -0.2571275085985019 -0.2571275085985019 -0.9315422098025696
v -0.13532139969810014 -0.26074123356463197 -0.9558776741314452
v -0.13725597101879083 -0.13725597101879083 -0.9809799166340654
v -0.26074123356463197 -0.13532139969810014 -0.9558776741314452
v -0.26074123356463197 0.13532139969810014 -0.9558776741314452
v -0.13725597101879083 0.13725597101879083 -0.9809799166340654
v -0.13532139969810014 0.26074123356463197 -0.9558776741314452
v -0.2571275085985019 0.2571275085985019 -0.9315422098025696
v -0.2427184321373478 0.49465401992548097 -0.8345089354059365
v -0.1276171242595457 0.5011306586777282 -0.8559100025872752
v -0.12280668496320393 0.5960617148214044 -0.7934916195225477
v -0.23370724246232985 0.5887055854430842 -0.7738259872146767
v -0.21147127494620915 0.7521952944289207 -0.6240850414099144
v -0.1109616420983803 0.7604932056010936 -0.6397949657643485
v -0.10518968221749152 0.8184270396921897 -0.5649002668220846
v -0.20061160060217847 0.8100645644568975 -0.5509540698779609
v -0.1775304734821407 0.901135694510613 -0.39552166952530166
v -0.09295002792204612 0.9090966145546462 -0.4060832891348418
v -0.08757285976488215 0.9376703765069088 -0.3363112535345678
v -0.16736771301512854 0.9300560254891321 -0.32708383954491604
v -0.14715814739025404 0.970498668231928 -0.19098904318500165
v -0.07690153905399966 0.9772122401739948 -0.19784436040799502
v -0.07243016770610378 0.9875235060417556 -0.13982559072310208
v -0.13867402021640993 0.9812503455819381 -0.13385542728012723
v -0.12228569508152108 0.9922168423703163 -0.02349354156163541
v -0.06380720132864498 0.9975711232112537 -0.027937344069246528
v -0.06026331943313807 0.9980193632951396 0.018046684428550397
v -0.11554019359651403 0.9930606512915569 0.021931860843728668
v -0.10264311799995826 0.9887520607337749 0.10878305346863582
v -0.05349619710932549 0.9929416097608945 0.1058542228741185
v -0.05072919594145849 0.9886006721274465 0.14175775022302672
v -0.09736349151254933 0.9847269584623656 0.144336993864858
v -0.08727735260001351 0.973308197982429 0.21225884071889645
v -0.04544829505203346 0.9765840961180845 0.21028065932483442
v -0.043284825070189055 0.9702135180366761 0.23835300152827887
v -0.08314159138775057 0.96717876563725 0.2401097896419837
v -0.0752110893411673 0.9529911446899805 0.29351519582910135
v -0.039139374280350296 0.9555735037714788 0.2921427532403331
v -0.03743222736493798 0.9485874202968426 0.3142940254110489
v -0.07194297356064874 0.9461867029052409 0.31552326665487185
v -0.06564002387369189 0.9314236299039063 0.3579684468252649
v -0.03414169002980727 0.9334837688637545 0.35699075375957423
v -0.03277775274239979 0.9265711080107643 0.374688671732764
v -0.06302604595393846 0.9246479400077805 0.37557143737347787
v 0.03277775274239979 -0.9265711080107643 0.374688671732764
v 0.06302604595393846 -0.9246479400077805 0.37557143737347787
v 0.06564002387369189 -0.9314236299039063 0.3579684468252649
v 0.03414169002980727 -0.9334837688637545 0.35699075375957423
v 0.03743222736493798 -0.9485874202968426 0.3142940254110489
v 0.07194297356064874 -0.9461867029052409 0.31552326665487185
v 0.0752110893411673 -0.9529911446899805 0.29351519582910135
v 0.039139374280350296 -0.9555735037714788 0.2921427532403331
v 0.043284825070189055 -0.9702135180366761 0.23835300152827887
v 0.08314159138775057 -0.96717876563725 0.2401097896419837
v 0.08727735260001351 -0.973308197982429 0.21225884071889645
v 0.04544829505203346 -0.9765840961180845 0.21028065932483442
v 0.050729195941458485 -0.9886006721274465 0.14175775022302683
v 0.09736349151254933 -0.9847269584623657 0.144336993864858
v 0.10264311799995826 -0.9887520607337751 0.10878305346863582
v 0.053496197109325475 -0.9929416097608945 0.10585422287411861
v 0.06026331943313805 -0.9980193632951396 0.01804668442855062
v 0.11554019359651402 -0.9930606512915571 0.021931860843728668
v 0.12228569508152104 -0.9922168423703162 -0.02349354156163519
v 0.06380720132864495 -0.9975711232112537 -0.027937344069246417
v 0.07243016770610375 -0.9875235060417555 -0.13982559072310174
v 0.1386740202164099 -0.9812503455819381 -0.13385542728012711
v 0.147158147390254 -0.9704986682319282 -0.19098904318500143
v 0.07690153905399964 -0.9772122401739949 -0.1978443604079949
v 0.08757285976488216 -0.9376703765069087 -0.33631125353456803
v 0.16736771301512857 -0.9300560254891321 -0.32708383954491604
v 0.17753047348214074 -0.901135694510613 -0.3955216695253019
v 0.09295002792204615 -0.9090966145546463 -0.40608328913484226
v 0.10518968221749149 -0.8184270396921898 -0.5649002668220839
v 0.2006116006021784 -0.8100645644568977 -0.5509540698779607
v 0.21147127494620907 -0.752195294428921 -0.6240850414099139
v 0.11096164209838028 -0.7604932056010939 -0.639794965764348
v 0.12280668496320393 -0.5960617148214044 -0.7934916195225477
v 0.23370724246232985 -0.5887055854430842 -0.7738259872146767
v 0.2427184321373478 -0.49465401992548097 -0.8345089354059365
v 0.1276171242595457 -0.5011306586777282 -0.8559100025872752
v 0.13532139969810014 -0.26074123356463197 -0.9558776741314452
v 0.2571275085985019 -0.2571275085985019 -0.9315422098025696
v 0.26074123356463197 -0.13532139969810014 -0.9558776741314452
v 0.13725597101879083 -0.13725597101879083 -0.9809799166340654
v 0.13725597101879083 0.13725597101879083 -0.9809799166340654
v 0.26074123356463197 0.13532139969810014 -0.9558776741314452
v 0.2571275085985019 0.2571275085985019 -0.9315422098025696
v 0.13532139969810014 0.26074123356463197 -0.9558776741314452
v 0.1276171242595457 0.5011306586777282 -0.8559100025872752
v 0.2427184321373478 0.49465401992548097 -0.8345089354059365
v 0.23370724246232985 0.5887055854430842 -0.7738259872146767
v 0.12280668496320393 0.5960617148214044 -0.7934916195225477
v 0.1109616420983803 0.7604932056010936 -0.6397949657643485
v 0.21147127494620915 0.7521952944289207 -0.6240850414099144
v 0.20061160060217847 0.8100645644568975 -0.5509540698779609
v 0.10518968221749152 0.8184270396921897 -0.5649002668220846
v 0.09295002792204612 0.9090966145546462 -0.4060832891348418
v 0.1775304734821407 0.901135694510613 -0.39552166952530166
v 0.16736771301512854 0.9300560254891321 -0.32708383954491604
v 0.08757285976488215 0.9376703765069088 -0.3363112535345678
v 0.07690153905399966 0.9772122401739948 -0.19784436040799502
v 0.14715814739025404 0.970498668231928 -0.19098904318500165
v 0.13867402021640993 0.9812503455819381 -0.13385542728012723
v 0.07243016770610378 0.9875235060417556 -0.13982559072310208
v 0.06380720132864498 0.9975711232112537 -0.027937344069246528
v 0.12228569508152108 0.9922168423703163 -0.02349354156163541
v 0.11554019359651403 0.9930606512915569 0.021931860843728668
v 0.06026331943313807 0.9980193632951396 0.018046684428550397
v 0.05349619710932549 0.9929416097608945 0.1058542228741185
v 0.10264311799995826 0.9887520607337749 0.10878305346863582
v 0.09736349151254933 0.9847269584623656 0.144336993864858
v 0.05072919594145849 0.9886006721274465 0.14175775022302672
v 0.04544829505203346 0.9765840961180845 0.21028065932483442
v 0.08727735260001351 0.973308197982429 0.21225884071889645
v 0.08314159138775057 0.96717876563725 0.2401097896419837
v 0.043284825070189055 0.9702135180366761 0.23835300152827887
v 0.039139374280350296 0.9555735037714788 0.2921427532403331
v 0.0752110893411673 0.9529911446899805 0.29351519582910135
v 0.07194297356064874 0.9461867029052409 0.31552326665487185
v 0.03743222736493798 0.9485874202968426 0.3142940254110489
v 0.03414169002980727 0.9334837688637545 0.35699075375957423
v 0.06564002387369189 0.9314236299039063 0.3579684468252649
v 0.06302604595393846 0.9246479400077805 0.37557143737347787
v 0.03277775274239979 0.9265711080107643 0.374688671732764
v 0.12730831332056944 -0.9164617089350305 0.3793290516363794
v 0.15639746458986828 -0.9108776957771721 0.38189220521703576
v 0.16273108222269178 -0.9166911717167711 0.3649601218971257
v 0.13251426904067434 -0.9226614633204713 0.36212676316994596
v 0.1450388696842201 -0.9359961838627616 0.32074112626083817
v 0.1779453213662445 -0.9290713010026529 0.32428687956360797
v 0.18580166375293383 -0.9346103789783252 0.30328399438914194
v 0.1515170812556439 -0.942040983459003 0.2993348619378726
v 0.16719177200666724 -0.9543430961125908 0.24754023163014327
v 0.2047736187038104 -0.9456630934110636 0.25256499924408504
v 0.21461531635670267 -0.9501311241721356 0.22625453114690575
v 0.17534037122120524 -0.9594712238874643 0.22061442552993082
v 0.19513825832787945 -0.9684190584097864 0.15519532030787686
v 0.2384663225444814 -0.9574602598645257 0.16249204224289415
v 0.25086597672808275 -0.9593417502013615 0.12934321799326665
v 0.20545914454861305 -0.9711453975248104 0.1210915223611051
v 0.2305480319863621 -0.9723112653337876 0.03818911169723871
v 0.2809098090023233 -0.9584812076008918 0.04902503321992002
v 0.2964848489608771 -0.9550089858488552 0.007387237953836445
v 0.24360055063656902 -0.9698630618511844 -0.004940949929531979
v 0.27511278070587547 -0.9552052448110827 -0.10906831885419666
v 0.33393067311759944 -0.938026363179588 -0.0927191864249387
v 0.35309851317395274 -0.9244438460483886 -0.14396185431428532
v 0.29131586116995817 -0.9427053644071314 -0.16260893256160058
v 0.32960997044898543 -0.8987501678702148 -0.2891459893096904
v 0.39816700912304925 -0.8783684271608974 -0.2644464766505632
v 0.4205204240480549 -0.8473803519762311 -0.3242053547415331
v 0.3487068945374752 -0.8685184143448913 -0.35224886890643914
v 0.39168492533202287 -0.776071373794505 -0.4942632315319011
v 0.47053198425682485 -0.7542698642106891 -0.4579046011287975
v 0.49370512201894 -0.6971414034538801 -0.5198548990657084
v 0.41171856064929135 -0.7185895375307507 -0.5604613308411359
v 0.45236899617459686 -0.5591393182530732 -0.6947845090986673
v 0.540455942886535 -0.540455942886535 -0.6448369930433995
v 0.5591393182530732 -0.45236899617459686 -0.6947845090986673
v 0.46870253740713547 -0.46870253740713547 -0.7487562105627077
v 0.49465401992548097 -0.2427184321373478 -0.8345089354059365
v 0.5887055854430842 -0.23370724246232985 -0.7738259872146767
v 0.5960617148214044 -0.12280668496320393 -0.7934916195225477
v 0.5011306586777282 -0.1276171242595457 -0.8559100025872752
v 0.5011306586777282 0.1276171242595457 -0.8559100025872752
v 0.5960617148214044 0.12280668496320393 -0.7934916195225477
v 0.5887055854430842 0.23370724246232985 -0.7738259872146767
v 0.49465401992548097 0.2427184321373478 -0.8345089354059365
v 0.46870253740713547 0.46870253740713547 -0.7487562105627077
v 0.5591393182530732 0.45236899617459686 -0.6947845090986673
v 0.540455942886535 0.540455942886535 -0.6448369930433995
v 0.45236899617459686 0.5591393182530732 -0.6947845090986673
v 0.4117185606492915 0.7185895375307505 -0.5604613308411366
v 0.4937051220189402 0.6971414034538799 -0.5198548990657088
v 0.47053198425682513 0.7542698642106892 -0.45790460112879816
v 0.39168492533202287 0.7760713737945045 -0.4942632315319011
v 0.34870689453747516 0.8685184143448914 -0.35224886890643914
v 0.42052042404805484 0.847380351976231 -0.3242053547415329
v 0.39816700912304925 0.8783684271608976 -0.2644464766505632
v 0.32960997044898543 0.8987501678702149 -0.2891459893096906
v 0.29131586116995833 0.9427053644071315 -0.16260893256160103
v 0.35309851317395274 0.9244438460483883 -0.14396185431428554
v 0.3339306731175995 0.9380263631795879 -0.09271918642493882
v 0.27511278070587547 0.9552052448110826 -0.10906831885419688
v 0.24360055063656907 0.9698630618511843 -0.00494094992953209
v 0.2964848489608773 0.9550089858488554 0.007387237953836001
v 0.28090980900232343 0.958481207600892 0.04902503321991969
v 0.23054803198636212 0.9723112653337875 0.0381891116972386
v 0.20545914454861308 0.9711453975248104 0.12109152236110499
v 0.2508659767280828 0.9593417502013615 0.12934321799326642
v 0.23846632254448144 0.9574602598645253 0.16249204224289415
v 0.19513825832787948 0.9684190584097864 0.15519532030787686
v 0.17534037122120524 0.9594712238874643 0.22061442552993082
v 0.21461531635670267 0.9501311241721356 0.22625453114690575
v 0.2047736187038104 0.9456630934110636 0.25256499924408504
v 0.16719177200666724 0.9543430961125908 0.24754023163014327
v 0.1515170812556439 0.942040983459003 0.2993348619378726
v 0.18580166375293383 0.9346103789783252 0.30328399438914194
v 0.1779453213662445 0.9290713010026529 0.32428687956360797
v 0.1450388696842201 0.9359961838627616 0.32074112626083817
v 0.13251426904067434 0.9226614633204713 0.36212676316994596
v 0.16273108222269178 0.9166911717167711 0.3649601218971257
v 0.15639746458986828 0.9108776957771721 0.38189220521703576
v 0.12730831332056944 0.9164617089350305 0.3793290516363794
v 0.21706050227604803 -0.8952780147257642 0.3890527145521083
v 0.24401018890772175 -0.8865448556239798 0.39306137774636996
v 0.25347466563681736 -0.8907369911563396 0.3772773601291948
v 0.22561229616530695 -0.9000405124601751 0.372862129679917
v 0.24606771321090398 -0.909837558811848 0.3341351479423454
v 0.276059679341403 -0.8991410872593032 0.3396120708162182
v 0.28763897545210765 -0.9025912677979931 0.3203011443870807
v 0.25658199052737735 -0.9140162723057113 0.31422911401934234
v 0.2818353826896096 -0.921732087871001 0.2664184213847959
v 0.3153673672057744 -0.9085348290348172 0.2740581838449153
v 0.3296211740375618 -0.9103330856648651 0.2502869448652575
v 0.29485891364091815 -0.9244509000628077 0.24176177203925808
v 0.32620317256666503 -0.9275314408568166 0.1824196163506554
v 0.3637967761638471 -0.9112025835577239 0.19329189680512016
v 0.3813591505049274 -0.9097627383518804 0.16400292141497996
v 0.34237655312717613 -0.9272190638070504 0.15179955066313966
v 0.3812190092831434 -0.9211662181610479 0.0782615197913441
v 0.4233365453403637 -0.901083116884348 0.09399673316277901
v 0.44478071523006457 -0.8937443211989702 0.05823404231224327
v 0.401163879047312 -0.9151104856559683 0.04050112578943055
v 0.4485849101733126 -0.8923806576045616 -0.04927819292598701
v 0.4954655243863835 -0.8682295552726911 -0.026293601797981347
v 0.5209415528599666 -0.8508167681506037 -0.06878026997336117
v 0.472571216885118 -0.8761907615556815 -0.0946899906864157
v 0.5282124143676523 -0.8252144124818486 -0.2000320442832424
v 0.5796231773588442 -0.7976632440769049 -0.16664429578340156
v 0.6081081728403435 -0.7644243802789273 -0.21414905313812782
v 0.5554210011021271 -0.7926114642062386 -0.25154438642822674
v 0.6153794765570776 -0.6985980534580352 -0.3650600766134
v 0.6703952293579595 -0.6703952293579599 -0.31802589974430884
v 0.6985980534580348 -0.6153794765570779 -0.3650600766134
v 0.6427395820734956 -0.642739582073496 -0.4168592799398567
v 0.6971414034538799 -0.4937051220189402 -0.5198548990657088
v 0.7542698642106892 -0.47053198425682513 -0.45790460112879816
v 0.7760713737945045 -0.39168492533202287 -0.4942632315319011
v 0.7185895375307505 -0.4117185606492915 -0.5604613308411366
v 0.7521952944289207 -0.21147127494620915 -0.6240850414099144
v 0.8100645644568975 -0.20061160060217847 -0.5509540698779609
v 0.8184270396921897 -0.10518968221749152 -0.5649002668220846
v 0.7604932056010936 -0.1109616420983803 -0.6397949657643485
v 0.7604932056010936 0.1109616420983803 -0.6397949657643485
v 0.8184270396921897 0.10518968221749152 -0.5649002668220846
v 0.8100645644568975 0.20061160060217847 -0.5509540698779609
v 0.7521952944289207 0.21147127494620915 -0.6240850414099144
v 0.7185895375307505 0.4117185606492915 -0.5604613308411366
v 0.7760713737945045 0.39168492533202287 -0.4942632315319011
v 0.7542698642106892 0.47053198425682513 -0.45790460112879816
v 0.6971414034538799 0.4937051220189402 -0.5198548990657088
v 0.6427395820734958 0.6427395820734958 -0.41685927993985716
v 0.6985980534580348 0.6153794765570777 -0.3650600766134
v 0.6703952293579598 0.6703952293579598 -0.3180258997443093
v 0.6153794765570777 0.6985980534580348 -0.3650600766134
v 0.5554210011021271 0.7926114642062388 -0.25154438642822674
v 0.6081081728403435 0.7644243802789275 -0.21414905313812782
v 0.579623177358844 0.797663244076905 -0.16664429578340134
v 0.5282124143676522 0.8252144124818487 -0.20003204428324217
v 0.472571216885118 0.8761907615556814 -0.0946899906864157
v 0.5209415528599667 0.8508167681506037 -0.0687802699733614
v 0.49546552438638375 0.8682295552726911 -0.02629360179798168
v 0.4485849101733127 0.8923806576045616 -0.04927819292598723
v 0.40116387904731216 0.9151104856559684 0.040501125789430215
v 0.44478071523006474 0.8937443211989701 0.05823404231224316
v 0.42333654534036375 0.901083116884348 0.0939967331627789
v 0.3812190092831435 0.921166218161048 0.07826151979134388
v 0.34237655312717613 0.9272190638070501 0.15179955066313966
v 0.38135915050492747 0.9097627383518804 0.16400292141497996
v 0.3637967761638472 0.9112025835577238 0.19329189680512004
v 0.32620317256666514 0.9275314408568166 0.18241961635065518
v 0.29485891364091815 0.9244509000628077 0.24176177203925808
v 0.3296211740375618 0.9103330856648651 0.2502869448652575
v 0.3153673672057744 0.9085348290348172 0.2740581838449153
v 0.2818353826896096 0.921732087871001 0.2664184213847959
v 0.25658199052737735 0.9140162723057113 0.31422911401934234
v 0.28763897545210765 0.9025912677979931 0.3203011443870807
v 0.276059679341403 0.8991410872593032 0.3396120708162182
v 0.24606771321090398 0.909837558811848 0.3341351479423454
v 0.22561229616530695 0.9000405124601751 0.372862129679917
v 0.25347466563681736 0.8907369911563396 0.3772773601291948
v 0.24401018890772175 0.8865448556239798 0.39306137774636996
v 0.21706050227604803 0.8952780147257642 0.3890527145521083
v 0.2992436477745598 -0.8648962288546501 0.4029984523290131
v 0.32337402438220336 -0.8537368889726049 0.40812077227486987
v 0.3351832363227074 -0.8559007014071867 0.3938098366203183
v 0.3104011118790715 -0.8677297915621921 0.3881960311230276
v 0.336871706983928 -0.8728421535069851 0.35307793487419054
v 0.36311697927653286 -0.8594044224790831 0.359958467027072
v 0.377303852340008 -0.8603215403014758 0.3427661743852297
v 0.350358420182161 -0.8745854827988605 0.3351853378131931
v 0.3824202395190772 -0.8764194516659147 0.2926494577951396
v 0.41090627425030696 -0.8601887609021229 0.3020452439609039
v 0.4279771919948002 -0.8588790572834144 0.2813579358969621
v 0.39877294957901976 -0.8761071535638812 0.2709545905834453
v 0.43762536427384385 -0.871976723328681 0.2194097411628807
v 0.46835185845401456 -0.8524217196008144 0.23243009408306237
v 0.48879765290410315 -0.8473234939863836 0.20765295821188434
v 0.45739638156129203 -0.8680265495464918 0.19317986286631605
v 0.5041205903180888 -0.8536106753765141 0.13119163578747361
v 0.536848106762918 -0.8303413769749914 0.14942325102990373
v 0.5609555989152656 -0.8190718426074832 0.1202087047313869
v 0.5277020877764764 -0.8435337612586566 0.09990645711450052
v 0.5826749059309145 -0.8122575371954642 0.02697493776746529
v 0.6167815341797095 -0.7853778533176708 0.052556318488370724
v 0.6442419617084126 -0.764578729043469 0.019278533874999115
v 0.6099057150606295 -0.7924211410139349 -0.00915172172632106
v 0.6716282469711673 -0.7352738165095819 -0.09103797353780752
v 0.70601378733014 -0.7060137873301399 -0.055579350477526934
v 0.735273816509582 -0.671628246971167 -0.0910379735378074
v 0.7010942122799143 -0.7010942122799141 -0.1301299773888135
v 0.7644243802789272 -0.6081081728403436 -0.21414905313812738
v 0.7976632440769048 -0.5796231773588443 -0.16664429578340134
v 0.8252144124818485 -0.5282124143676524 -0.20003204428324173
v 0.7926114642062386 -0.5554210011021273 -0.2515443864282263
v 0.847380351976231 -0.42052042404805484 -0.3242053547415329
v 0.8783684271608976 -0.39816700912304925 -0.2644464766505632
v 0.8987501678702149 -0.32960997044898543 -0.2891459893096906
v 0.8685184143448914 -0.34870689453747516 -0.35224886890643914
v 0.901135694510613 -0.1775304734821407 -0.39552166952530166
v 0.9300560254891321 -0.16736771301512854 -0.32708383954491604
v 0.9376703765069088 -0.08757285976488215 -0.3363112535345678
v 0.9090966145546462 -0.09295002792204612 -0.4060832891348418
v 0.9090966145546462 0.09295002792204612 -0.4060832891348418
v 0.9376703765069088 0.08757285976488215 -0.3363112535345678
v 0.9300560254891321 0.16736771301512854 -0.32708383954491604
v 0.901135694510613 0.1775304734821407 -0.39552166952530166
v 0.8685184143448914 0.34870689453747516 -0.35224886890643914
v 0.8987501678702149 0.32960997044898543 -0.2891459893096906
v 0.8783684271608976 0.39816700912304925 -0.2644464766505632
v 0.847380351976231 0.42052042404805484 -0.3242053547415329
v 0.7926114642062388 0.5554210011021271 -0.25154438642822674
v 0.8252144124818487 0.5282124143676522 -0.20003204428324217
v 0.797663244076905 0.579623177358844 -0.16664429578340134
v 0.7644243802789275 0.6081081728403435 -0.21414905313812782
v 0.7010942122799142 0.7010942122799142 -0.13012997738881338
v 0.735273816509582 0.6716282469711672 -0.0910379735378074
v 0.70601378733014 0.70601378733014 -0.055579350477526934
v 0.6716282469711672 0.735273816509582 -0.0910379735378074
v 0.6099057150606296 0.7924211410139347 -0.009151721726321282
v 0.6442419617084127 0.764578729043469 0.019278533874999004
v 0.6167815341797096 0.7853778533176707 0.0525563184883705
v 0.5826749059309148 0.8122575371954642 0.026974937767464957
v 0.5277020877764765 0.8435337612586566 0.09990645711450019
v 0.5609555989152657 0.8190718426074832 0.12020870473138678
v 0.5368481067629182 0.8303413769749914 0.14942325102990361
v 0.5041205903180888 0.853610675376514 0.13119163578747361
v 0.4573963815612921 0.8680265495464917 0.19317986286631594
v 0.4887976529041033 0.8473234939863837 0.20765295821188412
v 0.46835185845401467 0.8524217196008144 0.23243009408306226
v 0.4376253642738439 0.871976723328681 0.2194097411628806
v 0.39877294957901976 0.8761071535638812 0.2709545905834453
v 0.4279771919948002 0.8588790572834144 0.2813579358969621
v 0.41090627425030696 0.8601887609021229 0.3020452439609039
v 0.3824202395190772 0.8764194516659147 0.2926494577951396
v 0.350358420182161 0.8745854827988605 0.3351853378131931
v 0.377303852340008 0.8603215403014758 0.3427661743852297
v 0.36311697927653286 0.8594044224790831 0.359958467027072
v 0.336871706983928 0.8728421535069851 0.35307793487419054
v 0.3104011118790715 0.8677297915621921 0.3881960311230276
v 0.3351832363227074 0.8559007014071867 0.3938098366203183
v 0.32337402438220336 0.8537368889726049 0.40812077227486987
v 0.2992436477745598 0.8648962288546501 0.4029984523290131
v 0.3720762466511105 -0.8277089632795339 0.42006801685529593
v 0.3930450082377532 -0.8149180045573453 0.42593927659662845
v 0.40636553964638983 -0.8149119319205781 0.4132621340037935
v 0.3850058093006644 -0.8283906184760942 0.40686546919778593
v 0.4153807162046846 -0.8283696048688434 0.3758492494800533
v 0.43755486781792713 -0.8132728222948594 0.3835792671214002
v 0.4532236637551635 -0.8115865606778512 0.3686672824369463
v 0.4306946615472941 -0.8274958852376997 0.3602119770764674
v 0.4666632802864698 -0.8231546153229671 0.32348394412206916
v 0.4898775809175738 -0.8053622484136858 0.33378376914463453
v 0.5082532423960757 -0.8010216575151033 0.31629566197725884
v 0.4847729813999899 -0.8197408764172578 0.30499188847448233
v 0.5271679460625618 -0.8084590957850039 0.2617018285887084
v 0.5510625836992148 -0.7876547484359083 0.27555403483366314
v 0.5723959211441714 -0.7792366654574501 0.2552511090363163
v 0.5484037557969346 -0.8010273669126056 0.24001766202693042
v 0.5976988988043102 -0.7789588335664622 0.18968173864895754
v 0.6216336569526131 -0.7550791647063049 0.20839158229196741
v 0.6458694851832385 -0.7406124150312271 0.185326357571587
v 0.6221101124307787 -0.765398430073185 0.1647551251186672
v 0.6778275035607843 -0.7272659779087881 0.10786135912795136
v 0.7008222270146351 -0.7008222270146353 0.13302786266227928
v 0.7272659779087879 -0.6778275035607846 0.10786135912795136
v 0.7048236197971061 -0.7048236197971064 0.08029526730890502
v 0.7645787290434691 -0.6442419617084127 0.019278533874998782
v 0.7853778533176707 -0.6167815341797095 0.0525563184883705
v 0.8122575371954643 -0.5826749059309148 0.026974937767464846
v 0.7924211410139347 -0.6099057150606295 -0.009151721726321282
v 0.8508167681506035 -0.5209415528599669 -0.06878026997336117
v 0.868229555272691 -0.49546552438638386 -0.02629360179798146
v 0.8923806576045615 -0.44858491017331287 -0.04927819292598701
v 0.8761907615556814 -0.4725712168851182 -0.0946899906864157
v 0.9244438460483883 -0.35309851317395274 -0.14396185431428554
v 0.9380263631795879 -0.3339306731175995 -0.09271918642493882
v 0.9552052448110826 -0.27511278070587547 -0.10906831885419688
v 0.9427053644071315 -0.29131586116995833 -0.16260893256160103
v 0.970498668231928 -0.14715814739025404 -0.19098904318500165
v 0.9812503455819381 -0.13867402021640993 -0.13385542728012723
v 0.9875235060417556 -0.07243016770610378 -0.13982559072310208
v 0.9772122401739948 -0.07690153905399966 -0.19784436040799502
v 0.9772122401739948 0.07690153905399966 -0.19784436040799502
v 0.9875235060417556 0.07243016770610378 -0.13982559072310208
v 0.9812503455819381 0.13867402021640993 -0.13385542728012723
v 0.970498668231928 0.14715814739025404 -0.19098904318500165
v 0.9427053644071315 0.29131586116995833 -0.16260893256160103
v 0.9552052448110826 0.27511278070587547 -0.10906831885419688
v 0.9380263631795879 0.3339306731175995 -0.09271918642493882
v 0.9244438460483883 0.35309851317395274 -0.14396185431428554
v 0.8761907615556814 0.472571216885118 -0.0946899906864157
v 0.8923806576045616 0.4485849101733127 -0.04927819292598723
v 0.8682295552726911 0.49546552438638375 -0.02629360179798168
v 0.8508167681506037 0.5209415528599667 -0.0687802699733614
v 0.7924211410139347 0.6099057150606296 -0.009151721726321282
v 0.8122575371954642 0.5826749059309148 0.026974937767464957
v 0.7853778533176707 0.6167815341797096 0.0525563184883705
v 0.764578729043469 0.6442419617084127 0.019278533874999004
v 0.7048236197971061 0.7048236197971061 0.08029526730890502
v 0.7272659779087881 0.6778275035607846 0.10786135912795114
v 0.7008222270146351 0.7008222270146351 0.13302786266227928
v 0.6778275035607846 0.7272659779087881 0.10786135912795114
v 0.6221101124307787 0.7653984300731848 0.1647551251186672
v 0.6458694851832385 0.740612415031227 0.18532635757158689
v 0.6216336569526132 0.7550791647063049 0.2083915822919673
v 0.5976988988043104 0.7789588335664622 0.18968173864895743
v 0.5484037557969348 0.8010273669126056 0.2400176620269302
v 0.5723959211441715 0.7792366654574502 0.2552511090363162
v 0.5510625836992149 0.7876547484359084 0.2755540348336629
v 0.527167946062562 0.808459095785004 0.26170182858870816
v 0.4847729813999899 0.8197408764172578 0.30499188847448233
v 0.5082532423960757 0.8010216575151033 0.31629566197725884
v 0.4898775809175738 0.8053622484136858 0.33378376914463453
v 0.4666632802864698 0.8231546153229671 0.32348394412206916
v 0.4306946615472941 0.8274958852376997 0.3602119770764674
v 0.4532236637551635 0.8115865606778512 0.3686672824369463
v 0.43755486781792713 0.8132728222948594 0.3835792671214002
v 0.4153807162046846 0.8283696048688434 0.3758492494800533
v 0.3850058093006644 0.8283906184760942 0.40686546919778593
v 0.40636553964638983 0.8149119319205781 0.4132621340037935
v 0.3930450082377532 0.8149180045573453 0.42593927659662845
v 0.3720762466511105 0.8277089632795339 0.42006801685529593
v 0.43481652282991484 -0.7861971138219522 0.4391226362784482
v 0.45258136688617595 -0.7725210665995257 0.4454001661510374
v 0.4666529851785227 -0.7704241478425982 0.4343749806848688
v 0.4487247105137399 -0.7847432144865875 0.42757949143009416
v 0.481050307730077 -0.7797367702520281 0.400750758639
v 0.49924505190929935 -0.7639405138936112 0.40883892840096137
v 0.5154309382550931 -0.7598621048502922 0.39615720301662805
v 0.4971629772370704 -0.7763808739692787 0.38737799705129256
v 0.5345235535646357 -0.7663450011324495 0.35637046724432736
v 0.5528075638910338 -0.7482034627626805 0.3668724241678498
v 0.5712905772382527 -0.7412474205403544 0.35239088793703915
v 0.553078827304431 -0.7601598234870575 0.34097045846184504
v 0.5958558905799967 -0.7427283253875469 0.30546749798976863
v 0.6136971235947308 -0.7221561145098528 0.31916514027629334
v 0.6344924107067866 -0.7111174146507582 0.302871925631796
v 0.6169387558741385 -0.7324343107959743 0.28796970651319553
v 0.6650080094946564 -0.7044312612275692 0.24807447573922425
v 0.6816461620367122 -0.6816461620367124 0.26592671840422544
v 0.704431261227569 -0.6650080094946567 0.24807447573922425
v 0.6883685692035545 -0.6883685692035546 0.22868630449876604
v 0.740612415031227 -0.6458694851832387 0.18532635757158689
v 0.7550791647063048 -0.6216336569526133 0.20839158229196741
v 0.778958833566462 -0.5976988988043105 0.18968173864895754
v 0.7653984300731846 -0.622110112430779 0.1647551251186673
v 0.8190718426074832 -0.5609555989152656 0.12020870473138678
v 0.8303413769749914 -0.536848106762918 0.14942325102990361
v 0.8536106753765141 -0.5041205903180888 0.1311916357874735
v 0.8435337612586566 -0.5277020877764765 0.09990645711450019
v 0.8937443211989701 -0.44478071523006496 0.05823404231224316
v 0.9010831168843478 -0.4233365453403639 0.09399673316277901
v 0.921166218161048 -0.38121900928314373 0.07826151979134388
v 0.9151104856559681 -0.40116387904731227 0.04050112578943055
v 0.9550089858488554 -0.2964848489608773 0.007387237953836001
v 0.958481207600892 -0.28090980900232343 0.04902503321991969
v 0.9723112653337875 -0.23054803198636212 0.0381891116972386
v 0.9698630618511843 -0.24360055063656907 -0.00494094992953209
v 0.9922168423703163 -0.12228569508152108 -0.02349354156163541
v 0.9930606512915569 -0.11554019359651403 0.021931860843728668
v 0.9980193632951396 -0.06026331943313807 0.018046684428550397
v 0.9975711232112537 -0.06380720132864498 -0.027937344069246528
v 0.9975711232112537 0.06380720132864498 -0.027937344069246528
v 0.9980193632951396 0.06026331943313807 0.018046684428550397
v 0.9930606512915569 0.11554019359651403 0.021931860843728668
v 0.9922168423703163 0.12228569508152108 -0.02349354156163541
v 0.9698630618511843 0.24360055063656907 -0.00494094992953209
v 0.9723112653337875 0.23054803198636212 0.0381891116972386
v 0.958481207600892 0.28090980900232343 0.04902503321991969
v 0.9550089858488554 0.2964848489608773 0.007387237953836001
v 0.9151104856559684 0.40116387904731216 0.040501125789430215
v 0.921166218161048 0.3812190092831435 0.07826151979134388
v 0.901083116884348 0.42333654534036375 0.0939967331627789
v 0.8937443211989701 0.44478071523006474 0.05823404231224316
v 0.8435337612586566 0.5277020877764765 0.09990645711450019
v 0.853610675376514 0.5041205903180888 0.13119163578747361
v 0.8303413769749914 0.5368481067629182 0.14942325102990361
v 0.8190718426074832 0.5609555989152657 0.12020870473138678
v 0.7653984300731848 0.6221101124307787 0.1647551251186672
v 0.7789588335664622 0.5976988988043104 0.18968173864895743
v 0.7550791647063049 0.6216336569526132 0.2083915822919673
v 0.740612415031227 0.6458694851832385 0.18532635757158689
v 0.6883685692035546 0.6883685692035546 0.22868630449876592
v 0.7044312612275692 0.6650080094946565 0.24807447573922414
v 0.6816461620367122 0.6816461620367122 0.26592671840422544
v 0.6650080094946565 0.7044312612275692 0.24807447573922414
v 0.6169387558741386 0.7324343107959743 0.2879697065131954
v 0.6344924107067866 0.7111174146507581 0.302871925631796
v 0.6136971235947309 0.7221561145098526 0.3191651402762933
v 0.595855890579997 0.7427283253875469 0.30546749798976847
v 0.553078827304431 0.7601598234870575 0.34097045846184504
v 0.5712905772382527 0.7412474205403544 0.35239088793703915
v 0.5528075638910338 0.7482034627626805 0.3668724241678498
v 0.5345235535646357 0.7663450011324495 0.35637046724432736
v 0.4971629772370704 0.7763808739692787 0.38737799705129256
v 0.5154309382550931 0.7598621048502922 0.39615720301662805
v 0.49924505190929935 0.7639405138936112 0.40883892840096137
v 0.481050307730077 0.7797367702520281 0.400750758639
v 0.4487247105137399 0.7847432144865875 0.42757949143009416
v 0.4666529851785227 0.7704241478425982 0.4343749806848688
v 0.45258136688617595 0.7725210665995257 0.4454001661510374
v 0.43481652282991484 0.7861971138219522 0.4391226362784482
v 0.4875897351029913 -0.7425972443947004 0.4591356910975146
v 0.5023286544578744 -0.7286594624739381 0.4655333614873727
v 0.5165337521490964 -0.7246987936910352 0.45607514875679694
v 0.501809436919228 -0.7391962927548681 0.44919497970955424
v 0.5344985611089504 -0.7297555913169508 0.42634266161634476
v 0.5490770991192219 -0.714006390469176 0.4344067375076019
v 0.5650536785968321 -0.7079083007201865 0.423769015001859
v 0.5506048435994352 -0.7242515748265895 0.41508307911314135
v 0.5874736273067525 -0.7094458127396919 0.38930884398529264
v 0.601480679685856 -0.6918157004146452 0.3995147414357004
v 0.6192552561136828 -0.6828083612467518 0.38767985450252906
v 0.6055386437784099 -0.7010243694727715 0.37667994942166355
v 0.6465703156796612 -0.6788563498397494 0.3479955217587652
v 0.659445544667295 -0.6594455446672952 0.3609198626245294
v 0.6788563498397493 -0.6465703156796613 0.3479955217587652
v 0.6664806091959353 -0.6664806091959354 0.33407663062780873
v 0.711117414650758 -0.6344924107067867 0.3028719256317961
v 0.7221561145098527 -0.613697123594731 0.3191651402762932
v 0.7427283253875467 -0.595855890579997 0.3054674979897686
v 0.7324343107959742 -0.6169387558741386 0.28796970651319553
v 0.77923666545745 -0.5723959211441716 0.2552511090363163
v 0.7876547484359082 -0.5510625836992149 0.27555403483366314
v 0.8084590957850039 -0.527167946062562 0.2617018285887083
v 0.8010273669126055 -0.5484037557969349 0.2400176620269303
v 0.8473234939863837 -0.48879765290410315 0.20765295821188412
v 0.8524217196008145 -0.4683518584540146 0.23243009408306214
v 0.8719767233286813 -0.43762536427384385 0.21940974116288048
v 0.8680265495464918 -0.4573963815612921 0.19317986286631583
v 0.9097627383518804 -0.38135915050492764 0.16400292141497996
v 0.9112025835577238 -0.36379677616384737 0.19329189680512004
v 0.9275314408568166 -0.3262031725666653 0.18241961635065518
v 0.9272190638070501 -0.3423765531271763 0.15179955066313966
v 0.9593417502013615 -0.2508659767280828 0.12934321799326642
v 0.9574602598645253 -0.23846632254448144 0.16249204224289415
v 0.9684190584097864 -0.19513825832787948 0.15519532030787686
v 0.9711453975248104 -0.20545914454861308 0.12109152236110499
v 0.9887520607337749 -0.10264311799995826 0.10878305346863582
v 0.9847269584623656 -0.09736349151254933 0.144336993864858
v 0.9886006721274465 -0.05072919594145849 0.14175775022302672
v 0.9929416097608945 -0.05349619710932549 0.1058542228741185
v 0.9929416097608945 0.05349619710932549 0.1058542228741185
v 0.9886006721274465 0.05072919594145849 0.14175775022302672
v 0.9847269584623656 0.09736349151254933 0.144336993864858
v 0.9887520607337749 0.10264311799995826 0.10878305346863582
v 0.9711453975248104 0.20545914454861308 0.12109152236110499
v 0.9684190584097864 0.19513825832787948 0.15519532030787686
v 0.9574602598645253 0.23846632254448144 0.16249204224289415
v 0.9593417502013615 0.2508659767280828 0.12934321799326642
v 0.9272190638070501 0.34237655312717613 0.15179955066313966
v 0.9275314408568166 0.32620317256666514 0.18241961635065518
v 0.9112025835577238 0.3637967761638472 0.19329189680512004
v 0.9097627383518804 0.38135915050492747 0.16400292141497996
v 0.8680265495464917 0.4573963815612921 0.19317986286631594
v 0.871976723328681 0.4376253642738439 0.2194097411628806
v 0.8524217196008144 0.46835185845401467 0.23243009408306226
v 0.8473234939863837 0.4887976529041033 0.20765295821188412
v 0.8010273669126056 0.5484037557969348 0.2400176620269302
v 0.808459095785004 0.527167946062562 0.26170182858870816
v 0.7876547484359084 0.5510625836992149 0.2755540348336629
v 0.7792366654574502 0.5723959211441715 0.2552511090363162
v 0.7324343107959743 0.6169387558741386 0.2879697065131954
v 0.7427283253875469 0.595855890579997 0.30546749798976847
v 0.7221561145098526 0.6136971235947309 0.3191651402762933
v 0.7111174146507581 0.6344924107067866 0.302871925631796
v 0.6664806091959354 0.6664806091959354 0.3340766306278086
v 0.6788563498397491 0.6465703156796612 0.34799552175876525
v 0.6594455446672951 0.6594455446672951 0.36091986262452935
v 0.6465703156796612 0.6788563498397491 0.34799552175876525
v 0.6055386437784099 0.7010243694727715 0.37667994942166355
v 0.6192552561136828 0.6828083612467518 0.38767985450252906
v 0.601480679685856 0.6918157004146452 0.3995147414357004
v 0.5874736273067525 0.7094458127396919 0.38930884398529264
v 0.5506048435994352 0.7242515748265895 0.41508307911314135
v 0.5650536785968321 0.7079083007201865 0.423769015001859
v 0.5490770991192219 0.714006390469176 0.4344067375076019
v 0.5344985611089504 0.7297555913169508 0.42634266161634476
v 0.501809436919228 0.7391962927548681 0.44919497970955424
v 0.5165337521490964 0.7246987936910352 0.45607514875679694
v 0.5023286544578744 0.7286594624739381 0.4655333614873727
v 0.4875897351029913 0.7425972443947004 0.4591356910975146
v 0.5311204169468492 -0.698715735801814 0.47927802291064275
v 0.5431435007013312 -0.6849872876091873 0.4855796056875863
v 0.557028304047695 -0.6794654285500177 0.47754183051863575
v 0.5451460354291403 -0.6936534684631853 0.4708085234412003
v 0.577044908643004 -0.6805330988423168 0.45154609375927574
v 0.5885031648442302 -0.6653479741818882 0.4593213452697166
v 0.6037852337735466 -0.6576594330873996 0.45047470689061286
v 0.5925861001781586 -0.6733015735281916 0.4421614014815206
v 0.6277273806000159 -0.6548030224420142 0.42094101421202235
v 0.6382127548945971 -0.6382127548945971 0.43054495581727353
v 0.6548030224420142 -0.6277273806000159 0.42094101421202235
v 0.6447268618772146 -0.6447268618772146 0.4106757201831122
v 0.6828083612467518 -0.6192552561136829 0.38767985450252906
v 0.6918157004146452 -0.6014806796858561 0.3995147414357004
v 0.7094458127396918 -0.5874736273067525 0.3893088439852927
v 0.7010243694727715 -0.60553864377841 0.37667994942166355
v 0.7412474205403545 -0.5712905772382529 0.3523908879370391
v 0.7482034627626803 -0.5528075638910338 0.36687242416784993
v 0.7663450011324493 -0.5345235535646357 0.35637046724432747
v 0.7601598234870575 -0.5530788273044311 0.34097045846184504
v 0.8010216575151032 -0.5082532423960757 0.31629566197725895
v 0.8053622484136856 -0.4898775809175739 0.33378376914463465
v 0.8231546153229671 -0.4666632802864699 0.32348394412206916
v 0.8197408764172578 -0.48477298139999014 0.30499188847448233
v 0.8588790572834145 -0.4279771919948002 0.281357935896962
v 0.8601887609021229 -0.4109062742503069 0.3020452439609039
v 0.8764194516659147 -0.38242023951907717 0.2926494577951396
v 0.8761071535638811 -0.3987729495790197 0.2709545905834453
v 0.9103330856648649 -0.3296211740375619 0.2502869448652576
v 0.9085348290348172 -0.3153673672057746 0.2740581838449153
v 0.921732087871001 -0.2818353826896098 0.2664184213847959
v 0.9244509000628077 -0.2948589136409183 0.24176177203925808
v 0.9501311241721356 -0.21461531635670267 0.22625453114690575
v 0.9456630934110636 -0.2047736187038104 0.25256499924408504
v 0.9543430961125908 -0.16719177200666724 0.24754023163014327
v 0.9594712238874643 -0.17534037122120524 0.22061442552993082
v 0.973308197982429 -0.08727735260001351 0.21225884071889645
v 0.96717876563725 -0.08314159138775057 0.2401097896419837
v 0.9702135180366761 -0.043284825070189055 0.23835300152827887
v 0.9765840961180845 -0.04544829505203346 0.21028065932483442
v 0.9765840961180845 0.04544829505203346 0.21028065932483442
v 0.9702135180366761 0.043284825070189055 0.23835300152827887
v 0.96717876563725 0.08314159138775057 0.2401097896419837
v 0.973308197982429 0.08727735260001351 0.21225884071889645
v 0.9594712238874643 0.17534037122120524 0.22061442552993082
v 0.9543430961125908 0.16719177200666724 0.24754023163014327
v 0.9456630934110636 0.2047736187038104 0.25256499924408504
v 0.9501311241721356 0.21461531635670267 0.22625453114690575
v 0.9244509000628077 0.29485891364091815 0.24176177203925808
v 0.921732087871001 0.2818353826896096 0.2664184213847959
v 0.9085348290348172 0.3153673672057744 0.2740581838449153
v 0.9103330856648651 0.3296211740375618 0.2502869448652575
v 0.8761071535638812 0.39877294957901976 0.2709545905834453
v 0.8764194516659147 0.3824202395190772 0.2926494577951396
v 0.8601887609021229 0.41090627425030696 0.3020452439609039
v 0.8588790572834144 0.4279771919948002 0.2813579358969621
v 0.8197408764172578 0.4847729813999899 0.30499188847448233
v 0.8231546153229671 0.4666632802864698 0.32348394412206916
v 0.8053622484136858 0.4898775809175738 0.33378376914463453
v 0.8010216575151033 0.5082532423960757 0.31629566197725884
v 0.7601598234870575 0.553078827304431 0.34097045846184504
v 0.7663450011324495 0.5345235535646357 0.35637046724432736
v 0.7482034627626805 0.5528075638910338 0.3668724241678498
v 0.7412474205403544 0.5712905772382527 0.35239088793703915
v 0.7010243694727715 0.6055386437784099 0.37667994942166355
v 0.7094458127396919 0.5874736273067525 0.38930884398529264
v 0.6918157004146452 0.601480679685856 0.3995147414357004
v 0.6828083612467518 0.6192552561136828 0.38767985450252906
v 0.6447268618772146 0.6447268618772146 0.4106757201831122
v 0.6548030224420142 0.6277273806000159 0.42094101421202235
v 0.6382127548945971 0.6382127548945971 0.43054495581727353
v 0.6277273806000159 0.6548030224420142 0.42094101421202235
v 0.5925861001781586 0.6733015735281916 0.4421614014815206
v 0.6037852337735466 0.6576594330873996 0.45047470689061286
v 0.5885031648442302 0.6653479741818882 0.4593213452697166
v 0.577044908643004 0.6805330988423168 0.45154609375927574
v 0.5451460354291403 0.6936534684631853 0.4708085234412003
v 0.557028304047695 0.6794654285500177 0.47754183051863575
v 0.5431435007013312 0.6849872876091873 0.4855796056875863
v 0.5311204169468492 0.698715735801814 0.47927802291064275
v 0.5664649482762915 -0.6558769980541675 0.49894170581120184
v 0.5761397119840393 -0.6426813534066426 0.5049987230264592
v 0.5894026454013064 -0.6359195048073769 0.49820769263378734
v 0.5799492468191195 -0.6494736320521808 0.4917752254667617
v 0.6103068845724542 -0.6334753776930867 0.4756410963111433
v 0.6191704898994506 -0.6191704898994506 0.4829656394355075
v 0.6334753776930867 -0.6103068845724542 0.4756410963111433
v 0.6249416070062951 -0.6249416070062951 0.46786320187078034
v 0.6576594330873996 -0.6037852337735466 0.45047470689061286
v 0.6653479741818882 -0.5885031648442302 0.4593213452697166
v 0.6805330988423168 -0.577044908643004 0.45154609375927574
v 0.6733015735281916 -0.5925861001781586 0.4421614014815206
v 0.7079083007201866 -0.5650536785968322 0.423769015001859
v 0.714006390469176 -0.5490770991192221 0.43440673750760195
v 0.7297555913169507 -0.5344985611089506 0.4263426616163448
v 0.7242515748265895 -0.5506048435994353 0.4150830791131413
v 0.7598621048502922 -0.5154309382550932 0.39615720301662805
v 0.7639405138936111 -0.4992450519092994 0.4088389284009614
v 0.779736770252028 -0.48105030773007706 0.40075075863900006
v 0.7763808739692787 -0.49716297723707054 0.38737799705129256
v 0.8115865606778511 -0.45322366375516354 0.36866728243694635
v 0.8132728222948593 -0.4375548678179273 0.3835792671214003
v 0.8283696048688434 -0.4153807162046847 0.3758492494800533
v 0.8274958852376997 -0.43069466154729424 0.3602119770764674
v 0.8603215403014758 -0.3773038523400079 0.3427661743852297
v 0.8594044224790831 -0.3631169792765328 0.359958467027072
v 0.8728421535069851 -0.33687170698392793 0.35307793487419054
v 0.8745854827988605 -0.3503584201821609 0.3351853378131931
v 0.9025912677979929 -0.28763897545210776 0.32030114438708074
v 0.8991410872593031 -0.2760596793414031 0.33961207081621825
v 0.909837558811848 -0.24606771321090412 0.3341351479423454
v 0.9140162723057113 -0.2565819905273775 0.31422911401934234
v 0.9346103789783252 -0.18580166375293383 0.30328399438914194
v 0.9290713010026529 -0.1779453213662445 0.32428687956360797
v 0.9359961838627616 -0.1450388696842201 0.32074112626083817
v 0.942040983459003 -0.1515170812556439 0.2993348619378726
v 0.9529911446899805 -0.0752110893411673 0.29351519582910135
v 0.9461867029052409 -0.07194297356064874 0.31552326665487185
v 0.9485874202968426 -0.03743222736493798 0.3142940254110489
v 0.9555735037714788 -0.039139374280350296 0.2921427532403331
v 0.9555735037714788 0.039139374280350296 0.2921427532403331
v 0.9485874202968426 0.03743222736493798 0.3142940254110489
v 0.9461867029052409 0.07194297356064874 0.31552326665487185
v 0.9529911446899805 0.0752110893411673 0.29351519582910135
v 0.942040983459003 0.1515170812556439 0.2993348619378726
v 0.9359961838627616 0.1450388696842201 0.32074112626083817
v 0.9290713010026529 0.1779453213662445 0.32428687956360797
v 0.9346103789783252 0.18580166375293383 0.30328399438914194
v 0.9140162723057113 0.25658199052737735 0.31422911401934234
v 0.909837558811848 0.24606771321090398 0.3341351479423454
v 0.8991410872593032 0.276059679341403 0.3396120708162182
v 0.9025912677979931 0.28763897545210765 0.3203011443870807
v 0.8745854827988605 0.350358420182161 0.3351853378131931
v 0.8728421535069851 0.336871706983928 0.35307793487419054
v 0.8594044224790831 0.36311697927653286 0.359958467027072
v 0.8603215403014758 0.377303852340008 0.3427661743852297
v 0.8274958852376997 0.4306946615472941 0.3602119770764674
v 0.8283696048688434 0.4153807162046846 0.3758492494800533
v 0.8132728222948594 0.43755486781792713 0.3835792671214002
v 0.8115865606778512 0.4532236637551635 0.3686672824369463
v 0.7763808739692787 0.4971629772370704 0.38737799705129256
v 0.7797367702520281 0.481050307730077 0.400750758639
v 0.7639405138936112 0.49924505190929935 0.40883892840096137
v 0.7598621048502922 0.5154309382550931 0.39615720301662805
v 0.7242515748265895 0.5506048435994352 0.41508307911314135
v 0.7297555913169508 0.5344985611089504 0.42634266161634476
v 0.714006390469176 0.5490770991192219 0.4344067375076019
v 0.7079083007201865 0.5650536785968321 0.423769015001859
v 0.6733015735281916 0.5925861001781586 0.4421614014815206
v 0.6805330988423168 0.577044908643004 0.45154609375927574
v 0.6653479741818882 0.5885031648442302 0.4593213452697166
v 0.6576594330873996 0.6037852337735466 0.45047470689061286
v 0.6249416070062951 0.6249416070062951 0.46786320187078034
v 0.6334753776930867 0.6103068845724542 0.4756410963111433
v 0.6191704898994506 0.6191704898994506 0.4829656394355075
v 0.6103068845724542 0.6334753776930867 0.4756410963111433
v 0.5799492468191195 0.6494736320521808 0.4917752254667617
v 0.5894026454013064 0.6359195048073769 0.49820769263378734
v 0.5761397119840393 0.6426813534066426 0.5049987230264592
v 0.5664649482762915 0.6558769980541675 0.49894170581120184
v 0.5947988418384547 -0.6149615144431481 0.5177225835342927
v 0.6024975746952257 -0.6024975746952257 0.5234437362054702
v 0.6149615144431481 -0.5947988418384547 0.5177225835342927
v 0.6075287050330235 -0.6075287050330235 0.5116812925267008
v 0.6359195048073769 -0.5894026454013064 0.49820769263378734
v 0.6426813534066426 -0.5761397119840393 0.5049987230264592
v 0.6558769980541675 -0.5664649482762915 0.49894170581120184
v 0.6494736320521808 -0.5799492468191195 0.4917752254667617
v 0.6794654285500177 -0.557028304047695 0.47754183051863575
v 0.6849872876091873 -0.5431435007013312 0.4855796056875863
v 0.698715735801814 -0.5311204169468492 0.47927802291064275
v 0.6936534684631853 -0.5451460354291403 0.4708085234412003
v 0.7246987936910352 -0.5165337521490964 0.45607514875679694
v 0.728659462473938 -0.5023286544578744 0.4655333614873728
v 0.7425972443947002 -0.48758973510299136 0.45913569109751473
v 0.739196292754868 -0.501809436919228 0.4491949797095543
v 0.7704241478425979 -0.4666529851785227 0.4343749806848689
v 0.7725210665995257 -0.45258136688617606 0.4454001661510374
v 0.7861971138219521 -0.4348165228299149 0.4391226362784482
v 0.7847432144865875 -0.44872471051374 0.42757949143009416
v 0.8149119319205781 -0.40636553964638994 0.4132621340037935
v 0.8149180045573452 -0.39304500823775324 0.4259392765966285
v 0.8277089632795338 -0.3720762466511105 0.42006801685529604
v 0.8283906184760941 -0.3850058093006646 0.406865469197786
v 0.8559007014071867 -0.33518323632270736 0.3938098366203183
v 0.8537368889726049 -0.3233740243822033 0.40812077227486987
v 0.8648962288546501 -0.29924364777455975 0.4029984523290131
v 0.8677297915621923 -0.3104011118790715 0.3881960311230275
v 0.8907369911563396 -0.25347466563681753 0.3772773601291948
v 0.8865448556239798 -0.2440101889077219 0.39306137774636996
v 0.8952780147257641 -0.21706050227604812 0.3890527145521084
v 0.900040512460175 -0.22561229616530706 0.37286212967991705
v 0.9166911717167711 -0.16273108222269178 0.3649601218971257
v 0.9108776957771721 -0.15639746458986828 0.38189220521703576
v 0.9164617089350305 -0.12730831332056944 0.3793290516363794
v 0.9226614633204713 -0.13251426904067434 0.36212676316994596
v 0.9314236299039063 -0.06564002387369189 0.3579684468252649
v 0.9246479400077805 -0.06302604595393846 0.37557143737347787
v 0.9265711080107643 -0.03277775274239979 0.374688671732764
v 0.9334837688637545 -0.03414169002980727 0.35699075375957423
v 0.9334837688637545 0.03414169002980727 0.35699075375957423
v 0.9265711080107643 0.03277775274239979 0.374688671732764
v 0.9246479400077805 0.06302604595393846 0.37557143737347787
v 0.9314236299039063 0.06564002387369189 0.3579684468252649
v 0.9226614633204713 0.13251426904067434 0.36212676316994596
v 0.9164617089350305 0.12730831332056944 0.3793290516363794
v 0.9108776957771721 0.15639746458986828 0.38189220521703576
v 0.9166911717167711 0.16273108222269178 0.3649601218971257
v 0.9000405124601751 0.22561229616530695 0.372862129679917
v 0.8952780147257642 0.21706050227604803 0.3890527145521083
v 0.8865448556239798 0.24401018890772175 0.39306137774636996
v 0.8907369911563396 0.25347466563681736 0.3772773601291948
v 0.8677297915621921 0.3104011118790715 0.3881960311230276
v 0.8648962288546501 0.2992436477745598 0.4029984523290131
v 0.8537368889726049 0.32337402438220336 0.40812077227486987
v 0.8559007014071867 0.3351832363227074 0.3938098366203183
v 0.8283906184760942 0.3850058093006644 0.40686546919778593
v 0.8277089632795339 0.3720762466511105 0.42006801685529593
v 0.8149180045573453 0.3930450082377532 0.42593927659662845
v 0.8149119319205781 0.40636553964638983 0.4132621340037935
v 0.7847432144865875 0.4487247105137399 0.42757949143009416
v 0.7861971138219522 0.43481652282991484 0.4391226362784482
v 0.7725210665995257 0.45258136688617595 0.4454001661510374
v 0.7704241478425982 0.4666529851785227 0.4343749806848688
v 0.7391962927548681 0.501809436919228 0.44919497970955424
v 0.7425972443947004 0.4875897351029913 0.4591356910975146
v 0.7286594624739381 0.5023286544578744 0.4655333614873727
v 0.7246987936910352 0.5165337521490964 0.45607514875679694
v 0.6936534684631853 0.5451460354291403 0.4708085234412003
v 0.698715735801814 0.5311204169468492 0.47927802291064275
v 0.6849872876091873 0.5431435007013312 0.4855796056875863
v 0.6794654285500177 0.557028304047695 0.47754183051863575
v 0.6494736320521808 0.5799492468191195 0.4917752254667617
v 0.6558769980541675 0.5664649482762915 0.49894170581120184
v 0.6426813534066426 0.5761397119840393 0.5049987230264592
v 0.6359195048073769 0.5894026454013064 0.49820769263378734
v 0.6075287050330235 0.6075287050330235 0.5116812925267008
v 0.6149615144431481 0.5947988418384547 0.5177225835342927
v 0.6024975746952257 0.6024975746952257 0.5234437362054702
v 0.5947988418384547 0.6149615144431481 0.5177225835342927
f 1 2 3 4
f 5 6 7 8
f 9 10 11 12
f 13 14 15 16
f 17 18 19 20
f 21 22 23 24
f 25 26 27 28
f 29 30 31 32
f 33 34 35 36
f 37 38 39 40
f 41 42 43 44
f 45 46 47 48
f 49 50 51 52
f 53 54 55 56
f 57 58 59 60
f 61 62 63 64
f 65 66 67 68
f 69 70 71 72
f 73 74 75 76
f 77 78 79 80
f 81 82 83 84
f 85 86 87 88
f 89 90 91 92
f 93 94 95 96
f 97 98 99 100
f 101 102 103 104
f 105 106 107 108
f 109 110 111 112
f 113 114 115 116
f 117 118 119 120
f 121 122 123 124
f 125 126 127 128
f 129 130 131 132
f 133 134 135 136
f 137 138 139 140
f 141 142 143 144
f 145 146 147 148
f 149 150 151 152
f 153 154 155 156
f 157 158 159 160
f 161 162 163 164
f 165 166 167 168
f 169 170 171 172
f 173 174 175 176
f 177 178 179 180
f 181 182 183 184
f 185 186 187 188
f 189 190 191 192
f 193 194 195 196
f 197 198 199 200
f 201 202 203 204
f 205 206 207 208
f 209 210 211 212
f 213 214 215 216
f 217 218 219 220
f 221 222 223 224
f 225 226 227 228
f 229 230 231 232
f 233 234 235 236
f 237 238 239 240
f 241 242 243 244
f 245 246 247 248
f 249 250 251 252
f 253 254 255 256
f 257 258 259 260
f 261 262 263 264
f 265 266 267 268
f 269 270 271 272
f 273 274 275 276
f 277 278 279 280
f 281 282 283 284
f 285 286 287 288
f 289 290 291 292
f 293 294 295 296
f 297 298 299 300
f 301 302 303 304
f 305 306 307 308
f 309 310 311 312
f 313 314 315 316
f 317 318 319 320
f 321 322 323 324
f 325 326 327 328
f 329 330 331 332
f 333 334 335 336
f 337 338 339 340
f 341 342 343 344
f 345 346 347 348
f 349 350 351 352
f 353 354 355 356
f 357 358 359 360
f 361 362 363 364
f 365 366 367 368
f 369 370 371 372
f 373 374 375 376
f 377 378 379 380
f 381 382 383 384
f 385 386 387 388
f 389 390 391 392
f 393 394 395 396
f 397 398 399 400
f 401 402 403 404
f 405 406 407 408
f 409 410 411 412
f 413 414 415 416
f 417 418 419 420
f 421 422 423 424
f 425 426 427 428
f 429 430 431 432
f 433 434 435 436
f 437 438 439 440
f 441 442 443 444
f 445 446 447 448
f 449 450 451 452
f 453 454 455 456
f 457 458 459 460
f 461 462 463 464
f 465 466 467 468
f 469 470 471 472
f 473 474 475 476
f 477 478 479 480
f 481 482 483 484
f 485 486 487 488
f 489 490 491 492
f 493 494 495 496
f 497 498 499 500
f 501 502 503 504
f 505 506 507 508
f 509 510 511 512
f 513 514 515 516
f 517 518 519 520
f 521 522 523 524
f 525 526 527 528
f 529 530 531 532
f 533 534 535 536
f 537 538 539 540
f 541 542 543 544
f 545 546 547 548
f 549 550 551 552
f 553 554 555 556
f 557 558 559 560
f 561 562 563 564
f 565 566 567 568
f 569 570 571 572
f 573 574 575 576
f 577 578 579 580
f 581 582 583 584
f 585 586 587 588
f 589 590 591 592
f 593 594 595 596
f 597 598 599 600
f 601 602 603 604
f 605 606 607 608
f 609 610 611 612
f 613 614 615 616
f 617 618 619 620
f 621 622 623 624
f 625 626 627 628
f 629 630 631 632
f 633 634 635 636
f 637 638 639 640
f 641 642 643 644
f 645 646 647 648
f 649 650 651 652
f 653 654 655 656
f 657 658 659 660
f 661 662 663 664
f 665 666 667 668
f 669 670 671 672
f 673 674 675 676
f 677 678 679 680
f 681 682 683 684
f 685 686 687 688
f 689 690 691 692
f 693 694 695 696
f 697 698 699 700
f 701 702 703 704
f 705 706 707 708
f 709 710 711 712
f 713 714 715 716
f 717 718 719 720
f 721 722 723 724
f 725 726 727 728
f 729 730 731 732
f 733 734 735 736
f 737 738 739 740
f 741 742 743 744
f 745 746 747 748
f 749 750 751 752
f 753 754 755 756
f 757 758 759 760
f 761 762 763 764
f 765 766 767 768
f 769 770 771 772
f 773 774 775 776
f 777 778 779 780
f 781 782 783 784
f 785 786 787 788
f 789 790 791 792
f 793 794 795 796
f 797 798 799 800
f 801 802 803 804
f 805 806 807 808
f 809 810 811 812
f 813 814 815 816
f 817 818 819 820
f 821 822 823 824
f 825 826 827 828
f 829 830 831 832
f 833 834 835 836
f 837 838 839 840
f 841 842 843 844
f 845 846 847 848
f 849 850 851 852
f 853 854 855 856
f 857 858 859 860
f 861 862 863 864
f 865 866 867 868
f 869 870 871 872
f 873 874 875 876
f 877 878 879 880
f 881 882 883 884
f 885 886 887 888
f 889 890 891 892
f 893 894 895 896
f 897 898 899 900
f 901 902 903 904
f 905 906 907 908
f 909 910 911 912
f 913 914 915 916
f 917 918 919 920
f 921 922 923 924
f 925 926 927 928
f 929 930 931 932
f 933 934 935 936
f 937 938 939 940
f 941 942 943 944
f 945 946 947 948
f 949 950 951 952
f 953 954 955 956
f 957 958 959 960
f 961 962 963 964
f 965 966 967 968
f 969 970 971 972
f 973 974 975 976
f 977 978 979 980
f 981 982 983 984
f 985 986 987 988
f 989 990 991 992
f 993 994 995 996
f 997 998 999 1000
f 1001 1002 1003 1004
f 1005 1006 1007 1008
f 1009 1010 1011 1012
f 1013 1014 1015 1016
f 1017 1018 1019 1020
f 1021 1022 1023 1024
f 1025 1026 1027 1028
f 1029 1030 1031 1032
f 1033 1034 1035 1036
f 1037 1038 1039 1040
f 1041 1042 1043 1044
f 1045 1046 1047 1048
f 1049 1050 1051 1052
f 1053 1054 1055 1056
f 1057 1058 1059 1060
f 1061 1062 1063 1064
f 1065 1066 1067 1068
f 1069 1070 1071 1072
f 1073 1074 1075 1076
f 1077 1078 1079 1080
f 1081 1082 1083 1084
f 1085 1086 1087 1088
f 1089 1090 1091 1092
f 1093 1094 1095 1096
f 1097 1098 1099 1100
f 1101 1102 1103 1104
f 1105 1106 1107 1108
f 1109 1110 1111 1112
f 1113 1114 1115 1116
f 1117 1118 1119 1120
f 1121 1122 1123 1124
f 1125 1126 1127 1128
f 1129 1130 1131 1132
f 1133 1134 1135 1136
f 1137 1138 1139 1140
f 1141 1142 1143 1144
f 1145 1146 1147 1148
f 1149 1150 1151 1152
f 1153 1154 1155 1156
f 1157 1158 1159 1160
f 1161 1162 1163 1164
f 1165 1166 1167 1168
f 1169 1170 1171 1172
f 1173 1174 1175 1176
f 1177 1178 1179 1180
f 1181 1182 1183 1184
f 1185 1186 1187 1188
f 1189 1190 1191 1192
f 1193 1194 1195 1196
f 1197 1198 1199 1200
f 1201 1202 1203 1204
f 1205 1206 1207 1208
f 1209 1210 1211 1212
f 1213 1214 1215 1216
f 1217 1218 1219 1220
f 1221 1222 1223 1224
f 1225 1226 1227 1228
f 1229 1230 1231 1232
f 1233 1234 1235 1236
f 1237 1238 1239 1240
f 1241 1242 1243 1244
f 1245 1246 1247 1248
f 1249 1250 1251 1252
f 1253 1254 1255 1256
f 1257 1258 1259 1260
f 1261 1262 1263 1264
f 1265 1266 1267 1268
f 1269 1270 1271 1272
f 1273 1274 1275 1276
f 1277 1278 1279 1280
f 1281 1282 1283 1284
f 1285 1286 1287 1288
f 1289 1290 1291 1292
f 1293 1294 1295 1296
f 1297 1298 1299 1300
f 1301 1302 1303 1304
f 1305 1306 1307 1308
f 1309 1310 1311 1312
f 1313 1314 1315 1316
f 1317 1318 1319 1320
f 1321 1322 1323 1324
f 1325 1326 1327 1328
f 1329 1330 1331 1332
f 1333 1334 1335 1336
f 1337 1338 1339 1340
f 1341 1342 1343 1344
f 1345 1346 1347 1348
f 1349 1350 1351 1352
f 1353 1354 1355 1356
f 1357 1358 1359 1360
f 1361 1362 1363 1364
f 1365 1366 1367 1368
f 1369 1370 1371 1372
f 1373 1374 1375 1376
f 1377 1378 1379 1380
f 1381 1382 1383 1384
f 1385 1386 1387 1388
f 1389 1390 1391 1392
f 1393 1394 1395 1396
f 1397 1398 1399 1400
f 1401 1402 1403 1404
f 1405 1406 1407 1408
f 1409 1410 1411 1412
f 1413 1414 1415 1416
f 1417 1418 1419 1420
f 1421 1422 1423 1424
f 1425 1426 1427 1428
f 1429 1430 1431 1432
f 1433 1434 1435 1436
f 1437 1438 1439 1440
f 1441 1442 1443 1444
f 1445 1446 1447 1448
f 1449 1450 1451 1452
f 1453 1454 1455 1456
f 1457 1458 1459 1460
f 1461 1462 1463 1464
f 1465 1466 1467 1468
f 1469 1470 1471 1472
f 1473 1474 1475 1476
f 1477 1478 1479 1480
f 1481 1482 1483 1484
f 1485 1486 1487 1488
f 1489 1490 1491 1492
f 1493 1494 1495 1496
f 1497 1498 1499 1500
f 1501 1502 1503 1504
f 1505 1506 1507 1508
f 1509 1510 1511 1512
f 1513 1514 1515 1516
f 1517 1518 1519 1520
f 1521 1522 1523 1524
f 1525 1526 1527 1528
f 1529 1530 1531 1532
f 1533 1534 1535 1536
f 1537 1538 1539 1540
f 1541 1542 1543 1544
f 1545 1546 1547 1548
f 1549 1550 1551 1552
f 1553 1554 1555 1556
f 1557 1558 1559 1560
f 1561 1562 1563 1564
f 1565 1566 1567 1568
f 1569 1570 1571 1572
f 1573 1574 1575 1576
f 1577 1578 1579 1580
f 1581 1582 1583 1584
f 1585 1586 1587 1588
f 1589 1590 1591 1592
f 1593 1594 1595 1596
f 1597 1598 1599 1600
f 3 4 5 6
f 7 8 9 10
f 11 12 13 14
f 15 16 17 18
f 19 20 21 22
f 23 24 25 26
f 27 28 29 30
f 31 32 33 34
f 35 36 37 38
f 39 40 41 42
f 43 44 45 46
f 47 48 49 50
f 51 52 53 54
f 55 56 57 58
f 59 60 61 62
f 63 64 65 66
f 67 68 69 70
f 71 72 73 74
f 75 76 77 78
f 83 84 85 86
f 87 88 89 90
f 91 92 93 94
f 95 96 97 98
f 99 100 101 102
f 103 104 105 106
f 107 108 109 110
f 111 112 113 114
f 115 116 117 118
f 119 120 121 122
f 123 124 125 126
f 127 128 129 130
f 131 132 133 134
f 135 136 137 138
f 139 140 141 142
f 143 144 145 146
f 147 148 149 150
f 151 152 153 154
f 155 156 157 158
f 163 164 165 166
f 167 168 169 170
f 171 172 173 174
f 175 176 177 178
f 179 180 181 182
f 183 184 185 186
f 187 188 189 190
f 191 192 193 194
f 195 196 197 198
f 199 200 201 202
f 203 204 205 206
f 207 208 209 210
f 211 212 213 214
f 215 216 217 218
f 219 220 221 222
f 223 224 225 226
f 227 228 229 230
f 231 232 233 234
f 235 236 237 238
f 243 244 245 246
f 247 248 249 250
f 251 252 253 254
f 255 256 257 258
f 259 260 261 262
f 263 264 265 266
f 267 268 269 270
f 271 272 273 274
f 275 276 277 278
f 279 280 281 282
f 283 284 285 286
f 287 288 289 290
f 291 292 293 294
f 295 296 297 298
f 299 300 301 302
f 303 304 305 306
f 307 308 309 310
f 311 312 313 314
f 315 316 317 318
f 323 324 325 326
f 327 328 329 330
f 331 332 333 334
f 335 336 337 338
f 339 340 341 342
f 343 344 345 346
f 347 348 349 350
f 351 352 353 354
f 355 356 357 358
f 359 360 361 362
f 363 364 365 366
f 367 368 369 370
f 371 372 373 374
f 375 376 377 378
f 379 380 381 382
f 383 384 385 386
f 387 388 389 390
f 391 392 393 394
f 395 396 397 398
f 403 404 405 406
f 407 408 409 410
f 411 412 413 414
f 415 416 417 418
f 419 420 421 422
f 423 424 425 426
f 427 428 429 430
f 431 432 433 434
f 435 436 437 438
f 439 440 441 442
f 443 444 445 446
f 447 448 449 450
f 451 452 453 454
f 455 456 457 458
f 459 460 461 462
f 463 464 465 466
f 467 468 469 470
f 471 472 473 474
f 475 476 477 478
f 483 484 485 486
f 487 488 489 490
f 491 492 493 494
f 495 496 497 498
f 499 500 501 502
f 503 504 505 506
f 507 508 509 510
f 511 512 513 514
f 515 516 517 518
f 519 520 521 522
f 523 524 525 526
f 527 528 529 530
f 531 532 533 534
f 535 536 537 538
f 539 540 541 542
f 543 544 545 546
f 547 548 549 550
f 551 552 553 554
f 555 556 557 558
f 563 564 565 566
f 567 568 569 570
f 571 572 573 574
f 575 576 577 578
f 579 580 581 582
f 583 584 585 586
f 587 588 589 590
f 591 592 593 594
f 595 596 597 598
f 599 600 601 602
f 603 604 605 606
f 607 608 609 610
f 611 612 613 614
f 615 616 617 618
f 619 620 621 622
f 623 624 625 626
f 627 628 629 630
f 631 632 633 634
f 635 636 637 638
f 643 644 645 646
f 647 648 649 650
f 651 652 653 654
f 655 656 657 658
f 659 660 661 662
f 663 664 665 666
f 667 668 669 670
f 671 672 673 674
f 675 676 677 678
f 679 680 681 682
f 683 684 685 686
f 687 688 689 690
f 691 692 693 694
f 695 696 697 698
f 699 700 701 702
f 703 704 705 706
f 707 708 709 710
f 711 712 713 714
f 715 716 717 718
f 723 724 725 726
f 727 728 729 730
f 731 732 733 734
f 735 736 737 738
f 739 740 741 742
f 743 744 745 746
f 747 748 749 750
f 751 752 753 754
f 755 756 757 758
f 759 760 761 762
f 763 764 765 766
f 767 768 769 770
f 771 772 773 774
f 775 776 777 778
f 779 780 781 782
f 783 784 785 786
f 787 788 789 790
f 791 792 793 794
f 795 796 797 798
f 803 804 805 806
f 807 808 809 810
f 811 812 813 814
f 815 816 817 818
f 819 820 821 822
f 823 824 825 826
f 827 828 829 830
f 831 832 833 834
f 835 836 837 838
f 839 840 841 842
f 843 844 845 846
f 847 848 849 850
f 851 852 853 854
f 855 856 857 858
f 859 860 861 862
f 863 864 865 866
f 867 868 869 870
f 871 872 873 874
f 875 876 877 878
f 883 884 885 886
f 887 888 889 890
f 891 892 893 894
f 895 896 897 898
f 899 900 901 902
f 903 904 905 906
f 907 908 909 910
f 911 912 913 914
f 915 916 917 918
f 919 920 921 922
f 923 924 925 926
f 927 928 929 930
f 931 932 933 934
f 935 936 937 938
f 939 940 941 942
f 943 944 945 946
f 947 948 949 950
f 951 952 953 954
f 955 956 957 958
f 963 964 965 966
f 967 968 969 970
f 971 972 973 974
f 975 976 977 978
f 979 980 981 982
f 983 984 985 986
f 987 988 989 990
f 991 992 993 994
f 995 996 997 998
f 999 1000 1001 1002
f 1003 1004 1005 1006
f 1007 1008 1009 1010
f 1011 1012 1013 1014
f 1015 1016 1017 1018
f 1019 1020 1021 1022
f 1023 1024 1025 1026
f 1027 1028 1029 1030
f 1031 1032 1033 1034
f 1035 1036 1037 1038
f 1043 1044 1045 1046
f 1047 1048 1049 1050
f 1051 1052 1053 1054
f 1055 1056 1057 1058
f 1059 1060 1061 1062
f 1063 1064 1065 1066
f 1067 1068 1069 1070
f 1071 1072 1073 1074
f 1075 1076 1077 1078
f 1079 1080 1081 1082
f 1083 1084 1085 1086
f 1087 1088 1089 1090
f 1091 1092 1093 1094
f 1095 1096 1097 1098
f 1099 1100 1101 1102
f 1103 1104 1105 1106
f 1107 1108 1109 1110
f 1111 1112 1113 1114
f 1115 1116 1117 1118
f 1123 1124 1125 1126
f 1127 1128 1129 1130
f 1131 1132 1133 1134
f 1135 1136 1137 1138
f 1139 1140 1141 1142
f 1143 1144 1145 1146
f 1147 1148 1149 1150
f 1151 1152 1153 1154
f 1155 1156 1157 1158
f 1159 1160 1161 1162
f 1163 1164 1165 1166
f 1167 1168 1169 1170
f 1171 1172 1173 1174
f 1175 1176 1177 1178
f 1179 1180 1181 1182
f 1183 1184 1185 1186
f 1187 1188 1189 1190
f 1191 1192 1193 1194
f 1195 1196 1197 1198
f 1203 1204 1205 1206
f 1207 1208 1209 1210
f 1211 1212 1213 1214
f 1215 1216 1217 1218
f 1219 1220 1221 1222
f 1223 1224 1225 1226
f 1227 1228 1229 1230
f 1231 1232 1233 1234
f 1235 1236 1237 1238
f 1239 1240 1241 1242
f 1243 1244 1245 1246
f 1247 1248 1249 1250
f 1251 1252 1253 1254
f 1255 1256 1257 1258
f 1259 1260 1261 1262
f 1263 1264 1265 1266
f 1267 1268 1269 1270
f 1271 1272 1273 1274
f 1275 1276 1277 1278
f 1283 1284 1285 1286
f 1287 1288 1289 1290
f 1291 1292 1293 1294
f 1295 1296 1297 1298
f 1299 1300 1301 1302
f 1303 1304 1305 1306
f 1307 1308 1309 1310
f 1311 1312 1313 1314
f 1315 1316 1317 1318
f 1319 1320 1321 1322
f 1323 1324 1325 1326
f 1327 1328 1329 1330
f 1331 1332 1333 1334
f 1335 1336 1337 1338
f 1339 1340 1341 1342
f 1343 1344 1345 1346
f 1347 1348 1349 1350
f 1351 1352 1353 1354
f 1355 1356 1357 1358
f 1363 1364 1365 1366
f 1367 1368 1369 1370
f 1371 1372 1373 1374
f 1375 1376 1377 1378
f 1379 1380 1381 1382
f 1383 1384 1385 1386
f 1387 1388 1389 1390
f 1391 1392 1393 1394
f 1395 1396 1397 1398
f 1399 1400 1401 1402
f 1403 1404 1405 1406
f 1407 1408 1409 1410
f 1411 1412 1413 1414
f 1415 1416 1417 1418
f 1419 1420 1421 1422
f 1423 1424 1425 1426
f 1427 1428 1429 1430
f 1431 1432 1433 1434
f 1435 1436 1437 1438
f 1443 1444 1445 1446
f 1447 1448 1449 1450
f 1451 1452 1453 1454
f 1455 1456 1457 1458
f 1459 1460 1461 1462
f 1463 1464 1465 1466
f 1467 1468 1469 1470
f 1471 1472 1473 1474
f 1475 1476 1477 1478
f 1479 1480 1481 1482
f 1483 1484 1485 1486
f 1487 1488 1489 1490
f 1491 1492 1493 1494
f 1495 1496 1497 1498
f 1499 1500 1501 1502
f 1503 1504 1505 1506
f 1507 1508 1509 1510
f 1511 1512 1513 1514
f 1515 1516 1517 1518
f 1523 1524 1525 1526
f 1527 1528 1529 1530
f 1531 1532 1533 1534
f 1535 1536 1537 1538
f 1539 1540 1541 1542
f 1543 1544 1545 1546
f 1547 1548 1549 1550
f 1551 1552 1553 1554
f 1555 1556 1557 1558
f 1559 1560 1561 1562
f 1563 1564 1565 1566
f 1567 1568 1569 1570
f 1571 1572 1573 1574
f 1575 1576 1577 1578
f 1579 1580 1581 1582
f 1583 1584 1585 1586
f 1587 1588 1589 1590
f 1591 1592 1593 1594
f 1595 1596 1597 1598
f 2 3 84 81
f 6 7 88 85
f 10 11 92 89
f 14 15 96 93
f 18 19 100 97
f 22 23 104 101
f 26 27 108 105
f 30 31 112 109
f 34 35 116 113
f 38 39 120 117
f 42 43 124 121
f 46 47 128 125
f 50 51 132 129
f 54 55 136 133
f 58 59 140 137
f 62 63 144 141
f 66 67 148 145
f 70 71 152 149
f 74 75 156 153
f 78 79 160 157
f 82 83 164 161
f 86 87 168 165
f 90 91 172 169
f 94 95 176 173
f 98 99 180 177
f 102 103 184 181
f 106 107 188 185
f 110 111 192 189
f 114 115 196 193
f 118 119 200 197
f 122 123 204 201
f 126 127 208 205
f 130 131 212 209
f 134 135 216 213
f 138 139 220 217
f 142 143 224 221
f 146 147 228 225
f 150 151 232 229
f 154 155 236 233
f 158 159 240 237
f 162 163 244 241
f 166 167 248 245
f 170 171 252 249
f 174 175 256 253
f 178 179 260 257
f 182 183 264 261
f 186 187 268 265
f 190 191 272 269
f 194 195 276 273
f 198 199 280 277
f 202 203 284 281
f 206 207 288 285
f 210 211 292 289
f 214 215 296 293
f 218 219 300 297
f 222 223 304 301
f 226 227 308 305
f 230 231 312 309
f 234 235 316 313
f 238 239 320 317
f 242 243 324 321
f 246 247 328 325
f 250 251 332 329
f 254 255 336 333
f 258 259 340 337
f 262 263 344 341
f 266 267 348 345
f 270 271 352 349
f 274 275 356 353
f 278 279 360 357
f 282 283 364 361
f 286 287 368 365
f 290 291 372 369
f 294 295 376 373
f 298 299 380 377
f 302 303 384 381
f 306 307 388 385
f 310 311 392 389
f 314 315 396 393
f 318 319 400 397
f 322 323 404 401
f 326 327 408 405
f 330 331 412 409
f 334 335 416 413
f 338 339 420 417
f 342 343 424 421
f 346 347 428 425
f 350 351 432 429
f 354 355 436 433
f 358 359 440 437
f 362 363 444 441
f 366 367 448 445
f 370 371 452 449
f 374 375 456 453
f 378 379 460 457
f 382 383 464 461
f 386 387 468 465
f 390 391 472 469
f 394 395 476 473
f 398 399 480 477
f 402 403 484 481
f 406 407 488 485
f 410 411 492 489
f 414 415 496 493
f 418 419 500 497
f 422 423 504 501
f 426 427 508 505
f 430 431 512 509
f 434 435 516 513
f 438 439 520 517
f 442 443 524 521
f 446 447 528 525
f 450 451 532 529
f 454 455 536 533
f 458 459 540 537
f 462 463 544 541
f 466 467 548 545
f 470 471 552 549
f 474 475 556 553
f 478 479 560 557
f 482 483 564 561
f 486 487 568 565
f 490 491 572 569
f 494 495 576 573
f 498 499 580 577
f 502 503 584 581
f 506 507 588 585
f 510 511 592 589
f 514 515 596 593
f 518 519 600 597
f 522 523 604 601
f 526 527 608 605
f 530 531 612 609
f 534 535 616 613
f 538 539 620 617
f 542 543 624 621
f 546 547 628 625
f 550 551 632 629
f 554 555 636 633
f 558 559 640 637
f 562 563 644 641
f 566 567 648 645
f 570 571 652 649
f 574 575 656 653
f 578 579 660 657
f 582 583 664 661
f 586 587 668 665
f 590 591 672 669
f 594 595 676 673
f 598 599 680 677
f 602 603 684 681
f 606 607 688 685
f 610 611 692 689
f 614 615 696 693
f 618 619 700 697
f 622 623 704 701
f 626 627 708 705
f 630 631 712 709
f 634 635 716 713
f 638 639 720 717
f 642 643 724 721
f 646 647 728 725
f 650 651 732 729
f 654 655 736 733
f 658 659 740 737
f 662 663 744 741
f 666 667 748 745
f 670 671 752 749
f 674 675 756 753
f 678 679 760 757
f 682 683 764 761
f 686 687 768 765
f 690 691 772 769
f 694 695 776 773
f 698 699 780 777
f 702 703 784 781
f 706 707 788 785
f 710 711 792 789
f 714 715 796 793
f 718 719 800 797
f 722 723 804 801
f 726 727 808 805
f 730 731 812 809
f 734 735 816 813
f 738 739 820 817
f 742 743 824 821
f 746 747 828 825
f 750 751 832 829
f 754 755 836 833
f 758 759 840 837
f 762 763 844 841
f 766 767 848 845
f 770 771 852 849
f 774 775 856 853
f 778 779 860 857
f 782 783 864 861
f 786 787 868 865
f 790 791 872 869
f 794 795 876 873
f 798 799 880 877
f 802 803 884 881
f 806 807 888 885
f 810 811 892 889
f 814 815 896 893
f 818 819 900 897
f 822 823 904 901
f 826 827 908 905
f 830 831 912 909
f 834 835 916 913
f 838 839 920 917
f 842 843 924 921
f 846 847 928 925
f 850 851 932 929
f 854 855 936 933
f 858 859 940 937
f 862 863 944 941
f 866 867 948 945
f 870 871 952 949
f 874 875 956 953
f 878 879 960 957
f 882 883 964 961
f 886 887 968 965
f 890 891 972 969
f 894 895 976 973
f 898 899 980 977
f 902 903 984 981
f 906 907 988 985
f 910 911 992 989
f 914 915 996 993
f 918 919 1000 997
f 922 923 1004 1001
f 926 927 1008 1005
f 930 931 1012 1009
f 934 935 1016 1013
f 938 939 1020 1017
f 942 943 1024 1021
f 946 947 1028 1025
f 950 951 1032 1029
f 954 955 1036 1033
f 958 959 1040 1037
f 962 963 1044 1041
f 966 967 1048 1045
f 970 971 1052 1049
f 974 975 1056 1053
f 978 979 1060 1057
f 982 983 1064 1061
f 986 987 1068 1065
f 990 991 1072 1069
f 994 995 1076 1073
f 998 999 1080 1077
f 1002 1003 1084 1081
f 1006 1007 1088 1085
f 1010 1011 1092 1089
f 1014 1015 1096 1093
f 1018 1019 1100 1097
f 1022 1023 1104 1101
f 1026 1027 1108 1105
f 1030 1031 1112 1109
f 1034 1035 1116 1113
f 1038 1039 1120 1117
f 1042 1043 1124 1121
f 1046 1047 1128 1125
f 1050 1051 1132 1129
f 1054 1055 1136 1133
f 1058 1059 1140 1137
f 1062 1063 1144 1141
f 1066 1067 1148 1145
f 1070 1071 1152 1149
f 1074 1075 1156 1153
f 1078 1079 1160 1157
f 1082 1083 1164 1161
f 1086 1087 1168 1165
f 1090 1091 1172 1169
f 1094 1095 1176 1173
f 1098 1099 1180 1177
f 1102 1103 1184 1181
f 1106 1107 1188 1185
f 1110 1111 1192 1189
f 1114 1115 1196 1193
f 1118 1119 1200 1197
f 1122 1123 1204 1201
f 1126 1127 1208 1205
f 1130 1131 1212 1209
f 1134 1135 1216 1213
f 1138 1139 1220 1217
f 1142 1143 1224 1221
f 1146 1147 1228 1225
f 1150 1151 1232 1229
f 1154 1155 1236 1233
f 1158 1159 1240 1237
f 1162 1163 1244 1241
f 1166 1167 1248 1245
f 1170 1171 1252 1249
f 1174 1175 1256 1253
f 1178 1179 1260 1257
f 1182 1183 1264 1261
f 1186 1187 1268 1265
f 1190 1191 1272 1269
f 1194 1195 1276 1273
f 1198 1199 1280 1277
f 1202 1203 1284 1281
f 1206 1207 1288 1285
f 1210 1211 1292 1289
f 1214 1215 1296 1293
f 1218 1219 1300 1297
f 1222 1223 1304 1301
f 1226 1227 1308 1305
f 1230 1231 1312 1309
f 1234 1235 1316 1313
f 1238 1239 1320 1317
f 1242 1243 1324 1321
f 1246 1247 1328 1325
f 1250 1251 1332 1329
f 1254 1255 1336 1333
f 1258 1259 1340 1337
f 1262 1263 1344 1341
f 1266 1267 1348 1345
f 1270 1271 1352 1349
f 1274 1275 1356 1353
f 1278 1279 1360 1357
f 1282 1283 1364 1361
f 1286 1287 1368 1365
f 1290 1291 1372 1369
f 1294 1295 1376 1373
f 1298 1299 1380 1377
f 1302 1303 1384 1381
f 1306 1307 1388 1385
f 1310 1311 1392 1389
f 1314 1315 1396 1393
f 1318 1319 1400 1397
f 1322 1323 1404 1401
f 1326 1327 1408 1405
f 1330 1331 1412 1409
f 1334 1335 1416 1413
f 1338 1339 1420 1417
f 1342 1343 1424 1421
f 1346 1347 1428 1425
f 1350 1351 1432 1429
f 1354 1355 1436 1433
f 1358 1359 1440 1437
f 1362 1363 1444 1441
f 1366 1367 1448 1445
f 1370 1371 1452 1449
f 1374 1375 1456 1453
f 1378 1379 1460 1457
f 1382 1383 1464 1461
f 1386 1387 1468 1465
f 1390 1391 1472 1469
f 1394 1395 1476 1473
f 1398 1399 1480 1477
f 1402 1403 1484 1481
f 1406 1407 1488 1485
f 1410 1411 1492 1489
f 1414 1415 1496 1493
f 1418 1419 1500 1497
f 1422 1423 1504 1501
f 1426 1427 1508 1505
f 1430 1431 1512 1509
f 1434 1435 1516 1513
f 1438 1439 1520 1517
f 1442 1443 1524 1521
f 1446 1447 1528 1525
f 1450 1451 1532 1529
f 1454 1455 1536 1533
f 1458 1459 1540 1537
f 1462 1463 1544 1541
f 1466 1467 1548 1545
f 1470 1471 1552 1549
f 1474 1475 1556 1553
f 1478 1479 1560 1557
f 1482 1483 1564 1561
f 1486 1487 1568 1565
f 1490 1491 1572 1569
f 1494 1495 1576 1573
f 1498 1499 1580 1577
f 1502 1503 1584 1581
f 1506 1507 1588 1585
f 1510 1511 1592 1589
f 1514 1515 1596 1593
f 1518 1519 1600 1597
