# Blender 4.5.3 LTS
# www.blender.org
o Body
v 5.510805 5.087340 -0.000000
v -3.279805 6.744840 -0.000001
v -7.404515 1.192975 -0.000000
v -7.489370 0.399165 -0.000000
v -7.489370 -0.399165 0.000000
v -7.235760 -1.973270 0.000000
v -6.985020 -2.731205 0.000000
v 7.457510 -0.797200 0.000000
v 9.756860 1.150815 2.737028
v 9.756200 2.174312 3.564584
v 9.334192 3.614938 3.749842
v 6.066725 7.963806 3.750109
v 4.816085 8.784081 3.749289
v 3.720862 9.291690 3.749797
v 1.400080 9.932119 3.749957
v -0.971612 9.963983 3.749697
v -2.773170 9.619682 3.750374
v -4.789690 8.809444 3.750084
v -6.690085 7.445755 3.750055
v -8.025850 5.969601 3.750154
v -8.997200 4.416666 3.749670
v -9.555613 3.039978 3.750427
v -9.978312 0.840610 3.749880
v -9.979990 -0.848425 3.749970
v -9.624055 -2.739515 3.750225
v -8.963005 -4.465264 3.749845
v -7.661977 -6.448675 3.750265
v -3.558928 -9.358288 3.749821
v -1.101145 -9.954430 3.750083
v 1.393565 -9.936810 3.749716
v 4.055610 -9.163915 3.750381
v 5.782520 -8.180850 3.750015
v 7.336420 -6.824689 3.749156
v 8.557535 -5.185915 3.750360
v 9.749480 -2.207448 3.622091
v 9.779700 -1.907050 3.226130
v 9.764234 -1.443717 2.875642
v 9.749083 -0.630725 2.584018
v 9.738780 0.000000 2.529230
v 7.416400 1.169845 0.000005
v 6.461655 3.807495 -0.000000
v 4.697445 5.818050 0.013850
v 2.546185 7.060485 0.000974
v 1.000320 7.439010 0.000899
v -0.606090 7.482165 0.000759
v -2.345520 7.108335 0.009264
v -5.143470 5.449565 0.003260
v -6.508895 3.731755 0.001730
v -6.655140 -3.458195 0.000000
v -6.103195 -4.362530 0.002220
v -5.250705 -5.334325 0.003205
v -4.316590 -6.124515 0.003640
v -2.168680 -7.174095 0.003501
v 2.089565 -7.191685 0.005986
v 2.942580 -6.884800 0.005616
v 3.585145 -6.571970 0.004035
v 4.622090 -5.898090 0.003875
v 5.758450 -4.796560 0.003295
v 7.253075 -1.887250 0.004500
v 9.017380 0.000330 1.430255
v 7.488625 0.000370 0.003635
v -9.639179 0.625195 2.354135
v -9.817840 1.110823 2.930328
v -9.897810 1.066420 3.234785
v -9.937145 0.943765 3.399700
v -9.974300 0.704535 3.564525
v -9.985590 0.327120 3.677560
v -9.987639 -0.460540 3.647160
v -9.954138 -0.816857 3.489380
v -9.838430 -1.117546 3.014834
v -9.691990 -0.898725 2.524120
v -9.636714 -0.607945 2.358782
v 9.490231 1.721695 2.297195
v 8.827240 2.351905 1.548785
v 8.945110 4.414220 3.253850
v 9.454021 3.022875 3.040750
v 9.046920 3.737720 2.576605
v 7.510370 1.340485 0.201545
v 7.985000 5.974731 3.250949
v 7.678925 4.272815 1.178830
v 8.013414 5.476905 2.438494
v 8.047220 4.662775 1.774605
v 7.146625 6.768540 2.768009
v 6.900305 2.925145 0.005390
v 7.242910 6.918660 3.749830
v 5.936485 8.003135 3.191109
v 6.757405 6.754840 2.128855
v 7.098625 5.871690 1.640090
v 6.548350 3.895355 0.183950
v 5.537035 7.218880 1.515634
v 4.654770 8.511490 2.401114
v 3.842075 9.175344 3.145379
v 3.265120 9.132460 2.394939
v 2.800100 9.566420 3.242794
v 4.289265 7.817850 1.330244
v 4.856635 5.837070 0.161570
v 3.578470 6.583455 0.002295
v -0.306365 9.903165 2.942459
v -1.295865 9.841385 3.057444
v 1.281125 7.528595 0.184924
v -3.541950 9.321115 3.234714
v -2.529445 9.595035 2.970434
v -2.877830 8.730499 1.612924
v -5.224600 8.497635 3.248849
v -0.804345 7.538820 0.130449
v -5.407410 8.101851 2.499019
v -6.403070 7.584895 3.017485
v -4.733200 7.787280 1.517764
v -7.181615 6.622625 2.544250
v -7.263555 6.817266 3.174274
v -8.302090 5.478745 3.144305
v -6.429850 6.348230 1.440179
v -7.710080 5.670945 2.164585
v -5.821610 4.708790 0.003945
v -9.828485 1.624050 3.223080
v -9.564775 1.638085 2.433370
v -9.023915 0.507960 1.444325
v -8.827150 1.697355 1.398755
v -9.925515 -1.020800 3.307235
v -9.603826 -0.314240 2.268405
v -9.749990 -2.028040 3.192505
v -9.396029 -2.295050 2.356195
v -9.076816 -1.177590 1.564930
v -9.393195 -3.187820 2.986180
v -8.868850 -4.493785 3.064615
v -8.443460 -2.525810 1.219405
v -8.794775 -4.001360 2.341330
v -8.858555 -3.019730 1.853350
v -7.925245 -6.057810 3.262370
v -7.787410 -5.887090 2.530630
v -8.150390 -4.597580 1.852200
v -7.633585 -4.598345 1.293705
v -6.926080 -7.137160 3.133430
v -6.373945 -7.313210 2.400730
v -5.970125 -7.948565 3.094121
v -6.263355 -4.292870 0.161570
v -4.371895 -8.956730 3.258016
v -3.378705 -9.354615 3.147396
v -2.338890 -9.658525 3.093996
v -2.778030 -9.254630 2.337096
v -1.379100 -9.852144 3.146286
v -1.301780 -9.522585 2.242481
v -0.023020 -9.977370 3.260501
v -3.253265 -6.742980 0.002686
v 0.280440 -9.729034 2.487026
v 0.369295 -9.226700 1.659011
v 1.423755 -9.826410 3.034216
v 2.794330 -9.570625 3.228521
v -0.224135 -7.488035 0.004481
v 3.093895 -9.228310 2.504306
v 4.543765 -8.872575 3.223866
v 2.015160 -8.538300 1.194291
v 0.594480 -7.465660 0.006841
v 4.363590 -8.715631 2.500936
v 6.113580 -7.873154 3.198760
v 3.706190 -8.238805 1.454581
v 5.926730 -7.670400 2.386715
v 4.836830 -7.483120 1.315296
v 8.752370 -4.681785 2.983560
v 9.446150 -3.145975 3.186690
v 9.380970 -2.555005 2.445820
v 6.654420 -3.449350 0.003300
v 8.801414 -2.848590 1.681465
v 8.964680 -1.180430 1.455830
v 8.740915 3.932090 2.193435
v 5.642405 7.852280 2.354140
v 3.027550 8.591431 1.521264
v 1.003845 9.910250 3.182049
v 1.393305 9.121285 1.644274
v -0.603200 9.266760 1.724049
v -1.292170 9.514400 2.234294
v -2.359815 9.317360 2.251224
v -3.981335 8.799240 2.329519
v -6.037690 7.250975 1.977899
v -9.220900 3.756840 3.209900
v -8.757385 3.887955 2.175230
v -8.718335 4.525525 2.689420
v -7.385540 4.987870 1.303195
v -8.369925 3.368735 1.432765
v -6.889425 -6.180475 1.686391
v -5.234090 -8.432170 3.038626
v -5.492450 -7.305200 1.543861
v -5.111240 -8.155835 2.283306
v -4.064450 -8.419730 1.833416
v -3.356280 -8.207075 1.265321
v -1.828430 -9.042455 1.645271
v 2.079075 -9.415000 2.294171
v 2.709530 -9.009930 1.918871
v 4.724390 -8.088301 1.861511
v 6.176540 -7.017925 1.832995
v 7.130755 -6.758420 2.671116
v 6.317720 -6.231880 1.276225
v 7.517980 -5.846395 2.106555
v 7.813020 -4.570325 1.440765
v 8.271111 -5.083185 2.441000
v 8.564695 -4.092005 2.035495
v 1.760360 9.631020 2.606349
v -9.457175 2.856600 2.865535
v 7.902165 -6.027360 3.064101
v 0.795290 9.646415 2.372554
v -9.229135 2.561350 2.190540
v -4.191135 -8.756660 2.441781
v -9.604785 0.319330 2.268885
v -9.694190 0.883150 2.486370
v -9.740931 1.026495 2.659890
v -9.999315 -0.066642 3.697942
v -14.936456 0.000086 7.402805
v -14.513805 0.000505 6.203475
v -13.801965 -0.000100 5.140565
v -14.908278 0.594993 8.200263
v -13.906824 1.025558 8.199695
v -13.597170 0.591833 8.199787
v -13.172615 0.000563 6.818540
v -12.445021 0.000123 5.616152
v -11.271385 -0.000117 4.430820
v -14.890856 0.487551 7.503525
v -13.709550 0.858321 7.803245
v -14.728035 0.362655 6.780105
v -14.296005 0.727085 6.107059
v -13.791004 0.856660 5.478165
v -13.168550 0.921870 6.218330
v -12.939595 0.543230 4.345150
v -12.566771 1.060825 5.116050
v -12.930699 0.790775 4.493400
v -12.900925 1.065750 4.795895
v -13.226851 0.723945 6.597080
v -13.104390 0.433046 6.572295
v -12.524540 0.394025 5.650895
v -12.554680 0.739880 5.511420
v -11.711460 0.534310 4.722590
v -10.469416 0.888930 3.715545
v -10.747825 0.443020 4.044085
v -14.562440 0.826006 6.861465
v -14.587500 0.969111 7.473530
v -14.312975 1.130501 8.199890
v -14.201221 1.060501 6.601955
v -14.135270 0.363095 5.609545
v -13.931700 1.067511 7.541700
v -13.891305 1.114715 6.336305
v -13.492245 0.550066 7.501010
v -13.573814 0.956160 6.970365
v -13.826426 1.126915 6.681520
v -11.297030 0.484080 3.165485
v -11.759615 0.867325 3.641990
v -12.076745 1.126440 4.291455
v -11.509151 1.077305 3.688435
v -11.522770 1.038080 4.252035
v -10.983980 1.118020 3.709895
v -14.383850 1.099116 7.612785
v -9.762965 -1.065665 2.730400
v -9.596070 0.000000 2.243510
v -13.536615 0.001146 8.196170
v -13.997377 -1.062641 8.200068
v -12.101940 0.002470 3.602995
v -14.722775 -0.852229 7.551965
v -14.386330 -1.020504 6.971655
v -13.079400 -0.716010 6.325110
v -13.500834 -0.985360 6.640244
v -12.528530 -0.401170 5.652325
v -14.478835 -0.801889 6.591675
v -12.694850 -0.754605 5.683550
v -12.394470 -1.125130 4.547120
v -14.158175 -0.747825 5.903660
v -11.953159 -0.652840 4.933025
v -13.759516 -0.801290 5.388405
v -11.504335 -0.695395 4.512980
v -12.300285 -1.067605 4.812350
v -13.596635 -0.576475 5.034570
v -12.961875 -0.458315 4.352890
v -13.036211 -0.896740 4.682555
v -10.797356 -0.621860 4.040610
v -11.027340 -1.055740 3.869165
v -10.761395 -1.108065 3.323210
v -11.654105 -1.067700 3.787885
v -13.501696 -0.553004 7.541985
v -13.630990 -0.870219 7.337620
v -13.918659 -1.075209 7.444115
v -13.266745 -0.533114 6.869660
v -13.840300 -1.123984 6.764355
v -14.825800 -0.460289 7.111310
v -14.113540 -1.104195 6.718560
v -13.916796 -1.003695 5.920885
v -14.195690 -0.327530 5.697360
v -11.304470 -0.505640 3.172305
v -14.158180 -1.126469 7.459064
v -12.094430 -0.821430 3.833330
v 12.301205 -0.000035 4.094250
v 13.055075 0.000060 5.326120
v 14.185774 0.000218 8.921625
v 14.841638 -0.000159 10.025562
v 15.690414 -0.000429 10.829260
v 9.741335 0.545450 2.570310
v 9.775195 1.788420 3.093210
v 9.658375 2.472730 4.426470
v 9.561345 2.216460 5.364320
v 9.517995 1.487705 6.117955
v 10.691412 -0.000009 6.785830
v 11.626871 0.000574 7.672773
v 16.482065 0.162281 11.250000
v 16.398794 0.365506 11.257795
v 14.408470 0.871616 11.249490
v 13.934550 0.675946 11.245070
v 13.531025 0.212916 11.246275
v 10.682250 0.821040 2.961205
v 10.737385 1.236705 3.148120
v 12.868470 0.933365 5.189485
v 10.720176 2.128180 3.919450
v 11.572665 2.190726 4.925285
v 10.696360 2.294925 4.274555
v 12.971785 1.325320 5.879600
v 11.185060 2.232476 5.576890
v 11.135660 2.025405 6.038340
v 10.183371 1.353900 6.313770
v 10.239069 0.674640 6.534690
v 13.812309 0.566606 7.973590
v 11.184191 0.709116 7.052505
v 11.056880 1.499615 6.573360
v 14.224661 0.555116 9.190704
v 11.738470 0.962101 7.568050
v 11.959190 0.591821 8.146046
v 15.516959 0.403991 10.775339
v 14.141701 0.968686 9.943345
v 12.554745 0.645361 9.643909
v 12.802670 0.358061 10.384635
v 13.002214 0.839171 10.166301
v 13.217054 0.343961 10.950005
v 11.066470 1.661575 3.605320
v 11.519835 1.094465 3.579630
v 12.141615 0.913415 4.065770
v 11.724420 1.717885 4.180650
v 11.133570 2.314420 5.095970
v 12.371410 1.701225 5.022010
v 12.725850 1.712195 6.038155
v 12.052050 2.098395 5.674065
v 12.061835 1.859805 6.847200
v 12.757545 1.723866 7.162220
v 11.855625 1.440081 7.296550
v 12.567281 1.660511 7.594740
v 12.425175 1.527706 7.874245
v 13.733505 1.055571 8.726231
v 13.094765 1.459271 8.238605
v 12.392775 1.128321 8.629925
v 14.783410 0.344451 10.028910
v 14.479480 0.689551 9.881155
v 13.676690 1.125936 9.608695
v 13.638596 1.011286 10.344320
v 15.337370 0.764111 10.915310
v 14.587420 0.931101 10.656085
v 13.506570 0.761071 10.841704
v 9.526247 -0.639014 6.392500
v 9.522690 -1.695359 5.967915
v 9.580575 -2.318985 5.153698
v 9.671630 -2.456055 4.314215
v 11.237625 0.000145 3.180635
v 16.500000 0.000001 11.250000
v 13.500000 0.000001 11.250000
v 13.517935 -0.162274 11.250000
v 13.600796 -0.364474 11.244435
v 14.643440 -0.908569 11.250385
v 12.801370 0.000291 10.517200
v 10.366190 -0.856460 6.545365
v 11.050064 -2.037689 5.972100
v 11.422910 -2.170480 5.796730
v 11.835290 -1.308989 7.437570
v 10.973945 -2.265045 4.401855
v 11.497330 -2.220474 4.990160
v 11.542995 -1.992435 4.364115
v 11.015224 -1.329055 3.331525
v 10.569155 -0.826365 2.919620
v 11.309450 -0.564530 3.281245
v 12.717595 -0.480404 10.161944
v 12.078185 -0.733569 8.362560
v 12.570510 -0.682690 4.575125
v 13.219749 -0.769935 6.021220
v 13.007635 -1.368799 6.128405
v 13.213181 -0.362794 10.938635
v 14.098680 -0.591909 8.968845
v 14.503775 -0.913809 10.407290
v 15.616765 -0.353689 10.819530
v 10.448830 -1.572140 6.254775
v 11.166915 -0.715239 7.026720
v 10.472995 -2.401449 4.779700
v 11.640505 -0.598319 7.593840
v 10.433975 -2.225835 3.936570
v 12.065610 -1.715329 7.122895
v 12.204485 -1.864645 6.856040
v 10.754135 -1.802415 3.523915
v 12.095380 -1.438980 4.325260
v 12.172575 -1.218794 8.043779
v 12.102760 -2.046565 5.383485
v 12.728251 -1.700644 6.010635
v 12.514520 -1.541225 5.099460
v 11.949755 -0.653630 3.796230
v 12.801744 -0.747639 10.023089
v 12.507735 -1.344424 8.400585
v 12.907920 -1.642795 7.057855
v 12.800480 -1.461069 8.335970
v 12.905621 -1.579549 7.798770
v 12.899920 -0.826685 5.214415
v 13.281856 -1.095929 9.835240
v 13.913325 -1.004349 9.384650
v 13.491499 -0.791014 10.780215
v 13.783585 -1.088039 9.916250
v 13.976865 -0.852439 9.070710
v 15.015825 -0.900324 10.926780
v 14.799985 -0.498779 10.129685
v 15.378295 -0.635539 10.827745
v 11.164795 -1.496050 6.648345
v 11.791190 -2.172639 5.624555
v 7.500000 0.000001 11.250000
v 7.416150 1.195331 11.250629
v 6.996555 2.729151 11.249705
v 5.791020 4.795571 11.253460
v 0.198505 7.508056 11.249885
v -1.391400 7.378031 11.248869
v -2.544290 7.055256 11.249999
v -3.638755 6.569066 11.249469
v -4.959955 5.651416 11.253685
v -6.026615 4.475811 11.248316
v -6.838590 3.098946 11.248831
v -7.346730 1.568071 11.250649
v -7.509415 -0.005319 11.249451
v -7.347135 -1.564834 11.250500
v -6.838790 -3.099214 11.248960
v -6.026615 -4.475809 11.248316
v -4.953180 -5.650889 11.251650
v -3.644080 -6.570259 11.251116
v -2.177740 -7.197839 11.253986
v -0.995440 -7.433644 11.250001
v 0.198505 -7.508054 11.249887
v 1.389665 -7.370129 11.250001
v 2.545170 -7.071089 11.251661
v 3.982610 -6.364829 11.248900
v 4.938835 -5.644279 11.250000
v 5.781695 -4.798424 11.251301
v 6.668605 -3.471504 11.253130
v 7.120480 -2.355574 11.250000
v 7.417785 -1.194269 11.251181
v 8.941065 -0.000229 8.119540
v 9.530455 0.000000 6.446015
v 9.521385 -1.203877 6.216187
v 9.540210 -2.028174 5.638030
v 9.635210 -2.445665 4.634975
v 9.709355 -2.373460 3.993330
v 8.460760 5.363296 3.749360
v -5.732180 -8.230124 3.749426
v 9.351475 -3.571715 3.750330
v 9.695580 2.405735 4.112020
v 9.610935 2.414120 4.854860
v 9.530210 1.863291 5.810440
v 9.520970 1.165841 6.241525
v 9.526955 0.580370 6.406140
v -7.887697 -0.507194 10.398307
v -8.038904 -1.118107 9.952780
v -8.225705 -0.943812 9.583127
v -8.335830 -0.642954 9.414025
v -8.381510 0.365756 9.350220
v -8.300659 0.771369 9.467588
v -8.088785 1.127266 9.854034
v -7.962962 0.995583 10.137023
v 8.942915 1.208831 7.901680
v 9.100405 2.667635 6.684715
v 8.650365 2.346571 8.044155
v 9.171325 3.732275 5.088595
v 8.214175 5.509435 5.103955
v 7.312925 6.585250 5.380610
v 6.550120 7.385731 5.141854
v 5.653435 7.909091 5.815589
v 3.187595 8.913041 6.738355
v 5.282415 8.397511 4.948490
v 3.971785 9.076654 4.938200
v 2.712575 9.525055 5.000954
v 0.620865 9.428901 6.738324
v 1.421440 9.797075 5.001479
v 0.006680 9.909140 4.965764
v -1.924815 9.734845 4.919869
v -3.255120 9.122935 5.944870
v -4.914085 8.555075 5.253959
v -3.918530 9.139285 4.709909
v -6.088590 7.778690 5.106044
v -6.819985 6.958796 5.717015
v -7.625965 6.314406 4.986394
v -8.350255 5.315326 5.085685
v -9.225300 3.581895 5.060939
v -9.202465 2.008430 6.870740
v -8.323065 -1.141019 9.324935
v -9.764975 1.730020 4.969150
v -9.541030 -0.132635 6.457665
v -9.250315 -2.008754 6.715570
v -9.890965 -0.303595 4.991640
v -9.746875 -1.757695 5.005035
v -9.252200 -3.534019 5.027195
v -8.455050 -5.173764 4.961075
v -7.232910 -6.790840 4.944225
v -5.619840 -7.978355 5.694376
v -4.308240 -8.860890 5.300835
v -5.708130 -8.146250 4.673541
v -3.427825 -9.255720 5.147541
v -2.425280 -9.412690 5.827856
v -1.814060 -9.761955 4.881256
v 0.611570 -9.433209 6.716561
v 0.006680 -9.909140 4.965766
v 1.775095 -9.743050 5.033306
v 3.194480 -8.914350 6.726336
v 3.152510 -9.387970 4.975791
v 4.501250 -8.828265 4.988116
v 6.091220 -7.810410 5.023935
v 7.564425 -6.398969 5.032156
v 7.743085 -5.791770 6.013710
v 8.742195 -4.676885 4.970305
v 8.818465 -4.072315 5.843986
v 8.953540 -3.074950 6.705340
v 9.042220 -1.534264 7.526845
v 9.404450 -3.103685 4.959880
v 8.297335 3.978501 7.424564
v 7.728740 5.122655 7.279749
v 6.181550 6.828886 7.400640
v 4.576745 7.982815 7.430884
v 1.543860 8.866881 7.955650
v -0.830060 9.313306 7.055230
v -2.070970 9.080226 7.158555
v -3.909440 8.345646 7.393714
v -5.239005 7.728971 7.093700
v -6.351470 6.522866 7.661405
v -7.278350 5.694541 7.348660
v -8.267300 3.990920 7.553104
v -8.393165 -3.098354 8.076440
v -8.139530 -4.402730 7.314940
v -7.479430 -5.543694 7.177130
v -6.599245 -6.600564 7.089810
v -5.424665 -7.468080 7.399155
v -3.680840 -8.504554 7.298871
v -0.979845 -9.283134 7.110481
v 1.515065 -8.880544 7.938515
v 4.811925 -7.937015 7.257095
v 5.678100 -7.165625 7.589510
v 6.506120 -6.641220 7.227836
v 7.843875 -4.621959 7.661406
v -8.179151 1.048551 9.664725
v -7.902250 0.733676 10.334801
v -13.281706 0.000666 8.751010
v -15.000000 0.000001 8.200000
v -14.554009 1.063286 8.200140
v -12.555073 0.000356 10.295120
v -13.946142 -0.000039 9.899497
v -14.941360 0.000011 8.764135
v -10.384230 1.096576 9.732395
v -13.407169 0.751196 9.964405
v -13.485030 1.075096 9.646795
v -13.650435 0.402081 9.992331
v -11.334910 0.502256 9.324355
v -14.101645 0.701856 9.693440
v -12.941275 0.903086 9.204015
v -14.685164 0.520766 9.229490
v -13.699265 1.133576 9.317835
v -12.989579 0.551156 9.022445
v -14.874620 0.588036 8.699825
v -14.662185 0.911966 8.689375
v -14.279955 1.085376 9.012870
v -13.571884 0.615881 8.436615
v -11.553120 0.483826 10.345330
v -10.719100 0.848361 10.245080
v -10.419680 1.051481 10.085725
v -10.174009 0.996176 9.598675
v -12.500040 0.994081 10.000875
v -12.577330 0.628026 10.199455
v -11.248610 0.772741 9.422555
v -11.829800 1.124911 9.861175
v -12.298929 1.078426 9.544925
v -14.356930 0.948656 9.246580
v -13.456855 0.938706 8.959435
v -13.760015 1.071961 8.922029
v -13.665185 0.905971 8.706285
v -14.099015 1.120596 8.574944
v -13.375464 0.434741 8.700315
v -7.879845 0.000001 10.449965
v -7.940505 -0.968084 10.192695
v -8.385345 -0.346729 9.348295
v -8.400909 0.000001 9.324935
v -14.707265 0.000821 9.377385
v -13.587305 -0.578264 8.199905
v -14.613000 -1.019619 8.199800
v -14.940920 -0.501319 8.199995
v -12.264524 0.000096 9.183100
v -10.868779 -0.675599 9.386500
v -12.277900 -0.479849 9.201080
v -12.756830 -0.978109 9.348725
v -13.203305 -1.083704 9.729125
v -12.893246 -0.770979 9.142605
v -13.070404 -0.524779 8.965680
v -13.016995 -0.500989 10.152860
v -12.318320 -0.785799 10.161180
v -13.026980 -1.120059 9.497479
v -13.000270 -0.930159 9.958819
v -13.492089 -0.443334 8.565075
v -13.896355 -0.683509 9.820605
v -13.634820 -0.754784 8.498410
v -14.396610 -0.778254 9.407765
v -13.766885 -1.076849 8.936745
v -14.082890 -1.131624 8.717720
v -14.551970 -0.399314 9.441415
v -14.385796 -1.061239 8.906525
v -14.772105 -0.806304 8.619024
v -10.206255 -1.049639 9.649645
v -10.979500 -0.842174 10.242995
v -10.598220 -1.066564 10.065825
v -10.871530 -1.128059 9.829995
v -11.178985 -0.465284 10.361429
v -13.440880 -0.931399 8.959880
v -14.079400 -1.054384 9.344120
v -13.694080 -0.926689 8.691120
v -13.786884 -1.125539 9.307710
v -14.861250 -0.495699 8.861820
v 17.173145 0.000676 11.637665
v 16.005920 0.002921 11.251155
v 16.185820 0.603301 11.252615
v 15.750895 0.842426 11.244050
v 13.697630 0.485961 11.235439
v 14.003130 0.001506 11.236555
v 15.942184 0.210581 11.249246
v 15.815245 0.346651 11.248699
v 15.565790 0.468211 11.258160
v 14.835085 0.568046 11.249470
v 17.058620 0.242161 11.539280
v 16.365925 0.763501 11.509850
v 16.932775 0.468296 11.595055
v 17.128809 0.219706 11.624205
v 16.740675 0.384296 11.597610
v 15.650995 0.893601 11.476450
v 16.398310 0.626551 11.621900
v 16.064636 0.488451 11.460541
v 15.399895 0.813886 11.571074
v 14.509430 0.808981 11.415054
v 15.630085 0.642741 11.547345
v 15.004894 0.585791 11.515059
v 14.019720 0.349471 11.506855
v 14.467000 0.399321 11.500665
v 14.254745 0.220906 11.517864
v 14.221279 0.135451 11.439846
v 14.209295 0.000021 11.517144
v 13.807100 -0.587549 11.238939
v 14.099780 -0.767494 11.250000
v 14.449715 -0.881934 11.249460
v 15.573735 -0.888589 11.244696
v 15.956860 -0.764449 11.232969
v 16.216650 -0.576789 11.250000
v 16.363180 -0.421249 11.250000
v 16.469776 -0.213249 11.254640
v 14.057065 -0.201604 11.246750
v 15.919130 -0.240759 11.254359
v 14.273635 -0.639164 11.469870
v 14.833025 -0.892064 11.401575
v 15.337660 -0.809964 11.571435
v 14.248885 -0.153979 11.489030
v 14.477725 -0.410829 11.504655
v 14.265955 -0.359214 11.538695
v 15.146350 -0.654919 11.545540
v 15.826960 -0.879774 11.460385
v 14.708380 -0.509674 11.403370
v 16.471060 -0.705569 11.583910
v 16.002125 -0.638309 11.573669
v 16.977604 -0.347089 11.519775
v 16.980530 -0.420309 11.615681
v 16.418951 -0.504739 11.572615
v 17.149975 -0.158469 11.621350
v 6.957515 0.770061 11.250000
v 6.741660 1.931706 11.250490
v 6.330500 2.987436 11.250000
v 5.751110 4.006556 11.249731
v 4.737560 5.172046 11.250586
v 2.822520 6.416421 11.249559
v 1.337800 6.874156 11.248078
v -0.947615 6.943901 11.249454
v -2.481520 6.555291 11.249779
v -3.500000 6.062181 11.250000
v -4.467785 5.400611 11.249731
v -5.522985 4.313111 11.249235
v -6.346730 2.966076 11.248600
v -6.845960 1.522616 11.250390
v -7.009435 -0.006829 11.249599
v -6.904530 -1.152159 11.250000
v -6.635930 -2.267914 11.250705
v -5.530665 -4.308999 11.250220
v -4.446420 -5.416439 11.249100
v -2.443480 -6.574449 11.250876
v -0.966795 -6.942769 11.249701
v 0.192880 -6.997339 11.250001
v 1.348985 -6.878689 11.249696
v 2.797555 -6.424939 11.248941
v 4.149140 -5.654019 11.250780
v 5.282535 -4.607699 11.249710
v 6.158470 -3.349599 11.249849
v 6.743765 -1.911929 11.249731
v 6.977090 0.000111 11.765929
v 6.461655 3.807496 11.250000
v 4.640105 5.906796 11.250364
v 3.283870 6.754601 11.249959
v 1.781185 7.296276 11.249959
v -5.476180 4.707471 11.659850
v 6.909960 -0.923714 11.737895
v 7.127070 -1.151954 11.661830
v 6.821265 1.073226 11.603021
v 6.634420 1.912001 11.610146
v 6.392840 2.603451 11.603725
v 6.889150 2.589041 11.508121
v 6.024250 3.383016 11.670465
v 5.629280 3.997391 11.614325
v 6.160660 4.046106 11.494121
v 5.075020 4.676131 11.618810
v 5.606310 4.461996 11.692520
v 4.289065 5.415331 11.609855
v 5.199390 5.192426 11.516000
v 5.070820 5.060651 11.693125
v 4.084670 6.126831 11.501205
v 4.218440 5.803161 11.692539
v 3.477375 5.962126 11.613199
v 2.745635 6.337766 11.617134
v 1.966770 6.615636 11.618838
v 1.953800 7.099536 11.502209
v 1.228280 6.794076 11.615719
v 0.071380 6.906586 11.618774
v 0.948290 7.087421 11.700580
v -0.216890 7.146336 11.701814
v -0.857285 6.850576 11.611770
v -0.808615 7.321606 11.495619
v -1.549485 6.726136 11.609524
v -2.332335 6.501686 11.616275
v -2.344125 6.988561 11.492450
v -3.203505 6.116021 11.615725
v -4.188010 5.492336 11.620650
v -3.782205 6.324116 11.494214
v -4.889125 4.874701 11.611969
v -4.966225 5.419526 11.511460
v -5.462425 4.226681 11.617510
v -6.137475 3.170746 11.611160
v -5.979290 4.055501 11.656570
v -6.761905 2.889841 11.503591
v -6.691560 1.707016 11.673055
v -7.077255 2.004251 11.504906
v -6.905095 0.229461 11.614890
v -6.861510 -0.763854 11.609695
v -6.733115 -1.525334 11.610226
v -6.628130 -1.981709 11.684810
v -6.274040 -2.883774 11.604295
v -5.590275 -4.055834 11.619655
v -5.072930 -4.682244 11.612789
v -4.591115 -5.164099 11.536345
v -4.061315 -5.579414 11.583546
v -3.456430 -5.986474 11.505840
v -2.866745 -6.283554 11.535389
v -2.241580 -6.525894 11.589556
v -1.398420 -6.766724 11.532116
v -0.566095 -6.887674 11.525741
v 0.283290 -6.906414 11.528565
v 1.061815 -6.824484 11.532941
v 1.746925 -6.687359 11.524562
v 2.501785 -6.438484 11.540481
v 3.105585 -6.172549 11.564209
v 3.728645 -5.818934 11.534769
v 4.327295 -5.386109 11.532145
v 4.526415 -5.231079 11.690130
v 5.039075 -4.726269 11.679540
v 5.302185 -4.420704 11.608166
v 5.728455 -3.852469 11.605881
v 6.106840 -3.219439 11.604660
v 6.804976 -1.193964 11.602289
v 6.893690 0.891161 11.729665
v 6.704160 1.796986 11.702465
v 6.814360 1.636001 11.744011
v 7.065180 1.384536 11.677940
v 6.762960 2.319576 11.702966
v 6.391780 3.188011 11.706019
v 6.100820 3.455336 11.743555
v 5.954425 3.942371 11.708795
v 5.554055 4.200396 11.734290
v 5.073255 4.775211 11.738455
v 4.516455 5.296121 11.735845
v 3.803365 5.835801 11.735886
v 3.156625 6.478706 11.672404
v 3.103495 6.237316 11.737631
v 2.095555 6.858186 11.694574
v 2.492125 6.511956 11.738164
v 1.671995 6.762446 11.736554
v 0.910720 6.906716 11.737479
v 0.177170 6.971431 11.738179
v -0.686145 6.934771 11.737828
v -1.352895 7.025176 11.699194
v -1.445600 6.817016 11.737819
v -2.152275 6.827936 11.696024
v -2.209050 6.601966 11.735885
v -2.888595 6.550441 11.696054
v -2.922590 6.318551 11.735868
v -3.870425 6.029766 11.696430
v -3.582535 5.977121 11.737790
v -4.222590 5.541846 11.737870
v -4.797950 5.319851 11.692695
v -4.806655 5.043706 11.737910
v -5.326955 4.487071 11.735640
v -5.683505 4.133331 11.750060
v -6.294580 3.392161 11.703075
v -6.502495 2.345666 11.673510
v -6.620350 2.697331 11.704021
v -6.908635 1.942321 11.684250
v -6.808235 1.164046 11.675076
v -7.122180 0.982246 11.682845
v -6.881170 1.317766 11.743660
v -6.941830 0.505926 11.733600
v -4.099185 -5.601989 11.720255
v -4.602370 -5.204179 11.723185
v -3.650160 -5.908804 11.729980
v -3.058980 -6.211879 11.698890
v -2.207230 -6.588269 11.725616
v -1.545730 -6.763259 11.717866
v -0.850205 -6.890734 11.725441
v -0.169610 -6.924399 11.699971
v 0.533190 -6.918484 11.719106
v 1.293660 -6.801224 11.697636
v 2.008080 -6.626109 11.697731
v 2.687320 -6.400294 11.727061
v 3.193715 -6.164774 11.722265
v 3.782815 -5.808759 11.700615
v 5.445050 -4.334019 11.736480
v 5.910550 -3.683044 11.734730
v 6.441180 -2.492964 11.614750
v 6.493825 -2.464504 11.705555
v 6.767575 -1.461079 11.694685
v 6.435755 2.660926 11.734859
v -5.919724 3.679706 11.736824
v -6.284200 3.005171 11.735420
v -6.703255 2.063606 11.746970
v -6.969020 -0.000099 11.736240
v -6.936865 -0.569054 11.736430
v -6.866995 -1.143239 11.733215
v -6.779425 -1.890689 11.748135
v -6.416435 -2.694834 11.728496
v -6.567616 -2.548074 11.749820
v -6.067855 -3.331439 11.694060
v -6.222550 -3.307059 11.746579
v -5.777425 -3.898054 11.738970
v -5.212840 -4.601744 11.721695
v -4.850360 -5.198989 11.721794
v -4.063785 -6.047074 11.595465
v -3.761410 -6.040779 11.718540
v -2.693590 -6.769389 11.595561
v -2.805050 -6.441679 11.745796
v -1.687385 -6.916089 11.716651
v -1.201690 -7.185724 11.595661
v -0.180730 -7.113194 11.720476
v 0.208805 -7.261889 11.612961
v 0.903220 -7.045379 11.722196
v 1.709340 -6.813374 11.746892
v 2.791585 -6.547394 11.718717
v 4.005835 -5.732024 11.737875
v 4.035285 -5.850595 11.723375
v 4.738455 -5.207939 11.745461
v 4.786635 -5.474019 11.609015
v 6.870295 -1.522049 11.748990
v -7.152230 -0.061704 11.703586
v -7.151113 -0.398344 11.399426
v -7.095480 -0.992764 11.699245
v -7.085210 -1.587829 11.609770
v -6.836505 -2.520439 11.592726
v -6.035830 -3.937069 11.675055
v -5.389900 -4.534329 11.747440
v 1.685585 -7.106539 11.578361
v 3.248375 -6.554314 11.568501
v 5.187860 -4.772349 11.747960
v 5.883960 -4.125534 11.686745
v 6.290475 -3.473559 11.686815
v 6.398140 -2.945719 11.747570
v 6.668955 -2.246559 11.749320
v -6.495465 -3.302029 11.591675
v -5.650735 -4.600359 11.591690
v -5.145785 -5.138664 11.604795
v 5.453285 -4.833449 11.591881
v 6.745610 -2.689259 11.608351
v 6.993510 -1.955894 11.608390
v 9.904315 1.354520 4.029110
v 9.845325 1.469290 4.541625
v 9.715330 0.648555 5.709275
v 9.703275 0.003525 5.857935
v 10.780174 -0.000105 6.183875
v 11.809140 -0.000234 7.131715
v 12.962019 0.000416 10.104880
v 13.434866 0.000531 10.795509
v 14.275555 0.390221 11.239965
v 14.079941 0.234361 11.243725
v 14.001016 0.113136 11.266126
v 11.157730 0.000660 3.770205
v 12.066550 0.000625 4.541145
v 12.862750 0.000300 5.837130
v 13.904320 0.000001 9.034864
v 14.361896 0.000596 9.910245
v 9.943310 1.143255 3.680130
v 10.577810 0.709385 3.634185
v 11.740875 0.638225 4.360760
v 11.425605 1.031760 4.397850
v 10.278501 1.039595 5.626010
v 12.550760 0.574910 5.381030
v 10.360885 0.559510 5.933820
v 12.918810 0.367475 6.064810
v 12.175465 1.214230 6.075820
v 11.667240 0.585426 6.835635
v 12.862335 0.974561 7.429490
v 12.113430 0.487751 7.589100
v 13.564610 0.371751 8.208555
v 14.335605 0.352031 10.041255
v 15.239095 0.280326 10.891951
v 15.032545 0.492251 10.945475
v 12.939100 0.320366 9.912245
v 13.664084 0.347746 10.873885
v 10.913374 1.297460 4.444290
v 11.513175 1.306985 5.021705
v 12.108484 1.034800 5.156100
v 11.157125 1.363945 5.319900
v 11.121376 1.133271 5.872740
v 12.714725 0.989585 6.482620
v 12.483425 0.914135 5.640360
v 12.942739 0.754875 6.563705
v 11.084690 0.784181 6.192305
v 11.055815 0.485075 6.303600
v 11.627685 1.079136 6.316490
v 11.957680 1.212605 6.181480
v 12.222805 0.892631 7.325555
v 13.321785 0.718066 8.181330
v 12.913115 0.856236 8.402525
v 13.235274 0.789611 8.676664
v 13.957861 0.465786 9.497245
v 12.768225 0.582776 9.088980
v 12.553976 0.373671 8.852725
v 14.325510 0.494046 10.281210
v 14.021100 0.594511 10.268400
v 13.913575 0.562826 10.703200
v 13.272370 0.557316 10.057875
v 9.944285 -1.026825 3.607615
v 9.958210 -0.512475 3.327900
v 10.807060 0.000005 3.610100
v 11.831765 -0.000335 4.325705
v 12.726165 0.000285 5.501810
v 15.131411 0.001446 10.760790
v 14.184270 -0.345119 11.249954
v 14.472210 -0.496739 11.251105
v 15.242166 -0.557839 11.248321
v 15.745230 -0.374654 11.264729
v 10.475864 -0.002635 6.088634
v 11.360335 -0.000299 6.628590
v 11.933050 -0.000499 7.377795
v 9.712570 -0.549335 5.748590
v 9.743120 -1.129235 5.404845
v 9.828216 -1.460995 4.684785
v 9.899600 -1.374745 4.069360
v 10.811760 -0.886875 5.960840
v 10.636320 -0.873210 3.764150
v 11.712111 -0.581159 6.888335
v 11.312450 -0.436685 6.525350
v 10.615920 -0.503145 3.579000
v 11.415560 -1.124845 4.496890
v 11.372400 -0.577380 4.038325
v 12.126245 -0.736139 7.390409
v 12.822375 -0.984374 7.439125
v 12.603905 -0.526060 5.444630
v 13.088235 -0.337274 10.157920
v 13.898571 -0.442694 9.302705
v 13.685035 -0.347959 10.881391
v 14.082021 -0.540199 10.916671
v 15.141640 -0.372194 10.879801
v 10.765795 -1.352320 5.269965
v 11.023330 -1.397040 4.948770
v 11.242681 -1.253110 5.741360
v 10.741190 -1.261705 4.227060
v 11.642105 -1.052014 6.366600
v 12.454596 -0.975399 7.435730
v 12.178889 -0.477849 7.747265
v 12.049385 -1.179375 5.390250
v 12.262259 -1.147040 6.604985
v 12.185804 -1.213515 6.020635
v 12.460560 -0.981260 5.696015
v 11.980740 -0.857660 4.776765
v 12.425940 -0.766319 7.932370
v 12.778945 -0.288179 9.573520
v 12.048290 -0.459265 4.615660
v 12.858665 -0.760300 6.291640
v 12.978270 -0.828374 8.590560
v 12.803980 -0.623469 9.096380
v 13.038380 -0.416530 6.435045
v 13.328140 -0.723224 8.179735
v 13.547015 -0.332679 8.152770
v 13.261505 -0.568599 10.014415
v 13.419624 -0.734239 9.145080
v 14.271391 -0.579619 10.561146
v 14.314050 -0.490474 10.258619
v 14.431505 -0.295379 10.119669
v 11.169585 -0.736725 6.276755
v 7.000000 0.000001 11.250000
v 8.910905 -0.383395 5.675110
v 8.911480 -0.721990 5.563440
v 8.915930 -0.993940 5.393695
v 8.924790 -1.202805 5.179690
v 8.955560 -1.362350 4.918815
v 8.965255 -1.474695 4.500555
v 8.973295 -1.440390 4.068180
v 8.975820 -1.312540 3.711315
v 8.955709 -1.056775 3.381540
v 8.926770 -0.348295 3.025200
v 8.529205 -0.000102 2.235923
v 6.583302 -0.000155 0.831660
v 5.128595 1.986830 0.750000
v 4.845565 2.602015 0.750000
v 3.578400 4.176725 0.750000
v 1.827950 5.187350 0.750000
v 1.176630 5.372665 0.750000
v -2.143820 5.064980 0.750000
v -3.314490 4.389095 0.750000
v -3.828735 3.948515 0.750000
v -4.284945 3.448080 0.750000
v -4.676195 2.895375 0.750000
v -4.996560 2.298780 0.750000
v -5.489570 0.338585 0.750000
v -5.489570 -0.338585 0.750000
v -4.676195 -2.895375 0.750000
v -4.284945 -3.448080 0.750000
v -3.314490 -4.389095 0.750000
v -1.505145 -5.290040 0.750000
v 1.176630 -5.372665 0.750000
v 1.827950 -5.187350 0.750000
v 3.578400 -4.176725 0.750000
v 4.489085 -3.177755 0.750000
v 5.458315 -0.675885 0.750000
v 7.980120 -0.000030 1.688475
v 8.912829 0.367435 3.039320
v 8.925585 0.678010 3.137500
v 8.942595 0.935275 3.286580
v 8.960735 1.164890 3.503555
v 8.971755 1.455775 4.148040
v 8.966745 1.470560 4.537620
v 8.935470 1.350270 4.943195
v 8.920530 1.147040 5.251770
v 8.907925 0.843285 5.502650
v 8.907024 0.399750 5.675555
v 6.173995 0.000056 11.198936
v 6.104015 0.000356 10.904775
v 6.712180 0.000196 10.608605
v 7.487345 0.000376 9.739705
v 8.570415 0.000346 7.104600
v 6.830575 1.530771 11.250000
v 6.620720 2.272896 11.250000
v 5.963435 3.665711 11.250000
v 5.523985 4.299491 11.250000
v 5.017480 4.881081 11.250000
v 4.450065 5.403416 11.250000
v 3.828635 5.860166 11.250000
v 3.160735 6.245781 11.250000
v 2.454465 6.555581 11.249999
v 1.718400 6.785801 11.249999
v 0.961475 6.933656 11.249999
v 0.192880 6.997346 11.249999
v -0.578055 6.976091 11.249999
v -1.341975 6.870161 11.249999
v -2.089605 6.680836 11.249999
v -2.811870 6.410416 11.249999
v -4.145645 5.640356 11.250000
v -4.740970 5.150071 11.250000
v -5.278745 4.597266 11.250000
v -5.752445 3.988656 11.250000
v -6.156315 3.331636 11.250000
v -6.485460 2.634166 11.250000
v -6.735875 1.904726 11.250000
v -6.904530 1.152166 11.250000
v -6.989370 0.385616 11.250000
v -6.735875 -1.904724 11.250000
v -6.485460 -2.634164 11.250000
v -6.156315 -3.331629 11.250000
v -5.751285 -3.989869 11.267410
v -5.278745 -4.597264 11.250000
v -4.740970 -5.150064 11.250000
v -4.145645 -5.640354 11.250000
v -3.500000 -6.062174 11.250000
v -2.811870 -6.410414 11.250001
v -2.089605 -6.680834 11.250001
v -1.341975 -6.870159 11.250001
v -0.584865 -6.975394 11.258086
v 0.961475 -6.933654 11.250001
v 1.718400 -6.785799 11.250001
v 2.454465 -6.555579 11.250001
v 3.160735 -6.245779 11.250000
v 3.828635 -5.860164 11.250000
v 4.450065 -5.403414 11.250000
v 5.018990 -4.879199 11.264100
v 5.963435 -3.665709 11.250000
v 6.330500 -2.987434 11.250000
v 6.620720 -2.272894 11.250000
v 6.830575 -1.530764 11.250000
v 6.957515 -0.770054 11.250000
v 5.913970 1.236371 11.001005
v 5.529130 2.537491 11.123625
v 5.507680 2.524246 10.972666
v 5.974870 1.930051 10.800490
v 4.920760 3.491921 11.060820
v 5.169830 3.564896 11.228480
v 6.583345 1.560011 10.567631
v 4.233615 4.362361 11.116344
v 7.082480 1.545901 10.080610
v 4.774175 3.773391 10.921420
v 3.720625 4.842056 11.154211
v 7.679370 1.452576 9.074635
v 3.690405 4.812781 10.954610
v 8.500060 1.703310 6.775210
v 5.418775 4.007466 10.581775
v 7.969700 2.297106 7.933655
v 2.462275 5.551151 11.108046
v 2.850480 5.586951 11.227225
v 8.640949 2.517715 5.352380
v 2.478490 5.540996 10.931475
v 8.758105 2.012835 3.184090
v 1.134985 5.967901 11.122080
v 8.496525 1.400620 2.379625
v 7.785985 2.047450 1.722090
v 8.112085 2.508505 2.203245
v 7.416945 1.240630 1.348375
v 1.133680 5.960706 10.941259
v 0.119590 6.046141 11.092530
v -0.816060 5.985006 11.058570
v -0.126870 6.300516 11.229520
v -0.072950 6.104301 10.901990
v 2.683540 6.168481 10.600975
v 2.148720 6.828156 10.182950
v 2.280685 7.256256 9.520069
v -2.144915 5.670101 11.100560
v -2.400755 5.827626 11.228790
v 0.825955 6.860921 10.464939
v 6.215265 2.971135 0.967005
v 7.240505 3.838175 1.859395
v 3.020000 7.781985 7.771144
v -1.619885 5.842466 10.935169
v 0.997330 7.531581 9.516694
v 3.882785 8.067490 5.619794
v 5.215960 7.322621 5.428299
v -0.836855 6.669886 10.604079
v 2.091035 8.071937 7.803459
v -2.714425 5.431211 10.940155
v 2.780495 8.531105 5.513389
v 4.955280 4.743570 0.957575
v -3.894725 4.640051 11.092959
v -3.400340 5.081136 11.157636
v 4.199555 8.063445 3.768294
v -0.916065 7.078796 10.210540
v 2.644605 8.720115 4.150089
v 3.109130 8.372745 3.039629
v 4.935345 6.143665 1.610530
v 0.419115 8.341986 7.785614
v -0.063240 7.589206 9.541234
v -2.103170 6.661416 10.381505
v -3.911710 4.653371 10.938825
v -1.214100 7.550170 9.432434
v 0.498570 8.966275 5.529310
v 2.120720 8.668200 3.004494
v -2.877740 6.089936 10.592755
v -1.400945 8.251756 7.749275
v -4.718725 3.757266 11.056090
v 0.752080 9.076260 3.979319
v -2.284715 7.258941 9.490039
v 0.726480 8.971095 3.277859
v 3.154120 5.894400 0.880590
v -3.342045 6.485786 10.012593
v -5.358190 2.871296 11.118685
v -0.743670 9.074950 4.324015
v -2.966415 7.587895 8.337594
v -4.737225 3.920301 10.861235
v -5.352585 2.865201 10.929355
v -2.133490 8.867055 4.329294
v -0.794940 8.902095 3.058864
v 1.762345 6.305665 0.814300
v -5.959275 1.442596 11.162185
v -1.823735 8.729790 2.998749
v -4.493365 6.689301 8.556409
v -5.862410 1.469841 11.003751
v -2.712095 8.671050 3.706239
v -3.636420 8.346809 4.197505
v 0.177070 7.450035 1.300259
v -4.721925 7.722595 4.885210
v -6.007335 0.399326 11.039781
v -4.100590 8.002805 3.210334
v -6.353475 0.365471 11.234670
v -0.934770 7.493830 1.364859
v -4.769355 7.741400 3.867239
v -6.092130 1.510941 10.800350
v -6.028760 -0.617379 11.095760
v -1.522800 6.580270 0.896660
v -2.316080 7.404915 1.527199
v -6.038805 -0.614679 10.943345
v -5.813425 -1.725574 11.138044
v -5.507575 -2.616039 11.147514
v -3.850395 5.649315 0.942805
v -4.104240 6.713720 1.598395
v -6.696215 -0.374564 10.605950
v -3.316395 5.371099 0.790045
v -5.771730 -1.923379 10.919681
v -5.164545 -3.168239 11.095554
v -4.169900 -4.653734 11.213850
v -5.397795 -2.834004 10.901299
v -7.053495 -0.614464 10.283340
v -6.493750 -1.799229 10.582590
v -5.930495 4.051790 1.138145
v -4.781320 -3.707784 10.965990
v -7.518160 -1.150819 9.502214
v -3.846190 -4.706959 11.117384
v -6.643035 -2.704574 10.175755
v -7.300360 -2.132304 9.503725
v -5.906120 -3.195364 10.599014
v -3.830760 -4.707234 10.932840
v -8.990030 -0.473775 5.242265
v -3.013620 -5.242344 11.092175
v -8.057735 -1.746189 8.056935
v -6.717285 -3.380419 9.657269
v -8.835125 -1.978380 4.921180
v -7.195805 -3.396899 8.781365
v -1.867875 -5.833924 11.154715
v -5.358960 -4.356084 10.481674
v -8.954135 -1.518310 3.689770
v -9.103170 -0.088310 4.027815
v -2.679210 -5.451064 10.925230
v -8.987700 -0.405870 3.273425
v -8.718184 -2.504945 3.539890
v -1.284375 -5.908234 11.053459
v -8.194370 -3.871125 4.839110
v -3.652925 -5.652029 10.604364
v -6.957080 -4.532660 7.890335
v -6.077660 -4.545484 9.541300
v -7.650025 0.611045 1.438220
v -4.627270 -5.625949 10.032755
v -8.399195 -3.453295 3.689170
v -1.383390 -5.960129 10.889765
v -6.378620 -5.448965 7.661515
v -5.558395 -5.568240 8.979905
v -6.891210 -0.812050 0.994665
v -7.755790 -4.768825 3.979556
v 0.308885 -6.138429 11.174685
v -7.584215 -4.770730 3.112065
v -0.194815 -6.029384 11.004175
v -8.015835 -1.317695 1.807035
v -3.344360 -6.345054 10.169061
v -4.359660 -6.300439 9.389256
v -6.490790 -6.312140 4.921180
v -4.980490 -6.736320 7.696785
v 0.920170 -5.979204 10.989680
v -6.841545 -5.963979 3.661800
v -6.168745 -2.299930 0.828110
v -7.365605 -3.194145 1.718425
v 0.237560 -6.265714 10.804840
v -5.776075 -7.040229 4.000560
v 1.775960 -5.833564 11.141439
v -5.333235 -7.242655 5.312551
v 0.080585 -6.748459 10.583541
v -4.478195 -7.903389 4.574726
v 2.677705 -5.393184 11.027426
v -5.228485 -7.216590 2.987665
v 1.965610 -5.734789 10.934080
v -6.138930 -4.353525 1.337640
v -4.325760 -7.952520 3.458006
v 3.566440 -4.920454 11.114290
v 4.349880 -4.558784 11.222625
v -4.734075 -5.900175 1.365331
v 2.090700 -6.395309 10.609581
v 3.563795 -4.909399 10.944044
v -4.962560 -4.534930 0.886015
v 4.584105 -3.989954 11.117361
v 4.445650 -4.135324 10.928730
v 3.990225 -5.412149 10.603456
v 4.971015 -3.441114 11.029420
v -2.807815 -6.095625 0.886510
v -3.250590 -7.230145 1.632071
v 5.410360 -2.817519 11.147915
v 5.248435 -3.113029 10.894710
v 5.848070 -1.613019 11.101450
v 5.685120 -2.168099 10.924669
v 3.929300 -5.996119 10.181946
v -0.666400 -6.922080 1.001195
v 4.794955 -5.919109 9.481055
v 5.329660 -4.046264 10.621450
v 5.463755 -4.825569 10.026340
v 5.092080 -6.707525 7.596121
v 5.901965 -1.323674 10.969005
v 0.741780 -7.537240 1.376581
v 6.286815 -4.277439 9.519235
v 4.376350 -7.934784 4.967515
v 6.208490 -2.624879 10.592125
v 5.715590 -5.536944 8.754590
v 6.561830 -2.861004 10.211969
v 6.040745 -0.490829 10.932415
v 5.792145 -7.027574 4.243135
v 2.526200 -7.178795 1.389116
v 6.443810 -5.314584 7.771276
v 4.756020 -7.755634 4.050616
v 4.850740 -7.527935 3.086640
v 6.700955 -5.999500 5.421681
v 7.296210 -3.888764 8.000355
v 6.525425 -6.329579 3.969170
v 7.095005 -2.741669 9.529280
v 6.106340 -6.545020 3.090246
v 7.190235 -5.547275 3.689170
v 7.977385 -4.291019 4.919236
v 7.205295 -0.956329 10.032835
v 4.132280 -6.283120 1.347530
v 7.948335 -4.419684 3.740875
v 7.683860 -1.294004 9.124200
v 3.201145 -5.755480 0.851565
v 8.114241 -3.700595 2.998755
v 5.377270 -4.294195 0.954995
v 5.866375 -5.791680 1.913280
v 8.747115 -2.520040 3.947835
v 8.626860 -2.366710 3.059740
v 7.115605 -4.204825 1.909985
v 8.469046 -1.597655 2.370130
v 8.940395 -0.738985 3.158270
v 6.734665 -1.940905 1.030740
v 7.932060 -1.024005 1.703330
v 5.856800 2.096261 11.215574
v 6.912805 3.019416 9.638494
v 7.369860 3.614471 8.152580
v 8.243960 3.402045 5.776044
v 6.530500 4.184016 9.207085
v 5.890845 4.064101 10.198680
v 7.525745 4.397100 6.575949
v 6.538885 4.951126 8.163401
v 5.649734 5.368361 9.143605
v 5.122325 5.483161 9.693135
v 8.415840 2.672755 2.763665
v 7.948755 3.766890 2.690215
v 7.211735 5.267681 5.682964
v 4.799475 5.304741 10.201395
v 7.523955 4.465255 2.611315
v 3.880625 6.335771 9.809053
v 4.201885 6.865711 8.587419
v 5.915430 6.201510 7.129755
v 6.296920 6.400195 5.456345
v 7.091735 5.377135 2.930940
v 6.625580 5.292400 2.191430
v 6.539615 1.581630 0.907300
v 6.066470 5.365425 1.778790
v 4.669100 7.258225 6.879344
v 5.320595 7.231715 3.158474
v 5.854525 6.428520 2.487870
v 4.931020 7.322735 2.767339
v 3.966045 7.185369 1.866444
v 3.979630 7.864535 2.720634
v 5.218250 3.756410 0.804145
v -5.375480 3.395311 11.235780
v 1.217185 8.744575 6.143980
v 1.474900 8.653985 2.633619
v -1.418010 8.744825 6.053104
v -3.386800 8.214150 5.945004
v 3.017745 5.187970 0.764915
v -4.304175 5.787355 10.128760
v -1.823660 8.335275 2.253549
v -5.605870 5.391971 9.155090
v -3.285820 8.182620 2.720374
v -4.099380 7.414275 7.393630
v -5.350250 7.082016 5.987010
v -5.429170 6.142850 8.176910
v -5.994995 4.410866 9.778405
v -6.438515 5.660640 7.123875
v -6.690135 3.969956 9.185775
v -6.591075 6.096840 5.456345
v -6.648805 3.230486 9.868455
v -5.410270 7.081600 2.943620
v -7.347125 3.981025 7.761964
v -5.440105 6.477465 2.160510
v -7.481360 4.855871 5.771794
v -6.373665 5.997540 2.615740
v -7.668315 2.087581 8.836440
v -7.989475 2.712481 7.500440
v -5.569325 5.422910 1.505415
v -8.096895 3.723655 5.799614
v -7.196589 1.870071 9.790305
v -6.533665 5.276985 2.096390
v -8.559500 2.531671 5.713920
v -7.390050 4.718395 2.615095
v -8.467965 1.303616 7.140500
v -6.901715 4.403610 1.850575
v -7.834095 0.319456 9.058775
v -8.935090 1.139305 5.334350
v -8.229015 3.571780 3.169370
v -8.072005 3.260325 2.514925
v -7.578115 2.807365 1.762225
v -8.708400 2.068195 3.071090
v -8.616301 -0.316059 6.946630
v -8.124605 2.232935 2.117025
v -8.536585 1.149980 2.372480
v -8.806900 0.556910 2.759085
v -8.729340 -1.463894 6.053615
v -8.985915 0.634130 3.311800
v -5.292495 3.830050 0.827460
v -8.356355 -3.012059 5.953140
v -6.378680 2.011285 0.874195
v -8.692745 -1.406710 2.721005
v -7.710905 -4.371160 5.983885
v -8.219069 -2.182470 2.209610
v -7.129485 -5.419654 5.579005
v -8.189225 -3.327000 2.797975
v -7.883245 -3.562655 2.425110
v -6.342825 0.124355 0.795195
v -6.026965 -6.498515 6.004565
v -6.662840 -5.807310 2.795341
v -3.309280 -7.081415 9.090931
v -3.022015 -7.810779 7.726760
v -4.555685 -7.537634 6.253605
v -2.392635 -6.995374 9.860415
v -5.980805 -6.623215 3.005791
v -3.843540 -8.052775 5.735236
v -5.635295 -6.628490 2.522221
v -1.032490 -7.911639 8.752255
v -4.195505 -7.717855 2.678330
v -2.535040 -8.557435 5.720016
v -1.540295 -8.568434 6.635556
v 0.338915 -7.507974 9.672906
v 0.993825 -7.119424 10.165626
v 0.181585 -8.369974 7.731405
v -3.229865 -7.859270 2.192521
v -4.451255 -7.130136 2.095926
v -2.417005 -8.608575 3.046441
v 5.523310 -4.300059 11.262850
v -0.947060 -8.886775 5.671501
v 1.657125 -7.814940 8.708856
v -1.721195 -8.411745 2.314531
v 0.891300 -8.861275 5.833721
v 2.657440 -7.394220 9.020976
v 1.983715 -8.243509 7.373130
v -1.290050 -8.008310 1.789531
v 2.524175 -8.588039 5.635211
v 3.729815 -6.883375 9.064326
v 0.129480 -8.706995 2.518706
v 0.023900 -8.157940 1.842961
v 6.160210 -1.214509 11.228314
v 4.054145 -7.611575 6.954741
v -2.675240 -5.372610 0.764915
v 1.256135 -8.623575 2.532866
v 2.086025 -8.735025 3.198936
v 2.591655 -8.104345 2.214961
v -1.031860 -6.370610 0.812231
v 1.492165 -8.012580 1.834486
v 2.853005 -8.375015 2.815356
v 4.094285 -7.679300 2.518281
v 4.257260 -7.109565 1.954511
v 5.606985 -6.833724 6.105081
v 1.348930 -6.473585 0.855125
v 7.193295 -5.240420 5.818176
v 7.861635 -4.004270 6.199406
v 6.762860 -5.589575 2.631560
v 8.530605 -2.894819 5.181050
v 7.574030 -4.424990 2.648495
v 8.047315 -2.544479 7.505620
v 4.111500 -4.714655 0.772310
v 8.579855 -1.655949 6.563120
v 8.052900 -3.302795 2.531985
v 5.949215 -1.923510 0.781170
v 8.326490 3.415690 3.283330
v 7.691280 4.776646 3.497725
v 3.230140 7.998575 2.403949
v 0.576380 8.311135 2.015964
v -0.201125 8.747715 2.599749
v -4.755590 5.800671 9.701571
v -5.240790 4.810711 10.233555
v -6.345500 6.367455 3.230674
v -6.815430 1.957171 10.266365
v -7.247400 0.285521 10.083744
v -7.859130 -3.130640 7.457000
v -8.473715 -0.543465 2.191655
v -6.955700 -4.554545 1.986615
v -6.772270 -5.347370 2.394440
v -2.194540 -6.713789 10.300541
v -0.978225 -7.352234 9.829416
v -0.664390 -7.035754 10.287196
v -3.391340 -8.323940 3.228206
v -1.430890 -8.847219 3.107416
v 2.649000 -6.858114 9.930886
v 2.489310 -6.564719 10.347911
v -0.328140 -8.937235 3.039536
v 3.439665 -8.386170 3.583401
v 4.138080 -7.971525 3.216931
v 5.311895 -6.796670 2.403950
v 6.923685 -4.634765 2.015485
v 6.512650 2.528811 10.374089
v 6.002630 2.970515 10.616325
v 8.769295 2.383740 3.852415
v 4.200440 5.254271 10.595785
v 8.003090 4.283020 4.831170
v 3.700385 6.032736 10.288540
v 8.434490 3.406225 4.008450
v 7.338320 5.366251 4.448595
v 6.617395 6.233265 4.450620
v 6.786270 5.985695 3.419559
v 5.961830 6.871381 3.843309
v 5.110930 7.520850 3.920550
v 2.052015 7.968230 1.895084
v -4.116985 5.319696 10.594296
v -0.759385 8.284285 2.003054
v -5.162650 4.333641 10.592840
v -2.786605 7.958375 2.125749
v -6.037875 3.516366 10.383805
v -5.687620 7.108941 4.148435
v -6.276435 2.389981 10.607475
v -6.434095 6.422306 4.450614
v -4.121180 7.470150 2.245385
v -7.178130 5.578930 4.450359
v -6.961660 5.780256 3.419719
v -6.680220 0.937896 10.583515
v -8.105890 4.153505 4.444380
v -7.614265 4.888610 3.420364
v -8.372010 3.541440 3.686425
v -8.703865 2.625670 4.447060
v -8.950370 1.633560 3.921155
v -1.744740 -6.464929 10.627191
v -5.636895 -6.112080 1.993490
v -3.401565 -8.430855 4.450360
v -2.364565 -8.802365 3.958566
v -1.286790 -9.009555 3.894221
v -0.217160 -9.077485 4.737216
v 1.006575 -9.035855 4.450076
v 0.699335 -9.021415 3.428161
v 2.509215 -8.750130 4.333055
v 1.974190 -8.873950 3.820381
v 7.729085 -2.605185 1.833625
v 9.960485 0.000000 3.265970
v 9.099875 0.003065 5.758400
v 9.100135 0.838555 5.528605
v 9.099256 1.252125 5.142360
v 9.099666 1.339540 3.774900
v 9.098590 0.897090 3.293400
v 9.099199 0.420970 3.081110
v 9.926595 1.239340 3.817600
v 9.757010 1.252900 5.276085
v 9.717045 0.780140 5.664350
v 9.958605 0.612985 3.349215
v 9.101420 -0.925515 3.300135
v 9.100164 -1.278080 3.660710
v 9.100210 -1.466965 4.194805
v 9.099415 -1.360055 4.960565
v 9.097970 -0.812225 5.571570
v 9.720200 -0.847625 5.627995
v 9.789215 -1.412895 4.998790
v 8.908275 0.000000 3.003750
v 9.099940 0.002375 3.019590
v 8.971995 1.311065 3.685545
v 8.969400 1.475735 4.249435
v 8.913750 0.931550 5.454245
v 8.910835 0.003305 5.755995
v 9.100000 0.542045 5.662175
v 9.100474 1.186385 5.253410
v 9.100090 1.474765 4.523755
v 9.099925 1.394910 3.912240
v 9.100019 1.114960 3.463910
v 9.100075 0.721230 3.185155
v 5.500000 0.000000 0.750000
v 5.458315 0.675885 0.750000
v 5.333885 1.341525 0.750000
v 4.489085 3.177755 0.750000
v 4.064550 3.705325 0.750000
v 3.038005 4.584815 0.750000
v 2.451560 4.923400 0.750000
v 0.507475 5.476540 0.750000
v -0.169375 5.497390 0.750000
v -0.843655 5.434910 0.750000
v -1.505145 5.290040 0.750000
v -2.750000 4.763140 0.750000
v -5.241180 1.667340 0.750000
v -5.406350 1.010620 0.750000
v -5.406350 -1.010620 0.750000
v -5.241180 -1.667340 0.750000
v -4.996560 -2.298780 0.750000
v -3.828735 -3.948515 0.750000
v -2.750000 -4.763140 0.750000
v -2.143820 -5.064980 0.750000
v -0.843655 -5.434910 0.750000
v -0.169375 -5.497390 0.750000
v 0.507475 -5.476540 0.750000
v 2.451560 -4.923400 0.750000
v 3.038005 -4.584815 0.750000
v 4.064550 -3.705325 0.750000
v 4.845565 -2.602015 0.750000
v 5.128595 -1.986830 0.750000
v 5.333885 -1.341525 0.750000
v 8.910660 -0.551245 5.640390
v 8.919270 -1.107770 5.301605
v 8.952860 -1.467450 4.651270
v 8.975920 -1.394815 3.869355
v 8.937060 -0.853715 3.203145
v 9.099700 -0.555275 3.116235
v 9.099905 -1.097645 3.445035
v 9.100280 -1.406940 3.935750
v 9.100255 -1.467025 4.567040
v 9.099936 -1.161315 5.288105
v 9.100150 -0.459365 5.686275
vn -0.3567 0.9191 -0.1672
vn -0.4637 0.8854 -0.0316
vn -0.1863 0.9824 -0.0145
vn -0.2930 0.5026 0.8134
vn -0.2121 0.3051 0.9284
vn -0.2555 0.1129 0.9602
vn 0.2010 -0.6106 0.7660
vn -0.9929 0.1001 0.0635
vn 0.4455 0.2062 0.8712
vn -0.9959 -0.0752 0.0500
vn 0.1321 0.3275 -0.9356
vn 0.5722 0.0683 -0.8173
vn 0.4726 0.5991 -0.6463
vn -0.0253 0.3125 -0.9496
vn 0.1293 0.7559 -0.6418
vn -0.3673 0.4900 -0.7906
vn 0.5578 -0.6056 -0.5676
vn 0.7704 -0.5966 0.2248
vn 0.4621 -0.3892 -0.7969
vn -0.3896 0.1411 0.9101
vn -0.6999 0.2027 0.6849
vn -0.5825 0.1695 0.7950
vn 0.9331 0.3428 -0.1084
vn 0.9238 0.2912 -0.2487
vn 0.8771 0.4527 -0.1607
vn 0.7696 0.2297 -0.5958
vn 0.5492 0.3637 -0.7524
vn 0.6341 0.0810 -0.7690
vn 0.3431 0.4774 -0.8090
vn 0.5207 0.6072 -0.6002
vn 0.5140 0.4317 -0.7413
vn -0.0935 0.9728 -0.2118
vn -0.0384 0.9716 0.2337
vn -0.0636 0.9068 0.4167
vn -0.0943 -0.8733 -0.4779
vn -0.2239 -0.9477 -0.2273
vn -0.1801 -0.9552 -0.2347
vn -0.6725 0.5958 -0.4391
vn -0.6165 0.7466 -0.2501
vn -0.5014 0.7701 -0.3943
vn 0.5412 0.6945 -0.4741
vn 0.3961 0.7140 -0.5773
vn 0.5178 -0.2675 -0.8126
vn 0.7451 0.1931 -0.6384
vn 0.3630 0.4825 -0.7971
vn -0.6806 0.3412 0.6483
vn -0.4922 0.2378 0.8373
vn -0.4444 0.4543 0.7721
vn -0.0160 -0.5598 -0.8285
vn 0.1632 -0.7522 -0.6384
vn 0.2517 -0.2991 -0.9204
vn 0.1169 -0.9930 -0.0143
vn 0.1301 -0.9562 -0.2622
vn 0.2859 -0.9471 -0.1461
vn -0.1055 0.8832 -0.4570
vn -0.1781 0.8377 -0.5163
vn -0.2415 0.9385 -0.2467
vn 0.6340 0.3696 -0.6793
vn 0.4448 0.0581 -0.8937
vn -0.3266 0.2625 0.9080
vn -0.3252 0.4488 0.8324
vn -0.5190 0.4804 0.7070
vn -0.2207 -0.9491 0.2247
vn 0.4749 -0.3493 0.8077
vn -0.3130 -0.9324 -0.1805
vn 0.3915 -0.9198 -0.0260
vn 0.4615 -0.8661 -0.1920
vn 0.0050 -0.0256 -0.9997
vn -0.6454 0.7050 -0.2939
vn 0.0300 -0.3490 -0.9366
vn 0.0092 -0.9116 -0.4109
vn -0.0112 -0.9879 -0.1547
vn 0.6882 0.7225 0.0662
vn 0.8795 0.4171 -0.2290
vn 0.9058 0.4003 0.1388
vn -0.1308 0.9855 -0.1077
vn -0.0202 0.9545 -0.2975
vn -0.1412 0.9604 -0.2403
vn -0.6030 0.7236 -0.3358
vn 0.7890 0.5939 -0.1574
vn 0.8999 0.4312 -0.0654
vn -0.3741 0.8218 -0.4297
vn -0.5305 0.8307 -0.1688
vn 0.5772 0.7889 -0.2110
vn 0.6939 0.6528 -0.3041
vn 0.5116 0.7157 -0.4755
vn -0.7374 -0.4595 0.4951
vn -0.8158 0.2276 0.5317
vn -0.6954 0.2010 0.6899
vn -0.8444 -0.5141 0.1507
vn -0.7966 -0.6033 -0.0373
vn -0.7397 -0.6396 0.2092
vn 0.9883 0.0211 0.1510
vn 0.9103 0.3606 0.2031
vn -0.3495 0.9368 0.0139
vn -0.1584 0.9856 0.0595
vn -0.4887 0.8062 0.3334
vn -0.6407 -0.6527 0.4043
vn -0.6710 -0.3182 0.6697
vn -0.8614 -0.2955 0.4131
vn -0.0061 -0.6982 -0.7159
vn -0.1941 -0.1783 -0.9646
vn -0.6101 -0.5071 -0.6088
vn 0.7272 0.6857 -0.0306
vn -0.0472 0.7728 -0.6329
vn -0.2095 0.6790 -0.7036
vn -0.2524 0.7302 -0.6349
vn -0.4490 -0.8837 -0.1321
vn -0.3315 -0.9411 -0.0665
vn -0.5156 -0.8568 0.0030
vn -0.0764 -0.5113 0.8560
vn -0.0523 -0.7989 0.5992
vn -0.8607 -0.2278 0.4552
vn 0.0324 0.9964 -0.0781
vn -0.0781 0.9943 -0.0727
vn -0.0228 0.9519 -0.3054
vn -0.9143 0.3684 0.1681
vn -0.8446 0.4002 0.3556
vn -0.8691 0.4604 0.1808
vn -0.8581 -0.4545 -0.2389
vn -0.9122 -0.3211 -0.2546
vn -0.8159 -0.3397 -0.4678
vn 0.5973 -0.7751 -0.2060
vn 0.5570 -0.8304 -0.0163
vn 0.4196 -0.3414 -0.8410
vn 0.5234 -0.2834 -0.8036
vn 0.4604 -0.1089 -0.8810
vn 0.1605 -0.8689 -0.4682
vn -0.6628 0.7488 0.0027
vn -0.9521 0.3023 0.0459
vn -0.8753 0.4716 -0.1073
vn -0.9387 0.3138 -0.1427
vn 0.2245 -0.9744 -0.0125
vn 0.0945 -0.9589 0.2676
vn 0.0879 -0.9961 -0.0015
vn -0.8815 -0.4657 -0.0774
vn -0.9419 -0.3331 0.0438
vn 0.3897 -0.8120 -0.4345
vn -0.9408 -0.2184 -0.2592
vn -0.7634 -0.0890 -0.6398
vn -0.8496 -0.2197 -0.4794
vn -0.9669 -0.1929 -0.1670
vn 0.5180 -0.7202 -0.4615
vn 0.7980 -0.4738 0.3724
vn 0.6859 -0.5430 0.4845
vn 0.6631 -0.6665 0.3407
vn 0.7679 -0.5977 -0.2302
vn 0.8277 -0.5610 -0.0110
vn 0.7374 -0.6746 -0.0357
vn 0.1739 -0.1387 0.9750
vn -0.0106 -0.1138 0.9934
vn 0.8551 0.1880 0.4831
vn 0.5909 0.2526 -0.7662
vn 0.5054 0.8399 0.1976
vn 0.7632 0.5090 -0.3980
vn 0.5498 0.0457 -0.8340
vn 0.8460 0.1008 -0.5235
vn 0.7995 0.2123 -0.5619
vn -0.2722 -0.9610 0.0489
vn -0.0208 -0.9884 -0.1506
vn -0.2872 -0.9351 0.2075
vn -0.3442 -0.0950 0.9341
vn -0.0923 -0.0485 0.9946
vn 0.7290 0.3250 0.6025
vn 0.4125 0.4037 0.8166
vn -0.9945 0.0885 -0.0553
vn 0.3749 0.5786 0.7244
vn 0.1078 -0.9796 -0.1698
vn -0.3687 -0.9289 -0.0334
vn -0.2916 -0.9565 -0.0019
vn 0.8734 -0.3384 -0.3502
vn 0.8093 -0.3999 -0.4303
vn 0.9457 -0.0854 -0.3136
vn 0.5775 0.6282 -0.5215
vn 0.5960 0.4866 -0.6388
vn 0.3247 -0.8594 -0.3951
vn 0.2411 -0.7715 -0.5888
vn 0.4300 0.8021 -0.4145
vn 0.4689 0.5928 -0.6548
vn 0.3558 0.6428 -0.6784
vn -0.5690 0.7175 0.4018
vn -0.8209 0.3553 0.4471
vn 0.4151 -0.2654 0.8702
vn 0.5989 -0.3513 0.7196
vn 0.6008 -0.2384 0.7630
vn 0.2476 0.7119 -0.6572
vn 0.2795 0.8507 -0.4452
vn 0.1793 0.9121 -0.3686
vn 0.1205 0.7580 -0.6410
vn 0.0532 0.8897 -0.4534
vn 0.5356 0.8440 0.0286
vn 0.5270 0.8436 -0.1031
vn 0.4713 0.8267 -0.3073
vn -0.0427 0.7735 -0.6324
vn -0.6904 0.0717 0.7199
vn -0.8253 0.1434 0.5461
vn 0.0515 -0.4801 -0.8757
vn 0.0001 -0.7381 -0.6746
vn 0.0382 -0.7860 -0.6170
vn -0.9666 0.0577 -0.2498
vn -0.9189 -0.2726 -0.2853
vn -0.9727 -0.2279 -0.0434
vn -0.1982 0.6964 -0.6897
vn -0.4045 0.6512 -0.6421
vn -0.1651 0.4039 -0.8998
vn 0.4639 0.0997 -0.8803
vn -0.9191 0.3572 0.1665
vn -0.7967 0.2846 0.5332
vn -0.5711 0.6794 0.4608
vn -0.4879 0.5520 0.6762
vn -0.0116 -0.9974 0.0707
vn -0.0499 -0.5793 0.8136
vn 0.1633 -0.8004 0.5768
vn -0.7953 0.3470 -0.4970
vn -0.6846 0.2841 -0.6713
vn -0.8318 0.2234 -0.5081
vn -0.1180 0.4581 0.8810
vn -0.1729 0.7035 0.6893
vn -0.1281 0.5074 0.8521
vn -0.4416 0.0080 -0.8972
vn -0.4338 -0.1280 -0.8919
vn 0.9214 0.1451 -0.3605
vn 0.3653 0.5282 -0.7665
vn -0.5353 0.5265 -0.6605
vn -0.5605 0.6269 -0.5411
vn -0.2880 0.9575 -0.0147
vn 0.0416 0.9766 -0.2109
vn 0.2876 0.9052 -0.3129
vn -0.6026 -0.6802 -0.4173
vn -0.4648 -0.6037 -0.6477
vn -0.4660 -0.7504 -0.4688
vn -0.4559 -0.5605 -0.6913
vn -0.1728 -0.2599 -0.9500
vn -0.2651 -0.6818 -0.6818
vn -0.2666 -0.8645 -0.4261
vn -0.1582 -0.7525 -0.6393
vn -0.7478 0.0496 -0.6621
vn -0.8223 0.1607 -0.5458
vn -0.8698 0.1707 -0.4630
vn 0.8709 0.3495 -0.3455
vn 0.8643 0.2965 -0.4063
vn 0.8723 0.1418 -0.4680
vn -0.1896 -0.8148 0.5478
vn 0.5544 -0.5033 0.6628
vn 0.6099 -0.7018 0.3680
vn 0.1512 0.9171 0.3690
vn 0.0364 0.8002 0.5986
vn 0.1963 0.8653 0.4612
vn 0.9636 -0.1759 0.2011
vn 0.8941 -0.2999 0.3325
vn 0.4579 -0.7338 0.5018
vn 0.4784 -0.8099 0.3395
vn 0.5801 -0.7378 0.3451
vn 0.9192 -0.2335 -0.3170
vn 0.8914 -0.3087 -0.3317
vn 0.8339 -0.4977 -0.2386
vn 0.5506 0.0040 -0.8347
vn -0.2653 -0.3317 0.9053
vn 0.3658 0.2748 0.8892
vn -0.2220 -0.1668 0.9607
vn 0.7512 -0.4635 0.4700
vn 0.7948 -0.3286 0.5102
vn -0.0983 0.4331 0.8960
vn 0.0531 0.9246 0.3773
vn -0.2418 0.6554 0.7155
vn 0.6398 -0.3950 -0.6593
vn 0.7935 -0.3491 -0.4984
vn 0.7677 -0.4642 -0.4418
vn -0.7081 -0.5593 -0.4310
vn -0.5712 -0.0498 0.8193
vn -0.4274 -0.0577 0.9022
vn -0.8607 0.2125 0.4627
vn -0.2734 0.8638 0.4232
vn -0.1124 0.5259 0.8431
vn -0.3287 0.9444 0.0091
vn -0.0025 0.3507 0.9365
vn -0.0908 -0.3354 0.9377
vn -0.1120 -0.5015 0.8579
vn 0.9718 0.1929 0.1358
vn 0.6616 0.7492 0.0324
vn 0.9037 0.3864 0.1846
vn -0.6074 0.4175 -0.6759
vn -0.7238 0.1558 -0.6722
vn -0.5481 0.3192 0.7731
vn -0.3959 0.5415 0.7416
vn -0.4509 0.7345 0.5072
vn 0.6621 0.6151 -0.4281
vn 0.8591 0.2950 -0.4183
vn 0.1808 0.9029 -0.3899
vn 0.0855 0.9572 -0.2764
vn 0.2491 0.7579 -0.6029
vn 0.5936 -0.8043 0.0265
vn 0.2979 -0.8041 0.5145
vn 0.1096 -0.1879 0.9761
vn 0.5827 0.6941 0.4227
vn 0.0410 0.9642 0.2619
vn 0.1072 0.9046 -0.4125
vn 0.0429 0.9260 -0.3750
vn -0.0587 0.9867 0.1517
vn 0.4079 0.8824 -0.2344
vn 0.2577 0.9553 -0.1446
vn -0.8150 -0.1759 0.5522
vn -0.7436 0.0439 0.6672
vn -0.6235 -0.2353 0.7456
vn -0.6590 0.7489 -0.0702
vn -0.4438 0.8705 -0.2126
vn -0.7644 0.5778 -0.2862
vn -0.1771 -0.4095 0.8950
vn 0.4228 0.1943 -0.8851
vn 0.5885 0.3168 -0.7438
vn 0.5155 0.1161 -0.8490
vn 0.4894 0.8694 0.0673
vn 0.5606 0.6300 0.5374
vn 0.1758 0.2657 0.9479
vn 0.5495 0.4266 0.7183
vn -0.1976 0.8417 0.5024
vn 0.7693 -0.3976 0.5001
vn 0.5378 -0.7961 0.2774
vn 0.3774 -0.8593 0.3452
vn 0.6383 -0.1321 0.7584
vn 0.6438 -0.3737 0.6677
vn 0.5686 -0.3639 0.7377
vn 0.6206 -0.7025 -0.3483
vn 0.5429 -0.6683 -0.5086
vn 0.6629 -0.6116 -0.4319
vn -0.4320 -0.6281 0.6472
vn -0.4352 -0.7799 0.4498
vn -0.2569 -0.8556 0.4493
vn -0.4372 0.8620 0.2566
vn -0.3910 0.9116 0.1268
vn -0.5086 0.8597 0.0471
vn 0.2705 -0.5676 -0.7776
vn 0.4528 -0.5281 -0.7184
vn 0.3631 -0.3229 -0.8740
vn -0.8309 -0.0050 -0.5565
vn 0.1350 0.8567 -0.4979
vn 0.2387 0.6133 -0.7529
vn -0.0778 0.9938 0.0793
vn 0.2133 -0.9610 0.1762
vn -0.1104 -0.9715 -0.2097
vn 0.3602 -0.6802 -0.6384
vn -0.7379 -0.0925 -0.6685
vn -0.8101 -0.1699 -0.5611
vn -0.2877 -0.7047 0.6485
vn -0.2780 -0.2805 0.9187
vn -0.3880 -0.3982 0.8312
vn 0.1689 -0.2346 -0.9573
vn 0.1811 -0.4526 -0.8731
vn 0.1383 0.2156 -0.9666
vn -0.7054 -0.2985 -0.6429
vn -0.6237 0.6330 -0.4586
vn -0.6426 0.2426 -0.7268
vn -0.8096 0.1587 -0.5651
vn -0.5469 0.5426 -0.6376
vn 0.9144 -0.3365 0.2250
vn 0.8724 -0.2889 0.3943
vn 0.9467 0.0949 0.3080
vn 0.8550 0.3995 0.3308
vn 0.8596 0.2370 0.4526
vn -0.5083 -0.1261 -0.8519
vn -0.6289 -0.1816 -0.7560
vn 0.6362 0.6658 0.3898
vn 0.2830 0.3860 0.8780
vn 0.4398 0.6514 0.6183
vn 0.2302 0.4087 0.8832
vn 0.5026 -0.3984 -0.7672
vn 0.4055 -0.6212 -0.6706
vn 0.7087 -0.3703 -0.6004
vn 0.7196 0.4332 0.5426
vn 0.7705 0.2105 0.6016
vn 0.4167 -0.6116 -0.6725
vn 0.4361 -0.1483 -0.8876
vn 0.2965 -0.6560 -0.6941
vn -0.4464 0.4169 -0.7918
vn -0.4717 0.2325 -0.8506
vn -0.5193 0.5099 -0.6858
vn 0.5377 0.3431 0.7702
vn 0.1634 0.1757 0.9708
vn -0.2381 -0.1719 0.9559
vn -0.9338 0.0222 -0.3570
vn 0.2836 -0.7919 -0.5408
vn 0.1330 0.0581 0.9894
vn -0.6955 0.2696 0.6660
vn 0.0855 -0.1252 0.9884
vn -0.2619 0.9620 -0.0771
vn -0.6309 0.7757 0.0152
vn 0.4183 0.9010 0.1149
vn 0.7879 0.5996 0.1404
vn -0.2279 -0.2235 0.9477
vn -0.1542 0.1058 0.9824
vn -0.5102 0.1075 0.8533
vn 0.1932 0.9023 -0.3854
vn 0.4499 0.7014 -0.5529
vn 0.2709 0.9451 -0.1830
vn -0.1474 -0.0437 -0.9881
vn -0.0658 -0.0809 -0.9945
vn 0.3668 0.9253 -0.0965
vn 0.1159 0.9783 0.1718
vn 0.2359 -0.3446 0.9086
vn -0.0718 -0.1024 0.9922
vn -0.5670 0.4305 0.7023
vn -0.7249 0.6873 0.0476
vn -0.7952 0.5917 0.1325
vn -0.6426 0.7145 0.2768
vn -0.9364 0.3202 0.1435
vn -0.9172 0.2538 -0.3070
vn -0.8440 0.4696 -0.2591
vn 0.1832 0.9702 -0.1588
vn -0.0699 0.4572 0.8866
vn 0.2599 0.9655 0.0148
vn 0.5418 0.8104 -0.2231
vn 0.7057 0.6958 -0.1332
vn 0.9383 -0.3457 -0.0095
vn 0.9873 -0.1346 0.0842
vn 0.6907 -0.7231 -0.0073
vn 0.4266 -0.9022 0.0642
vn 0.5294 -0.8469 -0.0492
vn -0.0612 -0.9981 -0.0064
vn -0.8136 -0.5681 -0.1240
vn -0.5716 -0.8002 -0.1814
vn -0.5389 -0.8408 -0.0512
vn -0.6549 -0.6197 -0.4325
vn -0.7504 -0.4820 -0.4523
vn -0.6369 -0.4470 -0.6281
vn -0.1886 -0.1003 0.9769
vn 0.7694 -0.1912 0.6095
vn 0.7750 -0.4349 0.4585
vn -0.6939 0.3091 -0.6503
vn -0.4842 0.3529 -0.8006
vn -0.5555 0.2112 -0.8042
vn -0.2991 0.8432 0.4467
vn 0.6594 0.2720 0.7009
vn 0.7991 -0.1389 0.5850
vn 0.9053 0.4127 0.1009
vn 0.4401 0.1669 0.8823
vn 0.6990 0.4572 0.5499
vn -0.9066 -0.3702 -0.2024
vn -0.8286 -0.4936 -0.2640
vn -0.8871 -0.4528 -0.0893
vn 0.6477 -0.7526 0.1184
vn -0.8693 0.4267 -0.2496
vn -0.9500 0.2075 -0.2333
vn -0.4107 0.8994 0.1495
vn -0.2488 0.6528 0.7155
vn -0.1077 0.1332 0.9852
vn -0.5029 -0.6727 -0.5428
vn 0.4807 -0.7553 -0.4454
vn -0.0474 0.1961 0.9794
vn -0.1317 0.3707 0.9194
vn 0.4867 -0.0640 -0.8712
vn -0.6163 0.6494 0.4455
vn -0.5159 0.5735 0.6364
vn 0.1776 -0.0132 0.9840
vn 0.4014 0.8908 -0.2131
vn 0.1807 0.9826 -0.0438
vn 0.3824 0.9236 -0.0274
vn 0.4246 0.9010 0.0892
vn 0.6723 0.7293 -0.1269
vn -0.0986 0.9040 0.4161
vn -0.1277 -0.9875 0.0921
vn 0.1262 -0.9849 -0.1182
vn -0.1374 -0.9102 -0.3906
vn 0.2012 0.4080 -0.8906
vn 0.8680 0.1207 -0.4816
vn 0.9013 -0.0323 -0.4319
vn 0.7937 -0.0306 -0.6075
vn 0.1336 0.5266 -0.8395
vn 0.2230 0.6614 -0.7161
vn 0.0909 0.7471 0.6585
vn 0.6193 -0.5357 0.5740
vn 0.5958 0.4878 0.6380
vn -0.3161 -0.2675 0.9103
vn -0.7734 0.1662 0.6118
vn 0.1492 -0.0758 0.9859
vn -0.3021 0.1515 0.9412
vn 0.8593 -0.3407 -0.3814
vn 0.6138 -0.6714 -0.4153
vn 0.7191 -0.6244 -0.3048
vn -0.3272 0.1806 0.9275
vn 0.3257 0.7739 0.5431
vn -0.6320 0.1905 0.7512
vn -0.7074 0.3604 0.6080
vn -0.4290 0.5746 0.6969
vn 0.4400 0.2927 -0.8490
vn 0.4143 0.5529 -0.7230
vn -0.1900 0.0206 0.9816
vn -0.3727 -0.8277 0.4196
vn -0.6452 -0.5449 0.5356
vn -0.4572 -0.5680 0.6843
vn -0.3424 0.2856 0.8951
vn -0.2780 0.1136 0.9538
vn 0.4011 0.2142 -0.8906
vn 0.3782 0.5231 -0.7638
vn 0.3106 0.3321 -0.8906
vn 0.8369 -0.2727 0.4746
vn 0.7181 -0.4189 0.5557
vn -0.8957 -0.1536 -0.4172
vn -0.8576 -0.0815 -0.5078
vn -0.7794 -0.1698 -0.6031
vn -0.3018 0.2668 0.9153
vn -0.4355 0.5305 0.7272
vn 0.8649 0.0384 -0.5005
vn -0.0534 -0.9931 0.1043
vn 0.0536 -0.3619 0.9307
vn 0.1021 -0.7103 0.6964
vn -0.1252 -0.6530 0.7469
vn 0.1661 -0.8518 -0.4969
vn -0.0417 -0.9991 0.0061
vn 0.1294 -0.9889 0.0724
vn 0.7849 -0.5737 -0.2340
vn -0.5447 0.6319 0.5514
vn -0.2012 -0.8147 0.5438
vn -0.0982 -0.8831 0.4588
vn -0.1746 -0.5892 0.7889
vn -0.0502 0.9470 0.3173
vn -0.3475 0.8656 0.3606
vn 0.2994 0.9453 0.1296
vn 0.0126 0.9509 0.3092
vn -0.9000 -0.2664 -0.3449
vn -0.9477 -0.2689 -0.1720
vn -0.1355 0.9438 0.3015
vn 0.4508 0.6704 -0.5893
vn -0.8788 0.4003 0.2597
vn -0.7825 0.5656 0.2604
vn -0.7089 0.6907 0.1431
vn 0.2802 0.8383 -0.4677
vn 0.1880 0.9773 -0.0979
vn -0.0404 -0.1473 0.9883
vn -0.1981 0.1016 0.9749
vn -0.5895 0.2179 0.7778
vn -0.1959 0.4307 0.8810
vn -0.0366 0.8996 0.4353
vn -0.0733 0.6708 0.7380
vn -0.8366 0.1586 0.5244
vn -0.0113 -0.4036 0.9149
vn -0.1064 -0.0034 0.9943
vn -0.0526 -0.6833 0.7282
vn -0.8280 0.1420 0.5425
vn -0.8046 0.0727 0.5893
vn -0.6595 0.0834 0.7471
vn -0.5481 0.5755 0.6069
vn -0.6154 0.6616 0.4285
vn 0.3880 -0.2299 -0.8925
vn -0.0739 -0.3068 0.9489
vn 0.0927 -0.3280 0.9401
vn 0.0840 -0.1567 0.9841
vn -0.9785 -0.2010 0.0454
vn -0.9633 -0.2661 0.0340
vn -0.9767 -0.1796 0.1176
vn -0.3269 0.9163 0.2316
vn -0.7491 0.6339 0.1924
vn -0.4646 0.7286 -0.5033
vn -0.3558 0.7949 -0.4915
vn -0.2551 0.4289 0.8666
vn 0.8860 -0.1347 -0.4437
vn 0.9213 0.2626 -0.2869
vn -0.2455 -0.5650 0.7877
vn -0.0870 0.7087 0.7001
vn 0.0054 0.6148 0.7886
vn -0.3896 0.0403 0.9201
vn -0.7943 -0.3329 -0.5082
vn -0.6690 -0.2694 -0.6927
vn -0.3750 0.7062 0.6006
vn 0.2085 0.5862 0.7829
vn -0.8630 -0.3019 0.4052
vn -0.7322 0.4304 0.5278
vn 0.0022 -0.9656 0.2601
vn -0.0040 -0.9620 0.2732
vn 0.4971 -0.8583 -0.1274
vn 0.3639 -0.9049 -0.2208
vn 0.5850 -0.7829 -0.2119
vn -0.4647 0.8843 0.0453
vn -0.5543 0.7671 -0.3230
vn -0.3846 0.8763 -0.2901
vn 0.6885 -0.4642 -0.5573
vn 0.9986 -0.0423 0.0315
vn 0.3558 0.0945 0.9298
vn 0.9913 0.0383 0.1261
vn 0.5489 -0.8358 0.0115
vn 0.5090 -0.8294 -0.2303
vn 0.6645 -0.7280 -0.1686
vn 0.8658 0.4258 -0.2630
vn 0.6654 0.6218 -0.4131
vn 0.5516 -0.5967 -0.5829
vn 0.5245 -0.5095 -0.6821
vn -0.3467 -0.0303 0.9375
vn -0.5327 -0.0819 0.8424
vn -0.3375 -0.0659 0.9390
vn -0.8575 0.3594 0.3682
vn -0.6077 0.7012 0.3729
vn -0.6715 -0.6613 0.3342
vn -0.5607 -0.7923 0.2406
vn -0.5440 -0.7625 0.3501
vn -0.3404 0.3130 0.8866
vn -0.1781 0.1263 0.9759
vn 0.2199 -0.4468 0.8672
vn 0.1571 -0.0661 0.9854
vn 0.4997 -0.5993 -0.6254
vn 0.4951 -0.7696 -0.4032
vn 0.6914 -0.4857 -0.5348
vn 0.5532 0.2376 0.7984
vn -0.2037 -0.9395 0.2752
vn -0.3626 0.0966 0.9269
vn -0.1586 0.4993 0.8518
vn 0.0540 -0.4209 0.9055
vn 0.2482 -0.3565 0.9007
vn 0.2125 -0.9756 0.0555
vn 0.0902 0.2544 -0.9629
vn -0.5095 -0.4279 0.7466
vn -0.2654 -0.5560 0.7877
vn -0.3373 -0.8651 0.3713
vn -0.5989 -0.7925 0.1149
vn 0.6513 0.2151 -0.7277
vn 0.6556 0.1667 -0.7365
vn -0.0781 0.1121 0.9906
vn 0.5476 -0.8279 -0.1213
vn 0.7449 0.1887 -0.6400
vn 0.7647 0.3384 -0.5484
vn 0.8535 0.3512 -0.3851
vn -0.4866 -0.6633 0.5685
vn -0.2893 -0.8946 0.3407
vn -0.4684 -0.7936 0.3882
vn -0.0340 -0.1407 0.9895
vn 0.3329 0.2299 0.9145
vn -0.7983 -0.5835 -0.1491
vn -0.4119 -0.7641 0.4965
vn -0.5651 -0.6660 0.4868
vn -0.2275 0.5827 0.7802
vn -0.3357 -0.9253 0.1765
vn -0.2352 -0.9334 0.2709
vn -0.3608 -0.8639 0.3515
vn -0.8354 -0.5213 0.1740
vn -0.9211 -0.3472 0.1761
vn -0.7169 -0.6796 0.1557
vn -0.5791 -0.8059 0.1230
vn 0.5870 0.7918 0.1691
vn 0.5530 0.7963 0.2451
vn 0.5611 0.7834 0.2673
vn -0.3274 0.9075 0.2632
vn -0.3730 0.9201 0.1198
vn -0.4925 0.8488 0.1920
vn 0.6654 -0.7362 0.1234
vn 0.6971 -0.6979 0.1642
vn 0.3127 -0.8954 0.3171
vn 0.1728 -0.9692 0.1755
vn 0.3099 -0.9271 0.2107
vn -0.6629 0.5416 0.5169
vn -0.5618 0.5871 -0.5829
vn 0.2886 0.1144 0.9506
vn 0.4525 0.3278 0.8293
vn 0.2429 0.2162 0.9457
vn -0.7335 -0.6778 0.0506
vn -0.6561 -0.7285 -0.1971
vn -0.7515 -0.5675 0.3365
vn -0.7152 -0.5237 0.4628
vn -0.8369 -0.4332 0.3346
vn -0.5319 0.7750 0.3411
vn -0.5873 0.7766 0.2280
vn -0.8391 -0.4835 0.2491
vn -0.9265 -0.1881 0.3260
vn -0.8980 -0.3325 0.2883
vn 0.7772 0.5280 0.3423
vn 0.7862 0.5878 0.1907
vn 0.7487 0.5988 0.2844
vn -0.9255 0.1957 0.3242
vn -0.9720 0.1743 0.1575
vn 0.1928 0.9800 0.0503
vn 0.1445 0.9704 0.1935
vn 0.2586 0.9506 0.1715
vn -0.5918 -0.6837 0.4270
vn -0.9709 -0.1679 0.1709
vn 0.8596 -0.5099 -0.0315
vn -0.8038 0.5948 -0.0065
vn -0.8926 0.4505 0.0165
vn 0.5321 -0.0760 -0.8432
vn 0.9574 -0.2287 -0.1762
vn 0.9265 -0.1381 0.3501
vn 0.3488 0.9205 0.1763
vn 0.3124 0.8957 0.3165
vn 0.8741 -0.4092 0.2617
vn 0.7744 -0.5703 0.2740
vn 0.8742 -0.4408 0.2033
vn 0.0734 -0.5735 -0.8159
vn 0.0812 -0.7684 -0.6348
vn -0.0696 -0.6520 -0.7550
vn -0.7918 -0.3771 0.4805
vn -0.7473 -0.4992 0.4385
vn -0.8634 -0.4553 -0.2172
vn -0.7881 0.6128 0.0589
vn -0.6981 -0.2507 0.6707
vn -0.8450 -0.3520 0.4026
vn -0.6118 -0.5546 0.5641
vn -0.1491 0.5439 -0.8258
vn -0.0423 0.5571 -0.8294
vn 0.3513 0.7618 0.5444
vn 0.4634 0.8115 0.3561
vn 0.5157 -0.8486 0.1183
vn 0.3133 -0.5222 0.7932
vn 0.2306 -0.3627 0.9029
vn -0.5114 -0.8080 -0.2926
vn -0.4778 -0.7843 -0.3957
vn -0.3586 -0.8750 -0.3252
vn 0.8100 0.2118 0.5469
vn 0.0865 -0.5698 0.8172
vn 0.1991 -0.5693 0.7977
vn 0.9300 0.1521 0.3346
vn -0.3092 -0.7979 -0.5175
vn -0.1799 -0.9579 0.2236
vn -0.1806 -0.8267 -0.5328
vn 0.2137 0.9708 -0.1094
vn 0.1476 0.5790 0.8018
vn -0.9832 -0.1237 -0.1345
vn -0.7429 0.5729 0.3462
vn -0.7127 0.6694 0.2096
vn 0.6221 0.7829 0.0051
vn 0.5087 0.8592 -0.0546
vn -0.0024 -0.9873 0.1586
vn 0.3557 -0.7172 -0.5992
vn 0.2334 -0.7558 -0.6119
vn -0.7437 0.6506 -0.1536
vn 0.9141 0.3322 -0.2327
vn 0.9685 0.2429 -0.0543
vn 0.8568 0.2718 0.4382
vn 0.2858 -0.9468 0.1482
vn 0.1768 -0.9413 0.2875
vn 0.3678 0.6794 -0.6350
vn 0.7476 0.5139 -0.4207
vn 0.6683 0.3474 -0.6578
vn 0.8255 0.5488 -0.1316
vn 0.8125 -0.1181 0.5709
vn 0.9250 -0.2155 0.3131
vn 0.9068 -0.0561 0.4178
vn 0.2817 -0.8308 0.4801
vn -0.0818 -0.9896 -0.1181
vn -0.0802 -0.4076 0.9096
vn -0.0674 0.9409 0.3319
vn -0.1829 0.9707 0.1555
vn -0.2201 0.9149 0.3384
vn 0.0562 0.0048 0.9984
vn 0.0007 -0.0001 1.0000
vn 0.2242 -0.0021 0.9745
vn -0.7818 -0.6023 0.1614
vn -0.7863 -0.6174 -0.0247
vn -0.1119 0.9917 -0.0641
vn -0.3018 0.9527 -0.0373
vn -0.2088 0.9761 0.0606
vn -0.1107 -0.9328 0.3430
vn 0.0680 -0.9474 0.3129
vn 0.1488 -0.9157 0.3732
vn -0.3892 0.8510 0.3525
vn -0.3102 0.8471 0.4315
vn 0.8262 -0.1850 -0.5321
vn 0.7610 0.1012 -0.6408
vn 0.9100 -0.0822 -0.4065
vn 0.7314 0.2517 -0.6339
vn 0.5433 0.6085 -0.5784
vn -0.0376 0.3952 0.9178
vn -0.8762 -0.3151 0.3646
vn -0.7980 -0.3712 0.4748
vn -0.5895 0.2613 0.7643
vn -0.4781 -0.2656 -0.8372
vn -0.8372 0.0837 -0.5405
vn -0.4202 -0.5117 -0.7494
vn 0.8245 -0.5110 -0.2432
vn -0.7734 -0.2730 -0.5721
vn -0.6892 -0.2105 -0.6933
vn -0.6112 -0.3837 -0.6923
vn -0.9566 0.2900 -0.0293
vn 0.6746 0.1761 -0.7169
vn -0.4552 -0.8476 0.2729
vn -0.0269 0.8415 0.5397
vn -0.0378 0.5028 0.8636
vn 0.8578 0.1350 -0.4960
vn -0.4547 0.8841 -0.1074
vn -0.2927 0.9372 -0.1899
vn -0.4472 0.8511 -0.2750
vn -0.0333 0.9662 0.2556
vn -0.9735 0.1215 -0.1939
vn -0.9644 0.2167 -0.1515
vn -0.1778 -0.8951 0.4088
vn 0.0067 -0.4732 0.8809
vn -0.2527 -0.4548 0.8540
vn 0.2609 0.3846 0.8854
vn 0.6425 0.7374 0.2083
vn 0.1151 0.9929 0.0301
vn -0.5739 0.7524 -0.3234
vn -0.4445 0.7856 -0.4304
vn -0.5544 0.6825 -0.4762
vn -0.9880 0.1526 0.0259
vn -0.1806 -0.3884 0.9036
vn 0.2759 0.4930 0.8251
vn -0.1753 -0.2424 0.9542
vn -0.1794 0.1179 0.9767
vn 0.3563 -0.0257 0.9340
vn 0.4382 -0.0278 0.8984
vn 0.4695 -0.1735 0.8657
vn -0.4133 0.3026 0.8588
vn 0.2142 0.6889 0.6925
vn -0.4279 -0.3677 0.8256
vn -0.1902 -0.8761 0.4430
vn -0.1406 -0.6271 0.7662
vn -0.2512 0.4353 0.8645
vn -0.1658 0.8606 0.4815
vn -0.5090 0.4565 0.7298
vn -0.7277 0.0159 0.6857
vn 0.1635 -0.2420 -0.9564
vn 0.1791 -0.6954 -0.6960
vn 0.1584 -0.4669 0.8700
vn 0.0371 0.4423 -0.8961
vn 0.0923 0.2485 -0.9642
vn 0.3951 0.4123 -0.8209
vn 0.8652 -0.2596 -0.4289
vn 0.8448 -0.0023 -0.5350
vn 0.4598 0.7669 -0.4477
vn 0.6252 0.6720 -0.3969
vn 0.6885 -0.6326 -0.3546
vn -0.7137 -0.0758 -0.6963
vn 0.6931 0.2138 -0.6884
vn -0.0435 0.9001 -0.4335
vn -0.0211 0.4847 -0.8744
vn 0.0134 0.6889 -0.7247
vn -0.5135 -0.1937 0.8359
vn -0.7381 0.6339 -0.2310
vn -0.7540 0.6510 0.0882
vn -0.8978 -0.0514 0.4375
vn -0.8080 -0.1190 0.5771
vn -0.6611 0.2065 0.7213
vn 0.4095 0.2960 -0.8629
vn -0.1130 0.9926 0.0448
vn 0.1438 -0.2362 -0.9610
vn 0.8691 -0.2877 -0.4024
vn 0.6074 0.7380 -0.2940
vn 0.7584 0.5989 -0.2573
vn 0.7189 0.6932 0.0514
vn -0.6528 -0.7485 0.1166
vn -0.9689 0.1818 -0.1677
vn -0.0043 -1.0000 0.0045
vn 0.0171 -0.9906 -0.1360
vn -0.1059 -0.8779 0.4670
vn -0.2621 0.3754 0.8890
vn 0.1725 -0.3853 0.9065
vn 0.3670 -0.3211 0.8730
vn -0.1530 0.9200 0.3609
vn 0.0172 0.9938 -0.1101
vn -0.1490 0.9845 0.0925
vn 0.0277 -0.7951 -0.6059
vn 0.8028 0.5959 0.0224
vn 0.4518 0.3899 0.8024
vn -0.2260 -0.3314 0.9160
vn -0.2208 -0.9154 -0.3367
vn -0.0462 -0.9434 -0.3284
vn -0.1663 -0.9606 -0.2227
vn 0.3076 -0.9232 -0.2305
vn 0.6081 -0.7152 -0.3444
vn 0.4566 -0.6751 -0.5795
vn 0.5573 -0.7541 0.3476
vn 0.4617 -0.8510 0.2501
vn 0.5449 -0.8331 0.0949
vn -0.3445 0.1195 0.9311
vn -0.1974 -0.9780 0.0677
vn -0.2941 0.0605 0.9539
vn 0.8478 -0.4960 -0.1877
vn 0.0035 -0.9998 -0.0206
vn 0.9143 -0.3914 0.1042
vn 0.9590 -0.2777 -0.0557
vn 0.9785 -0.1994 0.0519
vn -0.3400 -0.7969 0.4993
vn -0.1130 -0.2264 0.9675
vn -0.8041 -0.5565 0.2089
vn 0.3897 -0.0881 0.9167
vn 0.5781 -0.6612 0.4781
vn 0.7030 -0.3735 -0.6053
vn 0.3717 -0.7860 -0.4939
vn 0.4502 -0.2720 -0.8505
vn -0.4123 -0.5881 0.6958
vn -0.6075 -0.2894 0.7397
vn 0.9306 -0.3220 0.1740
vn 0.9800 -0.1459 0.1350
vn -0.3562 0.1315 0.9251
vn 0.4535 0.8912 0.0087
vn 0.9807 -0.1058 -0.1646
vn 0.9436 -0.1418 -0.2993
vn 0.9610 0.0283 -0.2752
vn -0.1626 -0.6345 0.7556
vn -0.2365 -0.7511 0.6163
vn -0.9309 -0.3651 0.0078
vn 0.3326 0.8911 -0.3088
vn 0.4144 0.9099 -0.0181
vn 0.6633 0.7161 -0.2175
vn 0.7861 0.5900 -0.1840
vn 0.7168 0.6226 -0.3139
vn -0.0036 0.9398 -0.3416
vn -0.6017 -0.7666 -0.2243
vn 0.4221 -0.7495 0.5099
vn -0.1482 -0.3868 0.9102
vn 0.4835 -0.7576 -0.4385
vn -0.1364 -0.9891 0.0554
vn -0.0447 0.0466 0.9979
vn -0.0542 0.0655 0.9964
vn -0.4663 0.1949 -0.8629
vn -0.1964 -0.8429 0.5009
vn -0.6250 -0.1512 0.7658
vn -0.6358 0.0122 0.7717
vn 0.3171 -0.1879 0.9296
vn 0.7900 -0.4623 -0.4026
vn 0.9210 0.3872 -0.0430
vn 0.6378 0.4100 -0.6520
vn 0.5289 0.0071 -0.8486
vn 0.3395 0.9402 -0.0278
vn 0.7545 0.0811 -0.6513
vn 0.5853 -0.0656 -0.8082
vn 0.6367 -0.3572 -0.6834
vn 0.7173 -0.6654 0.2068
vn 0.4907 0.1848 0.8515
vn 0.4573 -0.7353 0.5002
vn -0.1907 -0.9369 -0.2931
vn 0.6906 -0.2064 -0.6931
vn 0.6904 -0.5917 0.4162
vn 0.3612 -0.4908 -0.7929
vn 0.9490 -0.3035 0.0851
vn -0.4229 -0.0926 0.9014
vn 0.1743 0.9842 -0.0324
vn 0.1377 0.9329 -0.3328
vn -0.5788 -0.4197 0.6992
vn 0.7246 0.6828 -0.0933
vn 0.8486 0.5280 0.0315
vn 0.2425 0.4540 0.8574
vn -0.0470 -0.0757 0.9960
vn -0.9862 0.1653 -0.0108
vn -0.8519 0.0506 0.5213
vn -0.9958 -0.0798 0.0449
vn -0.4931 -0.1281 0.8605
vn -0.7911 -0.5073 0.3417
vn -0.7854 -0.5650 -0.2527
vn -0.8811 -0.4046 -0.2450
vn 0.4500 0.6801 0.5788
vn 0.5231 0.7040 0.4803
vn -0.2753 -0.9593 0.0632
vn -0.1815 -0.9504 -0.2526
vn -0.3869 -0.8854 -0.2578
vn -0.6659 0.0359 -0.7452
vn 0.2223 0.7716 0.5960
vn -0.0434 -0.9643 -0.2612
vn 0.0084 -0.9860 0.1663
vn 0.2554 -0.9647 0.0638
vn 0.3416 -0.9028 -0.2611
vn 0.1329 -0.9559 -0.2620
vn 0.6209 -0.7380 -0.2644
vn 0.4906 -0.8282 -0.2709
vn 0.6227 -0.7703 0.1376
vn -0.4195 0.6816 0.5995
vn -0.4136 0.7528 0.5122
vn 0.8875 -0.4418 0.1306
vn 0.8759 -0.4228 -0.2326
vn 0.7669 -0.5893 -0.2542
vn 0.6314 0.3471 -0.6934
vn 0.4836 0.3776 -0.7897
vn -0.2840 0.4117 0.8659
vn -0.0861 -0.4013 0.9119
vn -0.9025 0.1227 -0.4128
vn -0.7714 0.1263 -0.6237
vn 0.3875 0.7152 0.5816
vn -0.0367 0.9685 -0.2462
vn -0.6405 0.6746 0.3670
vn -0.2264 0.9711 -0.0753
vn -0.0846 0.9894 -0.1179
vn -0.1682 0.8324 0.5281
vn -0.3643 -0.8354 0.4115
vn 0.3372 -0.4773 -0.8115
vn 0.2687 -0.5197 -0.8110
vn -0.9294 0.0172 0.3687
vn -0.9235 -0.2627 -0.2796
vn 0.1418 -0.9882 0.0572
vn 0.9812 0.0612 0.1828
vn -0.4891 -0.8700 0.0630
vn -0.4547 -0.8821 0.1233
vn 0.3910 0.2284 0.8916
vn 0.5941 0.3975 0.6993
vn -0.0761 -0.1065 0.9914
vn -0.5644 -0.4855 0.6676
vn -0.6552 -0.0091 0.7554
vn -0.6202 -0.7844 -0.0087
vn -0.0761 -0.3658 0.9276
vn -0.9408 -0.3203 0.1108
vn -0.3630 -0.2699 0.8919
vn -0.9708 -0.2290 0.0715
vn -0.7661 -0.2727 0.5820
vn -0.2340 -0.9684 0.0862
vn -0.1182 -0.9253 0.3604
vn -0.1038 -0.4856 0.8680
vn 0.1554 -0.9302 -0.3325
vn 0.1460 -0.8658 -0.4787
vn 0.2703 -0.8352 -0.4790
vn 0.7090 -0.6885 0.1523
vn -0.3751 0.8471 -0.3765
vn -0.2556 0.8440 -0.4716
vn -0.7754 0.3085 -0.5510
vn -0.5993 0.3119 -0.7373
vn -0.4383 -0.1618 0.8841
vn 0.7839 -0.6070 0.1306
vn 0.1597 -0.7098 -0.6861
vn 0.1368 -0.4082 -0.9026
vn -0.0143 -0.6752 -0.7375
vn 0.9090 -0.2913 0.2982
vn 0.9278 -0.1838 0.3245
vn 0.9539 -0.2059 -0.2183
vn -0.7783 0.1755 0.6029
vn 0.3693 -0.9293 0.0043
vn 0.4262 -0.9033 0.0482
vn 0.4747 -0.5406 -0.6945
vn 0.6321 -0.5402 -0.5555
vn -0.7081 0.5252 0.4719
vn 0.8576 0.4917 -0.1507
vn 0.9105 0.2893 0.2954
vn -0.6360 0.0485 -0.7701
vn 0.2900 -0.3982 -0.8703
vn 0.2874 0.9558 -0.0616
vn 0.6263 -0.2775 -0.7285
vn 0.5721 -0.4944 0.6544
vn 0.2165 -0.6430 0.7346
vn -0.8089 0.5816 0.0862
vn -0.8918 0.4468 -0.0711
vn 0.2142 -0.2501 0.9442
vn -0.1701 0.0782 0.9823
vn 0.4769 0.3616 0.8011
vn 0.4444 0.2220 0.8679
vn -0.4252 -0.1023 0.8993
vn -0.3752 -0.2942 0.8790
vn -0.4385 0.1239 0.8902
vn 0.2362 0.4728 0.8489
vn -0.7532 0.2137 0.6221
vn -0.8814 0.1100 0.4593
vn -0.6829 0.0819 0.7259
vn -0.0998 0.9236 0.3702
vn -0.2627 0.4770 0.8387
vn 0.2324 -0.3156 0.9200
vn -0.8409 -0.4105 -0.3527
vn -0.7488 -0.5659 -0.3450
vn -0.5810 -0.6329 -0.5117
vn -0.4434 -0.7247 -0.5275
vn 0.2669 0.4770 0.8374
vn 0.3681 0.8968 0.2456
vn 0.3699 0.9270 -0.0628
vn 0.2585 0.9642 0.0591
vn 0.8018 0.0572 0.5948
vn 0.9542 0.0464 0.2956
vn 0.8854 0.1347 0.4450
vn -0.2614 0.6164 0.7428
vn -0.2032 0.5546 0.8069
vn -0.1069 0.8343 0.5409
vn -0.3447 -0.7302 -0.5898
vn -0.4137 0.8093 0.4170
vn 0.3053 -0.9099 -0.2807
vn 0.2502 -0.8794 -0.4051
vn -0.5845 0.8027 -0.1185
vn -0.2233 -0.2374 0.9454
vn 0.7726 0.4177 0.4782
vn 0.8238 0.3217 0.4667
vn 0.8475 0.4034 0.3449
vn -0.3421 -0.9195 -0.1936
vn -0.7185 -0.6267 0.3017
vn -0.9141 -0.1510 0.3763
vn -0.9287 -0.1993 0.3128
vn 0.1471 0.9697 -0.1950
vn -0.7840 0.2056 0.5857
vn -0.5294 -0.3901 0.7534
vn -0.1875 0.9268 -0.3254
vn -0.2110 -0.3114 0.9265
vn -0.9500 0.0131 -0.3119
vn -0.9678 -0.0107 -0.2516
vn -0.3591 -0.4354 -0.8255
vn -0.6077 -0.4834 -0.6301
vn -0.5465 -0.7348 -0.4018
vn -0.9650 0.0170 0.2617
vn 0.7989 -0.1367 0.5857
vn 0.6336 0.6877 0.3545
vn -0.5833 0.1131 0.8044
vn -0.0054 -0.1093 0.9940
vn -0.9695 0.1145 -0.2168
vn -0.9687 0.0871 -0.2325
vn -0.9784 0.1411 -0.1510
vn -0.4464 -0.1394 -0.8839
vn -0.0172 -0.9467 0.3217
vn -0.1645 -0.8311 0.5313
vn 0.1549 -0.6765 0.7199
vn 0.5493 -0.1147 0.8277
vn 0.2590 -0.6139 0.7457
vn 0.4569 -0.4124 0.7881
vn 0.4980 -0.3522 0.7924
vn -0.3444 0.4693 -0.8131
vn 0.1056 -0.8154 -0.5692
vn 0.0145 -0.9932 -0.1158
vn 0.7363 0.3089 -0.6021
vn 0.8180 -0.1615 -0.5521
vn 0.5635 -0.1576 -0.8109
vn -0.8172 -0.2854 0.5007
vn -0.7516 -0.1535 0.6415
vn -0.9090 -0.0753 0.4100
vn -0.8444 0.2985 0.4449
vn -0.9180 0.2141 0.3339
vn 0.5749 -0.2556 -0.7773
vn -0.5941 -0.5289 -0.6061
vn 0.6282 0.7776 -0.0282
vn 0.1976 -0.9280 -0.3159
vn 0.9276 -0.0131 0.3734
vn 0.9123 -0.1628 0.3757
vn -0.4280 -0.0360 -0.9031
vn 0.0927 -0.9611 -0.2603
vn 0.7947 0.2213 0.5653
vn 0.9391 0.2892 0.1856
vn 0.8704 0.3119 0.3809
vn -0.2498 -0.8317 0.4958
vn 0.7739 -0.1417 -0.6173
vn 0.7374 -0.2493 -0.6277
vn 0.3034 -0.8188 0.4874
vn 0.2862 -0.2704 0.9192
vn 0.8410 0.0075 0.5410
vn 0.8958 0.1232 0.4270
vn 0.8523 0.1308 0.5064
vn 0.7602 0.0265 -0.6491
vn 0.7004 0.5665 -0.4342
vn 0.4201 0.7309 -0.5378
vn -0.3898 0.2180 0.8947
vn -0.4757 0.1056 0.8732
vn -0.9340 0.1784 -0.3095
vn 0.6743 0.4083 0.6153
vn -0.0598 0.5360 0.8421
vn -0.0430 0.3060 0.9511
vn 0.0497 0.4412 0.8960
vn -0.2723 0.9621 0.0121
vn 0.9886 0.1393 0.0574
vn 0.7315 0.6114 -0.3017
vn 0.5885 0.7362 -0.3342
vn 0.7613 0.4505 -0.4663
vn -0.7562 -0.2493 0.6050
vn -0.6054 -0.3207 0.7284
vn 0.4004 0.8629 -0.3082
vn 0.5547 0.5841 -0.5926
vn -0.2900 -0.9443 -0.1558
vn -0.4425 -0.8945 0.0633
vn -0.4135 -0.8951 -0.1669
vn -0.7801 0.4824 -0.3983
vn -0.6661 -0.7438 0.0556
vn -0.5811 -0.8019 -0.1387
vn -0.5710 -0.8207 0.0192
vn -0.6543 0.5132 0.5554
vn -0.9596 0.0025 0.2813
vn -0.1779 0.0628 0.9820
vn 0.4720 -0.3636 -0.8031
vn -0.8569 0.1659 -0.4881
vn -0.8635 0.2402 0.4434
vn -0.4416 -0.1928 0.8762
vn -0.2743 -0.9499 -0.1496
vn -0.6389 -0.6986 0.3220
vn -0.3236 -0.1497 0.9343
vn 0.7171 -0.5566 -0.4195
vn -0.6121 -0.7900 0.0338
vn -0.1039 -0.9939 0.0379
vn -0.2612 -0.9106 0.3202
vn -0.2795 -0.9601 0.0042
vn -0.2341 -0.7153 -0.6585
vn -0.2230 -0.5637 -0.7953
vn 0.0383 0.9545 0.2956
vn -0.0105 0.8560 0.5168
vn 0.1648 0.8056 0.5691
vn -0.0054 0.4486 0.8937
vn 0.1103 0.9640 -0.2421
vn 0.6652 -0.7434 0.0697
vn 0.3946 -0.9189 -0.0014
vn 0.0595 -0.7477 -0.6613
vn 0.1922 -0.9075 0.3735
vn 0.7256 -0.4118 -0.5513
vn 0.7238 -0.3234 0.6095
vn 0.5882 0.2464 0.7703
vn 0.4431 0.0658 0.8941
vn 0.6596 0.1212 0.7418
vn 0.5204 0.3199 0.7917
vn -0.1928 0.9632 -0.1872
vn 0.9988 0.0319 0.0360
vn 0.9814 0.1476 0.1228
vn -0.2094 -0.1656 0.9637
vn 0.9014 0.4237 -0.0887
vn 0.9209 0.3703 0.1220
vn -0.5866 0.5331 -0.6096
vn -0.6375 0.7704 -0.0005
vn -0.8628 0.4101 0.2955
vn -0.8707 0.4815 0.1000
vn 0.1594 -0.1226 0.9796
vn 0.0189 -0.2692 0.9629
vn -0.1136 -0.9316 0.3452
vn 0.4187 -0.4050 0.8128
vn 0.2118 -0.1748 0.9616
vn -0.3301 -0.6052 0.7244
vn -0.1773 -0.3453 0.9216
vn 0.9703 0.2247 -0.0900
vn 0.9920 0.0531 -0.1143
vn -0.1200 0.1412 0.9827
vn -0.1519 0.2672 0.9516
vn -0.6552 -0.3340 0.6776
vn -0.0504 -0.9858 -0.1604
vn -0.7963 0.6021 -0.0582
vn 0.4168 -0.3694 -0.8306
vn -0.5084 0.3019 0.8065
vn -0.5552 0.7809 0.2864
vn -0.1625 0.8604 0.4831
vn 0.2118 -0.6651 -0.7161
vn -0.7786 -0.5364 -0.3258
vn -0.3041 0.8770 0.3720
vn 0.6321 0.7728 0.0569
vn 0.7573 0.6452 0.1010
vn 0.6568 0.6899 0.3045
vn -0.1617 -0.6699 0.7247
vn -0.0360 -0.5223 0.8520
vn -0.7357 0.5947 -0.3242
vn -0.8248 0.4490 -0.3438
vn 0.8199 0.4961 0.2858
vn -0.6154 0.3452 0.7086
vn -0.6905 -0.5708 0.4443
vn 0.2322 -0.0286 0.9723
vn 0.0174 -0.0056 0.9998
vn 0.1310 0.9086 -0.3966
vn 0.3399 0.8771 -0.3395
vn 0.3738 0.8259 -0.4220
vn -0.3065 0.7760 -0.5513
vn -0.2990 0.8537 -0.4264
vn 0.8253 -0.4530 -0.3372
vn 0.8875 -0.4101 -0.2101
vn 0.8180 -0.5360 -0.2086
vn -0.0251 0.9441 -0.3288
vn -0.0967 0.9712 -0.2178
vn 0.0933 0.9776 -0.1886
vn -0.5729 -0.6406 0.5112
vn -0.5682 -0.7736 0.2807
vn -0.4953 -0.7469 0.4437
vn 0.1559 0.6740 -0.7221
vn 0.1169 0.7525 -0.6481
vn -0.8588 -0.2859 0.4251
vn -0.8129 -0.3760 0.4448
vn -0.2720 -0.8374 -0.4741
vn 0.9157 0.1865 -0.3559
vn 0.8410 0.2390 -0.4853
vn -0.8036 0.5619 -0.1963
vn 0.8488 0.4864 -0.2073
vn 0.1415 -0.9668 -0.2130
vn -0.2016 -0.1309 0.9707
vn -0.2882 -0.2832 0.9147
vn 0.7209 0.2834 -0.6324
vn -0.0683 -0.9642 0.2561
vn -0.1682 -0.8730 0.4578
vn -0.7170 0.4870 -0.4988
vn -0.0050 -0.8850 0.4655
vn 0.5044 0.7268 -0.4662
vn -0.6564 0.6444 -0.3922
vn 0.3222 -0.8609 0.3938
vn 0.6663 0.5221 0.5324
vn 0.7019 0.5880 0.4020
vn 0.8959 -0.3133 -0.3149
vn 0.8785 -0.2416 -0.4121
vn -0.2367 0.9234 -0.3023
vn -0.1228 0.6824 0.7206
vn 0.0042 0.6996 0.7146
vn -0.1325 0.8595 0.4936
vn 0.9379 -0.2831 -0.2007
vn 0.2914 0.7479 0.5964
vn 0.2758 0.9020 0.3322
vn 0.7530 -0.1926 0.6292
vn 0.1586 0.9353 0.3164
vn -0.8224 0.2995 -0.4836
vn -0.9011 0.2933 -0.3194
vn 0.5922 0.1467 -0.7924
vn -0.2306 0.9358 0.2667
vn -0.7323 -0.5676 0.3763
vn -0.6297 -0.4924 0.6009
vn -0.4103 -0.8028 0.4326
vn 0.5592 0.7591 -0.3332
vn 0.6330 0.6507 -0.4194
vn -0.4005 0.7735 0.4912
vn -0.1300 -0.8616 -0.4906
vn -0.6194 0.7564 -0.2104
vn 0.6251 -0.1828 -0.7589
vn 0.5314 0.4125 -0.7399
vn 0.3435 0.3655 -0.8651
vn -0.1801 0.8950 -0.4082
vn 0.1750 0.9441 -0.2795
vn -0.0801 0.9754 0.2052
vn -0.6644 -0.6866 -0.2951
vn -0.7797 -0.5928 -0.2018
vn -0.4636 0.1444 -0.8742
vn 0.6397 -0.6081 0.4701
vn 0.4938 -0.6010 0.6285
vn 0.5901 -0.4887 0.6426
vn 0.0103 -0.8696 -0.4937
vn 0.7864 0.5144 -0.3421
vn 0.6942 0.5250 -0.4924
vn -0.7589 0.4750 0.4455
vn -0.7073 0.5554 0.4374
vn 0.0701 0.9461 0.3161
vn 0.6600 0.5578 0.5033
vn 0.5944 -0.0580 0.8021
vn -0.4024 -0.4928 0.7715
vn -0.4874 -0.4294 0.7603
vn 0.0200 -0.8735 0.4864
vn 0.1502 -0.8651 0.4786
vn -0.3824 -0.2005 0.9020
vn -0.2910 -0.7872 0.5437
vn -0.3125 -0.9058 0.2862
vn 0.1375 -0.7942 0.5919
vn 0.3558 0.9064 -0.2275
vn 0.8517 -0.2002 0.4842
vn 0.2301 0.5680 0.7902
vn 0.0983 0.6522 0.7517
vn 0.9751 -0.0775 0.2078
vn 0.7559 0.3728 0.5382
vn 0.9128 0.3453 -0.2180
vn 0.8825 0.3553 -0.3082
vn 0.5688 0.6513 0.5023
vn 0.8867 0.2488 0.3896
vn -0.2273 0.9629 -0.1457
vn -0.6289 0.4636 0.6242
vn -0.5369 0.6556 0.5310
vn 0.7128 -0.7003 -0.0385
vn 0.6716 -0.6976 0.2497
vn 0.6321 -0.7749 -0.0003
vn 0.4146 0.5819 -0.6996
vn 0.5562 -0.5138 -0.6532
vn 0.5937 -0.3583 -0.7205
vn 0.6691 -0.5113 -0.5394
vn 0.0943 -0.6961 0.7117
vn -0.0631 -0.7497 0.6588
vn -0.5013 -0.2678 -0.8228
vn -0.4776 -0.3429 -0.8089
vn 0.5852 0.3976 0.7067
vn 0.1230 0.8298 -0.5443
vn 0.2191 0.6924 -0.6874
vn 0.0740 0.7312 -0.6781
vn 0.4499 -0.8143 -0.3666
vn -0.6883 -0.7073 -0.1612
vn 0.7143 -0.2133 -0.6666
vn 0.7483 -0.3574 -0.5588
vn -0.3543 -0.6427 -0.6793
vn 0.1306 0.9910 0.0285
vn 0.0366 0.9971 -0.0674
vn 0.5078 0.5037 0.6989
vn 0.7559 -0.6310 0.1746
vn 0.8036 -0.5918 -0.0634
vn 0.8182 -0.5407 0.1953
vn -0.3890 0.6248 0.6770
vn -0.7377 0.6561 -0.1592
vn 0.4465 -0.6338 -0.6316
vn 0.5527 -0.2124 -0.8059
vn 0.1182 0.5339 -0.8372
vn 0.1096 0.5254 -0.8438
vn -0.4629 0.7063 0.5357
vn -0.2076 -0.3301 0.9208
vn -0.1624 -0.4669 0.8693
vn -0.0001 0.0009 1.0000
vn -0.0007 0.0003 1.0000
vn -0.0002 -0.0002 1.0000
vn 0.0608 0.3642 -0.9293
vn 0.5003 0.2992 -0.8125
vn -0.0539 0.9948 -0.0859
vn 0.3822 0.7765 0.5010
vn -0.5595 -0.1289 -0.8187
vn 0.1633 -0.0922 -0.9823
vn 0.9993 -0.0080 -0.0368
vn 0.9588 -0.2225 -0.1765
vn -0.1567 -0.9350 0.3181
vn 0.2370 -0.9642 0.1186
vn -0.7511 0.5504 0.3645
vn -0.8277 0.5273 -0.1921
vn 0.2456 0.9337 -0.2604
vn 0.3409 0.7871 -0.5140
vn 0.6923 0.4116 -0.5927
vn 0.3009 -0.6908 -0.6574
vn -0.9206 0.2688 -0.2834
vn -0.8295 0.4474 -0.3343
vn -0.2079 0.5296 0.8224
vn -0.6651 0.6769 0.3155
vn -0.4483 0.8575 0.2525
vn 0.3477 -0.1155 0.9305
vn -0.0774 -0.7416 -0.6663
vn -0.6810 -0.2333 -0.6941
vn 0.8276 -0.1866 -0.5294
vn 0.6098 -0.4215 -0.6712
vn 0.3032 -0.2204 -0.9271
vn -0.7077 -0.4095 -0.5757
vn -0.7013 0.4928 -0.5151
vn -0.9106 0.3662 -0.1917
vn 0.8694 0.2480 -0.4275
vn -0.3788 -0.6278 -0.6800
vn 0.4019 -0.7063 -0.5828
vn 0.1585 0.9873 0.0091
vn 0.6397 -0.2633 -0.7221
vn -0.9125 0.2781 0.3000
vn -0.9664 0.2064 0.1532
vn -0.9483 0.1779 0.2627
vn 0.9798 -0.0544 0.1924
vn -0.0355 0.8669 -0.4972
vn -0.5377 0.8388 -0.0857
vn -0.9603 0.2788 -0.0128
vn 0.6635 -0.5348 -0.5232
vn 0.6829 -0.6355 -0.3603
vn 0.8837 -0.4661 -0.0418
vn -0.4397 -0.8768 0.1947
vn -0.3785 -0.8314 -0.4069
vn -0.7341 0.2694 0.6233
vn -0.6945 -0.6353 0.3378
vn 0.4845 0.8731 -0.0551
vn 0.4995 0.8510 0.1620
vn 0.2158 -0.9369 -0.2751
vn 0.4033 0.6235 0.6698
vn 0.3566 0.4424 0.8229
vn -0.9443 0.2812 -0.1711
vn 0.6436 -0.1096 -0.7575
vn 0.1326 -0.5070 -0.8517
vn 0.3768 0.8697 0.3188
vn 0.5985 0.7883 -0.1429
vn 0.5078 0.8292 -0.2335
vn -0.1128 -0.8764 0.4682
vn -0.0648 0.9966 -0.0517
vn -0.9073 0.1060 0.4069
vn -0.9845 -0.0189 0.1741
vn -0.9706 -0.2316 -0.0656
vn -0.9711 -0.1908 -0.1432
vn -0.8858 0.1776 0.4287
vn -0.9663 -0.0743 -0.2464
vn -0.2371 -0.9697 -0.0589
vn -0.1024 0.7081 0.6986
vn 0.1138 -0.3363 0.9348
vn 0.0833 0.9762 -0.2003
vn 0.7037 -0.6794 0.2077
vn -0.1879 -0.9680 -0.1662
vn 0.9572 0.1612 -0.2405
vn -0.6505 -0.5349 -0.5392
vn -0.7585 -0.4829 -0.4376
vn -0.4718 -0.8282 -0.3025
vn -0.4841 0.6800 0.5507
vn -0.4838 -0.4968 -0.7205
vn -0.2867 -0.8313 -0.4761
vn -0.9160 0.1639 0.3661
vn -0.5039 -0.5531 -0.6635
vn -0.1122 -0.9855 0.1272
vn -0.1279 0.7681 -0.6274
vn 0.7479 0.3424 -0.5688
vn -0.3925 -0.8558 0.3369
vn 0.1926 -0.4923 0.8488
vn -0.9377 -0.1949 -0.2875
vn -0.0644 -0.0867 0.9942
vn -0.4933 -0.8350 -0.2438
vn 0.0981 -0.9952 0.0035
vn 0.4664 -0.8355 -0.2904
vn -0.9509 0.0956 -0.2944
vn -0.3281 0.5452 -0.7714
vn -0.8990 -0.3700 0.2343
vn -0.9430 -0.1866 0.2755
vn -0.2428 0.7701 0.5899
vn 0.2782 0.9435 -0.1798
vn 0.7235 -0.6231 -0.2971
vn 0.7121 -0.6786 -0.1798
vn 0.4087 -0.6909 0.5964
vn 0.1521 0.3185 0.9356
vn 0.0566 0.0878 0.9945
vn 0.2840 0.8056 -0.5200
vn 0.1758 -0.9785 0.1079
vn -0.1804 -0.9731 0.1434
vn -0.0132 0.9883 0.1522
vn -0.7177 -0.6954 -0.0360
vn -0.0254 0.5645 -0.8251
vn 0.9674 0.1586 0.1975
vn -0.0414 0.0180 0.9990
vn -0.0194 0.0316 0.9993
vn -0.0079 -0.0113 0.9999
vn -0.0033 -0.0079 1.0000
vn -0.0010 -0.0003 1.0000
vn -0.0777 -0.0233 0.9967
vn -0.0017 -0.0110 0.9999
vn 0.0021 0.0087 1.0000
vn -0.0579 -0.0288 0.9979
vn -0.0007 -0.0005 1.0000
vn 0.0032 0.0107 0.9999
vn -0.0195 0.0224 0.9996
vn -0.0447 -0.0401 0.9982
vn -0.0002 0.0003 1.0000
vn -0.0004 -0.0005 1.0000
vn -0.0191 0.0438 0.9989
vn -0.0004 0.0016 1.0000
vn -0.0003 -0.0006 1.0000
vn -0.0127 -0.0427 0.9990
vn 0.0434 0.2354 0.9709
vn -0.0403 0.1511 0.9877
vn -0.0013 -0.0007 1.0000
vn -0.0000 0.0014 1.0000
vn -0.0062 -0.0717 0.9974
vn 0.0004 -0.0017 1.0000
vn 0.0104 0.0585 0.9982
vn 0.0002 0.0013 1.0000
vn 0.0448 -0.1986 0.9791
vn 0.0012 -0.0013 1.0000
vn 0.0001 0.0003 1.0000
vn -0.0007 -0.0016 1.0000
vn 0.0164 0.0268 0.9995
vn 0.0004 0.0005 1.0000
vn 0.0005 -0.0008 1.0000
vn 0.0329 -0.0412 0.9986
vn 0.0969 0.0931 0.9909
vn 0.0006 0.0014 1.0000
vn 0.0008 -0.0007 1.0000
vn 0.0014 0.0009 1.0000
vn 0.0591 -0.0489 0.9971
vn 0.0008 -0.0005 1.0000
vn 0.0070 -0.0075 0.9999
vn 0.0710 0.0188 0.9973
vn 0.0841 -0.0348 0.9958
vn 0.0011 -0.0004 1.0000
vn 0.0010 0.0002 1.0000
vn 0.0622 -0.0142 0.9980
vn 0.8322 0.3842 -0.3998
vn 0.7571 0.3997 -0.5168
vn 0.8797 -0.2478 -0.4058
vn 0.5700 0.7536 0.3274
vn -0.9699 0.1270 -0.2080
vn 0.4903 -0.1454 -0.8593
vn -0.4214 0.6539 -0.6283
vn 0.2473 -0.9675 -0.0522
vn -0.2054 -0.9237 0.3233
vn 0.4378 0.7796 0.4478
vn 0.0107 -0.9885 -0.1510
vn 0.4255 0.8843 -0.1922
vn 0.8555 -0.1376 0.4992
vn 0.3326 -0.8627 -0.3809
vn 0.3745 -0.7312 -0.5701
vn -0.2448 0.7534 0.6103
vn -0.0057 0.1075 0.9942
vn -0.1897 0.0224 0.9816
vn 0.9632 0.0017 -0.2688
vn 0.9533 0.1544 -0.2597
vn -0.7241 -0.3989 0.5626
vn -0.0076 0.0803 0.9967
vn 0.0747 0.0487 0.9960
vn -0.6512 -0.6998 -0.2938
vn -0.9659 -0.1222 -0.2282
vn 0.8916 -0.0967 0.4423
vn -0.5275 -0.8056 -0.2695
vn -0.8056 0.3650 0.4666
vn 0.3185 0.1431 -0.9371
vn 0.7785 -0.4594 -0.4276
vn 0.5033 -0.7726 -0.3870
vn -0.7512 -0.4535 0.4796
vn -0.8812 -0.1215 0.4570
vn -0.3724 0.2237 -0.9007
vn -0.0000 0.0001 -1.0000
vn -0.9892 0.0029 0.1465
vn -0.7961 0.2997 0.5257
vn -0.9717 0.2288 -0.0591
vn -0.9789 0.2003 0.0414
vn -0.9657 -0.1643 -0.2010
vn -0.8727 -0.1271 0.4715
vn -0.9437 -0.1256 0.3061
vn -0.9639 -0.1514 0.2192
vn 0.0218 -0.0042 0.9998
vn 0.0241 0.0013 0.9997
vn 0.0248 0.0014 0.9997
vn 0.0178 0.0036 0.9998
vn -0.0022 0.0057 1.0000
vn -0.0668 -0.0234 0.9975
vn -0.1807 -0.0853 0.9798
vn 0.0329 0.0056 0.9994
vn 0.0326 0.0352 0.9988
vn 0.0261 0.0372 0.9990
vn 0.0087 0.0278 0.9996
vn -0.0074 -0.0149 0.9999
vn -0.0115 -0.0312 0.9994
vn -0.0236 -0.0931 0.9954
vn 0.0503 -0.2575 0.9650
vn 0.0279 -0.0911 0.9954
vn 0.0176 -0.0367 0.9992
vn 0.0118 -0.0264 0.9996
vn 0.0290 -0.0495 0.9984
vn 0.0964 -0.1312 0.9867
vn 0.1312 -0.0710 0.9888
vn 0.0484 -0.0200 0.9986
vn -0.0154 0.0116 0.9998
vn -0.0291 0.0068 0.9996
vn 0.0190 -0.0098 0.9998
vn 0.0171 -0.0063 0.9998
vn 0.0140 -0.0130 0.9998
vn 0.0178 -0.0127 0.9998
vn 0.0141 -0.0178 0.9997
vn 0.0130 -0.0133 0.9998
vn 0.0124 -0.0277 0.9995
vn 0.0143 -0.0233 0.9996
vn 0.0051 -0.0262 0.9996
vn 0.0080 -0.0278 0.9996
vn -0.0012 -0.0288 0.9996
vn 0.0028 -0.0284 0.9996
vn -0.0055 -0.0243 0.9997
vn -0.0042 -0.0250 0.9997
vn -0.0141 -0.0279 0.9995
vn -0.0095 -0.0274 0.9996
vn -0.0165 -0.0190 0.9997
vn -0.0166 -0.0241 0.9996
vn -0.0228 -0.0183 0.9996
vn -0.0178 -0.0184 0.9997
vn -0.0322 -0.0192 0.9993
vn -0.0252 -0.0150 0.9996
vn -0.0399 -0.0079 0.9992
vn -0.0417 -0.0142 0.9990
vn 0.8771 -0.3688 0.3078
vn 0.2417 -0.6982 0.6739
vn -0.2757 0.6616 -0.6973
vn -0.0000 -0.0007 -1.0000
vn 0.0001 -0.0006 -1.0000
vn 0.0001 -0.0004 -1.0000
vn -0.0012 0.0012 -1.0000
vn -0.2324 -0.2116 -0.9493
vn -0.1461 0.2177 -0.9650
vn 0.5667 0.2231 -0.7931
vn 0.0028 -0.0002 -1.0000
vn 0.2129 -0.3751 -0.9022
vn -0.1593 0.9690 0.1889
vn 0.6902 -0.3901 -0.6095
vn 0.1064 -0.1931 -0.9754
vn -0.1251 -0.3412 -0.9316
vn -0.3693 0.2212 -0.9026
vn 0.1990 0.3072 -0.9306
vn 0.0403 -0.2342 -0.9714
vn -0.1975 0.0960 -0.9756
vn -0.3681 0.2840 -0.8853
vn 0.2465 -0.4588 -0.8537
vn 0.1025 -0.3539 -0.9296
vn -0.5582 0.2419 -0.7937
vn 0.3509 0.2861 -0.8917
vn 0.4664 0.0831 -0.8807
vn -0.6004 0.0981 -0.7937
vn -0.4705 0.4133 -0.7797
vn 0.1070 0.0032 -0.9943
s 1
usemtl material13
f 101//1 18//2 17//3
f 1586//4 1587//5 1004//6
f 206//7 23//8 67//9
f 24//10 23//8 206//7
f 42//11 97//12 96//13
f 45//14 100//15 44//16
f 1153//17 1159//18 1168//19
f 802//20 739//21 803//22
f 11//23 76//24 75//25
f 343//26 321//27 291//28
f 1226//29 1230//30 1218//31
f 1584//32 1589//33 1585//34
f 142//35 141//36 139//37
f 109//38 107//39 106//40
f 1226//29 1210//41 1221//42
f 84//43 78//44 40//45
f 326//46 303//47 618//48
f 1545//49 1548//50 1547//51
f 30//52 147//53 148//54
f 171//55 172//56 102//57
f 89//58 84//43 41//59
f 1308//60 1303//61 1309//62
f 68//63 271//64 69//65
f 31//66 148//54 151//67
f 579//68 578//69 585//70
f 145//71 147//53 143//72
f 211//73 560//74 212//75
f 16//76 98//77 99//78
f 44//16 100//15 43//79
f 143//72 141//36 145//71
f 79//80 445//81 75//25
f 173//82 104//83 101//1
f 86//84 83//85 166//86
f 106//40 107//39 104//83
f 907//87 893//88 940//89
f 1457//90 1489//91 1491//92
f 212//75 252//93 240//94
f 989//95 990//96 991//97
f 394//98 376//99 371//100
f 50//101 51//102 136//103
f 85//104 79//80 83//85
f 105//105 46//106 103//107
f 137//108 28//109 446//110
f 605//111 606//112 577//113
f 753//114 754//115 687//116
f 484//117 526//118 483//119
f 125//120 124//121 127//122
f 151//67 155//123 32//124
f 647//125 379//126 648//127
f 147//53 187//128 148//54
f 104//83 19//129 18//2
f 11//23 75//25 445//81
f 1310//130 1301//131 1449//132
f 1170//133 1171//134 1166//135
f 124//121 26//136 25//137
f 148//54 154//138 151//67
f 250//139 123//140 122//141
f 122//141 124//121 121//142
f 157//143 155//123 154//138
f 25//137 121//142 124//121
f 538//144 435//145 537//146
f 199//147 34//148 33//149
f 830//150 803//22 806//151
f 627//152 624//153 626//154
f 79//80 81//155 83//85
f 1195//156 1190//157 1197//158
f 902//159 915//160 913//161
f 357//162 656//163 640//164
f 66//165 65//166 231//167
f 926//168 904//169 927//170
f 930//171 910//172 884//173
f 87//174 81//155 88//175
f 150//176 187//128 188//177
f 91//178 90//179 95//180
f 326//46 325//181 324//182
f 88//175 96//13 90//179
f 1203//183 1379//184 1384//185
f 167//186 93//187 91//178
f 197//188 169//189 200//190
f 748//191 749//192 1077//193
f 170//194 171//55 98//77
f 356//195 326//46 360//196
f 149//197 153//198 146//199
f 207//200 280//201 583//202
f 47//203 108//204 2//205
f 299//206 291//28 321//27
f 557//207 554//208 570//209
f 991//97 990//96 966//210
f 623//211 634//212 635//213
f 176//214 179//215 201//216
f 787//217 728//218 789//219
f 3//220 179//215 48//221
f 10//222 293//223 76//24
f 108//204 112//224 174//225
f 960//226 975//227 972//228
f 134//229 182//230 183//231
f 182//230 51//102 52//232
f 52//232 144//233 185//234
f 142//35 140//235 186//236
f 117//237 62//238 116//239
f 980//240 973//241 947//242
f 362//243 351//244 352//245
f 108//204 46//106 2//205
f 519//246 414//247 698//248
f 442//249 351//244 512//250
f 433//251 535//252 536//253
f 374//254 377//255 375//256
f 910//172 885//257 884//173
f 775//258 710//259 776//260
f 1379//184 1377//261 1383//262
f 632//263 629//264 633//265
f 194//266 196//267 195//268
f 130//269 125//120 127//122
f 576//270 453//271 422//272
f 818//273 819//274 757//275
f 722//276 784//277 783//278
f 449//279 294//280 464//281
f 176//214 178//282 179//215
f 201//216 179//215 118//283
f 958//284 953//285 957//286
f 344//287 343//26 318//288
f 969//289 967//290 949//291
f 1144//292 1128//293 1129//294
f 295//295 311//296 294//280
f 1537//297 1540//298 1536//299
f 92//300 93//187 94//301
f 383//302 298//303 381//304
f 234//305 236//306 233//307
f 784//277 722//276 785//308
f 304//309 328//310 354//311
f 1212//312 1206//313 1199//314
f 295//295 296//315 312//316
f 261//317 258//318 267//319
f 215//320 264//321 266//322
f 1359//323 1461//324 1355//325
f 641//326 402//327 642//328
f 1479//329 1478//330 1293//331
f 898//332 920//333 900//334
f 207//200 208//335 280//201
f 569//336 553//337 555//338
f 658//339 644//340 645//341
f 209//342 283//343 208//335
f 894//344 1533//345 895//346
f 1524//347 1532//348 881//349
f 268//350 283//343 209//342
f 220//351 222//352 237//353
f 222//352 220//351 224//354
f 109//38 106//40 174//225
f 275//355 278//356 213//357
f 226//358 240//94 227//359
f 254//360 269//361 209//342
f 221//362 226//358 227//359
f 713//363 712//364 715//365
f 368//366 387//367 37//368
f 229//369 227//359 228//370
f 158//371 56//372 57//373
f 710//259 712//364 713//363
f 204//374 243//375 244//376
f 840//377 839//378 864//379
f 231//167 65//166 64//380
f 898//332 916//381 920//333
f 871//382 825//383 870//384
f 249//385 234//305 543//386
f 238//387 211//73 217//388
f 591//389 544//390 545//391
f 965//392 941//393 942//394
f 1524//395 1546//396 1547//51
f 14//397 92//300 94//301
f 231//167 64//380 248//398
f 852//399 819//274 851//400
f 803//22 739//21 805//401
f 1297//402 1300//403 1299//404
f 824//405 693//406 692//407
f 659//408 661//409 942//394
f 635//213 634//212 632//263
f 345//410 322//411 340//412
f 447//413 444//414 353//415
f 277//416 253//417 285//418
f 187//128 147//53 145//71
f 255//419 256//420 582//421
f 1325//422 1321//423 1322//424
f 206//7 271//64 68//63
f 628//425 627//152 626//154
f 261//317 259//426 257//427
f 1288//428 1279//429 1286//430
f 953//285 970//431 957//286
f 230//432 228//370 214//433
f 744//434 835//435 837//436
f 1320//437 1323//438 1486//439
f 136//103 49//440 50//101
f 1447//441 1453//442 1449//132
f 1255//443 1251//444 1261//445
f 270//446 268//350 269//361
f 886//447 623//211 635//213
f 561//448 566//449 544//390
f 624//153 355//450 299//206
f 762//451 761//452 867//453
f 572//454 574//455 555//338
f 334//456 336//457 333//458
f 943//459 966//210 990//96
f 1544//460 1549//461 1036//462
f 61//463 40//45 78//44
f 1205//464 1380//465 1465//466
f 1512//467 1221//42 1232//468
f 1588//469 1585//34 1589//33
f 440//470 350//471 361//472
f 826//473 825//383 857//474
f 636//475 633//265 618//48
f 905//476 924//477 929//478
f 314//479 296//315 452//480
f 314//479 452//480 440//470
f 316//481 319//482 317//483
f 321//27 300//484 299//206
f 321//27 616//485 300//484
f 838//486 837//436 835//435
f 385//487 364//488 408//489
f 1587//5 936//490 1523//491
f 945//492 952//493 948//494
f 512//250 437//495 436//496
f 1105//497 1043//498 1102//499
f 664//500 944//501 943//459
f 379//126 290//502 291//28
f 359//503 642//328 402//327
f 848//504 847//505 849//506
f 1531//507 879//508 915//160
f 277//416 279//509 258//318
f 377//255 404//510 375//256
f 337//511 317//483 319//482
f 1530//512 1527//513 1528//514
f 301//515 633//265 629//264
f 339//516 341//517 338//518
f 1109//519 1320//437 1112//520
f 346//521 345//410 341//517
f 347//522 344//287 322//411
f 987//523 982//524 986//525
f 346//521 301//515 617//526
f 346//521 617//526 348//527
f 576//270 544//390 608//528
f 799//529 699//530 736//531
f 459//532 460//533 421//534
f 846//535 845//536 844//537
f 1313//538 1005//539 1316//540
f 699//530 733//541 418//542
f 648//127 379//126 291//28
f 369//543 368//366 37//368
f 1172//544 1188//545 1196//546
f 1034//547 1484//548 1543//549
f 570//209 559//550 558//551
f 1255//443 1264//552 1257//553
f 313//554 312//316 296//315
f 318//288 289//555 315//556
f 289//555 318//288 290//502
f 380//557 361//472 351//244
f 816//558 814//559 848//504
f 316//481 297//560 298//303
f 1318//561 1102//499 1482//562
f 376//99 394//98 402//327
f 633//265 301//515 302//563
f 812//564 845//536 846//535
f 383//302 372//565 298//303
f 893//88 992//566 940//89
f 362//243 363//567 386//568
f 1180//569 1351//570 1358//571
f 758//572 690//573 689//574
f 368//366 388//575 387//367
f 347//522 617//526 616//485
f 740//576 832//577 741//578
f 396//579 390//580 391//581
f 310//582 332//583 333//458
f 190//584 158//371 192//585
f 394//98 371//100 372//565
f 1006//586 1119//587 1338//588
f 323//589 325//181 342//590
f 530//591 495//592 531//593
f 822//594 762//451 867//453
f 853//595 854//596 855//597
f 407//598 378//599 406//600
f 701//601 694//602 700//603
f 791//604 792//605 790//606
f 363//567 409//607 386//568
f 1592//608 1546//396 1524//395
f 908//609 621//610 909//611
f 904//169 902//159 917//612
f 261//317 267//319 264//321
f 374//254 289//555 377//255
f 955//613 945//492 946//614
f 628//425 626//154 630//615
f 404//510 378//599 401//616
f 404//510 406//600 378//599
f 404//510 377//255 406//600
f 74//617 165//618 77//619
f 897//620 913//161 912//621
f 336//457 341//517 333//458
f 395//622 385//487 386//568
f 775//258 773//623 774//624
f 125//120 130//269 129//625
f 427//626 426//627 531//593
f 820//628 758//572 819//274
f 498//629 499//630 532//631
f 26//136 493//632 492//633
f 495//592 494//634 497//635
f 467//636 470//637 468//638
f 477//639 479//640 478//641
f 507//642 33//149 508//643
f 504//644 503//645 505//646
f 1264//552 1266//647 1267//648
f 1247//649 1258//650 1265//651
f 27//652 129//625 133//653
f 529//654 425//655 528//656
f 523//657 478//641 480//658
f 919//659 901//660 906//661
f 516//662 465//663 466//664
f 485//665 484//117 487//666
f 15//667 474//668 472//669
f 492//633 493//632 528//656
f 913//161 897//620 914//670
f 25//137 492//633 491//671
f 252//93 581//672 275//355
f 483//119 20//673 21//674
f 1186//675 1176//676 1181//677
f 471//678 472//669 469//679
f 31//66 505//646 30//52
f 511//680 509//681 510//682
f 1138//683 1146//684 1130//685
f 1095//686 1098//687 1096//688
f 20//673 483//119 482//689
f 601//690 613//691 598//692
f 508//643 509//681 537//146
f 300//484 616//485 626//154
f 1257//553 1263//693 1249//694
f 698//248 697//695 518//696
f 506//697 32//124 507//642
f 1188//545 1194//698 1193//699
f 1340//700 1333//701 1133//702
f 1190//157 1191//703 1197//158
f 1184//704 1189//705 1188//545
f 1181//677 1187//706 1190//157
f 1113//707 1115//708 1120//709
f 1224//710 1221//42 1217//711
f 1094//712 1095//686 1096//688
f 525//713 481//714 482//689
f 470//637 12//715 13//716
f 30//52 503//645 502//717
f 1140//718 1134//719 1128//293
f 1301//131 1300//403 1295//720
f 682//721 742//722 743//723
f 356//195 376//99 357//162
f 1177//724 1174//725 1170//133
f 1226//29 1241//726 1230//30
f 1204//727 1200//728 1198//729
f 1512//467 1232//468 1249//694
f 1388//730 1385//731 1389//732
f 464//281 11//23 445//81
f 272//733 70//734 119//735
f 520//736 476//737 521//738
f 1019//739 1018//740 1401//741
f 775//258 709//742 707//743
f 1518//744 1520//745 1521//746
f 533//747 501//748 534//749
f 522//750 416//751 521//738
f 535//252 504//644 506//697
f 373//752 287//753 288//754
f 332//583 329//755 330//756
f 657//757 661//409 659//408
f 525//713 483//119 526//118
f 527//758 528//656 424//759
f 561//448 576//270 540//760
f 284//761 72//762 71//763
f 159//764 199//147 195//268
f 128//765 126//766 132//767
f 557//207 543//386 210//768
f 560//74 541//769 252//93
f 560//74 252//93 212//75
f 602//770 582//421 253//417
f 563//771 562//772 460//533
f 77//619 76//24 73//773
f 1285//774 1429//775 1434//776
f 563//771 459//532 568//777
f 998//778 999//779 1453//442
f 652//780 653//781 651//782
f 748//191 810//783 749//192
f 241//784 242//785 238//387
f 283//343 280//201 208//335
f 1281//786 1430//787 1278//788
f 613//691 542//789 583//202
f 780//790 779//791 782//792
f 234//305 249//385 236//306
f 858//793 831//794 807//795
f 829//796 802//20 830//150
f 940//89 966//210 650//797
f 813//798 812//564 846//535
f 596//799 588//800 594//801
f 548//802 549//803 552//804
f 580//805 552//804 554//208
f 586//806 585//70 587//807
f 789//219 790//606 788//808
f 567//809 551//810 553//337
f 304//309 305//811 328//310
f 13//716 12//715 86//84
f 37//368 161//812 38//813
f 572//454 571//814 573//815
f 35//816 353//415 444//414
f 543//386 557//207 558//551
f 117//237 123//140 120//817
f 575//818 541//769 560//74
f 211//73 574//455 573//815
f 539//819 458//820 564//821
f 889//822 1533//345 1523//491
f 691//823 762//451 763//824
f 1005//539 1030//825 1116//826
f 552//804 570//209 554//208
f 93//187 169//189 197//188
f 1313//538 1316//540 1522//827
f 573//815 556//828 575//818
f 573//815 571//814 556//828
f 574//455 235//829 543//386
f 560//74 573//815 575//818
f 555//338 574//455 559//550
f 58//830 192//585 57//373
f 595//831 252//93 541//769
f 545//391 552//804 580//805
f 684//832 683//833 746//834
f 925//835 927//170 904//169
f 64//380 65//166 115//836
f 607//837 455//838 454//839
f 796//840 797//841 795//842
f 606//112 607//837 454//839
f 951//843 950//844 968//845
f 604//846 607//837 587//807
f 745//847 840//377 746//834
f 809//848 840//377 841//849
f 1139//850 1150//851 1348//852
f 280//201 255//419 583//202
f 102//57 17//3 16//76
f 1036//462 1549//461 1548//50
f 599//853 611//854 609//855
f 1365//856 1182//857 1185//858
f 552//804 545//391 550//859
f 927//170 932//860 926//168
f 537//146 536//253 535//252
f 1542//861 1004//6 1587//5
f 253//417 597//862 611//854
f 600//863 253//417 611//854
f 1509//864 1510//865 1511//866
f 601//690 580//805 613//691
f 1115//708 1110//867 1111//868
f 603//869 582//421 602//770
f 833//870 741//578 832//577
f 435//145 434//871 536//253
f 905//476 903//872 922//873
f 609//855 595//831 590//874
f 597//862 595//831 611//854
f 864//379 873//875 874//876
f 514//877 443//878 352//245
f 825//383 823//879 870//384
f 629//264 617//526 301//515
f 629//264 625//880 617//526
f 551//810 556//828 553//337
f 1381//881 1378//882 1386//883
f 631//884 622//885 621//610
f 631//884 621//610 628//425
f 1486//439 1457//90 1488//886
f 685//887 1077//193 750//888
f 634//212 631//884 630//615
f 1402//889 1398//890 1233//891
f 547//892 539//819 564//821
f 633//265 302//563 618//48
f 634//212 623//211 622//885
f 651//782 653//781 656//163
f 446//110 133//653 135//893
f 637//894 886//447 635//213
f 809//848 841//849 843//895
f 367//896 387//367 388//575
f 29//897 28//109 139//37
f 357//162 641//326 651//782
f 1261//445 1088//898 1421//899
f 136//103 132//767 7//900
f 652//780 643//901 644//340
f 62//238 243//375 204//374
f 243//375 254//360 222//352
f 1005//539 1117//902 1029//903
f 67//9 23//8 66//165
f 638//904 639//905 637//894
f 639//905 638//904 640//164
f 625//880 630//615 626//154
f 942//394 943//459 990//96
f 654//906 649//907 619//908
f 655//909 656//163 657//757
f 655//909 941//393 649//907
f 653//781 652//780 658//339
f 1195//156 1201//910 1506//911
f 651//782 643//901 652//780
f 596//799 594//801 591//389
f 1190//157 1506//911 1186//675
f 662//912 355//450 614//913
f 232//914 231//167 230//432
f 653//781 660//915 661//409
f 664//500 650//797 944//501
f 250//139 273//916 71//763
f 658//339 660//915 653//781
f 660//915 658//339 645//341
f 373//752 393//917 287//753
f 663//918 660//915 645//341
f 663//918 645//341 662//912
f 590//874 589//919 609//855
f 665//920 663//918 662//912
f 614//913 615//921 650//797
f 752//922 753//114 686//923
f 841//849 874//876 842//924
f 1243//925 1236//926 1398//890
f 994//927 1093//928 766//929
f 666//930 994//927 702//931
f 767//932 702//931 694//602
f 700//603 694//602 766//929
f 706//933 669//934 668//935
f 553//337 556//828 571//814
f 714//936 696//937 697//695
f 718//938 672//939 671//940
f 3//220 4//941 117//237
f 719//942 697//695 698//248
f 1056//943 672//939 721//944
f 726//945 674//946 673//947
f 676//948 675//949 730//950
f 731//951 417//952 418//542
f 735//953 678//954 677//955
f 80//956 1//957 88//175
f 723//958 786//959 785//308
f 1043//498 1305//960 1302//961
f 750//888 749//192 811//962
f 753//114 752//922 814//559
f 754//115 753//114 815//963
f 524//964 525//713 418//542
f 756//965 755//966 817//967
f 312//316 317//483 337//511
f 758//572 757//275 819//274
f 610//968 596//799 598//692
f 1140//718 1495//969 1157//970
f 551//810 458//820 457//971
f 667//972 666//930 702//931
f 724//973 726//945 673//947
f 451//974 452//480 296//315
f 716//975 717//976 671//940
f 772//977 708//978 774//624
f 836//979 862//980 872//981
f 711//982 778//983 716//975
f 710//259 708//978 712//364
f 704//984 827//985 706//933
f 703//986 768//987 704//984
f 718//938 783//278 720//988
f 912//621 879//508 878//989
f 721//944 724//973 673//947
f 592//990 608//528 591//389
f 1158//991 1154//992 1161//993
f 702//931 768//987 703//986
f 730//950 732//994 676//948
f 225//995 246//996 224//354
f 1275//997 1286//430 1273//998
f 620//999 628//425 621//610
f 732//994 734//1000 677//955
f 152//1001 54//1002 55//1003
f 801//1004 738//1005 679//1006
f 802//20 737//1007 739//21
f 727//1008 792//605 729//1009
f 235//829 211//73 238//387
f 911//1010 886//447 887//1011
f 419//1012 525//713 526//118
f 96//13 1//957 42//11
f 264//321 215//320 259//426
f 837//436 1072//1013 744//434
f 745//847 1072//1013 837//436
f 625//880 616//485 617//526
f 462//1014 295//295 464//281
f 1042//1015 1102//499 1043//498
f 880//1016 898//332 900//334
f 812//564 751//1017 750//888
f 813//798 752//922 751//1017
f 39//1018 304//309 354//311
f 816//558 755//966 754//115
f 818//273 757//275 756//965
f 854//596 866//1019 856//1020
f 491//671 24//10 25//137
f 763//824 822//594 764//1021
f 764//1021 823//879 765//1022
f 826//473 766//929 824//405
f 799//529 736//531 828//1023
f 768//987 702//931 767//932
f 789//219 728//218 791//604
f 769//1024 770//1025 771//1026
f 750//888 1077//193 749//192
f 827//985 771//1026 772//977
f 828//1023 800//1027 829//796
f 886//447 637//894 887//1011
f 775//258 774//624 710//259
f 776//260 710//259 713//363
f 905//476 922//873 924//477
f 777//1028 713//363 715//365
f 1316//540 1006//586 1315//1029
f 778//983 715//365 779//791
f 782//792 779//791 781//1030
f 783//278 781//1030 722//276
f 785//308 722//276 723//958
f 942//394 661//409 943//459
f 786//959 723//958 787//217
f 981//1031 939//1032 938//1033
f 335//1034 311//296 312//316
f 788//808 787//217 789//219
f 790//606 789//219 791//604
f 792//605 791//604 793//1035
f 746//834 840//377 809//848
f 795//842 793//1035 796//840
f 797//841 796//840 699//530
f 798//1036 699//530 799//529
f 828//1023 735//953 734//1000
f 828//1023 736//531 800//1027
f 848//504 846//535 847//505
f 829//796 800//1027 802//20
f 830//150 802//20 803//22
f 806//151 803//22 805//401
f 823//879 764//1021 822//594
f 323//589 342//590 337//511
f 1323//438 1319//1037 1324//1038
f 814//559 846//535 848//504
f 649//907 654//906 655//909
f 839//378 745//847 837//436
f 749//192 810//783 811//962
f 166//86 90//179 91//178
f 1333//701 1326//1039 1332//1040
f 808//1041 810//783 748//191
f 1473//1042 1514//1043 1515//1044
f 812//564 811//962 845//536
f 1467//1045 1222//1046 1395//1047
f 817//967 851//400 818//273
f 935//1048 1534//1049 1535//1050
f 184//1051 182//230 185//234
f 853//595 821//1052 820//628
f 365//1053 384//1054 387//367
f 761//452 760//1055 821//1052
f 761//452 821//1052 853//595
f 550//859 544//390 566//449
f 595//831 609//855 611//854
f 348//527 322//411 345//410
f 787//217 788//808 786//959
f 322//411 348//527 347//522
f 800//1027 737//1007 802//20
f 1529//1056 1542//861 1523//491
f 695//1057 412//1058 515//1059
f 28//109 138//1060 139//37
f 825//383 826//473 824//405
f 700//603 766//929 826//473
f 770//1025 769//1024 767//932
f 569//336 564//821 567//809
f 918//1061 917//612 914//670
f 788//808 727//1008 726//945
f 421//534 526//118 485//665
f 812//564 750//888 811//962
f 486//1062 489//1063 527//758
f 983//1064 965//392 989//95
f 574//455 211//73 235//829
f 552//804 549//803 570//209
f 805//401 807//795 806//151
f 831//794 740//576 807//795
f 1288//428 1042//1015 1302//961
f 743//723 742//722 833//870
f 369//543 39//1018 354//311
f 860//1065 833//870 832//577
f 857//474 825//383 871//382
f 100//15 169//189 167//186
f 357//162 376//99 358//1066
f 754//115 688//1067 687//116
f 863//1068 839//378 838//486
f 841//849 840//377 864//379
f 1453//442 1044//1069 1546//1070
f 1485//1071 1103//1072 1106//1073
f 631//884 628//425 630//615
f 845//536 811//962 810//783
f 843//895 842//924 844//537
f 815//963 814//559 816//558
f 851//400 817//967 816//558
f 605//111 577//113 453//271
f 846//535 844//537 847//505
f 38//813 39//1018 369//543
f 89//58 41//59 1//957
f 851//400 819//274 818//273
f 777//1028 711//982 709//742
f 554//208 546//1074 580//805
f 869//1075 870//384 823//879
f 1586//4 1588//469 1587//5
f 467//636 468//638 517//1076
f 860//1065 832//577 858//793
f 861//1077 833//870 860//1065
f 861//1077 834//1078 833//870
f 861//1077 862//980 834//1078
f 455//838 604//846 585//70
f 543//386 235//829 249//385
f 862//980 836//979 834//1078
f 995//1079 996//1080 1453//442
f 872//981 838//486 835//435
f 872//981 835//435 836//979
f 464//281 516//662 515//1059
f 1042//1015 1041//1081 1097//1082
f 873//875 839//378 863//1068
f 873//875 864//379 839//378
f 874//876 841//849 864//379
f 856//1020 867//453 855//597
f 1550//1083 1543//1084 1551//1085
f 875//1086 822//594 867//453
f 875//1086 868//1087 822//594
f 868//1087 869//1075 823//879
f 838//486 872//981 863//1068
f 876//1088 870//384 869//1075
f 876//1088 871//382 870//384
f 774//624 708//978 710//259
f 877//1089 871//382 876//1088
f 877//1089 857//474 871//382
f 701//601 857//474 877//1089
f 701//601 700//603 857//474
f 1264//552 1267//648 1268//1090
f 1531//507 1526//1091 1549//1092
f 636//475 618//48 303//47
f 946//614 954//1093 955//613
f 905//476 883//1094 903//872
f 909//611 621//610 622//885
f 689//574 688//1067 756//965
f 368//366 369//543 370//1095
f 899//1096 890//1097 891//1098
f 961//1099 985//1100 939//1032
f 563//771 460//533 459//532
f 901//660 919//659 899//1096
f 921//1101 900//334 920//333
f 30//52 143//72 147//53
f 273//916 70//734 272//733
f 180//1102 136//103 51//102
f 763//824 762//451 822//594
f 907//87 940//89 908//609
f 930//171 929//478 910//172
f 684//832 747//1103 748//191
f 908//609 615//921 620//999
f 623//211 911//1010 933//1104
f 885//257 910//172 911//1010
f 777//1028 715//365 778//983
f 350//471 439//1105 513//1106
f 858//793 807//795 805//401
f 120//817 254//360 251//1107
f 915//160 916//381 1531//507
f 913//161 914//670 902//159
f 426//627 529//654 530//591
f 916//381 923//1108 922//873
f 46//106 105//105 45//14
f 1397//1109 1223//1110 1399//1111
f 12//715 85//104 86//84
f 428//1112 427//626 532//631
f 164//1113 161//812 163//1114
f 432//1115 504//644 535//252
f 793//1035 795//842 794//1116
f 410//1117 461//1118 411//1119
f 1386//883 1378//882 1380//465
f 60//1120 61//463 78//44
f 954//1093 959//1121 971//1122
f 762//451 691//823 690//573
f 968//845 967//290 969//289
f 957//286 970//431 968//845
f 956//1123 937//1124 1523//491
f 207//200 218//1125 208//335
f 129//625 26//136 125//120
f 708//978 772//977 705//1126
f 958//284 938//1033 937//1124
f 1283//1127 1445//1128 1277//1129
f 976//1130 975//227 960//226
f 555//338 553//337 571//814
f 448//1131 10//222 11//23
f 981//1031 961//1099 939//1032
f 899//1096 891//1098 901//660
f 972//228 983//1064 960//226
f 614//913 665//920 662//912
f 985//1100 961//1099 982//524
f 979//1132 973//241 980//240
f 984//1133 980//240 962//1134
f 121//142 70//734 250//139
f 381//304 364//488 383//302
f 1117//902 1118//1135 1132//1136
f 965//392 988//1137 964//1138
f 1141//1139 1145//1140 1136//1141
f 992//566 966//210 940//89
f 952//493 971//1122 969//289
f 935//1048 953//285 936//490
f 219//1142 220//351 237//353
f 776//260 713//363 777//1028
f 1492//1143 1137//1144 1493//1145
f 978//1146 958//284 957//286
f 491//671 489//1063 488//1147
f 1006//586 1455//1148 1315//1029
f 646//1149 662//912 645//341
f 1289//1150 1274//1151 1040//1152
f 281//1153 582//421 256//420
f 1098//687 1101//1154 1103//1072
f 1095//686 1094//712 1317//1155
f 388//575 392//1156 390//580
f 1113//707 1104//1157 1110//867
f 1104//1157 1106//1073 1101//1154
f 1160//1158 1156//1159 1147//1160
f 950//844 967//290 968//845
f 1126//1161 1125//1162 1130//685
f 1477//1163 1431//1164 1424//1165
f 75//25 81//155 79//80
f 1224//710 1237//1166 1239//1167
f 1153//17 1140//718 1143//1168
f 18//2 478//641 479//640
f 1178//1169 1177//724 1170//133
f 1124//1170 1122//1171 1134//719
f 1130//685 1120//709 1124//1170
f 1159//18 1153//17 1143//1168
f 1140//718 1128//293 1144//292
f 529//654 494//634 530//591
f 782//792 781//1030 783//278
f 1169//1172 1159//18 1165//1173
f 1248//1174 1235//1175 1240//1176
f 992//566 991//97 966//210
f 1176//676 1169//1172 1165//1173
f 1198//729 1199//314 1204//727
f 1191//703 1190//157 1187//706
f 1192//1177 1198//729 1197//158
f 1206//313 1212//312 1210//41
f 1197//158 1198//729 1200//728
f 1191//703 1192//1177 1197//158
f 1232//468 1239//1167 1249//694
f 1199//314 1206//313 1204//727
f 1134//719 1140//718 1157//970
f 1237//1166 1251//444 1245//1178
f 1204//727 1206//313 1210//41
f 1220//1179 1219//1180 1222//1046
f 1263//693 1264//552 1268//1090
f 1099//1181 1098//687 1095//686
f 1223//1110 1225//1182 1231//1183
f 1255//443 1257//553 1251//444
f 1279//429 1280//1184 1268//1090
f 1297//402 1299//404 1290//1185
f 1310//130 1307//1186 1304//1187
f 406//600 289//555 290//502
f 1347//1188 1159//18 1143//1168
f 1123//1189 1122//1171 1121//1190
f 1372//1191 1392//1192 1193//699
f 1247//649 1248//1174 1258//650
f 1344//1193 1172//544 1163//1194
f 1215//1195 1220//1179 1211//1196
f 1308//60 1452//1197 1306//1198
f 1169//1172 1176//676 1186//675
f 896//1199 890//1097 899//1096
f 1166//135 1160//1158 1155//1200
f 1266//647 1269//1201 1267//648
f 1495//969 1168//19 1497//1202
f 1269//1201 1266//647 1272//1203
f 471//678 14//397 472//669
f 1275//997 1269//1201 1272//1203
f 1290//1185 1294//1204 1293//331
f 415//1205 520//736 521//738
f 1289//1150 1040//1152 1041//1081
f 1157//970 1152//1206 1138//683
f 1171//134 1160//1158 1166//135
f 260//1207 280//201 283//343
f 1308//60 1455//1148 1452//1197
f 1478//330 1479//329 1441//1208
f 1243//925 1250//1209 1246//1210
f 1408//1211 1246//1210 1250//1209
f 1494//1212 1179//1213 1172//544
f 95//180 96//13 97//12
f 1292//1214 1296//1215 1447//441
f 1246//1210 1238//1216 1236//926
f 1315//1029 1312//1217 1522//827
f 385//487 389//1218 364//488
f 1183//1219 1347//1188 1067//1220
f 614//913 663//918 665//920
f 1411//1221 1405//1222 1404//1223
f 1475//1224 1430//787 1426//1225
f 1366//1226 1373//1227 1368//1228
f 252//93 595//831 581//672
f 1417//1229 1425//1230 1422//1231
f 1342//1232 1341//1233 1343//1234
f 1583//1235 1591//1236 1584//32
f 1327//1237 1328//1238 1118//1135
f 840//377 745//847 839//378
f 1127//1239 1139//850 1133//702
f 1213//1240 1205//464 1208//1241
f 1446//1242 1301//131 1295//720
f 211//73 212//75 217//388
f 1398//890 1225//1182 1396//1243
f 1155//1200 1350//1244 1166//135
f 691//823 763//824 764//1021
f 1163//1194 1346//1245 1142//1246
f 1146//684 1152//1206 1161//993
f 1201//910 1207//1247 1208//1241
f 1162//1248 1349//1249 1156//1159
f 1280//1184 1288//428 1284//1250
f 1162//1248 1460//1251 1349//1249
f 1453//442 999//779 1449//132
f 1241//726 1242//1252 1230//30
f 1281//786 1278//788 1287//1253
f 481//714 524//964 523//657
f 1318//561 1319//1037 1109//519
f 1177//724 1356//1254 1174//725
f 1469//1255 1238//1216 1403//1256
f 1371//1257 1370//1258 1378//882
f 845//536 843//895 844//537
f 899//1096 914//670 896//1199
f 1434//776 1429//775 1427//1259
f 361//472 408//489 381//304
f 1440//1260 1432//1261 1436//1262
f 1432//1261 1431//1164 1436//1262
f 1373//1227 1371//1257 1376//1263
f 1418//1264 1473//1042 1420//1265
f 1426//1225 1430//787 1434//776
f 1385//731 1388//730 1387//1266
f 1424//1165 1420//1265 1474//1267
f 1298//1268 1305//960 1451//1269
f 1424//1165 1474//1267 1477//1163
f 602//770 598//692 603//869
f 1195//156 1202//1270 1201//910
f 1436//1262 1437//1271 1441//1208
f 1336//1272 1342//1232 1337//1273
f 1284//1250 1296//1215 1292//1214
f 1344//1193 1343//1234 1345//1274
f 1242//1252 1244//1275 1234//1276
f 1479//329 1294//1204 1442//1277
f 1141//1139 1348//852 1155//1200
f 1126//1161 1130//685 1135//1278
f 389//1218 385//487 395//622
f 213//357 227//359 240//94
f 1434//776 1281//786 1444//1279
s 0
f 887//1280 619//1280 911//1280
s 1
f 1135//1278 1150//851 1139//850
f 955//613 954//1093 993//1281
f 1289//1150 1041//1081 1042//1015
f 304//309 9//1282 305//811
f 523//657 522//750 478//641
f 1141//1139 1136//1141 1133//702
f 1427//1259 1417//1229 1423//1283
f 1376//1263 1378//882 1381//881
f 1405//1222 1411//1221 1414//1284
f 312//316 313//554 317//483
f 1431//1164 1519//1285 1436//1262
f 1324//1038 1334//1286 1329//1287
f 1485//1071 1106//1073 1113//707
f 203//1288 243//375 62//238
f 1365//856 1369//1289 1367//1290
f 1213//1240 1380//465 1205//464
f 1372//1191 1367//1290 1375//1291
f 1328//1238 1132//1136 1118//1135
f 940//89 615//921 908//609
f 1154//992 1158//991 1151//1292
f 1227//1293 1228//1294 1233//891
f 1150//851 1135//1278 1151//1292
f 1304//1187 1450//1295 1448//1296
f 467//636 85//104 12//715
f 473//1297 519//246 469//679
f 516//662 413//1298 695//1057
f 133//653 134//229 135//893
f 1111//868 1110//867 1104//1157
f 1388//730 1467//1045 1229//1299
f 1149//1300 1142//1246 1339//1301
f 1432//1261 1440//1260 1283//1127
f 430//1302 534//749 431//1303
f 1345//1274 1343//1234 1341//1233
f 1339//1301 1131//1304 1132//1136
f 983//1064 988//1137 965//392
f 460//533 562//772 540//760
f 1349//1249 1458//1305 1148//1306
f 1460//1251 1171//134 1354//1307
f 308//1308 332//583 330//756
f 942//394 655//909 659//408
f 1181//677 1173//1309 1183//1219
f 1271//1310 1428//1311 1277//1129
f 384//1054 35//816 387//367
f 1418//1264 1424//1165 1271//1310
f 1222//1046 1389//732 1391//1312
f 793//1035 794//1116 792//605
f 159//764 196//267 161//812
f 1400//1313 1238//1216 1469//1255
f 1393//1314 1466//1315 1396//1243
f 1410//1316 1469//1255 1403//1256
f 791//604 731//951 793//1035
f 412//1058 463//1317 515//1059
f 1372//1191 1379//184 1203//183
f 239//1318 225//995 220//351
f 1029//903 1119//587 1006//586
f 1312//1217 1481//1319 1450//1295
f 1448//1296 1480//1320 1299//404
f 1429//775 1520//745 1518//744
f 1502//1321 1463//1322 1500//1323
f 747//1103 746//834 809//848
f 328//310 327//1324 330//756
f 1494//1212 1344//1193 1458//1305
f 1309//62 1481//1319 1312//1217
f 1462//1325 1499//1326 1360//1327
f 1496//1328 1459//1329 1460//1251
f 1179//1213 1496//1328 1184//704
f 1322//424 1483//1330 1108//1331
f 1468//1332 1258//650 1248//1174
f 1471//1333 1470//1334 1472//1335
f 933//1104 911//1010 934//1336
f 1492//1143 1335//1337 1137//1144
f 1488//886 1320//437 1486//439
f 1499//1326 1464//1338 1364//1339
f 769//1024 768//987 767//932
f 1391//1312 1385//731 1511//866
f 408//489 380//557 362//243
f 1125//1162 1126//1161 1487//1340
f 1519//1285 1518//744 1521//746
f 1516//1341 1422//1231 1517//1342
f 1513//1343 1468//1332 1469//1255
f 1468//1332 1513//1343 1258//650
f 1516//1341 1517//1342 1519//1285
f 1505//1344 1504//1345 1508//1346
f 843//895 841//849 842//924
f 639//905 887//1011 637//894
f 340//412 315//556 310//582
f 1520//745 1429//775 1285//774
f 1443//1347 1480//1320 1309//62
f 1354//1307 1189//705 1184//704
f 1179//1213 1494//1212 1459//1329
f 19//129 107//39 110//1348
f 1353//1349 1157//970 1495//969
f 1464//1338 1499//1326 1501//1350
f 1464//1338 1501//1350 1506//911
f 1512//467 1472//1335 1470//1334
f 1125//1162 1487//1340 1485//1071
f 337//511 335//1034 312//316
f 879//508 1549//1092 1527//513
f 879//508 1527//513 1530//512
f 1531//507 1549//1092 879//508
f 1526//1091 1531//507 1532//348
f 881//349 1538//1351 1524//347
f 1540//298 1538//1351 1539//1352
f 741//578 833//870 742//722
f 1044//1069 1043//498 1105//497
f 936//490 1587//5 1534//1049
f 325//181 349//1353 346//521
f 1551//1085 1031//1354 1552//1355
f 1543//1084 1031//1354 1551//1085
f 1550//1083 1544//460 1543//1084
f 1549//461 1544//460 1550//1083
f 1575//1356 1579//1357 1009//1358
f 1591//1236 1583//1235 1582//1359
f 1591//1236 1582//1359 1592//608
f 1588//469 1586//4 1585//34
f 107//39 109//38 110//1348
f 1218//31 1207//1247 1209//1360
f 1220//1179 1511//866 1381//881
f 45//14 105//105 100//15
f 1308//60 1309//62 1312//1217
f 291//28 290//502 343//26
f 1332//1040 1127//1239 1333//701
f 171//55 99//78 98//77
f 1584//32 1590//1361 1589//33
f 139//37 140//235 142//35
f 482//689 481//714 480//658
f 230//432 231//167 247//1362
f 596//799 591//389 545//391
f 1266//647 1261//445 1272//1203
f 188//177 146//199 152//1001
f 1482//562 1100//1363 1483//1330
f 1512//467 1226//29 1221//42
f 319//482 316//481 298//303
f 1251//444 1257//553 1245//1178
f 99//78 171//55 102//57
f 886//447 911//1010 623//211
f 43//79 100//15 97//12
f 13//716 92//300 14//397
f 585//70 586//806 584//1364
f 584//1364 579//68 585//70
f 148//54 31//66 30//52
f 211//73 573//815 560//74
f 1168//19 1159//18 1169//1172
f 480//658 19//129 482//689
f 514//877 510//682 447//413
f 161//812 36//1365 160//1366
f 1499//1326 1497//1202 1501//1350
f 141//36 142//35 145//71
f 831//794 832//577 740//576
f 1501//1350 1169//1172 1186//675
f 1506//911 1501//1350 1186//675
f 173//82 106//40 104//83
f 1140//718 1144//292 1143//1168
f 206//7 215//320 271//64
f 83//85 87//174 166//86
f 29//897 141//36 143//72
f 151//67 154//138 155//123
f 1380//465 1378//882 1370//1258
f 134//229 133//653 130//269
f 1176//676 1173//1309 1181//677
f 122//141 127//122 124//121
f 397//1367 386//568 398//1368
f 1305//960 1298//1268 1302//961
f 625//880 626//154 616//485
f 237//353 222//352 209//342
f 785//308 786//959 721//944
f 773//623 827//985 772//977
f 991//97 963//1369 989//95
f 128//765 123//140 126//766
f 81//155 87//174 83//85
f 981//1031 938//1033 958//284
f 476//737 16//76 17//3
f 1178//1169 1182//857 1177//724
f 103//107 170//194 105//105
f 165//618 81//155 77//619
f 212//75 240//94 217//388
f 935//1048 970//431 953//285
f 17//3 102//57 101//1
f 686//923 753//114 687//116
f 110//1348 109//38 111//1370
f 79//80 85//104 445//81
f 918//1061 914//670 899//1096
f 1165//1173 1159//18 1347//1188
f 104//83 107//39 19//129
f 1310//130 1304//1187 1301//131
f 1170//133 1174//725 1171//134
f 148//54 187//128 150//176
f 124//121 125//120 26//136
f 148//54 150//176 154//138
f 72//762 123//140 71//763
f 250//139 71//763 123//140
f 10//222 309//1371 307//1372
f 941//393 964//1138 649//907
f 260//1207 255//419 280//201
f 88//175 82//1373 80//956
f 102//57 173//82 101//1
f 699//530 796//840 733//541
f 537//146 509//681 538//144
f 538//144 436//496 435//145
f 285//418 279//509 277//416
f 156//1374 188//177 152//1001
f 176//214 198//1375 177//1376
f 1295//720 1300//403 1297//402
f 1291//1377 1303//61 1306//1198
f 1306//1198 1445//1128 1291//1377
f 10//222 294//280 309//1371
f 1197//158 1200//728 1209//1360
f 1209//1360 1202//1270 1197//158
f 1202//1270 1195//156 1197//158
f 1237//1166 1245//1178 1239//1167
f 356//195 357//162 640//164
f 977//1378 974//1379 976//1130
f 883//1094 905//476 930//171
f 883//1094 930//171 884//173
f 80//956 84//43 89//58
f 39//1018 38//813 60//1120
f 295//295 294//280 449//279
f 166//86 87//174 90//179
f 173//82 108//204 106//40
f 128//765 122//141 123//140
f 150//176 188//177 154//138
f 167//186 91//178 95//180
f 325//181 323//589 324//182
f 88//175 1//957 96//13
f 1394//1380 1203//183 1384//185
f 1229//1299 1240//1176 1235//1175
f 165//618 82//1373 81//155
f 5//1381 6//1382 126//766
f 126//766 123//140 5//1381
f 123//140 4//941 5//1381
f 1374//1383 1380//465 1370//1258
f 684//832 748//191 1077//193
f 58//830 162//1384 194//266
f 194//266 192//585 58//830
f 170//194 103//107 171//55
f 356//195 303//47 326//46
f 917//612 925//835 904//169
f 900//334 881//1385 880//1016
f 127//122 131//1386 130//269
f 103//107 108//204 173//82
f 146//199 186//236 149//197
f 131//1386 127//122 128//765
f 113//1387 109//38 112//224
f 109//38 174//225 112//224
f 254//360 209//342 222//352
f 112//224 108//204 47//203
f 299//206 355//450 291//28
f 175//1388 21//674 177//1376
f 306//1389 310//582 315//556
f 3//220 118//283 179//215
f 48//221 179//215 178//282
f 517//1076 696//937 413//1298
f 81//155 82//1373 88//175
f 758//572 820//628 821//1052
f 174//225 106//40 108//204
f 180//1102 130//269 132//767
f 130//269 131//1386 132//767
f 182//230 180//1102 51//102
f 185//234 182//230 52//232
f 185//234 144//233 53//1390
f 201//216 118//283 116//239
f 118//283 117//237 116//239
f 947//242 884//173 980//240
f 186//236 146//199 142//35
f 796//840 793//1035 733//541
f 142//35 146//199 145//71
f 146//199 188//177 187//128
f 108//204 103//107 46//106
f 189//1391 154//138 156//1374
f 154//138 188//177 156//1374
f 1072//1013 682//721 744//434
f 393//917 354//311 287//753
f 331//1392 294//280 311//296
f 354//311 328//310 329//755
f 654//906 619//908 640//164
f 915//160 879//508 913//161
f 162//1384 59//1393 163//1114
f 163//1114 194//266 162//1384
f 122//141 128//765 127//122
f 1311//1394 1310//130 1002//1395
f 1003//1396 1311//1394 1002//1395
f 810//783 843//895 845//536
f 897//620 894//344 895//346
f 514//877 352//245 442//249
f 514//877 442//249 512//250
f 441//1397 513//1106 351//244
f 513//1106 512//250 351//244
f 1411//1221 1471//1333 1415//1398
f 568//777 569//336 555//338
f 184//1051 183//231 182//230
f 170//194 200//190 169//189
f 393//917 370//1095 354//311
f 640//164 656//163 654//906
f 169//189 93//187 167//186
f 758//572 759//1399 690//573
f 514//877 512//250 511//680
f 22//1400 175//1388 198//1375
f 194//266 193//1401 192//585
f 193//1401 191//1402 192//585
f 191//1402 190//584 192//585
f 178//282 176//214 113//1387
f 113//1387 112//224 178//282
f 556//828 584//1364 541//769
f 195//268 193//1401 194//266
f 540//760 576//270 422//272
f 199//147 33//149 191//1402
f 464//281 295//295 449//279
f 19//129 480//658 18//2
f 480//658 478//641 18//2
f 1507//1403 1504//1345 1368//1228
f 309//1371 294//280 331//1392
f 308//1308 309//1371 331//1392
f 228//370 227//359 213//357
f 214//433 228//370 213//357
f 738//1005 801//1004 830//150
f 801//1004 829//796 830//150
f 498//629 496//1404 28//109
f 614//913 624//153 627//152
f 184//1051 140//235 202//1405
f 1031//1354 1541//1406 1542//861
f 608//528 592//990 605//111
f 925//835 928//1407 927//170
f 93//187 197//188 94//301
f 237//353 218//1125 219//1142
f 970//431 935//1048 951//843
f 991//97 992//566 963//1369
f 1199//314 1217//711 1212//312
f 278//356 257//427 214//433
f 214//433 213//357 278//356
f 854//596 852//399 866//1019
f 1254//1408 1514//1043 1259//1409
f 645//341 644//340 405//1410
f 476//737 477//639 521//738
f 232//914 215//320 67//9
f 215//320 206//7 67//9
f 1180//569 1500//1323 1185//858
f 1513//1343 1419//1411 1262//1412
f 1271//1310 1262//1412 1419//1411
f 1294//1204 1479//329 1293//331
f 234//305 233//307 216//1413
f 216//1413 210//768 234//305
f 8//1414 164//1113 59//1393
f 164//1113 163//1114 59//1393
f 1546//396 1545//49 1547//51
f 218//1125 237//353 208//335
f 422//272 421//534 540//760
f 460//533 540//760 421//534
f 1524//347 1525//1415 1532//348
f 209//342 269//361 268//350
f 130//269 180//1102 134//229
f 224//354 220//351 225//995
f 954//1093 947//242 973//241
f 755//966 756//965 688//1067
f 241//784 240//94 226//358
f 824//405 765//1022 825//383
f 223//1416 242//785 221//362
f 242//785 241//784 221//362
f 919//659 925//835 917//612
f 1252//1417 1402//889 1406//1418
f 1402//889 1244//1275 1406//1418
f 258//318 261//317 257//427
f 129//625 130//269 133//653
f 919//659 917//612 918//1061
f 587//807 585//70 604//846
f 157//143 191//1402 155//123
f 430//1302 429//1419 533//747
f 227//359 229//369 221//362
f 110//1348 111//1370 20//673
f 192//585 158//371 57//373
f 246//996 225//995 245//1420
f 1311//1394 1003//1396 1314//1421
f 24//10 490//1422 23//8
f 23//8 490//1422 487//666
f 1484//548 1034//547 1035//1423
f 1484//548 1035//1423 1112//520
f 1035//1423 1036//1424 1112//520
f 226//358 221//362 241//784
f 217//388 241//784 238//387
f 293//223 305//811 9//1282
f 896//1199 889//822 890//1097
f 307//1372 293//223 10//222
f 189//1391 156//1374 158//371
f 657//757 656//163 653//781
f 298//303 320//1425 319//482
f 361//472 350//471 351//244
f 1039//1426 1546//1070 1044//1069
f 457//971 488//1147 579//68
f 488//1147 455//838 456//1427
f 488//1147 456//1427 578//69
f 578//69 579//68 488//1147
f 965//392 964//1138 941//393
f 548//802 565//1428 549//803
f 453//271 608//528 605//111
f 297//560 361//472 381//304
f 546//1074 554//208 557//207
f 1235//1175 1247//649 1401//741
f 961//1099 981//1031 978//1146
f 692//407 765//1022 824//405
f 634//212 630//615 632//263
f 632//263 637//894 635//213
f 850//1429 848//504 849//506
f 443//878 514//877 353//415
f 514//877 447//413 353//415
f 447//413 35//816 444//414
f 614//913 627//152 628//425
f 440//470 297//560 314//479
f 977//1378 986//525 982//524
f 956//1123 936//490 953//285
f 94//301 168//1430 15//667
f 15//667 14//397 94//301
f 278//356 276//1431 257//427
f 978//1146 977//1378 961//1099
f 1322//424 1326//1039 1325//422
f 186//236 140//235 185//234
f 140//235 184//1051 185//234
f 279//509 262//1432 258//318
f 262//1432 267//319 258//318
f 1288//428 1280//1184 1279//429
f 471//678 13//716 14//397
f 1466//1315 1393//1314 1390//1433
f 1390//1433 1213//1240 1466//1315
f 815//963 816//558 754//115
f 136//103 7//900 49//440
f 265//1434 263//1435 268//350
f 230//432 214//433 215//320
f 1447//441 1451//1269 1453//442
f 270//446 282//1436 265//1434
f 270//446 265//1434 268//350
f 951//843 1535//1050 1536//299
f 1261//445 1260//1437 1255//443
f 306//1389 287//753 329//755
f 269//361 286//1438 270//446
f 356//195 640//164 636//475
f 262//1432 270//446 274//1439
f 1334//1286 1335//1337 1329//1287
f 499//630 533//747 532//631
f 533//747 428//1112 532//631
f 574//455 543//386 559//550
f 590//874 586//806 589//919
f 276//1431 275//355 581//672
f 624//153 614//913 355//450
f 323//589 337//511 320//1425
f 957//286 974//1379 978//1146
f 943//459 944//501 966//210
f 1289//1150 1275//997 1282//1440
f 273//916 262//1432 274//1439
f 1487//1340 1330//1441 1485//1071
f 1235//1175 1394//1380 1229//1299
f 511//680 512//250 538//144
f 512//250 436//496 538//144
f 758//572 821//1052 759//1399
f 297//560 440//470 361//472
f 885//257 964//1138 962//1134
f 497//635 494//634 446//110
f 494//634 27//652 446//110
f 542//789 207//200 583//202
f 1467//1045 1388//730 1389//732
f 808//1041 843//895 810//783
f 533//747 429//1419 428//1112
f 1314//1421 1004//6 1005//539
f 1004//6 1541//1406 1005//539
f 1005//539 1313//538 1314//1421
f 964//1138 988//1137 962//1134
f 349//1353 302//563 301//515
f 362//243 385//487 408//489
f 327//1324 305//811 293//223
f 1523//491 1542//861 1587//5
f 610//968 612//1442 588//800
f 545//391 580//805 596//799
f 278//356 275//355 276//1431
f 1423//1283 1417//1229 1415//1398
f 1416//1443 1423//1283 1415//1398
f 292//1444 9//1282 304//309
f 307//1372 308//1308 330//756
f 22//1400 198//1375 115//836
f 1215//1195 1223//1110 1219//1180
f 632//263 630//615 625//880
f 625//880 629//264 632//263
f 651//782 641//326 642//328
f 379//126 406//600 290//502
f 220//351 219//1142 236//306
f 219//1142 233//307 236//306
f 288//754 289//555 374//254
f 976//1130 974//1379 968//845
f 331//1392 334//456 308//1308
f 232//914 67//9 66//165
f 928//1407 931//1445 932//860
f 932//860 927//170 928//1407
f 729//1009 794//1116 730//950
f 1376//1263 1507//1403 1373//1227
f 558//551 559//550 543//386
f 926//168 934//1336 924//477
f 924//477 922//873 923//1108
f 923//1108 926//168 924//477
f 851//400 850//1429 865//1446
f 504//644 432//1115 534//749
f 432//1115 431//1303 534//749
f 284//761 269//361 254//360
f 1107//1447 1109//519 1112//520
f 520//736 415//1205 414//247
f 372//565 389//1218 394//98
f 348//527 617//526 347//522
f 1244//1275 1242//1252 1404//1223
f 608//528 453//271 576//270
f 899//1096 919//659 918//1061
f 303//47 356//195 636//475
f 421//534 485//665 459//532
f 539//819 459//532 485//665
f 549//803 555//338 570//209
f 555//338 559//550 570//209
f 243//375 203//1288 254//360
f 203//1288 251//1107 254//360
f 486//1062 454//839 455//838
f 489//1063 486//1062 488//1147
f 455//838 488//1147 486//1062
f 972//228 984//1133 983//1064
f 984//1133 988//1137 983//1064
f 314//479 316//481 317//483
f 921//1101 920//333 903//872
f 447//413 160//1366 35//816
f 372//565 371//100 360//196
f 360//196 298//303 372//565
f 291//28 355//450 648//127
f 337//511 319//482 320//1425
f 1352//1448 1163//1194 1172//544
f 446//110 28//109 496//1404
f 496//1404 497//635 446//110
f 76//24 11//23 10//222
f 448//1131 294//280 10//222
f 395//622 402//327 394//98
f 183//231 202//1405 181//1449
f 372//565 383//302 364//488
f 591//389 608//528 544//390
f 489//1063 491//671 492//633
f 202//1405 183//231 184//1051
f 1290//1185 1285//774 1444//1279
f 384//1054 365//1053 353//415
f 1240//1176 1229//1299 1467//1045
f 363//567 352//245 382//1450
f 352//245 353//415 382//1450
f 382//1450 409//607 363//567
f 353//415 365//1053 382//1450
f 282//1436 281//1153 256//420
f 956//1123 953//285 958//284
f 135//893 181//1449 446//110
f 149//197 186//236 53//1390
f 186//236 185//234 53//1390
f 823//879 822//594 868//1087
f 385//487 362//243 386//568
f 1351//570 1357//1451 1358//571
f 584//1364 586//806 590//874
f 63//1452 205//1453 64//380
f 116//239 205//1453 63//1452
f 63//1452 115//836 116//239
f 115//836 198//1375 116//239
f 119//735 271//64 272//733
f 646//1149 405//1410 407//598
f 1484//548 1456//1454 1114//1455
f 725//1456 728//218 787//217
f 34//148 510//682 508//643
f 1515//1044 1514//1043 1413//1457
f 409//607 398//1368 386//568
f 177//1376 198//1375 175//1388
f 1526//1091 1532//348 1525//1415
f 196//267 159//764 195//268
f 236//306 249//385 235//829
f 235//829 242//785 236//306
f 239//1318 236//306 242//785
f 239//1318 245//1420 225//995
f 911//1010 910//172 934//1336
f 33//149 507//642 32//124
f 1390//1433 1211//1196 1386//883
f 302//563 326//46 618//48
f 530//591 494//634 495//592
f 404//510 401//616 396//579
f 396//579 391//581 404//510
f 204//374 205//1453 116//239
f 62//238 204//374 116//239
f 1116//826 1118//1135 1117//902
f 311//296 295//295 312//316
f 776//260 777//1028 709//742
f 1361//1458 1363//1459 1358//571
f 853//595 855//597 761//452
f 330//756 327//1324 307//1372
f 327//1324 293//223 307//1372
f 1503//1460 1367//1290 1194//698
f 959//1121 973//241 979//1132
f 597//862 581//672 595//831
f 223//1416 229//369 247//1362
f 1592//608 1582//1359 1546//396
f 908//609 620//999 621//610
f 1270//1461 1435//1462 1265//651
f 1435//1462 1247//649 1265//651
f 1407//1463 1241//726 1470//1334
f 914//670 917//612 902//159
f 1116//826 1114//1455 1327//1237
f 288//754 287//753 306//1389
f 636//475 632//263 633//265
f 433//251 536//253 434//871
f 1103//1072 1097//1082 1096//688
f 202//1405 140//235 138//1060
f 137//108 181//1449 202//1405
f 138//1060 137//108 202//1405
f 1509//864 1511//866 1385//731
f 405//1410 644//340 359//503
f 744//434 743//723 835//435
f 77//619 73//773 74//617
f 379//126 647//125 646//1149
f 407//598 379//126 646//1149
f 341//517 340//412 333//458
f 397//1367 398//1368 403//1464
f 853//595 820//628 852//399
f 372//565 364//488 389//1218
f 1339//1301 1132//1136 1337//1273
f 1517//1342 1518//744 1519//1285
f 190//584 157//143 158//371
f 157//143 189//1391 158//371
f 532//631 496//1404 498//629
f 479//640 477//639 476//737
f 952//493 969//289 949//291
f 813//798 814//559 752//922
f 447//413 510//682 34//148
f 534//749 501//748 504//644
f 501//748 503//645 504//644
f 731//951 791//604 728//218
f 501//748 502//717 503//645
f 193//1401 195//268 199//147
f 199//147 191//1402 193//1401
f 498//629 500//1465 499//630
f 1380//465 1374//1383 1465//466
f 15//667 475//1466 474//668
f 31//66 32//124 506//697
f 1264//552 1260//1437 1266//647
f 476//737 475//1466 16//76
f 475//1466 15//667 16//76
f 474//668 475//1466 473//1297
f 29//897 500//1465 28//109
f 500//1465 498//629 28//109
f 425//655 424//759 528//656
f 337//511 342//590 339//516
f 613//691 583//202 603//869
f 471//678 469//679 470//637
f 518//696 468//638 470//637
f 469//679 518//696 470//637
f 26//136 27//652 493//632
f 472//669 14//397 15//667
f 514//877 511//680 510//682
f 29//897 502//717 500//1465
f 213//357 240//94 252//93
f 506//697 505//646 31//66
f 533//747 502//717 501//748
f 77//619 75//25 76//24
f 22//1400 484//117 483//119
f 1190//157 1186//675 1181//677
f 1173//1309 1165//1173 1347//1188
f 1225//1182 1236//926 1231//1183
f 505//646 503//645 30//52
f 511//680 538//144 509//681
f 1097//1082 1094//712 1096//688
f 1250//1209 1252//1417 1254//1408
f 483//119 21//674 22//1400
f 1489//91 1490//1467 1491//92
f 537//146 507//642 508//643
f 812//564 813//798 751//1017
f 1303//61 1291//1377 1443//1347
f 624//153 300//484 626//154
f 1263//693 1253//1468 1249//694
f 469//679 698//248 518//696
f 1096//688 1098//687 1103//1072
f 510//682 509//681 508//643
f 479//640 17//3 18//2
f 461//1118 451//974 462//1014
f 296//315 450//1469 462//1014
f 461//1118 462//1014 463//1317
f 451//974 296//315 462//1014
f 1188//545 1189//705 1194//698
f 478//641 522//750 477//639
f 1133//702 1136//1141 1340//700
f 1113//707 1110//867 1115//708
f 1212//312 1217//711 1221//42
f 482//689 483//119 525//713
f 12//715 470//637 467//636
f 25//137 26//136 492//633
f 506//697 504//644 505//646
f 1124//1170 1121//1190 1122//1171
f 1381//881 1510//865 1376//1263
f 1511//866 1510//865 1381//881
f 298//303 360//196 320//1425
f 320//1425 360//196 323//589
f 324//182 323//589 360//196
f 1301//131 1304//1187 1300//403
f 1122//1171 1128//293 1134//719
f 744//434 682//721 743//723
f 523//657 417//952 522//750
f 494//634 493//632 27//652
f 1156//1159 1148//1306 1147//1160
f 1145//1140 1147//1160 1148//1306
f 356//195 360//196 376//99
f 544//390 576//270 561//448
f 1236//926 1238//1216 1231//1183
f 1253//1468 1512//467 1249//694
f 1232//468 1224//710 1239//1167
f 18//2 101//1 104//83
f 445//81 465//663 464//281
f 315//556 289//555 288//754
f 780//790 778//983 779//791
f 520//736 475//1466 476//737
f 1452//1197 1455//1148 1580//1470
f 1455//1148 1006//586 1553//1471
f 1581//1472 1455//1148 1028//1473
f 1553//1471 1028//1473 1455//1148
f 1006//586 1346//1245 1007//1474
f 1555//1475 1006//586 1007//1474
f 1554//1476 1553//1471 1006//586
f 1555//1475 1554//1476 1006//586
f 1455//1148 1581//1472 1580//1470
f 1452//1197 1580//1470 1579//1357
f 1452//1197 1579//1357 1027//1477
f 1008//1478 1007//1474 1346//1245
f 1556//1479 1008//1478 1346//1245
f 1452//1197 1027//1477 1578//1480
f 1452//1197 1578//1480 1026//1481
f 1556//1479 1346//1245 1557//1482
f 1346//1245 1352//1448 1557//1482
f 1452//1197 1026//1481 1577//1483
f 1009//1358 1557//1482 1352//1448
f 1558//1484 1009//1358 1352//1448
f 1452//1197 1577//1483 1576//1485
f 1452//1197 1576//1485 1025//1486
f 1559//1487 1558//1484 1352//1448
f 1010//1488 1559//1487 1352//1448
f 1439//1489 1452//1197 1024//1490
f 1452//1197 1025//1486 1024//1490
f 1010//1488 1352//1448 1011//1491
f 1352//1448 1172//544 1011//1491
f 1439//1489 1024//1490 1575//1356
f 1439//1489 1575//1356 1574//1492
f 1560//1493 1011//1491 1172//544
f 1561//1494 1560//1493 1172//544
f 1435//1462 1439//1489 1023//1495
f 1439//1489 1574//1492 1573//1496
f 1439//1489 1573//1496 1023//1495
f 1562//1497 1561//1494 1172//544
f 1563//1498 1562//1497 1172//544
f 1435//1462 1023//1495 1572//1499
f 1563//1498 1172//544 1196//546
f 1012//1500 1563//1498 1196//546
f 1435//1462 1572//1499 1571//1501
f 1435//1462 1571//1501 1022//1502
f 1564//1503 1012//1500 1196//546
f 1013//1504 1564//1503 1196//546
f 1435//1462 1022//1502 1570//1505
f 1435//1462 1570//1505 1021//1506
f 1013//1504 1196//546 1014//1507
f 1196//546 1392//1192 1014//1507
f 1247//649 1435//1462 1021//1506
f 1247//649 1021//1506 1020//1508
f 1015//1509 1014//1507 1392//1192
f 1016//1510 1015//1509 1392//1192
f 1247//649 1020//1508 1569//1511
f 1247//649 1569//1511 1568//1512
f 1017//1513 1016//1510 1392//1192
f 1565//1514 1017//1513 1392//1192
f 1401//741 1247//649 1567//1515
f 1247//649 1568//1512 1567//1515
f 1565//1514 1392//1192 1401//741
f 1566//1516 1565//1514 1401//741
f 1401//741 1567//1515 1019//739
f 1018//740 1566//1516 1401//741
f 528//656 493//632 529//654
f 1216//1517 1208//1241 1214//1518
f 775//258 776//260 709//742
f 430//1302 533//747 534//749
f 477//639 522//750 521//738
f 522//750 417//952 416//751
f 416//751 415//1205 521//738
f 217//388 240//94 241//784
f 507//642 535//252 506//697
f 253//417 277//416 276//1431
f 399//1519 373//752 288//754
f 1400//1313 1399//1111 1238//1216
f 977//1378 982//524 961//1099
f 306//1389 329//755 332//583
f 613//691 580//805 546//1074
f 1287//1253 1278//788 1280//1184
f 1298//1268 1451//1269 1296//1215
f 698//248 469//679 519//246
f 934//1336 926//168 933//1104
f 502//717 533//747 500//1465
f 500//1465 533//747 499//630
f 404//510 391//581 375//256
f 568//777 555//338 549//803
f 71//763 286//1438 284//761
f 131//1386 128//765 132//767
f 541//769 584//1364 590//874
f 779//791 715//365 714//936
f 989//95 960//226 983//1064
f 452//480 451//974 461//1118
f 461//1118 440//470 452//480
f 600//863 602//770 253//417
f 1452//1197 1439//1489 1445//1128
f 1306//1198 1452//1197 1445//1128
f 1435//1462 1270//1461 1439//1489
f 76//24 293//223 73//773
f 248//398 64//380 246//996
f 64//380 205//1453 246//996
f 248//398 246//996 245//1420
f 393//917 373//752 388//575
f 814//559 813//798 846//535
f 1256//1520 1250//1209 1259//1409
f 1453//442 997//1521 998//778
f 566//449 561//448 562//772
f 562//772 565//1428 566//449
f 565//1428 563//771 568//777
f 262//1432 279//509 281//1153
f 794//1116 795//842 730//950
f 334//456 332//583 308//1308
f 1584//32 1591//1236 1590//1361
f 760//1055 759//1399 821//1052
f 550//859 566//449 548//802
f 548//802 566//449 565//1428
f 376//99 360//196 371//100
f 457//971 579//68 551//810
f 579//68 584//1364 551//810
f 548//802 552//804 550//859
f 232//914 230//432 215//320
f 326//46 324//182 360//196
f 157//143 190//584 191//1402
f 610//968 588//800 596//799
f 929//478 924//477 934//1336
f 306//1389 332//583 310//582
f 541//769 575//818 556//828
f 882//1522 881//1385 900//334
f 1475//1224 1276//1523 1430//787
f 1276//1523 1278//788 1430//787
f 914//670 897//620 896//1199
f 952//493 949//291 948//494
f 325//181 339//516 342//590
f 690//573 759//1399 760//1055
f 353//415 35//816 384//1054
f 1111//868 1104//1157 1099//1181
f 72//762 120//817 123//140
f 120//817 251//1107 117//237
f 251//1107 203//1288 117//237
f 203//1288 62//238 117//237
f 367//896 390//580 366//1524
f 889//822 895//346 1533//345
f 547//892 569//336 568//777
f 459//532 547//892 568//777
f 397//1367 395//622 386//568
f 397//1367 400//1525 395//622
f 400//1525 359//503 402//327
f 402//327 395//622 400//1525
f 1490//1467 1492//1143 1491//92
f 1541//1406 1030//825 1005//539
f 1030//825 1114//1455 1116//826
f 1493//1145 1137//1144 1145//1140
f 1137//1144 1136//1141 1145//1140
f 376//99 641//326 358//1066
f 561//448 540//760 562//772
f 1412//1526 1418//1264 1419//1411
f 569//336 547//892 564//821
f 539//819 547//892 459//532
f 400//1525 405//1410 359//503
f 589//919 586//806 587//807
f 1502//1321 1504//1345 1505//1344
f 597//862 253//417 581//672
f 214//433 257//427 259//426
f 275//355 213//357 252//93
f 746//834 747//1103 684//832
f 115//836 63//1452 64//380
f 60//1120 164//1113 8//1414
f 164//1113 60//1120 38//813
f 181//1449 137//108 446//110
f 1271//1310 1419//1411 1418//1264
f 264//321 259//426 261//317
f 242//785 235//829 238//387
f 1201//910 1205//464 1465//466
f 339//516 335//1034 337//511
f 834//1078 835//435 743//723
f 196//267 163//1114 161//812
f 487//666 22//1400 23//8
f 606//112 594//801 588//800
f 607//837 593//1527 587//807
f 1323//438 1320//437 1319//1037
f 1320//437 1109//519 1319//1037
f 1301//131 1446//1242 1447//441
f 915//160 902//159 923//1108
f 374//254 399//1519 288//754
f 594//801 606//112 605//111
f 605//111 592//990 594//801
f 574//455 572//454 573//815
f 609//855 589//919 587//807
f 596//799 601//690 598//692
f 984//1133 979//1132 980//240
f 609//855 587//807 593//1527
f 593//1527 599//853 609//855
f 762//451 760//1055 761//452
f 16//76 99//78 102//57
f 1409//1528 1254//1408 1406//1418
f 535//252 507//642 537//146
f 611//854 599//853 600//863
f 612//1442 600//863 599//853
f 1542//861 1541//1406 1004//6
f 488//1147 485//665 487//666
f 487//666 490//1422 488//1147
f 439//1105 438//1529 513//1106
f 253//417 276//1431 581//672
f 20//673 482//689 19//129
f 73//773 293//223 9//1282
f 388//575 399//1519 392//1156
f 176//214 201//216 198//1375
f 201//216 116//239 198//1375
f 537//146 435//145 536//253
f 604//846 455//838 607//837
f 1167//1530 1161//993 1164//1531
f 1213//1240 1390//1433 1386//883
f 962//1134 980//240 884//173
f 884//173 885//257 962//1134
f 959//1121 972//228 971//1122
f 1356//1254 1182//857 1503//1460
f 1182//857 1365//856 1503//1460
f 410//1117 438//1529 439//1105
f 352//245 351//244 442//249
f 628//425 620//999 615//921
f 615//921 614//913 628//425
f 1119//587 1131//1304 1338//588
f 838//486 839//378 837//436
f 769//1024 827//985 768//987
f 362//243 352//245 363//567
f 631//884 634//212 622//885
f 1443//1347 1438//1532 1442//1277
f 446//110 27//652 133//653
f 396//579 401//616 398//1368
f 401//616 403//1464 398//1368
f 655//909 654//906 656//163
f 855//597 867//453 761//452
f 1145//1140 1341//1233 1493//1145
f 139//37 141//36 29//897
f 357//162 358//1066 641//326
f 1251//444 1237//1166 687//1533
f 1251//444 687//1533 1088//898
f 1421//899 1433//1534 1272//1203
f 1261//445 1251//444 1088//898
f 1421//899 1272//1203 1261//445
f 274//1439 270//446 286//1438
f 154//138 189//1391 157//143
f 658//339 652//780 644//340
f 1094//712 1041//1081 1040//1152
f 239//1318 242//785 223//1416
f 248//398 245//1420 247//1362
f 245//1420 239//1318 223//1416
f 223//1416 247//1362 245//1420
f 1005//539 1116//826 1117//902
f 814//559 815//963 753//114
f 115//836 65//166 23//8
f 65//166 66//165 23//8
f 4//941 123//140 117//237
f 1530//512 1528//514 1533//345
f 740//576 741//578 680//1535
f 681//1536 680//1535 741//578
f 965//392 942//394 990//96
f 809//848 843//895 808//1041
f 1031//1354 1542//861 1552//1355
f 909//611 622//885 623//211
f 623//211 933//1104 909//611
f 651//782 642//328 643//901
f 816//558 817//967 755//966
f 1190//157 1195//156 1506//911
f 234//305 210//768 543//386
f 662//912 648//127 355//450
f 24//10 491//671 490//1422
f 663//918 664//500 660//915
f 664//500 661//409 660//915
f 786//959 788//808 724//973
f 1117//902 1131//1304 1119//587
f 664//500 614//913 650//797
f 858//793 859//1537 860//1065
f 655//909 657//757 659//408
f 885//257 619//908 649//907
f 1226//29 1218//31 1210//41
f 1218//31 1209//1360 1200//728
f 1210//41 1218//31 1204//727
f 1200//728 1204//727 1218//31
f 216//1413 233//307 218//1125
f 233//307 219//1142 218//1125
f 1243//925 1246//1210 1236//926
f 1301//131 1447//441 1449//132
f 694//602 994//927 766//929
f 767//932 694//602 770//1025
f 687//1533 1237//1166 1217//711
f 1081//1538 687//1533 1217//711
f 1192//1177 1191//703 1073//1539
f 1199//314 1192//1177 1073//1539
f 1081//1538 1217//711 1199//314
f 354//311 329//755 287//753
f 601//690 596//799 580//805
f 746//834 683//833 745//847
f 670//1540 709//742 711//982
f 852//399 820//628 819//274
f 390//580 396//579 409//607
f 409//607 396//579 398//1368
f 1107//1447 1038//1541 1039//1426
f 1039//1426 1044//1069 1107//1447
f 697//695 779//791 714//936
f 671//940 717//976 718//938
f 697//695 719//942 779//791
f 117//237 118//283 3//220
f 672//939 720//988 721//944
f 726//945 727//1008 674//946
f 675//949 729//1009 730//950
f 731//951 728//218 417//952
f 33//149 155//123 191//1402
f 733//541 731//951 418//542
f 677//955 734//1000 735//953
f 80//956 89//58 1//957
f 397//1367 403//1464 400//1525
f 403//1464 405//1410 400//1525
f 738//1005 804//1542 679//1006
f 539//819 485//665 458//820
f 488//1147 457//971 485//665
f 457//971 458//820 485//665
f 207//200 542//789 216//1413
f 542//789 210//768 216//1413
f 885//257 911//1010 619//908
f 1522//827 1316//540 1315//1029
f 525//713 419//1012 418//542
f 594//801 592//990 591//389
f 685//887 750//888 751//1017
f 520//736 414//247 519//246
f 519//246 473//1297 520//736
f 1140//718 1153//17 1495//969
f 929//478 930//171 905//476
f 567//809 458//820 551//810
f 1093//928 693//406 766//929
f 702//931 703//986 667//972
f 36//1365 37//368 35//816
f 37//368 36//1365 161//812
f 703//986 704//984 667//972
f 704//984 706//933 668//935
f 668//935 667//972 704//984
f 250//139 70//734 273//916
f 9//1282 292//1444 73//773
f 671//940 1051//1543 716//975
f 706//933 707//743 669//934
f 773//623 772//977 774//624
f 954//1093 973//241 959//1121
f 282//1436 256//420 260//1207
f 263//1435 265//1434 282//1436
f 260//1207 263//1435 282//1436
f 35//816 160//1366 36//1365
f 335//1034 339//516 338//518
f 711//982 716//975 1051//1543
f 1051//1543 670//1540 711//982
f 964//1138 885//257 649//907
f 804//1542 738//1005 806//151
f 738//1005 830//150 806//151
f 670//1540 669//934 709//742
f 669//934 707//743 709//742
f 913//161 879//508 912//621
f 718//938 720//988 672//939
f 326//46 302//563 349//1353
f 306//1389 315//556 288//754
f 787//217 723//958 725//1456
f 673//947 1056//943 721//944
f 20//673 19//129 110//1348
f 1161//993 1167//1530 1158//991
f 170//194 98//77 200//190
f 727//1008 729//1009 674//946
f 675//949 674//946 729//1009
f 731//951 733//541 793//1035
f 244//376 224//354 246//996
f 399//1519 388//575 373//752
f 1286//430 1279//429 1273//998
f 677//955 676//948 732//994
f 55//1003 56//372 158//371
f 158//371 156//1374 55//1003
f 156//1374 152//1001 55//1003
f 679//1006 678//954 801//1004
f 735//953 801//1004 678//954
f 39//1018 73//773 292//1444
f 137//108 138//1060 28//109
f 680//1535 679//1006 740//576
f 740//576 679//1006 804//1542
f 69//65 271//64 119//735
f 741//578 742//722 681//1536
f 682//721 681//1536 742//722
f 526//118 420//1544 419//1012
f 215//320 214//433 259//426
f 170//194 169//189 105//105
f 169//189 100//15 105//105
f 407//598 406//600 379//126
f 783//278 784//277 720//988
f 1288//428 1302//961 1298//1268
f 748//191 809//848 808//1041
f 296//315 295//295 450//1469
f 462//1014 450//1469 295//295
f 369//543 37//368 38//813
f 1042//1015 1100//1363 1102//499
f 1185//858 1500//1323 1365//856
f 1500//1323 1463//1322 1365//856
f 784//277 785//308 721//944
f 945//492 948//494 881//1545
f 1362//1546 1361//1458 1355//325
f 1355//325 1360//1327 1362//1546
f 308//1308 307//1372 309//1371
f 542//789 546//1074 557//207
f 210//768 542//789 557//207
f 381//304 298//303 297//560
f 39//1018 292//1444 304//309
f 248//398 247//1362 231//167
f 163//1114 196//267 194//266
f 1480//1320 1448//1296 1309//62
f 952//493 945//492 993//1281
f 945//492 955//613 993//1281
f 1357//1451 1167//1530 1175//1547
f 1167//1530 1164//1531 1175//1547
f 1029//903 1117//902 1119//587
f 824//405 766//929 693//406
f 1537//297 1538//1351 1540//298
f 1458//1305 1345//1274 1148//1306
f 1375//1291 1369//1289 1377//261
f 768//987 827//985 704//984
f 328//310 305//811 327//1324
f 1370//1258 1366//1226 1362//1546
f 1364//1339 1370//1258 1362//1546
f 706//933 775//258 707//743
f 1305//960 1453//442 1451//1269
f 828//1023 798//1036 799//529
f 1316//540 1005//539 1029//903
f 734//1000 732//994 798//1036
f 692//407 764//1021 765//1022
f 378//599 403//1464 401//616
f 850//1429 816//558 848//504
f 798//1036 828//1023 734//1000
f 1370//1258 1364//1339 1374//1383
f 828//1023 829//796 735//953
f 341//517 336//457 338//518
f 336//457 334//456 335//1034
f 334//456 331//1392 311//296
f 311//296 335//1034 334//456
f 335//1034 338//518 336//457
f 829//796 801//1004 735//953
f 732//994 730//950 797//841
f 661//409 664//500 943//459
f 1107//1447 1105//497 1109//519
f 896//1199 895//346 889//822
f 21//674 20//673 111//1370
f 1406//1418 1244//1275 1405//1222
f 1244//1275 1404//1223 1405//1222
f 1405//1222 1409//1528 1406//1418
f 286//1438 269//361 284//761
f 6//1382 7//900 132//767
f 132//767 126//766 6//1382
f 1319//1037 1321//423 1324//1038
f 1472//1335 1416//1443 1415//1398
f 1415//1398 1471//1333 1472//1335
f 568//777 549//803 565//1428
f 111//1370 113//1387 177//1376
f 1473//1042 1259//1409 1514//1043
f 1241//726 1407//1463 1404//1223
f 1242//1252 1241//726 1404//1223
f 853//595 852//399 854//596
f 1467//1045 1389//732 1222//1046
f 299//206 300//484 624//153
f 641//326 376//99 402//327
f 230//432 229//369 228//370
f 817//967 818//273 756//965
f 387//367 367//896 365//1053
f 333//458 332//583 334//456
f 1332//1040 1330//1441 1487//1340
f 31//66 151//67 32//124
f 1043//498 1302//961 1042//1015
f 290//502 318//288 343//26
f 740//576 804//1542 807//795
f 1523//491 1533//345 1529//1056
f 516//662 695//1057 515//1059
f 168//1430 94//301 197//188
f 775//258 706//933 773//623
f 1116//826 1327//1237 1118//1135
f 1345//1274 1341//1233 1145//1140
f 1111//868 1123//1189 1115//708
f 921//1101 903//872 883//1094
f 883//1094 882//1522 921//1101
f 582//421 583//202 255//419
f 806//151 807//795 804//1542
f 1331//1548 1337//1273 1132//1136
f 567//809 553//337 569//336
f 458//820 567//809 564//821
f 898//332 880//1016 1531//507
f 172//56 171//55 103//107
f 556//828 551//810 584//1364
f 409//607 382//1450 365//1053
f 365//1053 366//1524 409//607
f 1073//1539 1191//703 1183//1219
f 1144//292 1129//294 1347//1188
f 1183//1219 1173//1309 1347//1188
f 797//841 798//1036 732//994
f 795//842 797//841 730//950
f 963//1369 986//525 989//95
f 471//678 470//637 13//716
f 85//104 466//664 465//663
f 790//606 792//605 727//1008
f 726//945 724//973 788//808
f 1358//571 1175//1547 1359//323
f 1359//323 1361//1458 1358//571
f 777//1028 778//983 711//982
f 788//808 790//606 727//1008
f 724//973 721//944 786//959
f 421//534 420//1544 526//118
f 1545//49 1036//462 1548//50
f 527//758 423//1549 454//839
f 454//839 486//1062 527//758
f 990//96 989//95 965//392
f 119//735 70//734 121//142
f 857//474 700//603 826//473
f 780//790 782//792 717//976
f 91//178 13//716 86//84
f 656//163 357//162 651//782
f 971//1122 952//493 993//1281
f 993//1281 954//1093 971//1122
f 778//983 780//790 716//975
f 1480//1320 1443//1347 1442//1277
f 447//413 159//764 160//1366
f 495//592 497//635 496//1404
f 39//1018 60//1120 73//773
f 60//1120 74//617 73//773
f 1288//428 1286//430 1042//1015
f 858//793 832//577 831//794
f 370//1095 369//543 354//311
f 833//870 834//1078 743//723
f 120//817 72//762 254//360
f 72//762 284//761 254//360
f 344//287 347//522 343//26
f 347//522 321//27 343//26
f 1412//1526 1419//1411 1256//1520
f 1419//1411 1410//1316 1256//1520
f 1410//1316 1408//1211 1256//1520
f 1256//1520 1259//1409 1412//1526
f 745//847 683//833 1072//1013
f 754//115 755//966 688//1067
f 114//1550 48//221 178//282
f 685//887 751//1017 752//922
f 685//887 752//922 686//923
f 205//1453 204//374 246//996
f 412//1058 411//1119 463//1317
f 411//1119 461//1118 463//1317
f 782//792 783//278 718//938
f 1188//545 1193//699 1196//546
f 1453//442 1305//960 1043//498
f 1485//1071 1108//1331 1103//1072
f 936//490 1534//1049 935//1048
f 172//56 103//107 173//82
f 417//952 728//218 416//751
f 1477//1163 1519//1285 1431//1164
f 415//1205 416//751 728//218
f 725//1456 415//1205 728//218
f 577//113 606//112 454//839
f 850//1429 849//506 865//1446
f 414//247 415//1205 725//1456
f 725//1456 698//248 414//247
f 719//942 698//248 725//1456
f 388//575 368//366 393//917
f 88//175 90//179 87//174
s 0
f 41//1551 5//1551 45//1551
s 1
f 1158//991 1350//1244 1155//1200
f 1158//991 1155//1200 1150//851
f 722//276 719//942 725//1456
f 970//431 951//843 968//845
f 723//958 722//276 725//1456
f 852//399 865//1446 866//1019
f 714//936 712//364 696//937
f 218//1125 207//200 216//1413
f 340//412 344//287 318//288
f 318//288 315//556 340//412
f 696//937 712//364 413//1298
f 708//978 413//1298 712//364
f 1334//1286 1137//1144 1335//1337
f 981//1031 958//284 978//1146
f 781//1030 779//791 719//942
f 908//609 931//1445 907//87
f 80//956 74//617 84//43
f 74//617 78//44 84//43
f 717//976 716//975 780//790
f 932//860 909//611 933//1104
f 933//1104 926//168 932//860
f 517//1076 466//664 467//636
f 585//70 456//1427 455//838
f 413//1298 708//978 695//1057
f 1546//1070 995//1079 1453//442
f 997//1521 1453//442 996//1080
f 464//281 465//663 516//662
f 462//1014 464//281 515//1059
f 412//1058 695//1057 708//978
f 705//1126 412//1058 708//978
f 1483//1330 1100//1363 1097//1082
f 1100//1363 1042//1015 1097//1082
f 412//1058 705//1126 411//1119
f 411//1119 705//1126 770//1025
f 260//1207 256//420 255//419
f 417//952 523//657 418//542
f 418//542 523//657 524//964
f 940//89 650//797 615//921
f 257//427 276//1431 258//318
f 277//416 258//318 276//1431
f 1267//648 1273//998 1279//429
f 1279//429 1268//1090 1267//648
f 1339//1301 1337//1273 1342//1232
f 856//1020 875//1086 867//453
f 1293//331 1478//330 1285//774
f 1478//330 1520//745 1285//774
f 946//614 947//242 954//1093
f 662//912 647//125 648//127
f 209//342 208//335 237//353
f 653//781 661//409 657//757
f 183//231 181//1449 135//893
f 134//229 183//231 135//893
f 756//965 757//275 689//574
f 907//87 928//1407 892//1552
f 892//1552 893//88 907//87
f 405//1410 403//1464 378//599
f 1097//1082 1041//1081 1094//712
f 603//869 598//692 613//691
f 798//1036 797//841 699//530
f 718//938 717//976 782//792
f 977//1378 978//1146 974//1379
f 912//621 878//989 894//344
f 1394//1380 1384//185 1229//1299
f 465//663 445//81 85//104
f 1233//891 1398//890 1396//1243
f 1227//1293 1233//891 1396//1243
f 199//147 159//764 34//148
f 1164//1531 1152//1206 1157//970
f 271//64 215//320 266//322
f 706//933 827//985 773//623
f 273//916 274//1439 71//763
f 712//364 714//936 715//365
f 262//1432 273//916 272//733
f 272//733 267//319 262//1432
f 180//1102 132//767 136//103
f 340//412 322//411 344//287
f 187//128 145//71 146//199
f 910//172 929//478 934//1336
f 852//399 851//400 865//1446
f 1456//1454 1484//548 1488//886
f 113//1387 176//214 177//1376
f 351//244 350//471 441//1397
f 513//1106 441//1397 350//471
f 350//471 440//470 439//1105
f 347//522 616//485 321//27
f 23//8 22//1400 115//836
f 405//1410 378//599 407//598
f 600//863 612//1442 610//968
f 610//968 602//770 600//863
f 425//655 529//654 426//627
f 915//160 923//1108 916//381
f 903//872 920//333 922//873
f 920//333 916//381 922//873
f 98//77 16//76 15//667
f 98//77 15//667 168//1430
f 297//560 316//481 314//479
f 904//169 926//168 923//1108
f 902//159 904//169 923//1108
f 29//897 30//52 502//717
f 468//638 518//696 517//1076
f 518//696 696//937 517//1076
f 1397//1109 1395//1047 1223//1110
f 925//835 919//659 906//661
f 527//758 424//759 423//1549
f 1313//538 1522//827 1454//1553
f 1522//827 1312//1217 1454//1553
f 570//209 558//551 557//207
f 1394//1380 1392//1192 1203//183
f 851//400 816//558 850//1429
f 8//1414 61//463 60//1120
f 38//813 161//812 164//1113
f 98//77 168//1430 200//190
f 583//202 582//421 603//869
f 374//254 375//256 399//1519
f 375//256 392//1156 399//1519
f 535//252 433//251 432//1115
f 182//230 134//229 180//1102
f 74//617 60//1120 78//44
f 590//874 595//831 541//769
f 230//432 247//1362 229//369
f 966//210 944//501 650//797
f 475//1466 520//736 473//1297
f 349//1353 325//181 326//46
f 760//1055 762//451 690//573
f 1350//1244 1170//133 1166//135
f 968//845 974//1379 957//286
f 1523//491 936//490 956//1123
f 129//625 27//652 26//136
f 975//227 969//289 971//1122
f 971//1122 972//228 975//227
f 931//1445 928//1407 907//87
f 1283//1127 1291//1377 1445//1128
f 279//509 285//418 281//1153
f 285//418 253//417 582//421
f 582//421 281//1153 285//418
f 1184//704 1188//545 1179//1213
f 1188//545 1172//544 1179//1213
f 979//1132 972//228 959//1121
f 562//772 563//771 565//1428
f 1538//1351 881//349 1539//1352
f 572//454 555//338 571//814
f 518//696 697//695 696//937
f 11//23 464//281 448//1131
f 464//281 294//280 448//1131
f 266//322 264//321 267//319
f 267//319 272//733 266//322
f 637//894 632//263 636//475
f 636//475 640//164 638//904
f 637//894 636//475 638//904
f 891//1098 892//1552 906//661
f 892//1552 928//1407 906//661
f 906//661 901//660 891//1098
f 989//95 986//525 960//226
f 986//525 977//1378 960//226
f 977//1378 976//1130 960//226
f 982//524 987//523 985//1100
f 988//1137 984//1133 962//1134
f 250//139 122//141 121//142
f 381//304 408//489 364//488
f 348//527 345//410 346//521
f 1000//1554 1001//1555 1310//130
f 999//779 1000//1554 1310//130
f 1310//130 1449//132 999//779
f 898//332 1531//507 916//381
f 246//996 204//374 244//376
f 1141//1139 1147//1160 1145//1140
f 747//1103 809//848 748//191
f 333//458 340//412 310//582
f 722//276 781//1030 719//942
f 969//289 975//227 976//1130
f 976//1130 968//845 969//289
f 490//1422 491//671 488//1147
f 1311//1394 1314//1421 1313//538
f 854//596 856//1020 855//597
f 1289//1150 1282//1440 1274//1151
f 1528//514 1529//1056 1533//345
f 391//581 390//580 392//1156
f 1272//1203 1433//1534 1274//1151
f 1107//1447 1112//520 1037//1556
f 1038//1541 1107//1447 1037//1556
f 1036//1424 1037//1556 1112//520
f 390//580 409//607 366//1524
f 33//149 32//124 155//123
f 1273//998 1267//648 1269//1201
f 1101//1154 1106//1073 1103//1072
f 1101//1154 1098//687 1099//1181
f 1099//1181 1104//1157 1101//1154
f 527//758 489//1063 528//656
f 489//1063 492//633 528//656
f 612//1442 593//1527 588//800
f 593//1527 607//837 588//800
f 607//837 606//112 588//800
f 390//580 367//896 388//575
f 21//674 111//1370 177//1376
f 1516//1341 1519//1285 1477//1163
f 1114//1455 1030//825 1031//1557
f 1032//1558 1033//1559 1114//1455
f 1114//1455 1031//1557 1032//1558
f 1113//707 1106//1073 1104//1157
f 1160//1158 1162//1248 1156//1159
f 1266//647 1260//1437 1261//445
f 757//275 758//572 689//574
f 1121//1190 1124//1170 1120//709
f 1121//1190 1120//709 1115//708
f 75//25 77//619 81//155
f 1192//1177 1199//314 1198//729
f 1293//331 1285//774 1290//1185
f 1138//683 1130//685 1124//1170
f 1130//685 1125//1162 1120//709
f 1125//1162 1113//707 1120//709
f 13//716 91//178 92//300
f 1237//1166 1224//710 1217//711
f 85//104 83//85 86//84
f 82//1373 165//618 80//956
f 165//618 74//617 80//956
f 529//654 493//632 494//634
f 1257//553 1249//694 1245//1178
f 139//37 138//1060 140//235
f 1248//1174 1247//649 1235//1175
f 1173//1309 1176//676 1165//1173
f 1270//1461 1265//651 1262//1412
f 91//178 86//84 166//86
f 1401//741 1392//1192 1394//1380
f 1196//546 1193//699 1392//1192
f 1429//775 1518//744 1425//1230
f 1270//1461 1277//1129 1439//1489
f 1258//650 1262//1412 1265//651
f 1123//1189 1129//294 1122//1171
f 1129//294 1128//293 1122//1171
f 1157//970 1138//683 1134//719
f 1138//683 1124//1170 1134//719
f 545//391 544//390 550//859
f 909//611 931//1445 908//609
f 1212//312 1221//42 1210//41
f 1263//693 1257//553 1264//552
f 1317//1155 1099//1181 1095//686
f 1223//1110 1215//1195 1225//1182
f 1147//1160 1155//1200 1160//1158
f 487//666 484//117 22//1400
f 1280//1184 1276//1523 1268//1090
f 1202//1270 1209//1360 1207//1247
f 1310//130 1311//1394 1307//1186
f 406//600 377//255 289//555
f 1180//569 1185//858 1178//1169
f 1250//1209 1243//925 1252//1417
f 1144//292 1347//1188 1143//1168
f 593//1527 612//1442 599//853
f 1501//1350 1497//1202 1169//1172
f 1497//1202 1168//19 1169//1172
f 1115//708 1123//1189 1121//1190
f 1224//710 1232//468 1221//42
f 1372//1191 1203//183 1392//1192
f 1250//1209 1256//1520 1408//1211
f 1249//694 1239//1167 1245//1178
f 229//369 223//1416 221//362
f 1344//1193 1494//1212 1172//544
f 1215//1195 1219//1180 1220//1179
f 1254//1408 1259//1409 1250//1209
f 1260//1437 1264//552 1255//443
f 1495//969 1153//17 1168//19
f 1275//997 1274//1151 1282//1440
f 1183//1219 1191//703 1187//706
f 1308//60 1306//1198 1303//61
f 1274//1151 1275//997 1272//1203
f 1275//997 1273//998 1269//1201
f 47//203 114//1550 178//282
f 178//282 112//224 47//203
f 1295//720 1297//402 1290//1185
f 1299//404 1294//1204 1290//1185
f 1171//134 1162//1248 1160//1158
f 792//605 794//1116 729//1009
f 283//343 263//1435 260//1207
f 1308//60 1315//1029 1455//1148
f 1097//1082 1103//1072 1483//1330
f 1103//1072 1108//1331 1483//1330
f 1442//1277 1441//1208 1479//329
f 1225//1182 1398//890 1236//926
f 286//1438 71//763 274//1439
f 1152//1206 1146//684 1138//683
f 351//244 362//243 380//557
f 1163//1194 1352//1448 1346//1245
f 1346//1245 1006//586 1338//588
f 1344//1193 1163//1194 1149//1300
f 1163//1194 1142//1246 1149//1300
f 172//56 173//82 102//57
f 931//1445 909//611 932//860
f 1001//1555 1002//1395 1310//130
f 95//180 90//179 96//13
f 1446//1242 1292//1214 1447//441
f 640//164 619//908 639//905
f 1315//1029 1308//60 1312//1217
f 1182//857 1178//1169 1185//858
f 1068//1560 1069//1561 1183//1219
f 1069//1561 859//1562 1183//1219
f 859//1562 681//1563 1183//1219
f 681//1563 1070//1564 1183//1219
f 1070//1564 1071//1565 1073//1539
f 1071//1565 1072//1566 1073//1539
f 1073//1539 1074//1567 1199//314
f 1074//1567 1075//1568 1199//314
f 1075//1568 1076//1569 1199//314
f 1076//1569 1077//1570 1199//314
f 1077//1570 1078//1571 1081//1538
f 1078//1571 1079//1572 1081//1538
f 1079//1572 1080//1573 1081//1538
f 1082//1574 1083//1575 687//1533
f 1083//1575 1084//1576 687//1533
f 1084//1576 1085//1577 1088//898
f 1085//1577 1086//1578 1088//898
f 1086//1578 1087//1579 1088//898
f 1089//1580 1090//1581 1421//899
f 1090//1581 1091//1582 1421//899
f 1091//1582 1092//1583 1433//1534
f 1421//899 1091//1582 1433//1534
f 1092//1583 1093//928 1433//1534
f 1093//928 994//927 1040//1152
f 1433//1534 1093//928 1040//1152
f 1084//1576 1088//898 687//1533
f 1077//1570 1081//1538 1199//314
f 1183//1219 1070//1564 1073//1539
f 1067//1220 1068//1560 1183//1219
f 1065//1584 1066//1585 1347//1188
f 1066//1585 1067//1220 1347//1188
f 1063//1586 1064//1587 1347//1188
f 1064//1587 1065//1584 1347//1188
f 1061//1588 1062//1589 1129//294
f 1062//1589 1063//1586 1347//1188
f 1060//1590 675//1591 1129//294
f 675//1591 1061//1588 1129//294
f 1058//1592 1059//1593 1129//294
f 1059//1593 1060//1590 1129//294
f 1056//1594 1057//1595 1123//1189
f 1057//1595 1058//1592 1123//1189
f 1054//1596 1055//1597 1123//1189
f 1055//1597 1056//1594 1123//1189
f 1052//1598 1053//1599 1111//868
f 1053//1599 1054//1596 1111//868
f 1050//1600 1051//1601 1111//868
f 1051//1601 1052//1598 1111//868
f 1048//1602 1049//1603 1099//1181
f 1049//1603 1050//1600 1099//1181
f 668//1604 1047//1605 1099//1181
f 1047//1605 1048//1602 1099//1181
f 1045//1606 1046//1607 1317//1155
f 1046//1607 668//1604 1317//1155
f 994//927 666//930 1040//1152
f 666//930 1045//1606 1317//1155
f 1317//1155 1040//1152 666//930
f 1099//1181 1317//1155 668//1604
f 1062//1589 1347//1188 1129//294
f 1111//868 1099//1181 1050//1600
f 1123//1189 1111//868 1054//1596
f 1129//294 1123//1189 1058//1592
f 531//593 495//592 532//631
f 495//592 496//1404 532//631
f 1295//720 1292//1214 1446//1242
f 614//913 664//500 663//918
f 1404//1223 1407//1463 1411//1221
f 1426//1225 1416//1443 1475//1224
f 701//601 770//1025 694//602
f 1366//1226 1368//1228 1361//1458
f 1361//1458 1362//1546 1366//1226
f 1517//1342 1422//1231 1425//1230
f 1422//1231 1414//1284 1417//1229
f 1326//1039 1333//701 1325//422
f 1333//701 1334//1286 1325//422
f 1342//1232 1336//1272 1491//92
f 1369//1289 1365//856 1463//1322
f 1420//1265 1424//1165 1418//1264
f 1384//185 1379//184 1383//262
f 1137//1144 1340//700 1136//1141
f 894//344 897//620 912//621
f 1346//1245 1338//588 1131//1304
f 1131//1304 1142//1246 1346//1245
f 1243//925 1402//889 1252//1417
f 1151//1292 1146//684 1154//992
f 882//1522 900//334 921//1101
f 987//523 963//1369 892//1552
f 892//1552 939//1032 985//1100
f 987//523 892//1552 985//1100
f 1278//788 1276//1523 1280//1184
f 1436//1262 1438//1532 1440//1260
f 30//52 29//897 143//72
f 1161//993 1152//1206 1164//1531
f 1145//1140 1148//1306 1345//1274
f 692//407 691//823 764//1021
f 1154//992 1146//684 1161//993
f 1180//569 1178//1169 1351//570
f 1205//464 1201//910 1208//1241
f 367//896 366//1524 365//1053
f 1351//570 1178//1169 1170//133
f 1296//1215 1284//1250 1298//1268
f 1454//1553 1307//1186 1311//1394
f 1318//561 1105//497 1102//499
f 1162//1248 1171//134 1460//1251
f 523//657 480//658 481//714
f 481//714 525//713 524//964
f 1411//1221 1407//1463 1471//1333
f 93//187 92//300 91//178
f 1109//519 1105//497 1318//561
f 1378//882 1376//1263 1371//1257
f 1164//1531 1353//1349 1175//1547
f 1405//1222 1414//1284 1413//1457
f 1324//1038 1321//423 1325//422
f 1177//724 1182//857 1356//1254
f 1427//1259 1423//1283 1426//1225
f 1426//1225 1434//776 1427//1259
f 928//1407 925//835 906//661
f 1318//561 1321//423 1319//1037
f 159//764 447//413 34//148
f 1461//324 1359//323 1175//1547
f 1175//1547 1353//1349 1461//324
f 361//472 380//557 408//489
f 1411//1221 1415//1398 1417//1229
f 1377//261 1369//1289 1505//1344
f 1418//1264 1412//1526 1473//1042
f 1383//262 1387//1266 1384//185
f 1425//1230 1427//1259 1429//775
f 1383//262 1377//261 1382//1608
f 1417//1229 1414//1284 1411//1221
f 1383//262 1385//731 1387//1266
f 1375//1291 1367//1290 1369//1289
f 1436//1262 1441//1208 1438//1532
f 1127//1239 1133//702 1333//701
f 1432//1261 1428//1311 1431//1164
f 1424//1165 1431//1164 1428//1311
f 1381//881 1386//883 1211//1196
f 1234//1276 1228//1294 1230//30
f 1228//1294 1218//31 1230//30
f 1207//1247 1201//910 1202//1270
f 1274//1151 1433//1534 1040//1152
f 1390//1433 1215//1195 1211//1196
f 1344//1193 1342//1232 1343//1234
f 1366//1226 1370//1258 1371//1257
f 1373//1227 1366//1226 1371//1257
f 1234//1276 1230//30 1242//1252
f 1155//1200 1147//1160 1141//1139
f 1127//1239 1126//1161 1135//1278
f 1222//1046 1219//1180 1395//1047
f 1235//1175 1401//741 1394//1380
f 395//622 394//98 389//1218
f 1207//1247 1214//1518 1208//1241
f 1219//1180 1223//1110 1395//1047
f 1480//1320 1294//1204 1299//404
f 1444//1279 1285//774 1434//776
f 1139//850 1127//1239 1135//1278
f 1130//685 1151//1292 1135//1278
f 1454//1553 1450//1295 1307//1186
f 1223//1110 1231//1183 1399//1111
f 1214//1518 1207//1247 1218//31
f 1218//31 1228//1294 1214//1518
f 1393//1314 1225//1182 1215//1195
f 1231//1183 1238//1216 1399//1111
f 1410//1316 1403//1256 1408//1211
f 979//1132 984//1133 972//228
f 1466//1315 1213//1240 1216//1517
f 1213//1240 1208//1241 1216//1517
f 1042//1015 1286//430 1275//997
f 1289//1150 1042//1015 1275//997
f 1243//925 1398//890 1402//889
f 1290//1185 1444//1279 1295//720
f 1536//299 1540//298 951//843
f 1139//850 1141//1139 1133//702
f 1175//1547 1358//571 1357//1451
f 1238//1216 1246//1210 1403//1256
f 113//1387 111//1370 109//38
f 1406//1418 1254//1408 1252//1417
f 1246//1210 1408//1211 1403//1256
f 1427//1259 1425//1230 1417//1229
f 986//525 963//1369 987//523
f 1324//1038 1325//422 1334//1286
f 1330//1441 1332//1040 1326//1039
f 1359//323 1355//325 1361//1458
f 1405//1222 1413//1457 1409//1528
f 992//566 893//88 963//1369
f 893//88 892//1552 963//1369
f 21//674 175//1388 22//1400
f 1367//1290 1503//1460 1365//856
f 1422//1231 1413//1457 1414//1284
f 1323//438 1324//1038 1329//1287
f 1132//1136 1328//1238 1331//1548
f 1355//325 1461//324 1462//1325
f 1462//1325 1360//1327 1355//325
f 1125//1162 1485//1071 1113//707
f 1361//1458 1368//1228 1363//1459
f 1337//1273 1331//1548 1336//1272
f 1386//883 1380//465 1213//1240
f 1214//1518 1228//1294 1216//1517
f 1228//1294 1227//1293 1216//1517
f 1487//1340 1126//1161 1332//1040
f 1126//1161 1127//1239 1332//1040
f 1441//1208 1442//1277 1438//1532
f 1426//1225 1423//1283 1416//1443
f 1284//1250 1288//428 1298//1268
f 1340//700 1137//1144 1334//1286
f 1340//700 1334//1286 1333//701
f 1445//1128 1439//1489 1277//1129
f 1377//261 1379//184 1375//1291
f 1151//1292 1130//685 1146//684
f 1150//851 1151//1292 1158//991
f 1234//1276 1233//891 1228//1294
f 1215//1195 1390//1433 1393//1314
f 1350//1244 1158//991 1351//570
f 1167//1530 1351//570 1158//991
f 823//879 825//383 765//1022
f 1280//1184 1284//1250 1287//1253
f 1284//1250 1292//1214 1287//1253
f 1351//570 1170//133 1350//1244
f 1349//1249 1148//1306 1156//1159
f 54//1002 152//1001 153//198
f 152//1001 146//199 153//198
f 1299//404 1300//403 1448//1296
f 1270//1461 1262//1412 1271//1310
f 1225//1182 1393//1314 1396//1243
f 1300//403 1304//1187 1448//1296
f 1354//1307 1171//134 1174//725
f 1519//1285 1521//746 1437//1271
f 827//985 769//1024 771//1026
f 1304//1187 1307//1186 1450//1295
f 467//636 466//664 85//104
f 469//679 472//669 474//668
f 474//668 473//1297 469//679
f 639//905 619//908 887//1011
f 1362//1546 1360//1327 1364//1339
f 1373//1227 1507//1403 1368//1228
f 702//931 994//927 694//602
f 1328//1238 1327//1237 1456//1454
f 231//167 232//914 66//165
f 1327//1237 1114//1455 1456//1454
f 1335//1337 1489//91 1329//1287
f 1283//1127 1440//1260 1291//1377
f 1331//1548 1328//1238 1457//90
f 1457//90 1336//1272 1331//1548
f 1387//1266 1388//730 1229//1299
f 1328//1238 1456//1454 1457//90
f 1491//92 1341//1233 1342//1232
f 1150//851 1155//1200 1348//852
f 1142//1246 1131//1304 1339//1301
f 1460//1251 1354//1307 1496//1328
f 1402//889 1233//891 1244//1275
f 1233//891 1234//1276 1244//1275
f 1444//1279 1281//786 1292//1214
f 1281//786 1287//1253 1292//1214
f 1292//1214 1295//720 1444//1279
f 1448//1296 1450//1295 1481//1319
f 1167//1530 1357//1451 1351//570
f 772//977 771//1026 705//1126
f 1400//1313 1469//1255 1468//1332
f 1354//1307 1356//1254 1498//1609
f 1174//725 1356//1254 1354//1307
f 1514//1043 1409//1528 1413//1457
f 313//554 296//315 314//479
f 314//479 317//483 313//554
f 1363//1459 1500//1323 1358//571
f 942//394 941//393 655//909
f 1420//1265 1473//1042 1515//1044
f 1379//184 1372//1191 1375//1291
f 1131//1304 1117//902 1132//1136
f 1463//1322 1505//1344 1369//1289
f 1382//1608 1508//1346 1509//864
f 1183//1219 1187//706 1181//677
f 1505//1344 1508//1346 1377//261
f 1504//1345 1363//1459 1368//1228
f 1372//1191 1194//698 1367//1290
f 1428//1311 1432//1261 1277//1129
f 1432//1261 1283//1127 1277//1129
f 1508//1346 1382//1608 1377//261
f 392//1156 375//256 391//581
f 1277//1129 1270//1461 1271//1310
f 1382//1608 1385//731 1383//262
f 37//368 387//367 35//816
f 1428//1311 1271//1310 1424//1165
f 1438//1532 1443//1347 1291//1377
f 1339//1301 1342//1232 1149//1300
f 1342//1232 1344//1193 1149//1300
f 577//113 423//1549 453//271
f 453//271 423//1549 422//272
f 577//113 454//839 423//1549
f 1139//850 1348//852 1141//1139
f 270//446 262//1432 282//1436
f 262//1432 281//1153 282//1436
f 1400//1313 1397//1109 1399//1111
f 161//812 160//1366 159//764
f 339//516 346//521 341//517
f 1216//1517 1227//1293 1466//1315
f 1227//1293 1396//1243 1466//1315
f 1318//561 1322//424 1321//423
f 1469//1255 1410//1316 1513//1343
f 1259//1409 1473//1042 1412//1526
f 1341//1233 1491//92 1492//1143
f 1385//731 1391//1312 1389//732
f 463//1317 462//1014 515//1059
f 220//351 236//306 239//1318
f 1486//439 1323//438 1329//1287
f 1440//1260 1438//1532 1291//1377
f 1441//1208 1437//1271 1478//330
f 1387//1266 1229//1299 1384//185
f 1194//698 1372//1191 1193//699
f 1437//1271 1436//1262 1519//1285
f 1422//1231 1515//1044 1413//1457
f 721//944 720//988 784//277
f 1385//731 1382//1608 1509//864
f 1345//1274 1458//1305 1344//1193
f 1480//1320 1442//1277 1294//1204
f 1349//1249 1460//1251 1459//1329
f 1450//1295 1454//1553 1312//1217
f 1296//1215 1451//1269 1447//441
f 950//844 949//291 967//290
f 1468//1332 1248//1174 1400//1313
f 1458//1305 1349//1249 1494//1212
f 1313//538 1454//1553 1311//1394
f 602//770 610//968 598//692
f 1114//1455 1033//1559 1543//549
f 1543//549 1484//548 1114//1455
f 97//12 100//15 167//186
f 95//180 97//12 167//186
f 1416//1443 1476//1610 1475//1224
f 1507//1403 1510//865 1509//864
f 370//1095 393//917 368//366
f 1471//1333 1407//1463 1470//1334
f 1502//1321 1505//1344 1463//1322
f 1504//1345 1507//1403 1508//1346
f 1430//787 1281//786 1434//776
f 266//322 272//733 271//64
f 1276//1523 1475//1224 1476//1610
f 1510//865 1507//1403 1376//1263
f 330//756 329//755 328//310
f 1112//520 1488//886 1484//548
f 1462//1325 1461//324 1353//1349
f 1459//1329 1496//1328 1179//1213
f 1364//1339 1360//1327 1499//1326
f 1481//1319 1309//62 1448//1296
f 834//1078 836//979 835//435
f 1419//1411 1513//1343 1410//1316
f 1263//693 1276//1523 1476//1610
f 1465//466 1374//1383 1464//1338
f 1248//1174 1240//1176 1397//1109
f 1486//439 1489//91 1457//90
f 1490//1467 1489//91 1335//1337
f 1492//1143 1490//1467 1335//1337
f 1515//1044 1516//1341 1420//1265
f 1516//1341 1474//1267 1420//1265
f 1500//1323 1180//569 1358//571
f 1488//886 1112//520 1320//437
f 1489//91 1486//439 1329//1287
f 1507//1403 1509//864 1508//1346
f 1504//1345 1502//1321 1363//1459
f 1516//1341 1515//1044 1422//1231
f 1488//886 1457//90 1456//1454
f 200//190 168//1430 197//188
f 1457//90 1491//92 1336//1272
f 897//620 895//346 896//1199
f 1459//1329 1494//1212 1349//1249
f 1248//1174 1397//1109 1400//1313
f 1326//1039 1322//424 1330//1441
f 1194//698 1189//705 1503//1460
f 1503//1460 1189//705 1498//1609
f 1374//1383 1364//1339 1464//1338
f 1503//1460 1498//1609 1356//1254
f 1262//1412 1258//650 1513//1343
f 1514//1043 1254//1408 1409//1528
f 1518//744 1517//1342 1425//1230
f 531//593 426//627 530//591
f 956//1123 958//284 937//1124
f 1482//562 1322//424 1318//561
f 1516//1341 1477//1163 1474//1267
f 1506//911 1201//910 1465//466
f 1465//466 1464//1338 1506//911
f 243//375 222//352 244//376
f 222//352 224//354 244//376
f 1502//1321 1500//1323 1363//1459
f 1521//746 1478//330 1437//1271
f 268//350 263//1435 283//343
f 456//1427 585//70 578//69
f 1478//330 1521//746 1520//745
f 1492//1143 1493//1145 1341//1233
f 771//1026 770//1025 705//1126
f 1309//62 1303//61 1443//1347
f 1496//1328 1354//1307 1184//704
f 1354//1307 1498//1609 1189//705
f 526//118 484//117 485//665
f 1467//1045 1395//1047 1240//1176
f 1240//1176 1395//1047 1397//1109
f 466//664 517//1076 516//662
f 517//1076 413//1298 516//662
f 1482//562 1102//499 1100//1363
f 1483//1330 1322//424 1482//562
f 1108//1331 1485//1071 1330//1441
f 1322//424 1108//1331 1330//1441
f 1391//1312 1511//866 1220//1179
f 1353//1349 1164//1531 1157//970
f 1495//969 1497//1202 1353//1349
f 1353//1349 1497//1202 1462//1325
f 1499//1326 1462//1325 1497//1202
f 1276//1523 1263//693 1268//1090
f 1222//1046 1391//1312 1220//1179
f 1226//29 1512//467 1470//1334
f 1241//726 1226//29 1470//1334
f 1512//467 1253//1468 1472//1335
f 1416//1443 1472//1335 1253//1468
f 1476//1610 1416//1443 1263//693
f 1253//1468 1263//693 1416//1443
f 1381//881 1211//1196 1220//1179
f 34//148 508//643 33//149
f 341//517 345//410 340//412
f 513//1106 438//1529 437//495
f 437//495 512//250 513//1106
f 935//1048 1535//1050 951//843
f 532//631 427//626 531//593
f 17//3 479//640 476//737
f 662//912 646//1149 647//125
f 1105//497 1107//1447 1044//1069
f 349//1353 301//515 346//521
f 339//516 325//181 346//521
f 25//137 24//10 121//142
f 121//142 24//10 119//735
f 24//10 206//7 68//63
f 24//10 68//63 69//65
f 119//735 24//10 69//65
f 1554//1476 1555//1475 1007//1474
f 1007//1474 1008//1478 1556//1479
f 1556//1479 1557//1482 1009//1358
f 1009//1358 1558//1484 1011//1491
f 1558//1484 1559//1487 1011//1491
f 1559//1487 1010//1488 1011//1491
f 1011//1491 1560//1493 1561//1494
f 1561//1494 1562//1497 1563//1498
f 1563//1498 1012//1500 1014//1507
f 1012//1500 1564//1503 1014//1507
f 1564//1503 1013//1504 1014//1507
f 1014//1507 1015//1509 1016//1510
f 1016//1510 1017//1513 1565//1514
f 1565//1514 1566//1516 1018//740
f 1018//740 1019//739 1567//1515
f 1567//1515 1568//1512 1569//1511
f 1569//1511 1020//1508 1567//1515
f 1020//1508 1021//1506 1567//1515
f 1021//1506 1570//1505 1022//1502
f 1022//1502 1571//1501 1572//1499
f 1572//1499 1023//1495 1573//1496
f 1573//1496 1574//1492 1572//1499
f 1574//1492 1575//1356 1572//1499
f 1575//1356 1024//1490 1025//1486
f 1025//1486 1576//1485 1577//1483
f 1577//1483 1026//1481 1578//1480
f 1578//1480 1027//1477 1577//1483
f 1027//1477 1579//1357 1577//1483
f 1579//1357 1580//1470 1581//1472
f 1581//1472 1028//1473 1579//1357
f 1028//1473 1553//1471 1579//1357
f 1553//1471 1554//1476 1007//1474
f 1007//1474 1556//1479 1009//1358
f 1011//1491 1561//1494 1563//1498
f 1014//1507 1016//1510 1563//1498
f 1016//1510 1565//1514 1563//1498
f 1565//1514 1018//740 1021//1506
f 1018//740 1567//1515 1021//1506
f 1021//1506 1022//1502 1572//1499
f 1575//1356 1025//1486 1579//1357
f 1025//1486 1577//1483 1579//1357
f 1553//1471 1007//1474 1579//1357
f 1007//1474 1009//1358 1579//1357
f 1009//1358 1011//1491 1563//1498
f 1021//1506 1572//1499 1575//1356
f 1009//1358 1563//1498 1565//1514
f 1565//1514 1021//1506 1009//1358
f 1021//1506 1575//1356 1009//1358
f 1040//1152 1317//1155 1094//712
f 440//470 461//1118 439//1105
f 461//1118 410//1117 439//1105
s 0
f 5//1611 149//1611 51//1611
f 5//1612 58//1612 149//1612
s 1
f 1316//540 1029//903 1006//586
s 0
f 5//1613 41//1613 58//1613
f 45//1614 5//1614 114//1614
s 1
f 47//203 2//205 114//1550
f 46//106 45//14 2//205
s 0
f 114//1615 2//1616 45//1617
f 114//1618 5//1618 3//1618
s 1
f 114//1550 3//220 48//221
f 4//941 3//220 5//1381
f 50//101 49//440 51//102
f 7//900 6//1382 49//440
f 6//1382 5//1381 49//440
s 0
f 51//1619 49//1620 5//1621
s 1
f 52//232 51//102 144//233
f 144//233 149//197 53//1390
s 0
f 149//1622 144//1623 51//1624
s 1
f 153//198 149//197 54//1002
f 55//1003 54//1002 56//372
f 57//373 56//372 58//830
f 54//1002 58//830 56//372
s 0
f 58//1625 54//1626 149//1627
s 1
f 162//1384 58//830 59//1393
f 8//1414 59//1393 61//463
f 84//43 40//45 41//59
f 40//45 61//463 41//59
f 59//1393 58//830 61//463
s 0
f 41//1628 61//1629 58//1630
s 1
f 1//957 41//59 42//11
f 97//12 42//11 43//79
f 44//16 43//79 45//14
f 43//79 42//11 45//14
s 0
f 45//1631 42//1632 41//1633
s 1
f 1044//1069 1453//442 1043//498
f 646//1149 645//341 405//1410
f 887//1634 619//1635 888//1636
f 419//1012 699//530 418//542
f 699//530 419//1012 736//531
f 419//1012 420//1544 736//531
f 800//1027 736//531 737//1007
f 736//531 420//1544 737//1007
f 421//534 737//1007 420//1544
f 737//1007 421//534 739//21
f 858//793 805//401 859//1537
f 805//401 739//21 859//1537
f 421//534 859//1537 739//21
f 422//272 859//1537 421//534
f 423//1549 859//1537 422//272
f 859//1537 861//1077 860//1065
f 859//1537 423//1549 861//1077
f 862//980 861//1077 423//1549
f 423//1549 424//759 862//980
f 862//980 424//759 872//981
f 424//759 425//655 872//981
f 872//981 425//655 863//1068
f 873//875 863//1068 425//655
f 425//655 426//627 873//875
f 873//875 426//627 874//876
f 874//876 426//627 842//924
f 426//627 427//626 842//924
f 842//924 427//626 844//537
f 427//626 428//1112 844//537
f 844//537 428//1112 847//505
f 428//1112 429//1419 847//505
f 847//505 429//1419 849//506
f 429//1419 430//1302 849//506
f 431//1303 849//506 430//1302
f 849//506 431//1303 865//1446
f 431//1303 432//1115 865//1446
f 865//1446 432//1115 866//1019
f 432//1115 433//251 866//1019
f 866//1019 433//251 856//1020
f 433//251 434//871 856//1020
f 856//1020 434//871 875//1086
f 434//871 435//145 875//1086
f 875//1086 869//1075 868//1087
f 869//1075 875//1086 876//1088
f 875//1086 435//145 876//1088
f 436//496 876//1088 435//145
f 437//495 876//1088 436//496
f 876//1088 437//495 877//1089
f 437//495 438//1529 877//1089
f 877//1089 438//1529 701//601
f 438//1529 410//1117 701//601
f 411//1119 770//1025 410//1117
f 701//601 410//1117 770//1025
f 546//1074 542//789 613//691
f 353//415 352//245 443//878
o Lid
v 0.037269 -0.001104 14.998486
v 1.075783 0.000151 14.951067
v 1.717675 0.000114 14.773069
v 1.752858 0.000344 14.306953
v 0.899982 -0.000021 13.282088
v 0.980785 0.195091 12.750000
v 0.831470 0.555571 12.750000
v 0.707105 0.707111 12.750000
v 0.555570 0.831471 12.750000
v 0.193235 0.976926 12.745175
v 0.000000 0.997701 12.747320
v -0.980785 0.195091 12.750000
v -0.980785 -0.195089 12.750000
v -0.923880 -0.382679 12.750000
v -0.831470 -0.555569 12.750000
v -0.382685 -0.923879 12.750000
v -0.193730 -0.976999 12.745370
v 0.000000 -0.997694 12.747320
v 0.194365 -0.977144 12.745686
v 0.379750 -0.921249 12.745871
v 0.831470 -0.555569 12.750000
v 0.980785 -0.195089 12.750000
v 1.836665 0.000016 14.542350
v 0.869145 0.000211 12.881060
v 0.121610 0.867561 13.236956
v -0.291130 0.915766 13.390565
v -0.083290 0.831091 13.078140
v 0.217680 0.816046 12.954201
v -0.470115 0.699446 13.078730
v -0.070135 0.867896 12.900820
v -0.465050 0.729091 12.905169
v -0.009130 -0.923299 13.300580
v 0.268340 -1.026049 13.519350
v -0.083090 -0.830854 13.075715
v 0.416225 -0.746169 13.170441
v 0.070135 -0.867894 12.900820
v 0.249920 -0.798819 13.065530
v 0.083195 0.596431 14.992205
v -0.076370 1.433476 14.885970
v 0.222735 1.682151 14.789455
v -0.609320 0.458961 14.983595
v -0.501300 1.668206 14.749825
v -0.754565 1.442566 14.820230
v 0.233620 1.795701 14.673639
v -0.192910 1.805471 14.656330
v -0.677330 1.705631 14.605165
v -0.525150 1.764951 14.500065
v 0.158920 1.833201 14.522575
v 0.274330 1.726116 14.293920
v -0.235755 1.728306 14.293726
v 0.821275 0.269051 13.196549
v 0.660500 0.555136 13.217840
v 0.527150 0.871246 13.463345
v 0.805445 0.235486 12.983315
v 0.847490 0.276416 12.862474
v -1.266930 1.034641 14.148335
v -1.405275 1.123331 14.396786
v 0.415525 0.733761 13.131861
v 0.391760 -1.382349 14.888044
v -0.296915 -1.640689 14.799510
v 0.553845 0.694476 12.883425
v 0.254380 -1.670219 14.786420
v -0.214095 -1.801994 14.664855
v 0.393150 -1.741079 14.710885
v -0.745020 0.408186 13.177130
v -0.759270 0.626066 13.414845
v 0.684425 -1.699874 14.615295
v 0.109750 -1.837754 14.551974
v 0.370315 -1.758259 14.392960
v 0.633230 -1.715639 14.484720
v -0.717845 0.486961 12.890360
v 1.622115 -0.517589 14.785610
v -0.826020 0.217466 12.916000
v -0.832815 -0.104354 13.118815
v -0.870745 -0.151294 12.874310
v -0.865330 -0.450654 13.394304
v 1.423075 -1.087184 14.366175
v 1.627505 -0.861494 14.591680
v -0.722350 -0.473499 13.190109
v -0.465790 -0.757604 13.257746
v 1.698330 -0.542514 14.343895
v -0.356135 -0.803174 12.885409
v 0.870995 -0.396449 13.378429
v 0.654180 -0.786329 13.469185
v 0.699390 -0.475464 13.116060
v 0.463070 -0.729164 12.909499
v 0.724060 -0.478329 12.889395
v 0.846355 -0.196669 12.891835
v 1.491250 0.763756 14.795695
v 1.628930 0.386561 14.802655
v 0.959215 0.806401 14.931005
v 1.773255 0.412901 14.650919
v 1.525095 0.963971 14.683980
v 1.780805 0.427426 14.485291
v 1.593740 0.902736 14.481950
v 1.129960 1.310186 14.759240
v 0.666980 1.338836 14.872175
v 1.480520 1.085816 14.547859
v 1.245725 1.330331 14.647715
v 0.729315 1.656581 14.673844
v 1.300590 1.252171 14.405604
v 0.767170 1.668161 14.540661
v 1.591465 0.572241 14.221849
v 1.359980 0.908396 14.149719
v 0.981100 1.530851 14.440084
v 0.931940 1.421046 14.236015
v -1.354330 0.949851 14.811435
v 0.996985 1.046701 13.942350
v -1.017360 1.481781 14.686985
v -1.490050 1.007731 14.701660
v -1.421865 1.172931 14.580425
v -1.428895 0.392121 14.875040
v -1.032715 1.515151 14.486965
v -1.633480 -0.125794 14.822855
v -1.668200 0.776256 14.558605
v -1.096760 -0.338984 14.945374
v -0.779675 1.490901 14.199280
v -1.738945 0.382351 14.708509
v -1.829915 -0.019204 14.614161
v -1.806900 0.360511 14.551955
v -1.653170 0.556091 14.283039
v -1.169745 -0.836844 14.890785
v -1.772955 -0.387909 14.664784
v -1.819740 -0.069574 14.445395
v 0.646630 0.542621 13.008790
v -1.495885 -0.959104 14.722666
v -0.601255 -1.260459 14.904840
v -1.588560 -0.917199 14.594296
v -1.154455 -1.220369 14.788585
v -1.730485 -0.585839 14.466029
v -1.711450 -0.140819 14.257345
v -0.946100 -1.532229 14.702625
v -1.511730 -1.013704 14.455549
v -0.762190 -1.673469 14.602045
v -1.616090 -0.597729 14.264509
v -1.337225 -1.265144 14.548730
v -1.349705 -1.111929 14.294140
v -0.532185 0.761276 13.359880
v -0.978990 -1.541029 14.460855
v 0.359185 -0.307549 14.995985
v 1.233115 -0.775954 14.884525
v 1.049300 -1.280974 14.813661
v 1.012900 -1.492109 14.674061
v 1.435075 -1.077559 14.698574
v -0.849800 0.096026 13.171844
v -0.478090 -1.607329 14.203830
v 1.347495 -1.247964 14.603395
v 1.025010 -1.521414 14.489370
v -0.856940 -0.970829 13.775295
v 1.770490 -0.382664 14.661600
v 1.096490 -1.309284 14.242335
v -0.393635 -0.975964 13.512011
v 0.705490 -1.499384 14.180970
v -0.661205 -0.541384 12.931736
v 1.798560 -0.357674 14.493340
v -0.786935 -0.278479 13.012859
v -0.408195 -0.732509 13.042045
v 0.826740 -0.163104 13.153800
v -0.872115 1.040706 14.907101
v 0.564290 1.673401 14.331904
v 0.907885 0.538916 13.503785
v 0.152585 0.984476 13.428310
v -0.983110 0.179566 13.432425
v -0.466990 -1.769604 14.479480
v -0.862280 -1.501244 14.280781
v -0.057530 -1.750019 14.297235
v -0.061410 -1.098204 13.564945
v 0.923880 0.382686 12.750000
v 0.382685 0.923881 12.750000
v -0.195090 0.980786 12.750000
v -0.384015 0.917136 12.740365
v -0.555570 0.831471 12.750000
v -0.707105 0.707111 12.750000
v -0.831470 0.555571 12.750000
v -0.923880 0.382686 12.750000
v -1.000000 0.000001 12.750000
v -0.704485 -0.698454 12.736615
v -0.555570 -0.831469 12.750000
v 0.555570 -0.831469 12.750000
v 0.707105 -0.707104 12.750000
v 0.923880 -0.382679 12.750000
v 1.000000 0.000001 12.750000
v 1.529355 -0.000224 12.487810
v 6.326485 0.000016 11.502110
v 6.434525 0.957936 11.250401
v 6.186125 2.039516 11.250385
v 5.706455 3.132141 11.250154
v 5.174035 3.946991 11.251125
v 4.083185 5.070236 11.250190
v 3.222390 5.656011 11.251440
v 1.666675 6.290636 11.251089
v -0.709955 6.470696 11.250154
v -1.661920 6.290486 11.250959
v -3.119790 5.713476 11.250160
v -3.946990 5.174036 11.251125
v -5.070235 4.083186 11.250190
v -5.626560 3.269736 11.251125
v -6.460670 0.798646 11.251295
v -6.453240 -0.843484 11.250916
v -6.186125 -2.039514 11.250385
v -5.706455 -3.132134 11.250154
v -5.175660 -3.942674 11.250959
v -4.084665 -5.068759 11.250160
v -3.269735 -5.626559 11.251125
v -1.832075 -6.246854 11.250190
v -0.871850 -6.447639 11.250960
v 0.695860 -6.472449 11.250161
v 1.666525 -6.290629 11.251125
v 3.119790 -5.713469 11.250160
v 3.946990 -5.174029 11.251125
v 5.070235 -4.083184 11.250190
v 5.650990 -3.227804 11.251230
v 6.282650 -1.700429 11.251265
v 6.462070 -0.761989 11.249995
v 1.242505 -0.000044 12.612810
v 1.829440 -0.000064 12.420700
v 5.220195 0.000001 11.820320
v 1.067750 0.795771 12.567105
v 1.225505 0.456786 12.580060
v 0.621485 1.044711 12.626150
v 5.648965 1.075821 11.706895
v 0.004735 1.244961 12.611015
v 6.360425 1.234456 11.361919
v -0.004780 1.986426 12.369165
v 5.988980 2.398801 11.397856
v 4.652645 3.570101 11.672159
v 5.483410 2.754601 11.594105
v 5.729030 3.034486 11.347790
v 5.397550 3.368551 11.467795
v -0.624105 1.670791 12.420150
v -0.646085 1.267226 12.538710
v 2.245510 5.395886 11.691629
v 4.198010 4.931336 11.356115
v 3.755360 5.098401 11.492615
v -1.412475 1.223776 12.401715
v -0.938095 0.787061 12.618695
v 2.786095 5.756096 11.446445
v 0.233755 5.943231 11.650354
v 2.073005 6.144011 11.339530
v -1.246235 0.405841 12.579950
v -1.417950 0.736471 12.478070
v -0.888310 5.631886 11.723570
v 0.008925 6.473576 11.360709
v -1.210465 -0.310459 12.612644
v -2.714580 4.890961 11.744580
v -2.160640 6.109901 11.341945
v -1.558430 -0.142994 12.484945
v -2.842665 5.817921 11.361865
v -3.248605 5.438186 11.490696
v -4.143370 4.533871 11.589255
v -4.429900 3.399181 11.744350
v -4.288525 4.832581 11.386940
v -5.516205 2.081961 11.676206
v -4.977655 4.154401 11.348249
v -1.115365 -1.579059 12.387541
v -5.717770 3.059316 11.350719
v -5.943750 0.337861 11.655845
v -6.091530 1.862746 11.477956
v -6.229735 1.918411 11.250625
v -5.249515 -1.827074 11.762045
v -6.439515 0.421796 11.397026
v -6.469165 -0.440889 11.339475
v -0.257390 -1.198104 12.622365
v 0.497090 -1.194419 12.592660
v -0.145345 -1.547454 12.488350
v -6.044140 -2.305194 11.365075
v -5.734660 -3.015679 11.353901
v -5.323545 -3.338544 11.529221
v 0.494305 -1.550489 12.468596
v -4.072925 -4.558284 11.608685
v -4.769825 -4.262449 11.444115
v -4.144505 -4.989524 11.342405
v -3.776630 -5.097174 11.483775
v -2.738875 -5.742804 11.475895
v 1.039315 -1.256564 12.465745
v 0.987895 -0.830069 12.587385
v -2.021285 -6.137629 11.384291
v -1.302625 -6.095854 11.545850
v 1.291555 -0.419599 12.558135
v -0.439075 -6.470409 11.336316
v 2.074615 -5.413789 11.705256
v 0.462525 -6.459329 11.359756
v 0.953980 -6.270339 11.484580
v 1.445700 -6.314314 11.350740
v 2.344345 -6.031904 11.366055
v 3.950875 -4.542089 11.633060
v 2.992465 -5.753944 11.337065
v 3.259775 -5.442674 11.483125
v 4.779805 -3.193759 11.703935
v 4.023085 -5.101339 11.334471
v 4.981200 -4.150384 11.347565
v 5.143355 -3.681914 11.498651
v 5.680810 -2.241759 11.604580
v 5.674895 -3.072949 11.396285
v 6.211415 -1.738924 11.396541
v 6.264155 -0.991609 11.485260
v 1.195115 1.561141 12.377410
v 6.230065 1.274346 11.476516
v 0.619355 1.498466 12.474905
v 1.897800 2.689316 12.129760
v 4.666165 4.329006 11.473305
v 5.030760 4.100056 11.338085
v 1.798935 6.037976 11.515189
v 1.136510 6.340831 11.412939
v -0.710265 6.267166 11.510361
v -1.205000 6.357076 11.376009
v -2.108125 5.941201 11.508101
v -2.780040 0.953721 12.189711
v -3.597765 5.387201 11.361475
v -5.259330 3.542826 11.492229
v -1.604020 -0.785019 12.419090
v -6.342795 1.253091 11.379890
v -6.218205 -0.351034 11.548310
v -0.839030 -1.042669 12.567240
v -6.316280 -1.315279 11.398340
v -0.672010 -2.315219 12.278780
v -5.911680 -2.198724 11.511140
v -5.036245 -4.093489 11.335745
v 1.154540 -2.535634 12.212285
v -3.079675 -5.713194 11.336695
v 0.321945 -5.903684 11.665100
v 1.808400 -1.021264 12.347050
v -1.374425 -6.317794 11.375061
v -0.403915 -6.271679 11.520590
v 2.037785 -6.000464 11.485775
v 4.285940 -4.738999 11.452030
v 6.421041 -0.809549 11.359855
v 3.272485 4.391606 11.776655
v -1.732870 -5.324729 11.756300
v 2.096575 0.000058 11.928919
v 4.654322 -0.000039 11.530998
v 5.218140 -0.000079 11.301926
v 6.500000 0.000001 11.250000
v 6.479960 0.509986 11.250000
v 6.320405 1.517396 11.250000
v 6.005215 2.487446 11.250000
v 5.542160 3.396241 11.250000
v 4.942640 4.221416 11.250000
v 4.221410 4.942641 11.250000
v 3.396240 5.542161 11.250000
v 2.487440 6.005216 11.250000
v 1.517395 6.320406 11.249999
v 0.509985 6.479966 11.249999
v -0.509985 6.479966 11.249999
v -1.517395 6.320406 11.249999
v -2.487440 6.005216 11.250000
v -3.396240 5.542161 11.250000
v -4.221410 4.942641 11.250000
v -4.942640 4.221416 11.250000
v -5.542160 3.396241 11.250000
v -6.005215 2.487446 11.250000
v -6.320405 1.517396 11.250000
v -6.479630 0.511811 11.261840
v -6.479960 -0.509984 11.250000
v -6.320405 -1.517394 11.250000
v -6.005215 -2.487439 11.250000
v -4.942640 -4.221409 11.250000
v -4.221410 -4.942639 11.250000
v -3.396240 -5.542159 11.250000
v -2.487440 -6.005214 11.250000
v -1.517395 -6.320404 11.250001
v -0.509985 -6.479959 11.250001
v 0.509985 -6.479959 11.250001
v 1.517395 -6.320404 11.250001
v 2.487440 -6.005214 11.250000
v 3.396240 -5.542159 11.250000
v 4.221410 -4.942639 11.250000
v 4.942640 -4.221409 11.250000
v 5.542160 -3.396239 11.250000
v 6.005215 -2.487439 11.250000
v 6.320405 -1.517394 11.250000
v 6.479960 -0.509984 11.250000
v 0.761560 0.000281 12.406225
v 1.084300 0.000481 12.234720
v 5.712025 0.000056 10.850161
v 5.945295 0.000091 11.219259
v 0.346880 -5.622264 10.875455
v 0.939745 -5.550674 10.885905
v 1.851945 -4.967034 11.239415
v 2.265430 -3.819899 11.576136
v 1.446600 -1.568024 11.905519
v 2.154635 -5.143739 10.942330
v 0.090905 -5.746829 10.877550
v -0.709570 -5.868729 11.181625
v 0.538075 -5.788864 10.978300
v 3.286440 -4.203614 11.206095
v 0.916645 0.000141 12.314700
v 0.266215 -5.918899 11.194466
v 3.345680 -3.150369 11.546240
v -0.903115 -5.923804 11.230650
v 1.700970 -5.449354 10.858155
v 0.974810 -5.811204 11.152225
v 1.764490 -5.547034 10.995726
v 4.286670 -3.578739 10.935900
v 3.277360 -4.543339 10.915956
v 3.000525 -4.857709 10.856810
v 4.250835 -3.026129 11.303890
v 2.381035 -5.262774 10.909355
v 3.283600 -4.764824 10.927845
v 2.626605 -5.318850 11.216660
v 4.957135 -2.633034 10.906285
v 4.709455 -1.286884 11.469875
v 0.786920 -5.921544 11.228109
v 2.023550 -5.591159 11.220350
v 3.914115 -4.123644 10.865610
v 4.912390 -1.942239 11.244921
v 4.505745 -2.235799 11.407465
v 3.306445 -4.907979 11.186975
v 3.898235 -4.246284 10.895740
v 4.399440 -3.709614 10.876660
v 5.255765 -1.113859 11.159696
v 5.319570 -2.173819 10.872069
v 4.786260 -3.116849 10.859860
v 4.177470 -4.181204 11.186160
v 5.000210 -2.900679 10.915509
v 3.663285 -4.729709 11.232110
v 5.243000 -2.744954 11.188185
v 5.458660 -1.546129 10.857395
v 5.621775 -0.676639 10.865430
v 5.594955 -1.485879 10.929625
v 4.587075 -3.756799 11.214419
v 5.772380 -1.238164 11.156845
v 5.868475 -1.109889 11.228121
v 1.035325 0.325816 12.233820
v 0.716360 0.449366 12.350015
v -0.590530 2.167441 11.889465
v -1.081660 5.837401 11.218015
v -1.060235 -0.264639 12.231770
v -2.160740 5.552136 11.223635
v -4.042855 4.361206 11.220740
v -2.068650 -1.389384 11.844885
v -4.256885 -1.989264 11.524130
v -5.339390 2.580091 11.215825
v -5.880320 1.054851 11.229115
v 5.476080 -2.317614 11.218920
v 1.162760 0.820236 12.114600
v 0.647170 0.984546 12.198145
v 0.167410 1.141491 12.201370
v 5.598125 1.205921 10.862610
v 5.157635 2.412786 10.860995
v 4.861340 3.090921 10.881340
v 5.384795 2.115436 10.916881
v 5.715385 1.342756 11.084346
v 5.858830 1.173136 11.227221
v 0.854485 -0.581499 14.129495
v 4.114750 4.045956 10.901720
v 5.158165 2.904571 11.197881
v 5.445900 2.383126 11.221121
v 3.612185 4.436581 10.857880
v 4.668405 3.531706 11.064369
v 4.700035 3.659156 11.220890
v 3.116425 4.800891 10.860105
v 1.732665 5.387366 10.876695
v 1.639285 5.519611 10.879025
v 2.457915 5.214781 10.894705
v 3.134225 5.003726 11.168535
v 3.701435 4.532606 11.062875
v 3.837465 4.552906 11.226460
v 2.038865 5.564281 11.210285
v 2.776185 5.258026 11.226550
v -1.170985 -0.861934 12.103129
v -0.213270 -1.083814 12.234679
v -5.578780 -1.154334 10.860405
v -5.477820 -1.834974 10.902966
v -5.190550 -2.377674 10.861364
v -5.155545 -2.601024 10.904575
v -5.828430 -1.010894 11.190241
v -5.789850 -1.300359 11.207510
v -5.127715 -2.964344 11.199836
v -5.465185 -2.346059 11.214134
v -3.985095 -4.177724 10.904079
v -5.541170 -3.397479 11.263090
v -3.314460 -4.718649 10.893194
v -2.577315 -5.019239 10.879655
v -1.646380 -5.393229 10.882865
v -4.662120 -3.696694 11.216040
v -2.252935 -5.297235 10.875601
v -3.188030 -4.974154 11.176175
v -3.803535 -4.569429 11.226564
v -2.458870 -5.309759 11.057425
v -1.790740 -5.650554 11.205045
v -2.752070 -5.273659 11.227489
v 2.179945 1.098756 11.857315
v 5.115755 0.775351 11.339340
v 1.538895 1.171976 11.964005
v 4.233895 2.038436 11.525320
v 5.116475 1.330106 11.244144
v 5.344035 1.690851 10.913351
v 5.591865 0.738821 10.878454
v 4.639605 2.376096 11.307955
v 4.021210 3.274576 11.328695
v 0.646830 1.860471 11.957516
v 5.741645 0.551206 10.899335
v 2.958565 3.721331 11.506995
v 3.172530 4.115211 11.320656
v 4.430940 3.550251 10.862640
v 1.506275 4.406411 11.540265
v 2.174330 4.686226 11.338630
v -0.247395 1.064711 12.227555
v 3.751080 4.139266 10.926975
v 1.246680 5.101306 11.276031
v 0.139270 5.011176 11.416220
v -1.131880 4.694216 11.494905
v -1.303940 1.032746 12.037325
v 0.726905 5.690316 10.867995
v -1.740010 1.820046 11.844130
v 0.642070 5.604911 10.874044
v -0.168215 5.653181 10.872709
v -2.549735 4.437561 11.367650
v -1.747035 5.038211 11.199810
v -0.119520 5.752521 10.883574
v -2.587350 4.610181 11.243176
v -1.045080 5.480706 10.934654
v -0.838020 0.606291 12.260770
v -2.480020 3.867461 11.551775
v -1.622815 5.452711 10.863620
v 1.160315 5.837061 11.223985
v -3.830830 3.185326 11.437930
v -3.515985 3.988266 11.215025
v -2.295645 5.085311 10.934649
v -1.589980 5.576161 10.945990
v 0.375325 5.903616 11.189125
v -2.840085 4.925626 10.865391
v -2.170575 5.331316 10.876616
v -0.289870 5.949091 11.223465
v -4.236010 2.926371 11.343740
v -4.208185 3.287856 11.197415
v -3.266235 4.533266 10.928600
v -1.392480 0.142426 12.119426
v -4.289280 1.535461 11.560194
v -1.985020 -0.042879 11.953255
v -3.130920 4.828821 10.878675
v -2.011220 5.550236 11.163875
v -3.862665 4.231616 10.858575
v -4.864930 1.791166 11.326744
v -2.629220 -0.075244 11.830396
v -4.490785 3.413386 10.882879
v -4.805855 0.969231 11.456665
v -5.187940 0.646571 11.293340
v -4.826840 3.153821 10.891805
v -3.076980 5.073126 11.218695
v -5.028265 2.537621 10.886250
v -4.764845 -0.479479 11.503205
v -3.596180 4.697331 11.193834
v -5.053310 -0.729314 11.371250
v -5.494545 1.660856 10.866495
v -5.147595 2.571576 10.877210
v -1.533370 -1.331384 11.938695
v -5.483175 1.275661 10.893340
v -4.617445 3.736886 11.217735
v -5.119825 -1.323264 11.241535
v -5.750840 0.490381 10.899180
v -5.051205 3.099191 11.197881
v -5.598975 -0.269499 10.916195
v -5.698430 0.246331 10.861166
v -4.654105 -2.315019 11.316370
v -5.739790 1.262001 11.110485
v -5.743970 -0.500624 10.892125
v -5.626535 1.833046 11.196844
v -4.070915 -3.161819 11.346660
v -0.567035 -1.462614 12.060135
v -5.073425 -2.352249 10.925879
v -5.937845 0.062901 11.210080
v -0.880455 -2.327989 11.843670
v -2.883430 -3.737684 11.517920
v -3.066850 -4.070434 11.371225
v -3.302390 -4.122414 11.250490
v -4.473000 -3.514284 10.859056
v 0.181710 -1.963599 11.952774
v -2.025785 -4.634884 11.391396
v 0.317175 -1.145374 12.189415
v -1.326635 -4.463279 11.538740
v -3.563615 -4.431679 10.859355
v -4.864155 -3.214144 11.012191
v 0.359410 -0.729239 12.370410
v -2.140060 -4.831089 11.246546
v 0.042460 -4.874084 11.476755
v -0.803735 -5.191604 11.278234
v 0.797035 -0.759569 12.226790
v 0.825205 -5.008184 11.384120
v -0.909675 -5.632094 10.861255
v 0.462300 -5.292889 11.218235
v 1.548335 -4.619804 11.472745
v 2.893280 -4.110019 11.415390
v 1.883205 -1.131599 11.898270
v 1.023515 -5.650294 10.872910
v 5.739945 -0.569069 10.897075
v 1.203770 2.354386 11.825754
v 2.908720 4.775511 10.924644
v 0.188865 5.302446 11.226605
v -0.699750 5.246476 11.242966
v 0.729710 5.773441 10.986995
v -0.730625 5.710636 10.876585
v -4.816005 2.330961 11.178350
v -4.303200 3.872601 10.930915
v -5.289825 -0.304084 11.229586
v -0.468620 -5.592274 10.902840
vn 0.4707 -0.8319 -0.2939
vn -0.0395 -0.8870 -0.4601
vn 0.3135 -0.9488 -0.0398
vn 0.5487 0.6559 0.5185
vn 0.4582 0.5816 0.6722
vn 0.2152 0.5773 0.7877
vn -0.5716 0.8098 -0.1318
vn -0.2497 0.7962 -0.5511
vn -0.0873 0.9921 -0.0905
vn -0.7106 0.0309 0.7030
vn -0.7015 -0.0485 0.7110
vn -0.8893 0.2539 0.3804
vn -0.3594 -0.6395 0.6796
vn -0.0667 -0.6940 0.7169
vn -0.3126 -0.7850 0.5349
vn 0.0773 0.7346 0.6741
vn 0.3353 -0.6140 0.7145
vn 0.4837 -0.5540 0.6776
vn 0.4932 -0.7534 0.4350
vn -0.1808 -0.9800 -0.0837
vn -0.7075 -0.0951 0.7003
vn -0.8427 -0.1661 0.5122
vn 0.0642 -0.8973 0.4368
vn -0.1876 0.4550 0.8705
vn -0.4087 0.6119 0.6772
vn -0.4736 0.7377 0.4811
vn -0.6531 0.5122 -0.5577
vn -0.8577 0.4557 -0.2381
vn -0.8037 0.1247 -0.5818
vn -0.1153 -0.5114 0.8516
vn -0.1443 -0.8976 0.4165
vn 0.0914 -0.5370 0.8386
vn -0.0334 -0.8678 -0.4957
vn 0.0628 -0.9971 0.0424
vn -0.2563 -0.9514 -0.1710
vn 0.1746 -0.8954 -0.4097
vn 0.3580 -0.9055 -0.2280
vn -0.2673 0.9532 -0.1412
vn -0.0946 0.8578 -0.5052
vn -0.4031 0.7143 -0.5721
vn 0.7629 0.3024 0.5714
vn 0.9490 0.3117 0.0483
vn 0.9082 -0.1878 0.3741
vn -0.7002 -0.6248 0.3454
vn -0.6240 -0.4275 0.6541
vn -0.4002 -0.3030 0.8649
vn -0.0273 0.2689 0.9628
vn 0.0769 0.5255 0.8473
vn -0.1744 0.6256 0.7604
vn -0.2277 0.4149 0.8809
vn 0.6745 0.6501 -0.3499
vn 0.4425 0.6694 -0.5968
vn 0.5207 0.8197 -0.2387
vn 0.2142 -0.7706 0.6003
vn -0.9859 -0.0973 -0.1359
vn -0.7814 -0.5488 -0.2971
vn -0.7397 -0.3686 -0.5630
vn 0.1803 0.8829 0.4336
vn 0.1073 0.9893 -0.0986
vn -0.1139 0.9061 0.4075
vn -0.4103 0.8780 0.2464
vn 0.8790 0.1913 0.4368
vn 0.5277 0.1308 0.8393
vn 0.5999 0.1534 0.7852
vn 0.6554 0.1967 0.7292
vn 0.5947 0.3233 0.7360
vn -0.5429 0.4382 0.7164
vn -0.2462 -0.7614 -0.5997
vn 0.7406 -0.5192 -0.4266
vn 0.7630 -0.3373 -0.5514
vn 0.8330 -0.2784 -0.4781
vn 0.8973 0.2378 0.3719
vn 0.5404 -0.0385 0.8405
vn 0.9829 0.0276 0.1822
vn 0.9505 0.2160 -0.2233
vn 0.8848 0.4277 -0.1847
vn 0.7308 0.4559 0.5080
vn -0.3088 -0.4022 -0.8619
vn -0.4203 -0.3016 -0.8558
vn -0.4920 -0.4706 -0.7324
vn -0.2408 -0.1665 0.9562
vn -0.6475 -0.3942 0.6522
vn -0.3892 -0.4207 0.8195
vn 0.4222 0.6887 -0.5894
vn 0.7293 0.6025 -0.3242
vn 0.4822 0.8566 -0.1838
vn 0.3361 0.7562 0.5614
vn 0.8988 -0.4161 0.1382
vn 0.6917 -0.7074 0.1454
vn 0.5700 -0.2075 0.7950
vn 0.2575 -0.1554 0.9537
vn 0.3061 -0.4149 0.8568
vn -0.5937 0.7752 -0.2158
vn -0.5220 0.6566 0.5445
vn -0.9258 0.3730 0.0618
vn -0.7298 0.6705 0.1334
vn -0.7010 0.5814 -0.4131
vn -0.8209 0.2440 -0.5163
vn 0.9335 0.2824 -0.2208
vn 0.9532 0.1767 -0.2452
vn -0.9695 0.2450 0.0088
vn -0.9564 -0.0059 -0.2920
vn -0.9549 -0.0311 0.2953
vn 0.2734 0.8442 -0.4611
vn 0.1042 0.7832 -0.6129
vn 0.1119 0.8425 -0.5269
vn -0.2677 -0.7599 -0.5924
vn -0.4713 -0.7743 -0.4223
vn -0.4891 0.2745 -0.8279
vn -0.1797 0.3176 -0.9311
vn 0.2964 -0.2195 -0.9295
vn 0.8146 0.5765 0.0640
vn 0.6858 -0.0678 -0.7246
vn -0.0670 0.0402 -0.9969
vn -0.2045 0.0047 -0.9789
vn 0.6694 0.3963 -0.6284
vn 0.6314 0.7113 0.3089
vn 0.3939 0.4724 0.7885
vn -0.0451 0.0119 0.9989
vn 0.0104 -0.0535 0.9985
vn 0.1580 0.0686 0.9851
vn -0.7079 0.5571 0.4342
vn -0.1685 0.0160 -0.9856
vn -0.0368 -0.0393 -0.9985
vn -0.6527 -0.0841 -0.7529
vn 0.5734 -0.7972 -0.1891
vn 0.4915 -0.7005 0.5175
vn 0.3374 -0.9017 0.2704
vn -0.1641 0.0265 -0.9861
vn -0.1036 -0.2835 -0.9534
vn -0.2655 -0.1793 -0.9473
vn 0.6558 -0.4735 0.5880
vn 0.1691 0.2046 -0.9641
vn 0.2736 0.3756 -0.8855
vn 0.3953 0.3237 -0.8596
vn 0.8720 -0.1887 0.4517
vn -0.9237 -0.3824 0.0231
vn 0.9679 -0.2051 -0.1451
vn 0.7894 0.0266 0.6133
vn 0.8464 -0.1206 0.5188
vn 0.8840 -0.2026 0.4212
vn 0.8212 -0.5489 -0.1562
vn 0.7527 -0.5161 0.4089
vn -0.6136 0.1987 0.7642
vn -0.2782 0.1068 0.9546
vn -0.4598 0.3239 0.8268
vn 0.2281 -0.0373 0.9729
vn 0.4124 -0.0921 0.9063
vn 0.3611 -0.0890 0.9283
vn 0.9581 -0.2088 -0.1959
vn 0.0768 -0.2579 0.9631
vn -0.4278 -0.7118 0.5571
vn -0.5795 -0.2166 -0.7857
vn -0.0766 -0.0006 -0.9971
vn 0.3747 0.0470 -0.9260
vn -0.3711 0.2788 0.8857
vn -0.6505 0.4883 0.5818
vn -0.7791 0.1583 0.6065
vn -0.9376 0.1387 -0.3189
vn -0.9200 -0.3353 -0.2030
vn -0.8120 -0.0502 -0.5815
vn -0.7613 -0.2970 -0.5764
vn -0.5933 0.4759 -0.6492
vn -0.5381 -0.8180 -0.2033
vn -0.4240 -0.7086 -0.5640
vn 0.4298 0.9009 -0.0611
vn -0.3694 -0.9013 0.2263
vn 0.9644 -0.1151 0.2382
vn 0.3199 -0.7291 -0.6051
vn 0.5357 -0.6165 -0.5771
vn 0.2021 -0.7851 -0.5854
vn -0.6348 -0.5548 -0.5379
vn -0.8116 -0.5170 -0.2721
vn -0.4584 -0.8877 0.0432
vn 0.6621 -0.4027 0.6320
vn 0.7530 -0.2093 0.6238
vn 0.3555 -0.2836 0.8906
vn -0.1475 0.6081 0.7800
vn 0.0067 0.4111 0.9116
vn -0.3297 0.2766 0.9027
vn 0.2478 0.0572 0.9671
vn 0.2104 -0.0044 0.9776
vn -0.2762 0.6024 0.7489
vn 0.7012 0.6106 0.3682
vn 0.5674 0.6508 0.5045
vn 0.4297 0.4283 0.7950
vn -0.2098 -0.5640 0.7987
vn -0.2445 -0.3008 0.9218
vn 0.1166 -0.6445 0.7556
vn -0.0940 -0.4171 0.9040
vn 0.2809 -0.8954 0.3455
vn 0.3700 -0.8359 0.4054
vn 0.1893 -0.8346 0.5173
vn 0.0202 0.3235 0.9460
vn 0.1070 0.2567 0.9606
vn 0.1603 0.4998 0.8512
vn -0.1214 -0.5549 -0.8230
vn -0.0109 -0.4035 -0.9149
vn -0.0314 -0.6268 -0.7785
vn -0.7788 0.3922 0.4896
vn -0.8303 0.2466 0.4998
vn -0.7809 -0.1403 0.6087
vn -0.8567 -0.3048 0.4160
vn -0.7825 -0.3737 0.4980
vn 0.5711 0.4439 0.6905
vn 0.5736 0.3062 0.7597
vn 0.3587 0.2302 0.9046
vn -0.9216 0.0924 0.3770
vn -0.7927 0.0100 0.6096
vn -0.8023 0.1675 0.5729
vn 0.8399 0.3054 0.4486
vn 0.7108 0.3348 0.6186
vn -0.6927 -0.6019 0.3973
vn -0.5762 -0.6565 0.4869
vn -0.4632 -0.4733 0.7493
vn -0.1180 0.9040 0.4110
vn -0.1804 0.8311 0.5260
vn 0.0180 0.8296 0.5581
vn 0.8023 -0.4675 0.3711
vn 0.9071 -0.3414 0.2462
vn -0.4331 -0.8362 0.3363
vn -0.2680 -0.7723 0.5760
vn -0.2273 -0.5262 0.8194
vn 0.2149 0.3686 0.9044
vn -0.2386 -0.9236 0.3001
vn -0.1633 -0.8378 0.5210
vn 0.3564 -0.0589 -0.9325
vn 0.5825 -0.0727 -0.8096
vn 0.5309 -0.1886 -0.8262
vn -0.5926 0.7254 0.3502
vn -0.6060 0.6202 0.4980
vn -0.4720 0.7332 0.4895
vn 0.5807 -0.7077 0.4025
vn 0.6433 -0.5719 0.5090
vn 0.4662 -0.4572 0.7574
vn 0.0995 0.3333 0.9376
vn 0.1613 0.1782 0.9707
vn -0.9144 -0.1256 0.3848
vn 0.4628 0.2431 0.8525
vn 0.1372 0.9293 -0.3430
vn 0.0861 -0.0704 -0.9938
vn -0.3290 0.4884 -0.8082
vn -0.2120 0.5432 -0.8124
vn 0.3006 0.9089 0.2891
vn -0.1227 -0.9150 0.3843
vn -0.0268 -0.9399 0.3405
vn -0.7631 -0.3761 0.5255
vn -0.4248 -0.2888 0.8580
vn 0.4604 -0.3113 0.8313
vn 0.3483 0.1720 0.9215
vn 0.5215 0.3358 0.7844
vn 0.1914 -0.4746 -0.8591
vn -0.0130 -0.3422 -0.9395
vn 0.1690 -0.8090 -0.5630
vn 0.8970 -0.2296 0.3778
vn -0.6346 0.5813 0.5093
vn -0.2766 0.4716 0.8373
vn -0.3394 0.7970 0.4996
vn -0.7203 -0.6914 0.0557
vn 0.0986 0.7532 0.6503
vn 0.2181 0.8842 0.4130
vn 0.0382 0.8899 0.4545
vn 0.9290 0.1231 0.3489
vn 0.1315 -0.2146 -0.9678
vn 0.6789 -0.6549 -0.3319
vn 0.4263 -0.3247 -0.8443
vn -0.2891 0.6308 -0.7201
vn -0.3772 0.5421 -0.7509
vn 0.1033 -0.1535 -0.9827
vn 0.1155 0.4772 -0.8712
vn 0.1083 0.8596 -0.4993
vn 0.0501 0.9851 -0.1644
vn 0.5259 0.5531 -0.6461
vn -0.4259 0.4957 -0.7569
vn -0.5009 0.4574 -0.7348
vn 0.1681 0.2675 -0.9488
vn -0.0484 -0.0618 -0.9969
vn -0.4147 -0.4596 -0.7854
vn -0.3500 0.0830 -0.9331
vn -0.2074 -0.0062 -0.9782
vn -0.5206 0.0762 -0.8504
vn -0.6705 0.3133 -0.6725
vn -0.5940 0.2287 -0.7712
vn 0.4283 -0.3737 -0.8228
vn -0.8070 0.5123 0.2938
vn -0.4914 0.2212 -0.8424
vn -0.0396 0.5160 -0.8557
vn -0.3496 -0.4551 -0.8189
vn -0.3086 -0.5111 -0.8022
vn 0.8541 -0.5136 0.0821
vn 0.4900 -0.1928 -0.8501
vn 0.1852 0.0362 -0.9820
vn 0.5169 -0.0391 -0.8551
vn -0.2590 0.4435 -0.8581
vn -0.5998 0.7798 -0.1791
vn -0.3636 0.3581 -0.8600
vn 0.2251 -0.4680 -0.8546
vn 0.4496 -0.7587 -0.4715
vn -0.3265 -0.9244 0.1972
vn -0.0399 -0.7604 -0.6482
vn -0.0513 -0.2692 -0.9617
vn 0.7999 0.5993 0.0317
vn 0.0964 0.2941 -0.9509
vn 0.2827 0.1575 -0.9462
vn 0.0171 0.1714 -0.9851
vn 0.1703 0.1608 -0.9722
vn 0.0724 0.1590 -0.9846
vn -0.3349 -0.1415 -0.9316
vn -0.3192 0.0054 -0.9477
vn -0.5126 -0.0860 -0.8543
vn -0.4874 -0.2430 -0.8387
vn -0.5848 -0.1665 -0.7939
vn 0.3908 -0.0438 -0.9194
vn 0.7954 -0.1989 -0.5725
vn 0.7738 0.2636 -0.5760
vn 0.8577 0.1270 -0.4982
vn 0.6445 0.2827 -0.7105
vn -0.4010 -0.3333 -0.8533
vn -0.1799 -0.2150 -0.9599
vn -0.0985 -0.0022 -0.9951
vn 0.5185 0.2702 -0.8113
vn -0.4236 -0.3543 -0.8337
vn 0.0735 0.0887 -0.9933
vn 0.6694 0.5059 -0.5440
vn 0.5411 0.3309 -0.7731
vn 0.4874 0.4912 -0.7219
vn 0.8906 0.4518 0.0522
vn 0.3760 0.2809 -0.8830
vn -0.4640 -0.2416 -0.8523
vn -0.6729 -0.2016 -0.7117
vn -0.8258 -0.5185 0.2218
vn 0.6520 0.4554 -0.6062
vn 0.2892 0.3958 -0.8716
vn 0.5202 0.6825 -0.5135
vn 0.1510 0.2952 -0.9434
vn 0.4647 -0.4773 -0.7458
vn -0.7799 0.5046 0.3705
vn 0.1949 -0.1085 -0.9748
vn 0.1122 -0.7515 -0.6502
vn 0.0391 -0.3091 -0.9502
vn 0.0953 -0.6061 -0.7896
vn 0.6771 -0.3689 -0.6367
vn -0.2297 -0.4541 -0.8608
vn -0.3962 -0.7969 -0.4561
vn -0.1649 0.2210 -0.9612
vn -0.0350 0.2480 -0.9681
vn 0.0835 -0.4834 -0.8714
vn -0.0371 0.3980 -0.9166
vn -0.0891 0.4106 -0.9075
vn 0.1302 -0.2185 -0.9671
vn 0.2617 -0.6528 -0.7108
vn 0.2117 -0.6189 -0.7564
vn -0.2284 0.0509 -0.9722
vn -0.1605 0.1431 -0.9766
vn 0.2462 0.1180 -0.9620
vn 0.3795 -0.5073 -0.7737
vn 0.4434 -0.4697 -0.7634
vn -0.1668 0.4481 -0.8783
vn -0.0709 0.5188 -0.8519
vn -0.2506 0.8180 -0.5177
vn -0.4230 0.1917 -0.8856
vn -0.4976 0.7293 -0.4696
vn -0.2570 0.3680 -0.8936
vn -0.4496 0.3435 -0.8245
vn -0.2512 -0.1153 -0.9610
vn 0.6945 0.0431 -0.7182
vn 0.6210 0.0232 -0.7835
vn 0.4969 0.0830 -0.8638
vn 0.5667 0.1698 -0.8062
vn -0.2341 -0.5007 -0.8334
vn -0.1598 -0.3200 -0.9338
vn 0.4109 0.1786 0.8940
vn 0.0206 -0.9393 -0.3424
vn 0.4618 -0.6327 -0.6216
vn 0.5359 -0.0796 -0.8405
vn -0.5586 -0.0729 -0.8262
vn -0.2647 0.8935 0.3627
vn -0.3432 0.8725 0.3479
vn 0.4468 0.2099 -0.8697
vn 0.4527 0.0236 -0.8914
vn 0.8262 0.1990 -0.5270
vn -0.7106 -0.4858 -0.5090
vn -0.5369 -0.0223 -0.8434
vn -0.4101 0.0285 -0.9116
vn -0.8298 0.1922 -0.5240
vn 0.2495 0.5767 -0.7779
vn 0.1405 0.5128 -0.8469
vn 0.0310 0.4721 -0.8810
vn -0.0625 -0.4072 -0.9112
vn 0.2882 -0.0066 -0.9575
vn -0.1071 0.5409 -0.8343
vn -0.0320 0.0158 -0.9994
vn -0.4058 0.1835 -0.8953
vn -0.9282 0.3592 0.0968
vn -0.0133 -0.5646 -0.8253
vn 0.1072 -0.8437 -0.5260
vn 0.4648 0.7846 -0.4103
vn -0.2283 0.7607 -0.6077
vn 0.4950 -0.1776 -0.8506
vn -0.4224 0.3290 -0.8446
vn 0.3984 -0.1448 -0.9057
vn -0.5119 -0.5719 -0.6410
vn 0.3238 0.8989 0.2950
vn 0.2385 0.4632 -0.8536
vn -0.9874 -0.1419 -0.0694
vn 0.4224 -0.2632 0.8673
vn -0.2280 0.5859 -0.7776
vn 0.4363 -0.2818 -0.8545
vn 0.4896 -0.4127 -0.7681
vn 0.7496 0.0691 -0.6583
vn -0.4928 -0.0343 0.8695
vn -0.8851 -0.2038 0.4183
vn 0.2452 -0.4118 -0.8777
vn 0.3136 -0.5713 -0.7584
vn -0.0712 0.8603 0.5049
vn 0.5770 0.0952 0.8112
vn -0.6123 0.1160 -0.7821
vn -0.3771 0.1877 -0.9070
vn -0.0793 -0.4415 0.8937
vn 0.1698 -0.1142 -0.9788
vn 0.0798 -0.1976 -0.9770
vn -0.0364 -0.1579 -0.9868
vn -0.1022 0.1760 -0.9791
vn -0.1106 0.3117 -0.9437
vn -0.4858 -0.1899 0.8532
vn 0.2590 0.5837 -0.7695
vn 0.2577 0.3622 -0.8958
vn 0.3876 0.4795 -0.7873
vn -0.4578 -0.0356 0.8883
vn -0.9291 -0.0193 0.3692
vn 0.6106 -0.3446 0.7131
vn 0.5272 -0.0642 0.8473
vn -0.6774 0.0928 -0.7297
vn -0.6219 0.3578 0.6966
vn 0.5457 -0.4317 0.7183
vn 0.0212 0.0747 0.9970
vn -0.0748 0.0565 0.9956
vn 0.1619 0.1260 0.9787
vn -0.0649 -0.0339 -0.9973
vn -0.0697 0.0149 -0.9975
vn -0.8555 -0.4849 0.1815
vn -0.5249 -0.8043 -0.2786
vn -0.1972 -0.4751 -0.8576
vn -0.1394 0.3494 -0.9265
vn -0.0492 0.6480 -0.7601
vn 0.8350 0.4909 0.2485
vn 0.7695 0.5322 0.3529
vn 0.7841 0.3761 0.4936
vn 0.2163 0.1672 0.9619
vn 0.1545 0.2998 0.9414
vn -0.1485 -0.0407 0.9881
vn -0.0030 0.3451 -0.9386
vn -0.0893 0.4715 -0.8774
vn 0.0710 -0.3216 -0.9442
vn -0.0769 -0.2585 -0.9629
vn -0.1059 -0.2372 0.9657
vn -0.1346 -0.1921 0.9721
vn -0.2241 -0.0761 0.9716
vn -0.2522 -0.2728 0.9284
vn 0.3092 -0.2632 -0.9139
vn -0.0305 -0.7894 -0.6131
vn -0.1952 0.1693 -0.9660
vn 0.0775 0.0252 -0.9967
vn 0.0400 0.0093 -0.9992
vn 0.0200 -0.0526 -0.9984
vn 0.0038 0.0462 -0.9989
vn 0.2301 -0.0085 -0.9731
vn 0.1896 -0.0907 -0.9777
vn 0.2743 -0.0788 -0.9584
vn 0.0959 -0.1904 -0.9770
vn -0.1522 0.1806 0.9717
vn -0.1519 0.0442 -0.9874
vn 0.1740 0.4072 -0.8966
vn 0.0980 0.5676 -0.8174
vn -0.4746 -0.3267 0.8173
vn 0.0103 0.2304 0.9730
vn 0.1029 0.1306 0.9861
vn -0.0224 0.2146 -0.9764
vn 0.0165 -0.2930 0.9560
vn -0.0842 -0.2267 0.9703
vn -0.0410 -0.1914 0.9807
vn 0.0762 -0.1670 0.9830
vn 0.1972 -0.5736 -0.7951
vn -0.6040 0.5009 -0.6199
vn 0.7207 -0.1841 -0.6684
vn -0.6016 0.3969 0.6932
vn 0.2366 0.0158 0.9715
vn 0.2065 -0.2343 0.9500
vn -0.5938 -0.0356 -0.8038
vn 0.1289 -0.3804 0.9158
vn 0.1859 -0.2271 0.9560
vn 0.3074 -0.2671 0.9133
vn -0.2334 -0.1158 0.9655
vn -0.3045 -0.0293 0.9521
vn -0.1730 0.0574 0.9832
vn -0.3074 0.0783 0.9484
vn 0.2251 -0.8155 -0.5333
vn 0.2640 -0.6705 -0.6934
vn 0.1411 -0.2000 -0.9696
vn 0.5452 -0.6221 -0.5619
vn 0.0654 0.2593 -0.9636
vn -0.1162 0.2110 0.9706
vn -0.0917 0.2258 0.9699
vn -0.4058 0.1246 0.9054
vn -0.4223 -0.0846 0.9025
vn -0.5008 -0.7898 0.3542
vn -0.7728 0.5835 0.2496
vn 0.4600 -0.2379 0.8555
vn 0.4541 0.8097 0.3717
vn 0.3344 0.8677 0.3677
vn 0.2649 0.6086 0.7479
vn 0.3724 0.4496 0.8119
vn 0.1419 0.1821 0.9730
vn 0.1157 -0.5367 0.8358
vn -0.7793 0.5037 0.3727
vn 0.1883 -0.1670 0.9678
vn -0.4649 0.8392 0.2822
vn 0.4892 -0.8310 0.2648
vn 0.0167 0.6937 -0.7201
vn 0.1219 -0.9461 0.3000
vn -0.1854 0.1393 0.9727
vn -0.1465 -0.0817 -0.9858
vn -0.0672 -0.1483 -0.9866
vn 0.0798 -0.5701 0.8177
vn -0.0455 -0.5017 0.8639
vn 0.2837 0.0185 -0.9587
vn 0.2226 -0.0881 -0.9709
vn -0.8259 -0.4922 0.2751
vn 0.3682 -0.7930 0.4853
vn 0.3159 -0.4892 0.8129
vn -0.1810 0.4740 0.8618
vn -0.0254 0.5318 0.8465
vn -0.7599 -0.5599 0.3303
vn 0.1784 -0.5404 0.8223
vn 0.1031 -0.2557 0.9612
vn -0.3443 -0.4965 0.7968
vn -0.1740 0.1668 0.9705
vn -0.1567 0.3149 0.9361
vn -0.2553 0.1204 0.9593
vn 0.5827 -0.7884 0.1973
vn 0.7719 -0.5844 0.2502
vn 0.5940 -0.2793 -0.7544
vn -0.5892 -0.7753 0.2273
vn -0.2814 0.2871 0.9156
vn 0.1483 -0.1072 0.9831
vn 0.0607 -0.2703 0.9609
vn 0.5818 0.7761 0.2435
vn -0.3415 -0.5638 -0.7520
vn 0.0121 -0.8469 0.5317
vn 0.1272 0.0937 -0.9874
vn -0.0656 -0.2434 -0.9677
vn 0.5002 0.2595 -0.8261
vn 0.0070 0.5777 -0.8162
vn 0.1401 0.4253 -0.8941
vn 0.0468 -0.2992 -0.9530
vn -0.1928 -0.1538 -0.9691
vn -0.0202 -0.3163 0.9484
vn -0.6587 -0.3022 -0.6890
vn -0.3246 0.0220 0.9456
vn 0.1545 0.0026 -0.9880
vn 0.4951 0.1013 0.8629
vn -0.0453 0.2501 0.9672
vn 0.0728 0.0115 -0.9973
vn 0.0081 -0.0456 -0.9989
vn 0.0019 -0.0401 -0.9992
vn -0.0028 -0.0370 -0.9993
vn -0.0098 -0.0339 -0.9994
vn -0.0130 -0.0349 -0.9993
vn -0.0216 -0.0345 -0.9992
vn -0.0279 -0.0317 -0.9991
vn -0.0450 -0.0374 -0.9983
vn 0.0230 -0.0345 -0.9991
vn 0.0292 -0.0374 -0.9989
vn 0.0481 -0.0279 -0.9985
vn 0.0464 -0.0405 -0.9981
vn 0.0440 -0.0081 -0.9990
vn 0.0515 -0.0211 -0.9984
vn 0.0227 0.0030 -0.9997
vn 0.0479 -0.0076 -0.9988
vn -0.0461 0.0046 -0.9989
vn -0.0541 0.0209 -0.9983
vn -0.0485 0.0307 -0.9984
vn -0.0423 0.0376 -0.9984
vn -0.0344 0.0404 -0.9986
vn -0.0289 0.0470 -0.9985
vn -0.0182 0.0467 -0.9987
vn -0.0147 0.0519 -0.9985
vn -0.0022 0.0517 -0.9987
vn 0.0117 0.0451 -0.9989
vn 0.0160 0.0385 -0.9991
vn 0.0222 0.0356 -0.9991
vn 0.0281 0.0327 -0.9991
vn 0.0364 0.0346 -0.9987
vn 0.0436 0.0261 -0.9987
vn 0.0480 0.0193 -0.9987
vn 0.0440 0.0095 -0.9990
vn 0.0491 0.0074 -0.9988
s 1
usemtl material12
f 1627//1637 1624//1638 1629//1639
f 1653//1640 1601//1641 1761//1642
f 1621//1643 1618//1644 1619//1645
f 1604//1646 1768//1647 1665//1648
f 1608//1649 1609//1650 1674//1651
f 1761//1642 1602//1652 1653//1640
f 1612//1653 1771//1654 1678//1655
f 1624//1638 1626//1656 1629//1639
f 1768//1647 1605//1657 1667//1658
f 1628//1659 1626//1656 1674//1651
f 1763//1660 1764//1661 1623//1662
f 1658//1663 1657//1664 1755//1665
f 1652//1666 1655//1667 1654//1668
f 1758//1669 1660//1670 1756//1671
f 1655//1667 1756//1671 1660//1670
f 1660//1670 1661//1672 1662//1673
f 1639//1674 1642//1675 1709//1676
f 1647//1677 1646//1678 1616//1679
f 1746//1680 1607//1681 1769//1682
f 1631//1683 1632//1684 1634//1685
f 1635//1686 1631//1683 1634//1685
f 1693//1687 1698//1688 1697//1689
f 1656//1690 1654//1668 1655//1667
f 1666//1691 1671//1692 1668//1693
f 1636//1694 1640//1695 1637//1696
f 1637//1696 1639//1674 1638//1697
f 1815//1698 1890//1699 1776//1700
f 1637//1696 1640//1695 1639//1674
f 1665//1648 1667//1658 1666//1691
f 1647//1677 1598//1701 1760//1702
f 1657//1664 1658//1663 1621//1643
f 1768//1647 1667//1658 1665//1648
f 1623//1662 1764//1661 1765//1703
f 1756//1671 1738//1704 1758//1669
f 1669//1705 1675//1706 1673//1707
f 1684//1708 1595//1709 1615//1710
f 1686//1711 1684//1708 1615//1710
f 1684//1708 1687//1712 1685//1713
f 1686//1711 1687//1712 1684//1708
f 2071//1714 2068//1715 2063//1716
f 1714//1717 1718//1718 1721//1719
f 1645//1720 1644//1721 1650//1722
f 1640//1695 1636//1694 1692//1723
f 1669//1705 1670//1724 1739//1725
f 1664//1726 1733//1727 1734//1728
f 1705//1729 1701//1730 1638//1697
f 1705//1729 1638//1697 1639//1674
f 1707//1731 1703//1732 1649//1733
f 1707//1731 1649//1733 1713//1734
f 1646//1678 1643//1735 1597//1736
f 1657//1664 1621//1643 1623//1662
f 1712//1737 1716//1738 1711//1739
f 1752//1740 1754//1741 1641//1742
f 1624//1638 1744//1743 1672//1744
f 2132//1745 2126//1746 2129//1747
f 1713//1734 1716//1738 1712//1737
f 1650//1722 1644//1721 1717//1748
f 2179//1749 2010//1750 2011//1751
f 1597//1736 1643//1735 1753//1752
f 1691//1753 1688//1754 1685//1713
f 1593//1755 1732//1756 1594//1757
f 1623//1662 1663//1758 1657//1664
f 2147//1759 2055//1760 2150//1761
f 1740//1762 1735//1763 1659//1764
f 1740//1762 1659//1764 1662//1673
f 2017//1765 2029//1766 2028//1767
f 1739//1725 1670//1724 1736//1768
f 2157//1769 2158//1770 2152//1771
f 1664//1726 1595//1709 1733//1727
f 1742//1772 1615//1710 1595//1709
f 1748//1773 1671//1692 1666//1691
f 1748//1773 1746//1680 1671//1692
f 1747//1774 1742//1772 1670//1724
f 1747//1774 1615//1710 1742//1772
f 1925//1775 1776//1700 1919//1776
f 1624//1638 1672//1744 1626//1656
f 1680//1777 1677//1778 1679//1779
f 1850//1780 1845//1781 1902//1782
f 1775//1783 1807//1784 1871//1785
f 1750//1786 1680//1777 1616//1679
f 1733//1727 1651//1787 1734//1728
f 1638//1697 1634//1685 1637//1696
f 1718//1718 1724//1788 1721//1719
f 2080//1789 2032//1790 2031//1791
f 1750//1786 1616//1679 1597//1736
f 1699//1792 1702//1793 1710//1794
f 1717//1748 1647//1677 1653//1640
f 1657//1664 1665//1648 1737//1795
f 1722//1796 1723//1797 1727//1798
f 2187//1799 2126//1746 2132//1745
f 1731//1800 1757//1801 1756//1671
f 1644//1721 1643//1735 1646//1678
f 1691//1753 1697//1689 1694//1802
f 1731//1800 1756//1671 1726//1803
f 1919//1776 1806//1804 1925//1775
f 1662//1673 1661//1672 1745//1805
f 1627//1637 1676//1806 1625//1807
f 1748//1773 1666//1691 1667//1658
f 1729//1808 1725//1809 1727//1798
f 1746//1680 1674//1651 1749//1810
f 1746//1680 1749//1810 1671//1692
f 1886//1811 1887//1812 1885//1813
f 1603//1814 1602//1652 1814//1815
f 1828//1816 1764//1661 1763//1660
f 1813//1817 1809//1818 1776//1700
f 1763//1660 1762//1819 1814//1815
f 1894//1820 1825//1821 1893//1822
f 1770//1823 1769//1682 1906//1824
f 1610//1825 1609//1650 1855//1826
f 1800//1827 1877//1828 1876//1829
f 1830//1830 1824//1831 1895//1832
f 2093//1833 2094//1834 2182//1835
f 1848//1836 1851//1837 1850//1780
f 1750//1786 1597//1736 1675//1706
f 1907//1838 1792//1839 1858//1840
f 1600//1841 1599//1842 1810//1843
f 1790//1844 1853//1845 1904//1846
f 1815//1698 1778//1847 1817//1848
f 1910//1849 1864//1850 1863//1851
f 1784//1852 1898//1853 1835//1854
f 1804//1855 1962//1856 1886//1811
f 1912//1857 1869//1858 1866//1859
f 1761//1642 1601//1641 1812//1860
f 1797//1861 1915//1862 1869//1858
f 2130//1863 2131//1864 2127//1865
f 1787//1866 1844//1867 1901//1868
f 1882//1869 1883//1870 1918//1871
f 1891//1872 1812//1860 1889//1873
f 1907//1838 1791//1874 1792//1839
f 1890//1699 1815//1698 1817//1848
f 1688//1754 1681//1875 1685//1713
f 1703//1732 1702//1793 1701//1730
f 1735//1763 1740//1762 1739//1725
f 1617//1876 1618//1644 1754//1741
f 2115//1877 2124//1878 2116//1879
f 1617//1876 1650//1722 1620//1880
f 1798//1881 1872//1882 1915//1862
f 1859//1883 1910//1849 1860//1884
f 1883//1870 1886//1811 1884//1885
f 1819//1886 1817//1848 1821//1887
f 1996//1888 1995//1889 1984//1890
f 1893//1822 1819//1886 1821//1887
f 1632//1684 1637//1696 1634//1685
f 1919//1776 1805//1891 1806//1804
f 1846//1892 1848//1836 1902//1782
f 1901//1868 1841//1893 1840//1894
f 1718//1718 1728//1895 1724//1788
f 1896//1896 1783//1897 1935//1898
f 1815//1698 1777//1899 1778//1847
f 1734//1728 1654//1668 1656//1690
f 2008//1900 2006//1901 2013//1902
f 1650//1722 1717//1748 1653//1640
f 1653//1640 1600//1841 1601//1641
f 1742//1772 1595//1709 1664//1726
f 1974//1903 1987//1904 1988//1905
f 1669//1705 1739//1725 1740//1762
f 2109//1906 2184//1907 2114//1908
f 1700//1909 1753//1752 1645//1720
f 1987//1904 1978//1910 1986//1911
f 1697//1689 1752//1740 1694//1802
f 2041//1912 2088//1913 2092//1914
f 1739//1725 1736//1768 1735//1763
f 1994//1915 1923//1916 1924//1917
f 1656//1690 1655//1667 1660//1670
f 1993//1918 1998//1919 2010//1750
f 2013//1902 2006//1901 2002//1920
f 2145//1921 2132//1745 2025//1922
f 1701//1730 1705//1729 1703//1732
f 1716//1738 1723//1797 1722//1796
f 2114//1908 2117//1923 2109//1906
f 2087//1924 2181//1925 2092//1914
f 2013//1902 2009//1926 2027//1927
f 1692//1723 1691//1753 1694//1802
f 2179//1749 1967//1928 1968//1929
f 2133//1930 2136//1931 2022//1932
f 1992//1933 2000//1934 2008//1900
f 1747//1774 1670//1724 1673//1707
f 2073//1935 1976//1936 1982//1937
f 1691//1753 1685//1713 1690//1938
f 1619//1645 1623//1662 1621//1643
f 2153//1939 2053//1940 2054//1941
f 2140//1942 2153//1939 2156//1943
f 2016//1944 1966//1945 2017//1765
f 1756//1671 1655//1667 1726//1803
f 1656//1690 1660//1670 1659//1764
f 2076//1946 2082//1947 2079//1948
f 1694//1802 1640//1695 1692//1723
f 2015//1949 2027//1927 2014//1950
f 1695//1951 1686//1711 1596//1952
f 2034//1953 2031//1791 2032//1790
f 2083//1954 2086//1955 2087//1924
f 2015//1949 2014//1950 1968//1929
f 2057//1956 2154//1957 2160//1958
f 2160//1958 2165//1959 2063//1716
f 2042//1960 2033//1961 2038//1962
f 2039//1963 2042//1960 2043//1964
f 2062//1965 2056//1966 2061//1967
f 1696//1968 1687//1712 1695//1951
f 2038//1962 2043//1964 2042//1960
f 1692//1723 1636//1694 1632//1684
f 2050//1969 2043//1964 2038//1962
f 2049//1970 2041//1912 2044//1971
f 2001//1972 1988//1905 2002//1920
f 2002//1920 1997//1973 2005//1974
f 2105//1975 2100//1976 2183//1977
f 2007//1978 2002//1920 2005//1974
f 2074//1979 2072//1980 2073//1935
f 2171//1981 2167//1982 1966//1945
f 2178//1983 1969//1984 1970//1985
f 2178//1983 1970//1985 1983//1986
f 2112//1987 2105//1975 2102//1988
f 1669//1705 1676//1806 1675//1706
f 2177//1989 1973//1990 2171//1981
f 1674//1651 1626//1656 1749//1810
f 2024//1991 2157//1769 2152//1771
f 2129//1747 2120//1992 2111//1993
f 2021//1994 2019//1995 2125//1996
f 2183//1977 2182//1835 2094//1834
f 2139//1997 2132//1745 2129//1747
f 1618//1644 1621//1643 1730//1998
f 1978//1910 2176//1999 1989//2000
f 2078//2001 2082//1947 2076//1946
f 2146//2002 2055//1760 2147//1759
f 2188//2003 2137//2004 2143//2005
f 1710//1794 1707//1731 1712//1737
f 2090//2006 2045//2007 2181//1925
f 1598//1701 1811//2008 1760//1702
f 1982//1937 1980//2009 1995//1889
f 1995//1889 1980//2009 1984//1890
f 1991//2010 1988//1905 2001//1972
f 2146//2002 2147//1759 2141//2011
f 1902//1782 1848//1836 1850//1780
f 1748//1773 1667//1658 1746//1680
f 2062//1965 2060//2012 2056//1966
f 1785//2013 1838//2014 1898//1853
f 1752//1740 1640//1695 1694//1802
f 2040//2015 2036//2016 2035//2017
f 2160//1958 2068//1715 2166//2018
f 2061//1967 2166//2018 2068//1715
f 2155//2019 2026//2020 2149//2021
f 2047//2022 2044//1971 2046//2023
f 2097//2024 2045//2007 2099//2025
f 2044//1971 2045//2007 2046//2023
f 2054//1941 2053//1940 2020//2026
f 2185//2027 2100//1976 2108//2028
f 2097//2024 2099//2025 2100//1976
f 1642//1675 1639//1674 1640//1695
f 2138//2029 2141//2011 2147//1759
f 2025//1922 2151//2030 2026//2020
f 2116//1879 2108//2028 2115//1877
f 1975//2031 2178//1983 1977//2032
f 2050//1969 2049//1970 2048//2033
f 2113//2034 2185//2027 2116//1879
f 2006//1901 2008//1900 2000//1934
f 2004//2035 2005//1974 2010//1750
f 1656//1690 1659//1764 1735//1763
f 1658//1663 1730//1998 1621//1643
f 2142//2036 2145//1921 2025//1922
f 2139//1997 2129//1747 2134//2037
f 1741//2038 1668//1693 1672//1744
f 2031//1791 2034//1953 2035//2017
f 2051//2039 2052//2040 2047//2022
f 2056//1966 2060//2012 2059//2041
f 1688//1754 1691//1753 1692//1723
f 1887//1812 1888//2042 1885//1813
f 1620//1880 1650//1722 1653//1640
f 2100//1976 2182//1835 2183//1977
f 2059//2041 2150//1761 2056//1966
f 1974//1903 1971//2043 1978//1910
f 2118//2044 2119//2045 2111//1993
f 1975//2031 1969//1984 2178//1983
f 2125//1996 2113//2034 2116//1879
f 2085//2046 2031//1791 2035//2017
f 2136//1931 2133//1930 2124//1878
f 1718//1718 1706//2047 1715//2048
f 2108//2028 2116//1879 2185//2027
f 1644//1721 1753//1752 1643//1735
f 2025//1922 2132//1745 2139//1997
f 1615//1710 1747//1774 1596//1952
f 1980//2009 1977//2032 1984//1890
f 2101//2049 2111//1993 2104//2050
f 1622//2051 1603//1814 1762//1819
f 1598//1701 1616//1679 1774//2052
f 1602//1652 1622//2051 1620//1880
f 1622//2051 1619//1645 1620//1880
f 1624//1638 1627//1637 1625//1807
f 2003//2053 1994//1915 1924//1917
f 1999//2054 1994//1915 1998//1919
f 1770//1823 1608//1649 1674//1651
f 1651//1787 1652//1666 1654//1668
f 1870//2055 1866//1859 1869//1858
f 2141//2011 2138//2029 2134//2037
f 1641//1742 1642//1675 1640//1695
f 1672//1744 1668//1693 1671//1692
f 2098//2056 2018//2057 2091//2058
f 1972//2059 2176//1999 2175//2060
f 1746//1680 1770//1823 1674//1651
f 1907//1838 1858//1840 1909//2061
f 1653//1640 1602//1652 1620//1880
f 1659//1764 1660//1670 1662//1673
f 2119//2045 2134//2037 2129//1747
f 2168//2062 2066//2063 2159//2064
f 1745//1805 1661//1672 1758//1669
f 1905//2065 1854//2066 1907//1838
f 1680//1777 1773//2067 1614//2068
f 1655//1667 1724//1788 1726//1803
f 1686//1711 1695//1951 1687//1712
f 2150//1761 2144//2069 2147//1759
f 1665//1648 1767//2070 1604//1646
f 1771//1654 1772//2071 1678//1655
f 1593//1755 1630//2072 1633//2073
f 1630//2072 1594//1757 1683//2074
f 2060//2012 2064//2075 1945//2076
f 1728//1895 1720//2077 1725//1809
f 2073//1935 1982//1937 2074//1979
f 2070//2078 2069//2079 2072//1980
f 2074//1979 2070//2078 2072//1980
f 1924//1917 2011//1751 2003//2053
f 1890//1699 1817//1848 1819//1886
f 1685//1713 1687//1712 1690//1938
f 1596//1952 1675//1706 1597//1736
f 2010//1750 2003//2053 2011//1751
f 1736//1768 1664//1726 1734//1728
f 2163//2080 2054//1941 2167//1982
f 1713//1734 1755//1665 1723//1797
f 1970//1985 1969//1984 2174//2081
f 1725//1809 1722//1796 1727//1798
f 1690//1938 1693//1687 1691//1753
f 2086//1955 2090//2006 2087//1924
f 1646//1678 1597//1736 1616//1679
f 1779//2082 1780//2083 1820//2084
f 1813//1817 1819//1886 1818//2085
f 1630//2072 1689//2086 1631//1683
f 1708//2087 1593//1755 1633//2073
f 2169//2088 2175//2060 2172//2089
f 1703//1732 1705//1729 1649//1733
f 2095//2090 2094//1834 2089//2091
f 2087//1924 2090//2006 2181//1925
f 2052//2040 2050//1969 2048//2033
f 1652//1666 1651//1787 1719//2092
f 1888//2042 1776//1700 1809//1818
f 1847//2093 1852//2094 1862//2095
f 2127//1865 2118//2044 2110//2096
f 1887//1812 1919//1776 1888//2042
f 1759//2097 1744//1743 1624//1638
f 1973//1990 2177//1989 1981//2098
f 1923//1916 2076//1946 1924//1917
f 2064//2075 1948//2099 1947//2100
f 1996//1888 1992//1933 1957//2101
f 1935//2102 2109//1906 2117//1923
f 2123//2103 2096//2104 2121//2105
f 2121//2105 2096//2104 2106//2106
f 1630//2072 1751//2107 1633//2073
f 1922//2108 1966//1945 2016//1944
f 2082//1947 2078//2001 2083//1954
f 2080//1789 2082//1947 2032//1790
f 2150//1761 2155//2019 2144//2069
f 2162//2109 2170//2110 2168//2062
f 1606//2111 1667//1658 1605//1657
f 1709//1676 1618//1644 1730//1998
f 2108//2028 2100//1976 2105//1975
f 2105//1975 2112//1987 2108//2028
f 1746//1680 1606//2111 1607//1681
f 1752//1740 1645//1720 1754//1741
f 1830//1830 1816//2112 1892//2113
f 1599//1842 1647//1677 1760//1702
f 1967//1928 2179//1749 2011//1751
f 2161//2114 2153//1939 2054//1941
f 1669//1705 1673//1707 1670//1724
f 2052//2040 2044//1971 2047//2022
f 1870//2055 1913//2115 1921//2116
f 1688//1754 1683//2074 1681//1875
f 2088//1913 2082//1947 2083//1954
f 1908//2117 1913//2115 1911//2118
f 1772//2071 1679//1779 1678//1655
f 1596//1952 1747//1774 1673//1707
f 2035//2017 2036//2016 1968//1929
f 1679//1779 1773//2067 1680//1777
f 1731//1800 1724//1788 1728//1895
f 1677//1778 1627//1637 1678//1655
f 1737//1795 1665//1648 1666//1691
f 1754//1741 1642//1675 1641//1742
f 2039//1963 2043//1964 2040//2015
f 2073//1935 2069//2079 2173//2119
f 1707//1731 1710//1794 1702//1793
f 1705//1729 1648//2120 1649//1733
f 1905//2065 1907//1838 1909//2061
f 1666//1691 1755//1665 1737//1795
f 1745//1805 1625//1807 1676//1806
f 2051//2039 2047//2022 2046//2023
f 2004//2035 2027//1927 2009//1926
f 2027//1927 2012//2121 2014//1950
f 2031//1791 2085//2046 1967//1928
f 1663//1758 1765//1703 1766//2122
f 1808//2123 1809//1818 1892//2113
f 2138//2029 2144//2069 2149//2021
f 1631//1683 1689//2086 1632//1684
f 1737//1795 1755//1665 1657//1664
f 1629//1639 1678//1655 1627//1637
f 1804//1855 1805//1891 1962//1856
f 1665//1648 1657//1664 1663//1758
f 2038//1962 2088//1913 2041//1912
f 1918//1871 1884//1885 1878//2124
f 2100//1976 2099//2025 2182//1835
f 2132//1745 2145//1921 2142//2036
f 1635//1686 1699//1792 1751//2107
f 1850//1780 1853//1845 1905//2065
f 1695//1951 1597//1736 1753//1752
f 1695//1951 1753//1752 1696//1968
f 1752//1740 1641//1742 1640//1695
f 2031//1791 1967//1928 2081//2125
f 2104//2050 2102//1988 2101//2049
f 1705//1729 1639//1674 1709//1676
f 1718//1718 1715//2048 1720//2077
f 1856//2126 1867//2127 1868//2128
f 1670//1724 1664//1726 1736//1768
f 1903//2129 1839//2130 1900//2131
f 1617//1876 1645//1720 1650//1722
f 1710//1794 1704//2132 1699//1792
f 1693//1687 1687//1712 1696//1968
f 2013//1902 2007//1978 2009//1926
f 1719//2092 1708//2087 1714//1717
f 1985//2133 1990//2134 1992//1933
f 1992//1933 1996//1888 1985//2133
f 1757//1801 1729//1808 1741//2038
f 1753//1752 1700//1909 1696//1968
f 2187//1799 2142//2036 2022//1932
f 1711//1739 1706//2047 1710//1794
f 1741//2038 1738//1704 1757//1801
f 2032//1790 2088//1913 2033//1961
f 2107//2135 2110//2096 2101//2049
f 1738//1704 1744//1743 1759//2097
f 1740//1762 1745//1805 1743//2136
f 1663//1758 1767//2070 1665//1648
f 2088//1913 2083//1954 2092//1914
f 2083//1954 2087//1924 2092//1914
f 1618//1644 1642//1675 1754//1741
f 2046//2023 2109//1906 2051//2039
f 1752//1740 1697//1689 1698//1688
f 2170//2110 2164//2137 2169//2088
f 1769//1682 1903//2129 1906//1824
f 1616//1679 1614//2068 1774//2052
f 1816//2112 1837//2138 1822//2139
f 1638//1697 1701//1730 1634//1685
f 1768//1647 1832//2140 1836//2141
f 1836//2141 1606//2111 1605//1657
f 1769//1682 1607//1681 1836//2141
f 1607//1681 1606//2111 1836//2141
f 1828//1816 1765//1703 1764//1661
f 1766//2122 1765//1703 1828//1816
f 1604//1646 1767//2070 1832//2140
f 1653//1640 1599//1842 1600//1841
f 1609//1650 1608//1649 1855//1826
f 1605//1657 1768//1647 1836//2141
f 1796//2142 1869//1858 1912//1857
f 1771//1654 1612//1653 1856//2126
f 1790//1844 1854//2066 1853//1845
f 1599//1842 1811//2008 1810//1843
f 1788//2143 1844//1867 1787//1866
f 1868//2128 1773//2067 1613//2144
f 1782//2145 1831//2146 1829//2147
f 1770//1823 1855//1826 1608//1649
f 1826//2148 1920//2149 1893//1822
f 1855//1826 1611//2150 1610//1825
f 1789//2151 1851//1837 1848//1836
f 1884//1885 1881//2152 1878//2124
f 1786//2153 1838//2014 1785//2013
f 1978//1910 1971//2043 2176//1999
f 1801//2154 1877//1828 1800//1827
f 1935//1898 1835//1854 1896//1896
f 1771//1654 1868//2128 1772//2071
f 1617//1876 1620//1880 1619//1645
f 1969//1984 2173//2119 2189//2155
f 1613//2144 1772//2071 1868//2128
f 1975//2031 1976//1936 2173//2119
f 1614//2068 1773//2067 1871//1785
f 1767//2070 1828//1816 1832//2140
f 1807//1784 1614//2068 1871//1785
f 1799//2156 1872//1882 1798//1881
f 1717//1748 1644//1721 1646//1678
f 1812//1860 1600//1841 1810//1843
f 1843//2157 1902//1782 1845//1781
f 1612//1653 1611//2150 1856//2126
f 1887//1812 1962//1856 1805//1891
f 1598//1701 1774//2052 1807//1784
f 1762//1819 1603//1814 1814//1815
f 1672//1744 1671//1692 1749//1810
f 1812//1860 1602//1652 1761//1642
f 2086//1955 2075//2158 2180//2159
f 1997//1973 1987//1904 1986//1911
f 1860//1884 1863//1851 1862//2095
f 1741//2038 1672//1744 1744//1743
f 1875//2160 1913//2115 1916//2161
f 1887//1812 1886//1811 1962//1856
f 1807//1784 1774//2052 1614//2068
f 1808//2123 1810//1843 1811//2008
f 1884//1885 1918//1871 1883//1870
f 1889//1873 1812//1860 1810//1843
f 2135//2162 2130//1863 2122//2163
f 1645//1720 1753//1752 1644//1721
f 1836//2141 1903//2129 1769//1682
f 2105//1975 2183//1977 2102//1988
f 1816//2112 1814//1815 1891//1872
f 1793//2164 1858//1840 1792//1839
f 1702//1793 1703//1732 1707//1731
f 1879//2165 1882//1869 1880//2166
f 1860//1884 1858//1840 1859//1883
f 1899//2167 1897//2168 1898//1853
f 1793//2164 1794//2169 1859//1883
f 1917//2170 1873//2171 1875//2160
f 1880//2166 1882//1869 1918//1871
f 1910//1849 1859//1883 1794//2169
f 1829//2147 1826//2148 1782//2145
f 1822//2139 1814//1815 1816//2112
f 2169//2088 2174//2081 2170//2110
f 1865//2172 1863//1851 1864//1850
f 1827//2173 1828//1816 1823//2174
f 1788//2143 1789//2151 1846//1892
f 1998//1919 1989//2000 1999//2054
f 1833//2175 1832//2140 1828//1816
f 1820//2084 1894//1820 1821//1887
f 1848//1836 1846//1892 1789//2151
f 1833//2175 1828//1816 1827//2173
f 1873//2171 1880//2166 1878//2124
f 1984//1890 1985//2133 1996//1888
f 1802//2176 1883//1870 1882//1869
f 1896//1896 1830//1830 1895//1832
f 1784//1852 1785//2013 1898//1853
f 1835//1854 1897//2168 1896//1896
f 1763//1660 1622//2051 1762//1819
f 1876//1829 1799//2156 1800//1827
f 1812//1860 1891//1872 1814//1815
f 1626//1656 1672//1744 1749//1810
f 1886//1811 1885//1813 1884//1885
f 1894//1820 1820//2084 1780//2083
f 1841//1893 1899//2167 1840//1894
f 2081//2125 1967//1928 1924//1917
f 1813//1817 1890//1699 1819//1886
f 2120//1992 2126//1746 2115//1877
f 1886//1811 1883//1870 1804//1855
f 1903//2129 1836//2141 1839//2130
f 1841//1893 1901//1868 1844//1867
f 1759//2097 1624//1638 1625//1807
f 1763//1660 1823//2174 1828//1816
f 1803//2177 1804//1855 1883//1870
f 1825//1821 1782//2145 1826//2148
f 1847//2093 1906//1824 1903//2129
f 1817//1848 1820//2084 1821//1887
f 1847//2093 1855//1826 1906//1824
f 2186//2178 2119//2045 2118//2044
f 1795//2179 1796//2142 1864//1850
f 1784//1852 1835//1854 1935//1898
f 2098//2056 2096//2104 2123//2103
f 1829//2147 1824//1831 1826//2148
f 2068//1715 2160//1958 2063//1716
f 1880//2166 1918//1871 1878//2124
f 1904//1846 1850//1780 1851//1837
f 1882//1869 1801//2154 1802//2176
f 1858//1840 1860//1884 1909//2061
f 1851//1837 1790//1844 1904//1846
f 1915//1862 1870//2055 1869//1858
f 1841//1893 1844//1867 1842//2180
f 1865//2172 1862//2095 1863//1851
f 1675//1706 1677//1778 1750//1786
f 1814//1815 1823//2174 1763//1660
f 1914//2181 1868//2128 1867//2127
f 1867//2127 1856//2126 1861//2182
f 1797//1861 1798//1881 1915//1862
f 1864//1850 1912//1857 1865//2172
f 1865//2172 1912//1857 1866//1859
f 1782//2145 1825//1821 1781//2183
f 2065//2184 2165//1959 2069//2079
f 1899//2167 1838//2014 1840//1894
f 1874//2185 1876//1829 1875//2160
f 1722//1796 1725//1809 1720//2077
f 1907//1838 1854//2066 1791//1874
f 1875//2160 1916//2161 1874//2185
f 1919//1776 1776//1700 1888//2042
f 1795//2179 1910//1849 1794//2169
f 2156//1943 2157//1769 2023//2186
f 1970//1985 1974//1903 1983//1986
f 1880//2166 1917//2170 1877//1828
f 1863//1851 1860//1884 1910//1849
f 1826//2148 1893//1822 1825//1821
f 1912//1857 1864//1850 1796//2142
f 1893//1822 1821//1887 1894//1820
f 1729//1808 1757//1801 1731//1800
f 2109//1906 2052//2040 2051//2039
f 1896//1896 1831//2146 1783//1897
f 1877//1828 1879//2165 1880//2166
f 1866//1859 1870//2055 1921//2116
f 1743//2136 1669//1705 1740//1762
f 1647//1677 1717//1748 1646//1678
f 2056//1966 2150//1761 2055//1760
f 2055//1760 2057//1956 2056//1966
f 1758//1669 1661//1672 1660//1670
f 1676//1806 1743//2136 1745//1805
f 2141//2011 2127//1865 2131//1864
f 2180//2159 2084//2187 2018//2057
f 1741//2038 1727//1798 1668//1693
f 1968//1929 2085//2046 2035//2017
f 2184//1907 2046//2023 2097//2024
f 2148//2188 2160//1958 2154//1957
f 1988//1905 1983//1986 1974//1903
f 2173//2119 1976//1936 2073//1935
f 1986//1911 1978//1910 1989//2000
f 1902//1782 1842//2180 1844//1867
f 2112//1987 2104//2050 2120//1992
f 2103//2189 2100//1976 2185//2027
f 2116//1879 2133//1930 2021//1994
f 2102//1988 2104//2050 2112//1987
f 1902//1782 1844//1867 1846//1892
f 2010//1750 1998//1919 2003//2053
f 1704//2132 1751//2107 1699//1792
f 2134//2037 2119//2045 2186//2178
f 1689//2086 1692//1723 1632//1684
f 1990//2134 1988//1905 1991//2010
f 1989//2000 1981//2098 1999//2054
f 1687//1712 1693//1687 1690//1938
f 1836//2141 1832//2140 1839//2130
f 2116//1879 2021//1994 2125//1996
f 1618//1644 1617//1876 1619//1645
f 2007//1978 2005//1974 2004//2035
f 2168//2062 2170//2110 2067//2190
f 1999//2054 1981//2098 1994//1915
f 1629//1639 1626//1656 1628//1659
f 2124//1878 2115//1877 2126//1746
f 1713//1734 1712//1737 1707//1731
f 1679//1779 1677//1778 1678//1655
f 1693//1687 1697//1689 1691//1753
f 2095//2090 2107//2135 2101//2049
f 2175//2060 2169//2088 2161//2114
f 1627//1637 1677//1778 1676//1806
f 2188//2003 2131//1864 2137//2004
f 1805//1891 1919//1776 1887//1812
f 2078//2001 2086//1955 2083//1954
f 1776//1700 1925//1775 1815//1698
f 2029//1766 2017//1765 2030//2191
f 1720//2077 1715//2048 1722//1796
f 2143//2005 2154//1957 2055//1760
f 1779//2082 1817//1848 1778//1847
f 1914//2181 1867//2127 1911//2118
f 1681//1875 1684//1708 1685//1713
f 1714//1717 1706//2047 1718//1718
f 2074//1979 2071//1714 2070//2078
f 2084//2187 2077//2192 2029//1766
f 1857//2193 1856//2126 1855//1826
f 1734//1728 1656//1690 1735//1763
f 2058//2194 2061//1967 2056//1966
f 1815//1698 1925//1775 1777//1899
f 2055//1760 2154//1957 2057//1956
f 1786//2153 1901//1868 1840//1894
f 2152//1771 2158//1770 2159//2064
f 2058//2194 2056//1966 2057//1956
f 2057//1956 2160//1958 2058//2194
f 2089//2091 2093//1833 2090//2006
f 1699//1792 1701//1730 1702//1793
f 2166//2018 2058//2194 2160//1958
f 2081//2125 2080//1789 2031//1791
f 2012//2121 2179//1749 2014//1950
f 2179//1749 1968//1929 2014//1950
f 2061//1967 2068//1715 2062//1965
f 1654//1668 1734//1728 1651//1787
f 1718//1718 1720//2077 1728//1895
f 1713//1734 1649//1733 1648//2120
f 2183//1977 2094//1834 2095//2090
f 1916//2161 1872//1882 1874//2185
f 2097//2024 2103//2189 2184//1907
f 2186//2178 2118//2044 2127//1865
f 2067//2190 2189//2155 2173//2119
f 1871//1785 1914//2181 1775//1783
f 2110//2096 2111//1993 2101//2049
f 2048//2033 2049//1970 2044//1971
f 1712//1737 1711//1739 1710//1794
f 1989//2000 1993//1918 1986//1911
f 2071//1714 2065//2184 2070//2078
f 2091//2058 2096//2104 2098//2056
f 1974//1903 1978//1910 1987//1904
f 1609//1650 1628//1659 1674//1651
f 1716//1738 1715//2048 1711//1739
f 1701//1730 1699//1792 1635//1686
f 2050//1969 2038//1962 2049//1970
f 2038//1962 2041//1912 2049//1970
f 1966//1945 2177//1989 2171//1981
f 1781//2183 1894//1820 1780//2083
f 2187//1799 2132//1745 2142//2036
f 2135//2162 2131//1864 2130//1863
f 2075//2158 1923//1916 1922//2108
f 1980//2009 1982//1937 1976//1936
f 2176//1999 1971//2043 2175//2060
f 2012//2121 2010//1750 2179//1749
f 1850//1780 1849//2195 1845//1781
f 2127//1865 2134//2037 2186//2178
f 1596//1952 1597//1736 1695//1951
f 1751//2107 1631//1683 1635//1686
f 1975//2031 2173//2119 1969//1984
f 2135//2162 2128//2196 2024//1991
f 2055//1760 2188//2003 2143//2005
f 2152//1771 2148//2188 2024//1991
f 2127//1865 2122//2163 2130//1863
f 1735//1763 1736//1768 1734//1728
f 2033//1961 2034//1953 2032//1790
f 1827//2173 1822//2139 1837//2138
f 2125//1996 2019//1995 2113//2034
f 2157//1769 2162//2109 2158//1770
f 1723//1797 1668//1693 1727//1798
f 2178//1983 1985//2133 1977//2032
f 1698//1688 1700//1909 1645//1720
f 1728//1895 1725//1809 1729//1808
f 1595//1709 1682//2197 1594//1757
f 2039//1963 2034//1953 2033//1961
f 1676//1806 1677//1778 1675//1706
f 2144//2069 2138//2029 2147//1759
f 2168//2062 2158//1770 2162//2109
f 1847//2093 1857//2193 1855//1826
f 2181//1925 2041//1912 2092//1914
f 2040//2015 2035//2017 2034//1953
f 2167//1982 2171//1981 2163//2080
f 2181//1925 2045//2007 2044//1971
f 2023//2186 2128//2196 2123//2103
f 2146//2002 2131//1864 2188//2003
f 2163//2080 1973//1990 2161//2114
f 2154//1957 2143//2005 2148//2188
f 1819//1886 1893//1822 1818//2085
f 2045//2007 2097//2024 2046//2023
f 2149//2021 2144//2069 2155//2019
f 1983//1986 1988//1905 1990//2134
f 2084//2187 2091//2058 2018//2057
f 1980//2009 1975//2031 1977//2032
f 1612//1653 1628//1659 1611//2150
f 2030//2191 2084//2187 2029//1766
f 1970//1985 1971//2043 1974//1903
f 1986//1911 2005//1974 1997//1973
f 1733//1727 1594//1757 1732//1756
f 2161//2114 2054//1941 2163//2080
f 1991//2010 1992//1933 1990//2134
f 1615//1710 1596//1952 1686//1711
f 2112//1987 2115//1877 2108//2028
f 2005//1974 1993//1918 2010//1750
f 1841//1893 1842//2180 1837//2138
f 1719//2092 1724//1788 1652//1666
f 2185//2027 2113//2034 2019//1995
f 1738//1704 1756//1671 1757//1801
f 2026//2020 2151//2030 2149//2021
f 1628//1659 1610//1825 1611//2150
f 1750//1786 1677//1778 1680//1777
f 1724//1788 1655//1667 1652//1666
f 1635//1686 1634//1685 1701//1730
f 1917//2170 1876//1829 1877//1828
f 1729//1808 1731//1800 1728//1895
f 2060//2012 2155//2019 2059//2041
f 1895//1832 1831//2146 1896//1896
f 2134//2037 2138//2029 2139//1997
f 1922//2108 2177//1989 1966//1945
f 2155//2019 2150//1761 2059//2041
f 1706//2047 1714//1717 1708//2087
f 1909//2061 1860//1884 1852//2094
f 1897//2168 1834//2198 1830//1830
f 1682//2197 1683//2074 1594//1757
f 2090//2006 2093//1833 2045//2007
f 2103//2189 2114//1908 2184//1907
f 1636//1694 1637//1696 1632//1684
f 1866//1859 1862//2095 1865//2172
f 2104//2050 2111//1993 2120//1992
f 2093//1833 2099//2025 2045//2007
f 2002//1920 1988//1905 1997//1973
f 1700//1909 1693//1687 1696//1968
f 2109//1906 2046//2023 2184//1907
f 2119//2045 2129//1747 2111//1993
f 2124//1878 2126//1746 2136//1931
f 2066//2063 2067//2190 2069//2079
f 2024//1991 2137//2004 2135//2162
f 2121//2105 2106//2106 2020//2026
f 1595//1709 1594//1757 1733//1727
f 2138//2029 2149//2021 2151//2030
f 1648//2120 1730//1998 1658//1663
f 2137//2004 2148//2188 2143//2005
f 2017//1765 2028//1767 2016//1944
f 2174//2081 2189//2155 2170//2110
f 2007//1978 2004//2035 2009//1926
f 1738//1704 1759//2097 1758//1669
f 2185//2027 2117//1923 2103//2189
f 2001//1972 2006//1901 2000//1934
f 1985//2133 1983//1986 1990//2134
f 1704//2132 1706//2047 1708//2087
f 2095//2090 2102//1988 2183//1977
f 1713//1734 1723//1797 1716//1738
f 2160//1958 2159//2064 2165//1959
f 1831//2146 1782//2145 1783//1897
f 2172//2089 2175//2060 1971//2043
f 2167//1982 2017//1765 1966//1945
f 1629//1639 1628//1659 1678//1655
f 1721//1719 1719//2092 1714//1717
f 1648//2120 1755//1665 1713//1734
f 2039//1963 2033//1961 2042//1960
f 1682//2197 1595//1709 1684//1708
f 2172//2089 1971//2043 2174//2081
f 2067//2190 2170//2110 2189//2155
f 2091//2058 2030//2191 2017//1765
f 2106//2106 2096//2104 2091//2058
f 2054//1941 2020//2026 2167//1982
f 2017//1765 2167//1982 2091//2058
f 2091//2058 2167//1982 2106//2106
f 2020//2026 2106//2106 2167//1982
f 1775//1783 1811//2008 1807//1784
f 1811//2008 1775//1783 1808//2123
f 1775//1783 1914//2181 1808//2123
f 1809//1818 1885//1813 1888//2042
f 1885//1813 1914//2181 1881//2152
f 1914//2181 1885//1813 1808//2123
f 1809//1818 1808//2123 1885//1813
f 1619//1645 1622//2051 1623//1662
f 2140//1942 2053//1940 2153//1939
f 1669//1705 1743//2136 1676//1806
f 1598//1701 1807//1784 1811//2008
f 1598//1701 1647//1677 1616//1679
f 1602//1652 1603//1814 1622//2051
f 2003//2053 1998//1919 1994//1915
f 1972//2059 1981//2098 2176//1999
f 1746//1680 1769//1682 1770//1823
f 2067//2190 2066//2063 2168//2062
f 2066//2063 2165//1959 2159//2064
f 1758//1669 1759//2097 1745//1805
f 1759//2097 1625//1807 1745//1805
f 1905//2065 1853//1845 1854//2066
f 1630//2072 1593//1755 1594//1757
f 2062//1965 2068//1715 2064//2075
f 1945//2076 2026//2020 2155//2019
f 2060//2012 2062//1965 2064//2075
f 1945//2076 2155//2019 2060//2012
f 2070//2078 2065//2184 2069//2079
f 1924//1917 1967//1928 2011//1751
f 1596//1952 1673//1707 1675//1706
f 2086//1955 2089//2091 2090//2006
f 1630//2072 1683//2074 1689//2086
f 1751//2107 1704//2132 1633//2073
f 1704//2132 1708//2087 1633//2073
f 1921//2116 1908//2117 1862//2095
f 1908//2117 1847//2093 1862//2095
f 1847//2093 1903//2129 1852//2094
f 1852//2094 1860//1884 1862//2095
f 2177//1989 1922//2108 1994//1915
f 1922//2108 1923//1916 1994//1915
f 1994//1915 1981//2098 2177//1989
f 1981//2098 1972//2059 1973//1990
f 1923//1916 2078//2001 2076//1946
f 1946//2199 1945//2076 1947//2100
f 1945//2076 2064//2075 1947//2100
f 1956//2200 1955//2201 1995//1889
f 1955//2201 1954//2202 1995//1889
f 1954//2202 1953//2203 1982//1937
f 1953//2203 1952//2204 1982//1937
f 1952//2204 1951//2205 2074//1979
f 1951//2205 1950//2206 2071//1714
f 2074//1979 1951//2205 2071//1714
f 1950//2206 1949//2207 2071//1714
f 1949//2207 2064//2075 2068//1715
f 2071//1714 1949//2207 2068//1715
f 1982//1937 1952//2204 2074//1979
f 1957//2101 1956//2200 1996//1888
f 1959//2208 1958//2209 2008//1900
f 1958//2209 1957//2101 1992//1933
f 2008//1900 1958//2209 1992//1933
f 1961//2210 1960//2211 2013//1902
f 1960//2211 1959//2208 2013//1902
f 1963//2212 1962//2213 2027//1927
f 1962//2213 1961//2210 2027//1927
f 1925//2214 1964//2215 1968//1929
f 1964//2215 1963//2212 2015//1949
f 2015//1949 1968//1929 1964//2215
f 2027//1927 2015//1949 1963//2212
f 2013//1902 1959//2208 2008//1900
f 2013//1902 2027//1927 1961//2210
f 1954//2202 1982//1937 1995//1889
f 1956//2200 1995//1889 1996//1888
f 2025//1922 2026//2020 1944//2216
f 2026//2020 1945//2076 1944//2216
f 2025//1922 1944//2216 1943//2217
f 1943//2217 1942//2218 2025//1922
f 1942//2218 1941//2219 2142//2036
f 2025//1922 1942//2218 2142//2036
f 1941//2219 1940//2220 2022//1932
f 1940//2220 1939//2221 2133//1930
f 2022//1932 1940//2220 2133//1930
f 1939//2221 1938//2222 2133//1930
f 1938//2222 1937//2223 2021//1994
f 2133//1930 1938//2222 2021//1994
f 1937//2223 1936//2224 2019//1995
f 1936//2224 1935//2102 2117//1923
f 1935//2102 1934//2225 2109//1906
f 1934//2225 1933//2226 2109//1906
f 1933//2226 1932//2227 2052//2040
f 1932//2227 1931//2228 2050//1969
f 1931//2228 1930//2229 2050//1969
f 1930//2229 1929//2230 2043//1964
f 1929//2230 1928//2231 2040//2015
f 1928//2231 1927//2232 2040//2015
f 1927//2232 1926//2233 2036//2016
f 1926//2233 1925//2214 1968//1929
f 2036//2016 1926//2233 1968//1929
f 2036//2016 2040//2015 1927//2232
f 1932//2227 2050//1969 2052//2040
f 1930//2229 2043//1964 2050//1969
f 1936//2224 2117//1923 2019//1995
f 1929//2230 2040//2015 2043//1964
f 2022//1932 2142//2036 1941//2219
f 1933//2226 2052//2040 2109//1906
f 2019//1995 2021//1994 1937//2223
f 1630//2072 1631//1683 1751//2107
f 2016//1944 2028//1767 1922//2108
f 2028//1767 2077//2192 1922//2108
f 2077//2192 2075//2158 1922//2108
f 2080//1789 2079//1948 2082//1947
f 1606//2111 1746//1680 1667//1658
f 1752//1740 1698//1688 1645//1720
f 1830//1830 1834//2198 1816//2112
f 1816//2112 1891//1872 1889//1873
f 1892//2113 1920//2149 1824//1831
f 1816//2112 1889//1873 1892//2113
f 1824//1831 1830//1830 1892//2113
f 1599//1842 1653//1640 1647//1677
f 2161//2114 2156//1943 2153//1939
f 2052//2040 2048//2033 2044//1971
f 1870//2055 1916//2161 1913//2115
f 1688//1754 1689//2086 1683//2074
f 2088//1913 2032//1790 2082//1947
f 1861//2182 1857//2193 1908//2117
f 1908//2117 1921//2116 1913//2115
f 1913//2115 1873//2171 1911//2118
f 1911//2118 1861//2182 1908//2117
f 1772//2071 1613//2144 1679//1779
f 1679//1779 1613//2144 1773//2067
f 1731//1800 1726//1803 1724//1788
f 2073//1935 2072//1980 2069//2079
f 1705//1729 1709//1676 1648//2120
f 1666//1691 1668//1693 1755//1665
f 2004//2035 2012//2121 2027//1927
f 1663//1758 1623//1662 1765//1703
f 1809//1818 1813//1817 1892//2113
f 1813//1817 1818//2085 1892//2113
f 1818//2085 1920//2149 1892//2113
f 1892//2113 1889//1873 1808//2123
f 1889//1873 1810//1843 1808//2123
f 2038//1962 2033//1961 2088//1913
f 1850//1780 1904//1846 1853//1845
f 1670//1724 1742//1772 1664//1726
f 1832//2140 1833//2175 1839//2130
f 1833//2175 1900//2131 1839//2130
f 1900//2131 1845//1781 1849//2195
f 1849//2195 1852//2094 1900//2131
f 1852//2094 1903//2129 1900//2131
f 1617//1876 1754//1741 1645//1720
f 1710//1794 1706//2047 1704//2132
f 2013//1902 2002//1920 2007//1978
f 2022//1932 2136//1931 2126//1746
f 2126//1746 2187//1799 2022//1932
f 1711//1739 1715//2048 1706//2047
f 1741//2038 1744//1743 1738//1704
f 2107//2135 2122//2163 2110//2096
f 1740//1762 1662//1673 1745//1805
f 1663//1758 1766//2122 1767//2070
f 1618//1644 1709//1676 1642//1675
f 2170//2110 2162//2109 2164//2137
f 1616//1679 1680//1777 1614//2068
f 1816//2112 1834//2198 1837//2138
f 1768//1647 1604//1646 1832//2140
f 1796//2142 1797//1861 1869//1858
f 1790//1844 1791//1874 1854//2066
f 1599//1842 1760//1702 1811//2008
f 1788//2143 1846//1892 1844//1867
f 1868//2128 1871//1785 1773//2067
f 1770//1823 1906//1824 1855//1826
f 1824//1831 1920//2149 1826//2148
f 1920//2149 1818//2085 1893//1822
f 1855//1826 1856//2126 1611//2150
f 1884//1885 1885//1813 1881//2152
f 1786//2153 1840//1894 1838//2014
f 1801//2154 1879//2165 1877//1828
f 1771//1654 1856//2126 1868//2128
f 1975//2031 1980//2009 1976//1936
f 1767//2070 1766//2122 1828//1816
f 1799//2156 1874//2185 1872//1882
f 1812//1860 1601//1641 1600//1841
f 1843//2157 1842//2180 1902//1782
f 1812//1860 1814//1815 1602//1652
f 2089//2091 2086//1955 2180//2159
f 2086//1955 2078//2001 2075//2158
f 2180//2159 2075//2158 2077//2192
f 1997//1973 1988//1905 1987//1904
f 1875//2160 1873//2171 1913//2115
f 1793//2164 1859//1883 1858//1840
f 1917//2170 1880//2166 1873//2171
f 2169//2088 2172//2089 2174//2081
f 1984//1890 1977//2032 1985//2133
f 1802//2176 1803//2177 1883//1870
f 1896//1896 1897//2168 1830//1830
f 1835//1854 1898//1853 1897//2168
f 1763//1660 1623//1662 1622//2051
f 1876//1829 1874//2185 1799//2156
f 1924//1917 2076//1946 2081//2125
f 2076//1946 2079//1948 2081//2125
f 2079//1948 2080//1789 2081//2125
f 1813//1817 1776//1700 1890//1699
f 2120//1992 2129//1747 2126//1746
f 2123//2103 2128//2196 2098//2056
f 2128//2196 2122//2163 2098//2056
f 2122//2163 2107//2135 2098//2056
f 1829//2147 1895//1832 1824//1831
f 1882//1869 1879//2165 1801//2154
f 1915//1862 1916//2161 1870//2055
f 1814//1815 1822//2139 1823//2174
f 1914//2181 1871//1785 1868//2128
f 2065//2184 2063//1716 2165//1959
f 1899//2167 1898//1853 1838//2014
f 1795//2179 1864//1850 1910//1849
f 2023//2186 2140//1942 2156//1943
f 2156//1943 2164//2137 2157//1769
f 2157//1769 2024//1991 2023//2186
f 2018//2057 2098//2056 2107//2135
f 2107//2135 2095//2090 2018//2057
f 2095//2090 2089//2091 2018//2057
f 2018//2057 2089//2091 2180//2159
f 1741//2038 1729//1808 1727//1798
f 1968//1929 1967//1928 2085//2046
f 2148//2188 2152//1771 2160//1958
f 2103//2189 2097//2024 2100//1976
f 2116//1879 2124//1878 2133//1930
f 1689//2086 1688//1754 1692//1723
f 1989//2000 2176//1999 1981//2098
f 2169//2088 2164//2137 2156//1943
f 2156//1943 2161//2114 2169//2088
f 2161//2114 1973//1990 1972//2059
f 2175//2060 2161//2114 1972//2059
f 1779//2082 1820//2084 1817//1848
f 1867//2127 1861//2182 1911//2118
f 1911//2118 1873//2171 1878//2124
f 1878//2124 1881//2152 1911//2118
f 1881//2152 1914//2181 1911//2118
f 1681//1875 1682//2197 1684//1708
f 2180//2159 2077//2192 2084//2187
f 2077//2192 2028//1767 2029//1766
f 1857//2193 1861//2182 1856//2126
f 2058//2194 2166//2018 2061//1967
f 1786//2153 1787//1866 1901//1868
f 2089//2091 2094//1834 2093//1833
f 1916//2161 1915//1862 1872//1882
f 2110//2096 2118//2044 2111//1993
f 1989//2000 1998//1919 1993//1918
f 2071//1714 2063//1716 2065//2184
f 1609//1650 1610//1825 1628//1659
f 1716//1738 1722//1796 1715//2048
f 1781//2183 1825//1821 1894//1820
f 2135//2162 2137//2004 2131//1864
f 2075//2158 2078//2001 1923//1916
f 2012//2121 2004//2035 2010//1750
f 1850//1780 1905//2065 1849//2195
f 2127//1865 2141//2011 2134//2037
f 2122//2163 2128//2196 2135//2162
f 2128//2196 2023//2186 2024//1991
f 2055//1760 2146//2002 2188//2003
f 2127//1865 2110//2096 2122//2163
f 1845//1781 1900//2131 1843//2157
f 1900//2131 1833//2175 1827//2173
f 1827//2173 1823//2174 1822//2139
f 1900//2131 1827//2173 1837//2138
f 1843//2157 1900//2131 1837//2138
f 1837//2138 1842//2180 1843//2157
f 2157//1769 2164//2137 2162//2109
f 1723//1797 1755//1665 1668//1693
f 1698//1688 1693//1687 1700//1909
f 2039//1963 2040//2015 2034//1953
f 2168//2062 2159//2064 2158//1770
f 1847//2093 1908//2117 1857//2193
f 2181//1925 2044//1971 2041//1912
f 2121//2105 2020//2026 2123//2103
f 2020//2026 2053//1940 2123//2103
f 2053//1940 2140//1942 2123//2103
f 2140//1942 2023//2186 2123//2103
f 2146//2002 2141//2011 2131//1864
f 2163//2080 2171//1981 1973//1990
f 2084//2187 2030//2191 2091//2058
f 1612//1653 1678//1655 1628//1659
f 1970//1985 2174//2081 1971//2043
f 1986//1911 1993//1918 2005//1974
f 1732//1756 1593//1755 1719//2092
f 1593//1755 1708//2087 1719//2092
f 1719//2092 1651//1787 1732//1756
f 1651//1787 1733//1727 1732//1756
f 1991//2010 2000//1934 1992//1933
f 2112//1987 2120//1992 2115//1877
f 1834//2198 1899//2167 1837//2138
f 1899//2167 1841//1893 1837//2138
f 1719//2092 1721//1719 1724//1788
f 1917//2170 1875//2160 1876//1829
f 1895//1832 1829//2147 1831//2146
f 1849//2195 1905//2065 1852//2094
f 1905//2065 1909//2061 1852//2094
f 1897//2168 1899//2167 1834//2198
f 1682//2197 1681//1875 1683//2074
f 1866//1859 1921//2116 1862//2095
f 2093//1833 2182//1835 2099//2025
f 2067//2190 2173//2119 2069//2079
f 2069//2079 2165//1959 2066//2063
f 2024//1991 2148//2188 2137//2004
f 2025//1922 2139//1997 2151//2030
f 2139//1997 2138//2029 2151//2030
f 1648//2120 1709//1676 1730//1998
f 2174//2081 1969//1984 2189//2155
f 2019//1995 2117//1923 2185//2027
f 2117//1923 2114//1908 2103//2189
f 2000//1934 1991//2010 2001//1972
f 2001//1972 2002//1920 2006//1901
f 1985//2133 2178//1983 1983//1986
f 2095//2090 2101//2049 2102//1988
f 2160//1958 2152//1771 2159//2064
f 1648//2120 1658//1663 1755//1665
l 1965 1966
