mtllib lighthouse.mtl
usemtl dirt
v 3.375 11.25 4.375
v 3.375 11.25 4.625
v 3.625 11.25 4.375
v 3.625 11.25 4.625
v 3.3125 11 4.3125
v 3.3125 11 4.6875
v 3.6875 11 4.3125
v 3.6875 11 4.6875
v -15 1 -14
v -15 1 -15
v -14 1 -15
v -14 1 -14
v -15 2 -14
v -15 2 -15
v -14 2 -15
v -14 2 -14
v -15 3 -14
v -15 3 -15
v -14 3 -15
v -14 3 -14
v -15 4 -14
v -14 4 -14
v -15 2 -13
v -14 2 -13
v -15 3 -13
v -14 3 -13
v -15 4 -13
v -14 4 -13
v -15 5 -13
v -14 5 -13
v -14 3 -12
v -15 4 -12
v -14 4 -12
v -15 5 -12
v -14 5 -12
v -15 4 -11
v -14 4 -11
v -15 5 -11
v -14 5 -11
v -15 6 -11
v -14 6 -11
v -14 4 -10
v -15 5 -10
v -14 5 -10
v -15 6 -10
v -14 6 -10
v -14 5 -9
v -15 6 -9
v -14 6 -9
v -15 7 -9
v -14 7 -9
v -15 5 -8
v -14 5 -8
v -15 6 -8
v -14 6 -8
v -15 7 -8
v -14 7 -8
v -15 8 -8
v -15 8 -9
v -14 8 -9
v -14 8 -8
v -15 5 -7
v -14 5 -7
v -15 6 -7
v -14 6 -7
v -15 7 -7
v -14 7 -7
v -15 8 -7
v -14 8 -7
v -15 6 -6
v -14 6 -6
v -15 7 -6
v -14 7 -6
v -15 8 -6
v -14 8 -6
v -15 6 -5
v -14 6 -5
v -15 7 -5
v -14 7 -5
v -15 8 -5
v -14 8 -5
v -15 6 -4
v -14 6 -4
v -15 7 -4
v -14 7 -4
v -15 8 -4
v -14 8 -4
v -15 1 -3
v -14 1 -3
v -15 2 -3
v -14 2 -3
v -15 3 -3
v -14 3 -3
v -15 6 -3
v -14 6 -3
v -15 7 -3
v -14 7 -3
v -15 8 -3
v -14 8 -3
v -15 1 -2
v -14 1 -2
v -15 2 -2
v -14 2 -2
v -15 3 -2
v -14 3 -2
v -14 6 -2
v -15 7 -2
v -14 7 -2
v -15 8 -2
v -14 8 -2
v -15 1 -1
v -14 1 -1
v -15 2 -1
v -14 2 -1
v -15 3 -1
v -14 3 -1
v -14 6 -1
v -15 7 -1
v -14 7 -1
v -15 8 -1
v -14 8 -1
v -14 6 0
v -15 7 0
v -14 7 0
v -15 8 0
v -14 8 0
v -15 9 0
v -14 9 0
v -14 6 1
v -15 7 1
v -14 7 1
v -15 8 1
v -14 8 1
v -15 9 1
v -14 9 1
v -14 6 2
v -15 7 2
v -14 7 2
v -15 8 2
v -14 8 2
v -15 9 2
v -14 9 2
v -15 7 3
v -14 7 3
v -15 8 3
v -14 8 3
v -15 9 3
v -14 9 3
v -15 7 4
v -14 7 4
v -15 8 4
v -14 8 4
v -15 9 4
v -14 9 4
v -14 7 5
v -15 8 5
v -14 8 5
v -15 9 5
v -14 9 5
v -14 7 6
v -15 8 6
v -14 8 6
v -15 9 6
v -14 9 6
v -15 8 7
v -14 8 7
v -15 9 7
v -14 9 7
v -15 10 7
v -14 10 7
v -15 8 8
v -14 8 8
v -15 9 8
v -14 9 8
v -15 10 8
v -14 10 8
v -15 8 9
v -14 8 9
v -15 9 9
v -14 9 9
v -15 10 9
v -14 10 9
v -15 8 10
v -14 8 10
v -15 9 10
v -14 9 10
v -15 10 10
v -14 10 10
v -15 9 11
v -14 9 11
v -15 10 11
v -14 10 11
v -15 9 12
v -14 9 12
v -15 10 12
v -14 10 12
v -15 9 13
v -14 9 13
v -15 10 13
v -14 10 13
v -15 11 13
v -14 11 13
v -15 9 14
v -14 9 14
v -15 10 14
v -14 10 14
v -15 11 14
v -14 11 14
v -15 12 14
v -14 12 14
v -14 9 15
v -15 10 15
v -14 10 15
v -15 12 15
v -14 12 15
v -15 10 16
v -14 10 16
v -15 12 16
v -14 12 16
v -13 1 -15
v -13 1 -14
v -13 2 -15
v -13 2 -14
v -13 3 -15
v -13 3 -14
v -13 4 -14
v -13 1 -13
v -13 2 -13
v -13 3 -13
v -13 4 -13
v -13 5 -13
v -13 2 -12
v -13 3 -12
v -13 4 -12
v -13 5 -12
v -13 3 -11
v -13 4 -11
v -13 5 -11
v -13 6 -11
v -13 4 -10
v -13 5 -10
v -13 6 -10
v -13 4 -9
v -13 5 -9
v -13 6 -9
v -13 7 -9
v -13 5 -8
v -13 6 -8
v -13 7 -8
v -13 8 -8
v -13 5 -7
v -13 6 -7
v -13 7 -7
v -13 8 -7
v -13 5 -6
v -13 6 -6
v -13 7 -6
v -13 8 -6
v -13 5 -5
v -13 6 -5
v -13 7 -5
v -13 8 -5
v -13 6 -4
v -13 7 -4
v -13 8 -4
v -13 6 -3
v -13 7 -3
v -13 8 -3
v -13 6 -2
v -13 7 -2
v -13 8 -2
v -13 6 -1
v -13 7 -1
v -13 8 -1
v -13 6 0
v -13 7 0
v -13 8 0
v -13 6 1
v -13 7 1
v -13 8 1
v -13 9 1
v -13 6 2
v -13 7 2
v -13 8 2
v -13 9 2
v -13 6 3
v -13 7 3
v -13 8 3
v -13 9 3
v -13 7 4
v -13 8 4
v -13 9 4
v -13 7 5
v -13 8 5
v -13 9 5
v -13 7 6
v -13 8 6
v -13 9 6
v -13 7 7
v -13 8 7
v -13 9 7
v -13 7 8
v -13 8 8
v -13 9 8
v -13 10 8
v -13 8 9
v -13 9 9
v -13 10 9
v -13 8 10
v -13 9 10
v -13 10 10
v -13 9 11
v -13 10 11
v -13 9 12
v -13 10 12
v -13 9 13
v -13 10 13
v -13 11 13
v -13 9 14
v -13 10 14
v -13 11 14
v -13 12 14
v -13 9 15
v -13 10 15
v -13 11 15
v -13 12 15
v -13 9 16
v -13 10 16
v -13 12 16
v -12 1 -15
v -12 1 -14
v -12 2 -15
v -12 2 -14
v -12 3 -15
v -12 3 -14
v -12 4 -14
v -12 1 -13
v -12 2 -13
v -12 3 -13
v -12 4 -13
v -12 1 -12
v -12 2 -12
v -12 3 -12
v -12 4 -12
v -12 5 -12
v -12 2 -11
v -12 3 -11
v -12 4 -11
v -12 5 -11
v -12 3 -10
v -12 4 -10
v -12 5 -10
v -12 6 -10
v -12 3 -9
v -12 4 -9
v -12 5 -9
v -12 6 -9
v -12 7 -9
v -12 4 -8
v -12 5 -8
v -12 6 -8
v -12 7 -8
v -12 5 -7
v -12 6 -7
v -12 7 -7
v -12 8 -7
v -12 5 -6
v -12 6 -6
v -12 7 -6
v -12 8 -6
v -12 5 -5
v -12 6 -5
v -12 7 -5
v -12 8 -5
v -12 5 -4
v -12 6 -4
v -12 7 -4
v -12 8 -4
v -12 6 -3
v -12 7 -3
v -12 8 -3
v -12 6 -2
v -12 7 -2
v -12 8 -2
v -12 6 -1
v -12 7 -1
v -12 8 -1
v -12 6 0
v -12 7 0
v -12 8 0
v -12 5 1
v -12 6 1
v -12 7 1
v -12 8 1
v -12 5 2
v -12 6 2
v -12 7 2
v -12 8 2
v -12 9 2
v -12 6 3
v -12 7 3
v -12 8 3
v -12 9 3
v -12 6 4
v -12 7 4
v -12 8 4
v -12 9 4
v -12 7 5
v -12 8 5
v -12 9 5
v -12 7 6
v -12 8 6
v -12 9 6
v -12 7 7
v -12 8 7
v -12 9 7
v -12 7 8
v -12 8 8
v -12 9 8
v -12 10 8
v -12 7 9
v -12 8 9
v -12 9 9
v -12 10 9
v -12 9 10
v -12 10 10
v -12 9 11
v -12 10 11
v -12 9 12
v -12 10 12
v -12 9 13
v -12 10 13
v -12 9 14
v -12 10 14
v -12 11 14
v -12 9 15
v -12 10 15
v -12 11 15
v -12 12 15
v -12 9 16
v -12 10 16
v -12 11 16
v -12 12 16
v -11 1 -15
v -11 1 -14
v -11 2 -15
v -11 2 -14
v -11 3 -15
v -11 3 -14
v -11 4 -14
v -11 1 -13
v -11 2 -13
v -11 3 -13
v -11 4 -13
v -11 1 -12
v -11 2 -12
v -11 3 -12
v -11 4 -12
v -11 5 -12
v -11 1 -11
v -11 2 -11
v -11 3 -11
v -11 4 -11
v -11 5 -11
v -11 2 -10
v -11 3 -10
v -11 4 -10
v -11 5 -10
v -11 2 -9
v -11 3 -9
v -11 4 -9
v -11 5 -9
v -11 6 -9
v -11 3 -8
v -11 4 -8
v -11 5 -8
v -11 6 -8
v -11 7 -8
v -11 4 -7
v -11 5 -7
v -11 6 -7
v -11 7 -7
v -11 5 -6
v -11 6 -6
v -11 7 -6
v -11 8 -6
v -11 5 -5
v -11 6 -5
v -11 7 -5
v -11 8 -5
v -11 5 -4
v -11 6 -4
v -11 7 -4
v -11 8 -4
v -11 6 -3
v -11 7 -3
v -11 8 -3
v -11 6 -2
v -11 7 -2
v -11 8 -2
v -11 5 -1
v -11 6 -1
v -11 7 -1
v -11 8 -1
v -11 5 0
v -11 6 0
v -11 7 0
v -11 8 0
v -11 5 1
v -11 6 1
v -11 7 1
v -11 8 1
v -11 5 2
v -11 6 2
v -11 7 2
v -11 8 2
v -11 5 3
v -11 6 3
v -11 7 3
v -11 8 3
v -11 9 3
v -11 6 4
v -11 7 4
v -11 8 4
v -11 9 4
v -11 7 5
v -11 8 5
v -11 9 5
v -11 7 6
v -11 8 6
v -11 9 6
v -11 7 7
v -11 8 7
v -11 9 7
v -11 7 8
v -11 8 8
v -11 9 8
v -11 7 9
v -11 8 9
v -11 9 9
v -11 10 9
v -11 8 10
v -11 9 10
v -11 10 10
v -11 8 11
v -11 9 11
v -11 10 11
v -11 9 12
v -11 10 12
v -11 9 13
v -11 10 13
v -11 9 14
v -11 10 14
v -11 9 15
v -11 10 15
v -11 11 15
v -11 9 16
v -11 10 16
v -11 11 16
v -10 1 -15
v -10 1 -14
v -10 2 -15
v -10 2 -14
v -10 3 -15
v -10 3 -14
v -10 4 -14
v -10 1 -13
v -10 2 -13
v -10 3 -13
v -10 4 -13
v -10 1 -12
v -10 2 -12
v -10 3 -12
v -10 4 -12
v -10 1 -11
v -10 2 -11
v -10 3 -11
v -10 4 -11
v -10 5 -11
v -10 1 -10
v -10 2 -10
v -10 3 -10
v -10 4 -10
v -10 5 -10
v -10 2 -9
v -10 3 -9
v -10 4 -9
v -10 5 -9
v -10 3 -8
v -10 4 -8
v -10 5 -8
v -10 6 -8
v -10 3 -7
v -10 4 -7
v -10 5 -7
v -10 6 -7
v -10 7 -7
v -10 4 -6
v -10 5 -6
v -10 6 -6
v -10 7 -6
v -10 5 -5
v -10 6 -5
v -10 7 -5
v -10 8 -5
v -10 5 -4
v -10 6 -4
v -10 7 -4
v -10 8 -4
v -10 6 -3
v -10 7 -3
v -10 8 -3
v -10 6 -2
v -10 7 -2
v -10 8 -2
v -10 5 -1
v -10 6 -1
v -10 7 -1
v -10 8 -1
v -10 5 0
v -10 6 0
v -10 7 0
v -10 8 0
v -10 5 1
v -10 6 1
v -10 7 1
v -10 8 1
v -10 5 2
v -10 6 2
v -10 7 2
v -10 8 2
v -10 5 3
v -10 6 3
v -10 7 3
v -10 8 3
v -10 6 4
v -10 7 4
v -10 8 4
v -10 9 4
v -10 8 5
v -10 9 5
v -10 8 6
v -10 9 6
v -10 7 7
v -10 8 7
v -10 9 7
v -10 7 8
v -10 8 8
v -10 9 8
v -10 8 9
v -10 9 9
v -10 8 10
v -10 9 10
v -10 10 10
v -10 8 11
v -10 9 11
v -10 10 11
v -10 8 12
v -10 9 12
v -10 10 12
v -10 9 13
v -10 10 13
v -10 0 14
v -10 1 14
v -10 9 14
v -10 10 14
v -10 0 15
v -10 1 15
v -10 2 15
v -10 9 15
v -10 10 15
v -10 0 16
v -10 1 16
v -10 2 16
v -10 9 16
v -10 10 16
v -9 1 -15
v -9 1 -14
v -9 2 -15
v -9 2 -14
v -9 3 -15
v -9 3 -14
v -9 4 -14
v -9 1 -13
v -9 2 -13
v -9 3 -13
v -9 4 -13
v -9 1 -12
v -9 2 -12
v -9 3 -12
v -9 4 -12
v -9 1 -11
v -9 2 -11
v -9 3 -11
v -9 4 -11
v -9 1 -10
v -9 2 -10
v -9 3 -10
v -9 4 -10
v -9 1 -9
v -9 2 -9
v -9 3 -9
v -9 4 -9
v -9 5 -9
v -9 2 -8
v -9 3 -8
v -9 4 -8
v -9 5 -8
v -9 3 -7
v -9 4 -7
v -9 5 -7
v -9 6 -7
v -9 3 -6
v -9 4 -6
v -9 5 -6
v -9 6 -6
v -9 7 -6
v -9 4 -5
v -9 5 -5
v -9 6 -5
v -9 7 -5
v -9 5 -4
v -9 6 -4
v -9 7 -4
v -9 8 -4
v -9 6 -3
v -9 7 -3
v -9 8 -3
v -9 5 -2
v -9 6 -2
v -9 7 -2
v -9 8 -2
v -9 5 -1
v -9 6 -1
v -9 7 -1
v -9 8 -1
v -9 5 0
v -9 6 0
v -9 7 0
v -9 8 0
v -9 5 1
v -9 6 1
v -9 7 1
v -9 8 1
v -9 5 2
v -9 6 2
v -9 7 2
v -9 8 2
v -9 5 3
v -9 6 3
v -9 7 3
v -9 8 3
v -9 5 4
v -9 6 4
v -9 8 4
v -9 9 4
v -9 6 5
v -9 8 5
v -9 9 5
v -9 6 6
v -9 8 6
v -9 9 6
v -9 7 7
v -9 7 6
v -9 8 7
v -9 9 7
v -9 7 8
v -9 8 8
v -9 9 8
v -9 8 9
v -9 9 9
v -9 8 10
v -9 9 10
v -9 10 10
v -9 8 11
v -9 9 11
v -9 10 11
v -9 8 12
v -9 9 12
v -9 10 12
v -9 8 13
v -9 9 13
v -9 10 13
v -9 0 14
v -9 1 14
v -9 9 14
v -9 10 14
v -9 0 15
v -9 1 15
v -9 2 15
v -9 9 15
v -9 10 15
v -9 0 16
v -9 1 16
v -9 2 16
v -9 9 16
v -9 10 16
v -8 1 -15
v -8 1 -14
v -8 2 -15
v -8 2 -14
v -8 3 -15
v -8 3 -14
v -8 4 -14
v -8 1 -13
v -8 2 -13
v -8 3 -13
v -8 4 -13
v -8 1 -12
v -8 2 -12
v -8 3 -12
v -8 4 -12
v -8 1 -11
v -8 2 -11
v -8 3 -11
v -8 4 -11
v -8 1 -10
v -8 2 -10
v -8 3 -10
v -8 1 -9
v -8 2 -9
v -8 3 -9
v -8 1 -8
v -8 2 -8
v -8 3 -8
v -8 2 -7
v -8 3 -7
v -8 4 -7
v -8 5 -7
v -8 2 -6
v -8 3 -6
v -8 4 -6
v -8 5 -6
v -8 4 -5
v -8 5 -5
v -8 6 -5
v -8 5 -4
v -8 6 -4
v -8 7 -4
v -8 6 -3
v -8 7 -3
v -8 5 -2
v -8 6 -2
v -8 7 -2
v -8 8 -2
v -8 5 -1
v -8 6 -1
v -8 7 -1
v -8 8 -1
v -8 5 0
v -8 6 0
v -8 7 0
v -8 8 0
v -8 5 1
v -8 6 1
v -8 7 1
v -8 8 1
v -8 5 2
v -8 6 2
v -8 7 2
v -8 8 2
v -8 5 3
v -8 6 3
v -8 7 3
v -8 8 3
v -8 5 4
v -8 6 4
v -9 7 4
v -8 7 4
v -8 8 4
v -8 5 5
v -8 6 5
v -9 7 5
v -8 7 5
v -8 8 5
v -8 9 5
v -8 6 6
v -8 7 6
v -8 8 6
v -8 9 6
v -8 7 7
v -8 8 7
v -8 9 7
v -8 7 8
v -8 8 8
v -8 9 8
v -8 7 9
v -8 8 9
v -8 9 9
v -8 8 10
v -8 9 10
v -8 8 11
v -8 9 11
v -8 10 11
v -8 8 12
v -8 9 12
v -8 10 12
v -8 8 13
v -8 9 13
v -8 10 13
v -8 0 14
v -8 1 14
v -8 9 14
v -8 10 14
v -8 0 15
v -8 1 15
v -8 2 15
v -8 9 15
v -8 10 15
v -8 0 16
v -8 1 16
v -8 2 16
v -8 9 16
v -8 10 16
v -7 0 -14
v -7 0 -15
v -7 1 -15
v -7 1 -14
v -7 2 -15
v -7 2 -14
v -7 3 -15
v -7 3 -14
v -7 1 -13
v -7 2 -13
v -7 3 -13
v -7 1 -12
v -7 2 -12
v -7 3 -12
v -7 1 -11
v -7 2 -11
v -7 3 -11
v -7 1 -10
v -7 2 -10
v -7 3 -10
v -7 1 -9
v -7 2 -9
v -7 3 -9
v -7 1 -8
v -7 2 -8
v -7 3 -8
v -7 1 -7
v -7 2 -7
v -7 3 -7
v -7 1 -6
v -7 2 -6
v -7 3 -6
v -7 4 -6
v -7 3 -5
v -7 4 -5
v -7 4 -4
v -7 5 -4
v -7 4 -3
v -7 5 -3
v -7 6 -4
v -7 6 -3
v -7 7 -3
v -7 6 -2
v -7 7 -2
v -7 5 -1
v -7 6 -1
v -7 7 -1
v -7 5 0
v -7 6 0
v -7 7 0
v -7 5 1
v -7 6 1
v -7 7 1
v -7 8 1
v -7 5 2
v -7 6 2
v -7 7 2
v -7 8 2
v -7 5 3
v -7 6 3
v -7 7 3
v -7 8 3
v -7 5 4
v -7 6 4
v -7 7 4
v -7 8 4
v -7 5 5
v -7 6 5
v -7 7 5
v -7 8 5
v -7 5 6
v -7 6 6
v -7 7 6
v -7 8 6
v -7 7 7
v -7 8 7
v -7 7 8
v -7 8 8
v -7 9 8
v -7 7 9
v -7 8 9
v -7 9 9
v -7 7 10
v -7 8 10
v -7 9 10
v -7 8 11
v -7 9 11
v -7 8 12
v -7 9 12
v -7 10 12
v -7 8 13
v -7 9 13
v -7 10 13
v -7 9 14
v -7 10 14
v -7 0 15
v -7 1 15
v -7 9 15
v -7 10 15
v -7 0 16
v -7 1 16
v -7 9 16
v -7 10 16
v -6 0 -14
v -6 0 -15
v -6 1 -15
v -6 1 -14
v -6 2 -15
v -6 2 -14
v -6 3 -14
v -6 0 -13
v -6 1 -13
v -6 2 -13
v -6 3 -13
v -6 0 -12
v -6 1 -12
v -6 2 -12
v -6 3 -12
v -6 1 -11
v -6 2 -11
v -6 3 -11
v -6 1 -10
v -6 2 -10
v -6 3 -10
v -6 1 -9
v -6 2 -9
v -6 3 -9
v -6 1 -8
v -6 2 -8
v -6 3 -8
v -6 1 -7
v -6 2 -7
v -6 3 -7
v -6 1 -6
v -6 2 -6
v -6 3 -6
v -6 4 -6
v -6 2 -5
v -6 3 -5
v -6 4 -5
v -6 4 -4
v -6 5 -4
v -6 4 -3
v -6 5 -3
v -6 6 -3
v -6 6 -2
v -6 7 -2
v -6 5 -1
v -6 6 -1
v -6 7 -1
v -6 5 0
v -6 6 0
v -6 7 0
v -6 5 1
v -6 6 1
v -6 7 1
v -6 8 1
v -6 5 2
v -6 6 2
v -6 7 2
v -6 8 2
v -6 5 3
v -6 6 3
v -6 7 3
v -6 8 3
v -6 5 4
v -6 6 4
v -6 7 4
v -6 8 4
v -6 5 5
v -6 6 5
v -6 7 5
v -6 8 5
v -6 5 6
v -6 6 6
v -6 7 6
v -6 8 6
v -6 7 7
v -6 8 7
v -6 7 8
v -6 8 8
v -6 7 9
v -6 8 9
v -6 9 9
v -6 7 10
v -6 8 10
v -6 9 10
v -6 8 11
v -6 9 11
v -6 8 12
v -6 9 12
v -6 8 13
v -6 9 13
v -6 10 13
v -6 9 14
v -6 10 14
v -6 0 15
v -6 1 15
v -6 9 15
v -6 10 15
v -6 0 16
v -6 1 16
v -6 9 16
v -6 10 16
v -5 0 -14
v -5 0 -15
v -5 1 -15
v -5 1 -14
v -5 2 -14
v -5 0 -13
v -5 1 -13
v -5 2 -13
v -5 0 -12
v -5 1 -12
v -5 2 -12
v -5 3 -12
v -5 0 -11
v -5 1 -11
v -5 2 -11
v -5 3 -11
v -5 1 -10
v -5 2 -10
v -5 3 -10
v -5 1 -9
v -5 2 -9
v -5 3 -9
v -5 1 -8
v -5 2 -8
v -5 3 -8
v -5 1 -7
v -5 2 -7
v -5 3 -7
v -5 1 -6
v -5 2 -6
v -5 3 -6
v -5 4 -6
v -5 2 -5
v -5 3 -5
v -5 4 -5
v -5 3 -4
v -5 4 -4
v -5 4 -2
v -5 5 -2
v -5 6 -2
v -5 7 -2
v -5 4 -1
v -5 5 -1
v -5 6 -1
v -5 7 -1
v -5 5 0
v -5 6 0
v -5 7 0
v -5 8 0
v -5 5 1
v -5 6 1
v -5 7 1
v -5 8 1
v -5 9 1
v -5 5 2
v -5 6 2
v -5 7 2
v -5 8 2
v -5 9 2
v -5 5 3
v -5 6 3
v -5 7 3
v -5 8 3
v -5 9 3
v -5 5 4
v -5 6 4
v -5 7 4
v -5 8 4
v -5 9 4
v -5 5 5
v -5 6 5
v -5 7 5
v -5 8 5
v -5 6 6
v -5 7 6
v -5 8 6
v -5 6 7
v -5 7 7
v -5 8 7
v -5 7 8
v -5 8 8
v -5 7 9
v -5 8 9
v -5 7 10
v -5 8 10
v -5 9 10
v -5 7 11
v -5 8 11
v -5 9 11
v -5 8 12
v -5 9 12
v -5 8 13
v -5 9 13
v -5 8 14
v -5 9 14
v -5 10 14
v -5 9 15
v -5 10 15
v -5 9 16
v -5 10 16
v -4 0 -14
v -4 1 -14
v -4 0 -13
v -4 1 -13
v -4 2 -13
v -4 0 -12
v -4 1 -12
v -4 2 -12
v -4 0 -11
v -4 1 -11
v -4 2 -11
v -4 0 -10
v -4 1 -10
v -4 2 -10
v -4 3 -10
v -4 1 -9
v -4 2 -9
v -4 3 -9
v -4 1 -8
v -4 2 -8
v -4 1 -7
v -4 2 -7
v -4 1 -6
v -4 2 -6
v -4 3 -6
v -4 1 -5
v -4 2 -5
v -4 3 -5
v -4 4 -5
v -4 3 -4
v -4 4 -4
v -4 4 -2
v -4 5 -2
v -4 6 -2
v -4 7 -2
v -4 4 -1
v -4 5 -1
v -4 6 -1
v -4 7 -1
v -4 8 -1
v -4 5 0
v -4 6 0
v -4 7 0
v -4 8 0
v -4 5 1
v -4 6 1
v -4 7 1
v -4 8 1
v -4 9 1
v -4 5 2
v -4 6 2
v -4 7 2
v -4 8 2
v -4 9 2
v -4 5 3
v -4 6 3
v -4 7 3
v -4 8 3
v -4 9 3
v -4 5 4
v -4 6 4
v -4 7 4
v -4 8 4
v -4 9 4
v -4 0 5
v -4 1 5
v -4 2 5
v -4 5 5
v -4 6 5
v -4 7 5
v -4 8 5
v -4 9 5
v -4 0 6
v -4 1 6
v -4 2 6
v -4 6 6
v -4 7 6
v -4 8 6
v -4 0 7
v -4 1 7
v -4 2 7
v -4 6 7
v -4 7 7
v -4 8 7
v -4 6 8
v -4 7 8
v -4 8 8
v -4 7 9
v -4 8 9
v -4 7 10
v -4 8 10
v -4 7 11
v -4 8 11
v -4 9 11
v -4 8 12
v -4 9 12
v -4 8 13
v -4 9 13
v -4 8 14
v -4 9 14
v -4 9 15
v -4 10 15
v -4 9 16
v -4 10 16
v -3 1 -13
v -3 0 -12
v -3 0 -13
v -3 1 -12
v -3 0 -11
v -3 1 -11
v -3 0 -10
v -3 1 -10
v -3 1 -9
v -3 2 -9
v -3 1 -8
v -3 2 -8
v -3 1 -6
v -3 2 -6
v -3 1 -5
v -3 2 -5
v -3 1 -4
v -3 2 -4
v -3 3 -3
v -3 4 -3
v -3 3 -2
v -3 4 -2
v -3 5 -2
v -3 6 -2
v -3 7 -2
v -3 4 -1
v -3 5 -1
v -3 6 -1
v -3 7 -1
v -3 8 -1
v -3 5 0
v -3 6 0
v -3 7 0
v -3 8 0
v -3 6 1
v -3 7 1
v -3 8 1
v -3 5 2
v -3 6 2
v -3 7 2
v -3 8 2
v -3 5 3
v -3 6 3
v -3 7 3
v -3 8 3
v -3 0 4
v -3 1 4
v -3 2 4
v -3 5 4
v -3 6 4
v -3 7 4
v -3 8 4
v -3 9 4
v -3 0 5
v -3 1 5
v -3 2 5
v -3 3 5
v -3 6 5
v -3 7 5
v -3 8 5
v -3 9 5
v -3 0 6
v -3 1 6
v -3 2 6
v -3 3 6
v -3 6 6
v -3 7 6
v -3 8 6
v -3 9 6
v -3 0 7
v -3 1 7
v -3 2 7
v -3 3 7
v -3 6 7
v -3 7 7
v -3 8 7
v -3 0 8
v -3 1 8
v -3 2 8
v -3 6 8
v -3 7 8
v -3 8 8
v -3 7 9
v -3 8 9
v -3 7 10
v -3 8 10
v -3 7 11
v -3 8 11
v -3 8 12
v -3 9 12
v -3 8 13
v -3 9 13
v -3 8 14
v -3 9 14
v -3 9 15
v -3 9 16
v -2 1 -6
v -2 2 -6
v -2 1 -5
v -2 2 -5
v -2 1 -4
v -2 2 -4
v -2 1 -3
v -2 2 -3
v -2 3 -3
v -2 4 -3
v -2 3 -2
v -2 4 -2
v -2 6 -2
v -2 7 -2
v -2 8 -2
v -2 5 0
v -2 6 0
v -2 6 1
v -2 7 0
v -2 7 1
v -2 8 0
v -2 8 1
v -2 5 2
v -2 6 2
v -2 7 2
v -2 8 2
v -2 5 3
v -2 6 3
v -2 7 3
v -2 8 3
v -2 0 4
v -2 1 4
v -2 2 4
v -2 5 4
v -2 6 4
v -2 7 4
v -2 8 4
v -2 0 5
v -2 1 5
v -2 2 5
v -2 3 5
v -2 5 5
v -2 6 5
v -2 7 5
v -2 8 5
v -2 9 5
v -2 0 6
v -2 1 6
v -2 2 6
v -2 3 6
v -2 5 6
v -2 6 6
v -2 7 6
v -2 8 6
v -2 9 6
v -2 0 7
v -2 1 7
v -2 2 7
v -2 3 7
v -2 6 7
v -2 7 7
v -2 8 7
v -2 9 7
v -2 0 8
v -2 1 8
v -2 2 8
v -2 6 8
v -2 7 8
v -2 8 8
v -2 6 9
v -2 7 9
v -2 8 9
v -2 9 9
v -2 7 10
v -2 8 10
v -2 9 10
v -2 7 11
v -2 8 11
v -2 7 12
v -2 8 12
v -2 8 13
v -2 8 14
v -2 9 14
v -2 8 15
v -2 9 15
v -2 9 16
v -1 0 -12
v -1 1 -12
v -1 2 -12
v -1 0 -11
v -1 1 -11
v -1 2 -11
v -1 0 -10
v -1 1 -10
v -1 2 -10
v -1 1 -5
v -1 2 -5
v -1 1 -4
v -1 2 -4
v -1 1 -3
v -1 2 -3
v -1 3 -3
v -1 4 -3
v -1 1 -2
v -1 2 -2
v -1 3 -2
v -1 4 -2
v -1 6 -2
v -1 7 -2
v -1 8 -2
v -2 3 -1
v -1 3 -1
v -2 4 -1
v -1 4 -1
v -2 5 -1
v -1 5 -2
v -1 5 -1
v -2 6 -1
v -1 6 -1
v -2 7 -1
v -1 7 -1
v -2 8 -1
v -1 8 -1
v -1 4 0
v -1 5 0
v -1 6 0
v -1 7 0
v -1 8 0
v -1 22 0
v -1 23 0
v -1 24 0
v -1 25 0
v -1 26 0
v -1 27 0
v -1 28 0
v -1 5 1
v -1 6 1
v -1 7 1
v -1 8 1
v -1 6 2
v -1 7 2
v -1 8 2
v -1 4 3
v -1 5 3
v -1 6 3
v -1 7 3
v -1 8 3
v -1 0 4
v -1 1 4
v -1 2 4
v -1 4 4
v -1 5 4
v -1 6 4
v -1 7 4
v -1 8 4
v -1 0 5
v -1 1 5
v -1 2 5
v -1 3 5
v -1 4 5
v -1 5 5
v -1 6 5
v -1 7 5
v -1 8 5
v -1 0 6
v -1 1 6
v -1 2 6
v -1 3 6
v -1 5 6
v -1 6 6
v -1 7 6
v -1 8 6
v -1 9 6
v -1 0 7
v -1 1 7
v -1 2 7
v -1 3 7
v -1 5 7
v -1 6 7
v -1 7 7
v -1 8 7
v -1 9 7
v -1 0 8
v -1 1 8
v -1 2 8
v -1 3 8
v -1 6 8
v -1 7 8
v -1 8 8
v -1 6 9
v -1 7 9
v -1 8 9
v -1 9 9
v -1 6 10
v -1 7 10
v -1 8 10
v -1 9 10
v -1 7 11
v -1 8 11
v -1 7 12
v -1 8 12
v -1 7 13
v -1 8 13
v -1 8 14
v -1 8 15
v -1 9 15
v -1 8 16
v -1 9 16
v 0 0 -12
v 0 1 -12
v 0 2 -12
v 0 0 -11
v 0 1 -11
v 0 2 -11
v 0 0 -10
v 0 1 -10
v 0 2 -10
v 0 1 -9
v 0 2 -9
v 0 1 -8
v 0 2 -8
v 0 0 -6
v 0 1 -6
v 0 0 -5
v 0 1 -5
v 0 2 -5
v 0 0 -4
v 0 1 -4
v 0 2 -4
v 0 1 -3
v 0 2 -3
v 0 3 -3
v 0 4 -3
v 0 1 -2
v 0 2 -2
v 0 3 -2
v 0 4 -2
v 0 5 -2
v 0 6 -2
v 0 7 -2
v 0 2 -1
v 0 3 -1
v 0 4 -1
v 0 5 -1
v 0 6 -1
v 0 7 -1
v 0 8 -1
v 0 4 0
v 0 5 0
v 0 6 0
v 0 7 0
v 0 8 0
v 0 23 0
v 0 24 0
v 0 25 0
v 0 28 0
v 0 4 1
v 0 5 1
v 0 6 1
v 0 7 1
v 0 8 1
v -1 22 1
v -1 23 1
v 0 22 1
v 0 22 0
v 0 23 1
v -1 24 1
v 0 24 1
v -1 25 1
v 0 25 1
v -1 26 1
v 0 26 0
v 0 26 1
v -1 27 1
v 0 27 0
v 0 27 1
v -1 28 1
v 0 28 1
v 0 4 3
v 0 5 2
v 0 5 3
v 0 6 2
v 0 6 3
v 0 7 2
v 0 7 3
v 0 8 2
v 0 8 3
v 0 4 4
v 0 5 4
v 0 6 4
v 0 7 4
v 0 8 4
v 0 0 5
v 0 1 5
v 0 2 5
v 0 3 5
v 0 4 5
v 0 5 5
v 0 6 5
v 0 7 5
v 0 8 5
v 0 0 6
v 0 1 6
v 0 2 6
v 0 3 6
v 0 5 6
v 0 6 6
v 0 7 6
v 0 8 6
v 0 9 6
v 0 0 7
v 0 1 7
v 0 2 7
v 0 3 7
v 0 5 7
v 0 6 7
v 0 7 7
v 0 8 7
v 0 9 7
v 0 0 8
v 0 1 8
v 0 2 8
v 0 3 8
v 0 5 8
v 0 6 8
v 0 7 8
v 0 8 8
v 0 0 9
v 0 1 9
v 0 2 9
v 0 6 9
v 0 7 9
v 0 8 9
v 0 6 10
v 0 7 10
v 0 8 10
v 0 6 11
v 0 7 11
v 0 8 11
v 0 7 12
v 0 8 12
v 0 7 13
v 0 8 13
v 0 8 14
v 0 8 15
v 0 8 16
v 1 1 -11
v 1 2 -11
v 1 1 -10
v 1 2 -10
v 1 1 -9
v 1 2 -9
v 1 1 -8
v 1 2 -8
v 1 1 -7
v 1 2 -7
v 1 0 -6
v 1 1 -6
v 1 0 -5
v 1 1 -5
v 1 0 -4
v 1 1 -4
v 1 2 -4
v 1 0 -3
v 1 1 -3
v 1 2 -3
v 1 3 -3
v 1 4 -3
v 1 1 -2
v 1 2 -2
v 1 3 -2
v 1 4 -2
v 1 5 -2
v 1 6 -2
v 1 7 -2
v 1 1 -1
v 1 2 -1
v 1 3 -1
v 1 4 -1
v 1 5 -1
v 1 6 -1
v 1 7 -1
v 1 8 -1
v 1 3 0
v 1 4 0
v 1 5 0
v 1 6 0
v 1 7 0
v 1 8 0
v 1 3 1
v 1 4 1
v 1 5 1
v 1 6 1
v 1 7 1
v 1 8 1
v 1 4 2
v 1 5 2
v 1 6 2
v 1 7 2
v 1 8 2
v 1 4 3
v 1 5 3
v 1 6 3
v 1 7 3
v 1 8 3
v 1 3 4
v 1 4 4
v 1 5 4
v 1 6 4
v 1 7 4
v 1 8 4
v 1 0 5
v 1 1 5
v 1 2 5
v 1 3 5
v 1 4 5
v 1 5 5
v 1 6 5
v 1 7 5
v 1 8 5
v 1 0 6
v 1 1 6
v 1 2 6
v 1 3 6
v 1 4 6
v 1 5 6
v 1 6 6
v 1 7 6
v 1 8 6
v 1 9 6
v 1 0 7
v 1 1 7
v 1 2 7
v 1 3 7
v 1 5 7
v 1 6 7
v 1 7 7
v 1 8 7
v 1 9 7
v 1 0 8
v 1 1 8
v 1 2 8
v 1 3 8
v 1 5 8
v 1 6 8
v 1 7 8
v 1 8 8
v 1 0 9
v 1 1 9
v 1 2 9
v 1 3 9
v 1 5 9
v 1 6 9
v 1 7 9
v 1 8 9
v 1 6 10
v 1 7 10
v 1 8 10
v 1 6 11
v 1 7 11
v 1 8 11
v 1 6 12
v 1 7 12
v 1 8 12
v 1 7 13
v 1 8 13
v 1 8 14
v 1 8 15
v 1 8 16
v 2 1 -10
v 2 2 -10
v 2 1 -9
v 2 2 -9
v 2 1 -8
v 2 2 -8
v 2 1 -7
v 2 2 -7
v 2 0 -5
v 2 1 -5
v 2 0 -4
v 2 1 -4
v 2 0 -3
v 2 1 -3
v 2 2 -3
v 2 1 -2
v 2 2 -2
v 2 3 -2
v 2 4 -2
v 2 5 -2
v 2 1 -1
v 2 2 -1
v 2 3 -1
v 2 4 -1
v 2 5 -1
v 2 6 -1
v 2 2 0
v 2 3 0
v 2 4 0
v 2 5 0
v 2 6 0
v 2 7 0
v 2 8 0
v 2 3 1
v 2 4 1
v 2 5 1
v 2 6 1
v 2 7 1
v 2 8 1
v 2 4 2
v 2 5 2
v 2 6 2
v 2 7 2
v 2 8 2
v 2 4 3
v 2 5 3
v 2 6 3
v 2 7 3
v 2 8 3
v 2 3 4
v 2 4 4
v 2 5 4
v 2 6 4
v 2 7 4
v 2 8 4
v 2 0 5
v 2 1 5
v 2 2 5
v 2 3 5
v 2 4 5
v 2 5 5
v 2 6 5
v 2 7 5
v 2 8 5
v 2 0 6
v 2 1 6
v 2 2 6
v 2 3 6
v 2 4 6
v 2 5 6
v 2 6 6
v 2 7 6
v 2 8 6
v 2 9 6
v 2 0 7
v 2 1 7
v 2 2 7
v 2 3 7
v 2 4 7
v 2 5 7
v 2 6 7
v 2 7 7
v 2 8 7
v 2 9 7
v 2 0 8
v 2 1 8
v 2 2 8
v 2 3 8
v 2 5 8
v 2 6 8
v 2 7 8
v 2 8 8
v 2 0 9
v 2 1 9
v 2 2 9
v 2 3 9
v 2 5 9
v 2 6 9
v 2 7 9
v 2 8 9
v 2 0 10
v 2 1 10
v 2 2 10
v 2 5 10
v 2 6 10
v 2 7 10
v 2 8 10
v 2 6 11
v 2 7 11
v 2 8 11
v 2 6 12
v 2 7 12
v 2 8 12
v 2 6 13
v 2 7 13
v 2 8 13
v 3 0 -4
v 3 1 -4
v 3 2 -4
v 3 0 -3
v 3 1 -3
v 3 2 -3
v 3 0 -2
v 3 1 -2
v 3 2 -2
v 3 3 -2
v 3 4 -2
v 3 0 -1
v 3 1 -1
v 3 2 -1
v 3 3 -1
v 3 4 -1
v 3 5 -1
v 3 6 -1
v 3 7 -1
v 3 2 0
v 3 3 0
v 3 4 0
v 3 5 0
v 3 6 0
v 3 7 0
v 3 3 1
v 3 4 1
v 3 5 1
v 3 6 1
v 3 7 1
v 3 4 2
v 3 5 2
v 3 6 2
v 3 7 2
v 3 8 2
v 3 4 3
v 3 5 3
v 3 6 3
v 3 7 3
v 3 8 3
v 3 4 4
v 3 5 4
v 3 6 4
v 3 7 4
v 3 8 4
v 3 0 5
v 3 1 5
v 3 2 5
v 3 3 5
v 3 4 5
v 3 5 5
v 3 6 5
v 3 7 5
v 3 8 5
v 3 0 6
v 3 1 6
v 3 2 6
v 3 3 6
v 3 4 6
v 3 5 6
v 3 6 6
v 3 7 6
v 3 0 7
v 3 1 7
v 3 2 7
v 3 3 7
v 3 4 7
v 3 5 7
v 3 6 7
v 3 7 7
v 3 8 7
v 3 0 8
v 3 1 8
v 3 2 8
v 3 3 8
v 3 5 8
v 3 6 8
v 3 7 8
v 3 8 8
v 3 0 9
v 3 1 9
v 3 2 9
v 3 3 9
v 3 5 9
v 3 6 9
v 3 7 9
v 3 8 9
v 3 0 10
v 3 1 10
v 3 2 10
v 3 5 10
v 3 6 10
v 3 7 10
v 3 8 10
v 3 5 11
v 3 6 11
v 3 7 11
v 3 8 11
v 3 6 12
v 3 7 12
v 3 8 12
v 3 6 13
v 3 7 13
v 3 8 13
v 3 7 14
v 3 8 14
v 4 0 -4
v 4 1 -4
v 4 2 -4
v 4 0 -3
v 4 1 -3
v 4 2 -3
v 4 0 -2
v 4 1 -2
v 4 2 -2
v 4 0 -1
v 4 1 -1
v 4 2 -1
v 4 3 -1
v 4 4 -1
v 4 6 -1
v 4 7 -1
v 4 1 0
v 4 2 0
v 4 3 0
v 4 4 0
v 4 5 0
v 4 6 0
v 4 7 0
v 4 3 1
v 4 4 1
v 4 5 1
v 4 6 1
v 4 7 1
v 4 4 2
v 4 5 2
v 4 6 2
v 4 7 2
v 4 4 3
v 4 5 3
v 4 6 3
v 4 7 3
v 4 4 4
v 4 5 4
v 4 6 4
v 4 7 4
v 4 0 5
v 4 1 5
v 4 2 5
v 4 3 5
v 4 4 5
v 4 5 5
v 4 6 5
v 4 7 5
v 4 0 6
v 4 1 6
v 4 2 6
v 4 3 6
v 4 4 6
v 4 5 6
v 4 6 6
v 4 7 6
v 4 0 7
v 4 1 7
v 4 2 7
v 4 3 7
v 4 4 7
v 4 5 7
v 4 6 7
v 4 7 7
v 4 8 7
v 4 0 8
v 4 1 8
v 4 2 8
v 4 3 8
v 4 4 8
v 4 5 8
v 4 6 8
v 4 7 8
v 4 8 8
v 4 0 9
v 4 1 9
v 4 2 9
v 4 3 9
v 4 4 9
v 4 5 9
v 4 6 9
v 4 7 9
v 4 8 9
v 4 0 10
v 4 1 10
v 4 2 10
v 4 4 10
v 4 5 10
v 4 6 10
v 4 7 10
v 4 8 10
v 4 5 11
v 4 6 11
v 4 7 11
v 4 8 11
v 4 5 12
v 4 6 12
v 4 7 12
v 4 8 12
v 4 6 13
v 4 7 13
v 4 8 13
v 4 6 14
v 4 7 14
v 4 8 14
v 4 7 15
v 4 8 15
v 5 0 -4
v 5 1 -4
v 5 0 -3
v 5 1 -3
v 5 0 -2
v 5 1 -2
v 5 0 -1
v 5 1 -1
v 5 2 -1
v 5 3 -1
v 5 4 -1
v 5 1 0
v 5 2 0
v 5 3 0
v 5 4 0
v 5 5 0
v 5 6 0
v 5 7 0
v 5 3 1
v 5 4 1
v 5 5 1
v 5 6 1
v 5 7 1
v 5 4 2
v 5 5 2
v 5 6 2
v 5 7 2
v 5 4 3
v 5 5 3
v 5 6 3
v 5 7 3
v 5 4 4
v 5 5 4
v 5 6 4
v 5 7 4
v 5 4 5
v 5 5 5
v 5 6 5
v 5 7 5
v 5 0 6
v 5 1 6
v 5 2 6
v 5 4 6
v 5 5 6
v 5 6 6
v 5 0 7
v 5 1 7
v 5 2 7
v 5 3 7
v 5 4 7
v 5 5 7
v 5 6 7
v 5 0 8
v 5 1 8
v 5 2 8
v 5 3 8
v 5 4 8
v 5 5 8
v 5 6 8
v 5 7 8
v 5 0 9
v 5 1 9
v 5 2 9
v 5 3 9
v 5 4 9
v 5 5 9
v 5 6 9
v 5 7 9
v 5 0 10
v 5 1 10
v 5 2 10
v 5 3 10
v 5 4 10
v 5 5 10
v 5 6 10
v 5 7 10
v 5 4 11
v 5 5 11
v 5 6 11
v 5 7 11
v 5 5 12
v 5 6 12
v 5 7 12
v 5 8 12
v 5 5 13
v 5 6 13
v 5 7 13
v 5 8 13
v 5 6 14
v 5 7 14
v 5 8 14
v 5 7 15
v 5 8 15
v 5 7 16
v 5 8 16
v 6 0 -4
v 6 1 -4
v 6 0 -3
v 6 1 -3
v 6 0 -2
v 6 1 -2
v 6 2 -2
v 6 0 -1
v 6 1 -1
v 6 2 -1
v 6 0 0
v 6 1 0
v 6 2 0
v 6 3 0
v 6 4 0
v 6 5 0
v 6 6 0
v 6 7 0
v 6 3 1
v 6 4 1
v 6 5 1
v 6 6 1
v 6 7 1
v 6 3 2
v 6 4 2
v 6 5 2
v 6 6 2
v 6 7 2
v 6 3 3
v 6 4 3
v 6 5 3
v 6 6 3
v 6 7 3
v 6 3 4
v 6 4 4
v 6 5 4
v 6 6 4
v 6 7 4
v 6 3 5
v 6 4 5
v 6 5 5
v 6 6 5
v 6 3 6
v 6 4 6
v 6 5 6
v 6 6 6
v 6 0 7
v 6 1 7
v 6 2 7
v 6 3 7
v 6 4 7
v 6 5 7
v 6 6 7
v 6 0 8
v 6 1 8
v 6 2 8
v 6 3 8
v 6 4 8
v 6 5 8
v 6 6 8
v 6 7 8
v 6 0 9
v 6 1 9
v 6 2 9
v 6 3 9
v 6 4 9
v 6 5 9
v 6 6 9
v 6 7 9
v 6 3 10
v 6 4 10
v 6 5 10
v 6 6 10
v 6 7 10
v 6 3 11
v 6 4 11
v 6 5 11
v 6 6 11
v 6 7 11
v 6 4 12
v 6 5 12
v 6 6 12
v 6 7 12
v 6 5 13
v 6 6 13
v 6 7 13
v 6 8 13
v 6 5 14
v 6 6 14
v 6 7 14
v 6 8 14
v 6 6 15
v 6 7 15
v 6 8 15
v 6 6 16
v 6 7 16
v 6 8 16
v 7 0 -4
v 7 1 -4
v 7 0 -3
v 7 1 -3
v 7 0 -2
v 7 1 -2
v 7 2 -2
v 7 0 -1
v 7 1 -1
v 7 2 -1
v 7 0 0
v 7 1 0
v 7 2 0
v 7 3 0
v 7 4 0
v 7 5 0
v 7 6 0
v 7 0 1
v 7 1 1
v 7 2 1
v 7 3 1
v 7 4 1
v 7 5 1
v 7 6 1
v 7 2 2
v 7 3 2
v 7 4 2
v 7 5 2
v 7 6 2
v 7 2 3
v 7 3 3
v 7 4 3
v 7 5 3
v 7 6 3
v 7 2 4
v 7 3 4
v 7 4 4
v 7 5 4
v 7 6 4
v 7 2 5
v 7 3 5
v 7 4 5
v 7 5 5
v 7 6 5
v 7 3 6
v 7 4 6
v 7 5 6
v 7 6 6
v 7 3 7
v 7 4 7
v 7 5 7
v 7 6 7
v 7 1 8
v 7 2 8
v 7 3 8
v 7 4 8
v 7 5 8
v 7 6 8
v 7 7 8
v 7 1 9
v 7 2 9
v 7 3 9
v 7 4 9
v 7 5 9
v 7 6 9
v 7 7 9
v 7 2 10
v 7 3 10
v 7 4 10
v 7 5 10
v 7 6 10
v 7 7 10
v 7 3 11
v 7 4 11
v 7 5 11
v 7 6 11
v 7 7 11
v 7 4 12
v 7 5 12
v 7 6 12
v 7 7 12
v 7 4 13
v 7 5 13
v 7 6 13
v 7 7 13
v 7 5 14
v 7 6 14
v 7 7 14
v 7 8 14
v 7 5 15
v 7 6 15
v 7 7 15
v 7 8 15
v 7 6 16
v 7 7 16
v 7 8 16
v 8 0 -4
v 8 1 -4
v 8 2 -4
v 8 0 -3
v 8 1 -3
v 8 2 -3
v 8 0 -2
v 8 1 -2
v 8 0 -1
v 8 1 -1
v 8 2 -1
v 8 0 0
v 8 1 0
v 8 2 0
v 8 0 1
v 8 1 1
v 8 2 1
v 8 3 1
v 8 4 1
v 8 5 1
v 8 6 1
v 8 0 2
v 8 1 2
v 8 2 2
v 8 3 2
v 8 4 2
v 8 5 2
v 8 6 2
v 8 0 3
v 8 1 3
v 8 2 3
v 8 3 3
v 8 4 3
v 8 1 4
v 8 2 4
v 8 3 4
v 8 4 4
v 8 1 5
v 8 2 5
v 8 3 5
v 8 4 5
v 8 1 6
v 8 2 6
v 8 3 6
v 8 4 6
v 8 1 7
v 8 2 7
v 8 0 8
v 8 1 8
v 8 2 8
v 8 3 8
v 8 4 8
v 8 5 8
v 8 6 8
v 8 0 9
v 8 1 9
v 8 2 9
v 8 3 9
v 8 4 9
v 8 5 9
v 8 6 9
v 8 7 9
v 8 0 10
v 8 1 10
v 8 2 10
v 8 3 10
v 8 4 10
v 8 5 10
v 8 6 10
v 8 7 10
v 8 3 11
v 8 4 11
v 8 5 11
v 8 6 11
v 8 3 12
v 8 4 12
v 8 5 12
v 8 6 12
v 8 4 13
v 8 5 13
v 8 6 13
v 8 7 13
v 8 4 14
v 8 5 14
v 8 6 14
v 8 7 14
v 8 5 15
v 8 6 15
v 8 7 15
v 8 8 15
v 8 5 16
v 8 6 16
v 8 7 16
v 8 8 16
v 9 0 -4
v 9 1 -4
v 9 2 -4
v 9 0 -3
v 9 1 -3
v 9 2 -3
v 9 0 -2
v 9 1 -2
v 9 2 -2
v 9 0 -1
v 9 1 -1
v 9 2 -1
v 9 0 0
v 9 1 0
v 9 2 0
v 9 0 1
v 9 1 1
v 9 2 1
v 9 3 1
v 9 0 2
v 9 1 2
v 9 2 2
v 9 3 2
v 9 0 3
v 9 1 3
v 9 2 3
v 9 3 3
v 9 0 4
v 9 1 4
v 9 2 4
v 9 3 4
v 9 0 5
v 9 1 5
v 9 2 5
v 9 3 5
v 9 0 6
v 9 1 6
v 9 2 6
v 9 0 7
v 9 1 7
v 9 2 7
v 9 0 8
v 9 1 8
v 9 2 8
v 9 0 9
v 9 1 9
v 9 2 9
v 9 0 10
v 9 1 10
v 9 2 10
v 9 1 11
v 9 2 11
v 9 3 11
v 9 4 11
v 9 5 11
v 9 2 12
v 9 3 12
v 9 4 12
v 9 5 12
v 9 6 12
v 9 3 13
v 9 4 13
v 9 5 13
v 9 6 13
v 9 4 14
v 9 5 14
v 9 6 14
v 9 7 14
v 9 4 15
v 9 5 15
v 9 6 15
v 9 7 15
v 9 5 16
v 9 6 16
v 9 7 16
v 10 0 -4
v 10 1 -4
v 10 0 -3
v 10 1 -3
v 10 2 -3
v 10 0 -2
v 10 1 -2
v 10 2 -2
v 10 0 -1
v 10 1 -1
v 10 2 -1
v 10 0 0
v 10 1 0
v 10 2 0
v 10 0 1
v 10 1 1
v 10 2 1
v 10 0 2
v 10 1 2
v 10 2 2
v 10 0 3
v 10 1 3
v 10 2 3
v 10 0 4
v 10 1 4
v 10 2 4
v 10 0 5
v 10 1 5
v 10 2 5
v 10 0 6
v 10 1 6
v 10 2 6
v 10 0 7
v 10 1 7
v 10 2 7
v 10 0 8
v 10 1 8
v 10 2 8
v 10 0 9
v 10 1 9
v 10 2 9
v 10 0 10
v 10 1 10
v 10 2 10
v 10 0 11
v 10 1 11
v 10 2 11
v 10 3 11
v 10 4 11
v 10 2 12
v 10 3 12
v 10 4 12
v 10 5 12
v 10 2 13
v 10 3 13
v 10 4 13
v 10 5 13
v 10 6 13
v 10 3 14
v 10 4 14
v 10 5 14
v 10 6 14
v 10 4 15
v 10 5 15
v 10 6 15
v 10 7 15
v 10 4 16
v 10 5 16
v 10 6 16
v 10 7 16
v 11 0 -3
v 11 1 -3
v 11 0 -2
v 11 1 -2
v 11 2 -2
v 11 0 -1
v 11 1 -1
v 11 2 -1
v 11 0 0
v 11 1 0
v 11 0 1
v 11 1 1
v 11 0 2
v 11 1 2
v 11 0 3
v 11 1 3
v 11 2 3
v 11 0 4
v 11 1 4
v 11 2 4
v 11 0 5
v 11 1 5
v 11 0 6
v 11 1 6
v 11 2 6
v 11 0 7
v 11 1 7
v 11 2 7
v 11 0 8
v 11 1 8
v 11 2 8
v 11 0 9
v 11 1 9
v 11 2 9
v 11 0 10
v 11 1 10
v 11 2 10
v 11 0 11
v 11 1 11
v 11 2 11
v 11 1 12
v 11 2 12
v 11 3 12
v 11 4 12
v 11 2 13
v 11 3 13
v 11 4 13
v 11 5 13
v 11 3 14
v 11 4 14
v 11 5 14
v 11 6 14
v 11 4 15
v 11 5 15
v 11 6 15
v 11 4 16
v 11 5 16
v 11 6 16
v 12 0 0
v 12 1 0
v 12 0 1
v 12 1 1
v 12 0 2
v 12 1 2
v 12 0 3
v 12 1 3
v 12 0 4
v 12 1 4
v 12 0 5
v 12 1 5
v 12 0 6
v 12 1 6
v 12 0 7
v 12 1 7
v 12 2 7
v 12 0 8
v 12 1 8
v 12 2 8
v 12 0 9
v 12 1 9
v 12 0 10
v 12 1 10
v 12 0 11
v 12 1 11
v 12 2 11
v 12 1 12
v 12 2 12
v 12 3 12
v 12 2 13
v 12 3 13
v 12 4 12
v 12 4 13
v 12 3 14
v 12 4 14
v 12 5 14
v 12 4 15
v 12 5 15
v 12 6 15
v 12 4 16
v 12 5 16
v 12 6 16
v 13 1 1
v 13 0 2
v 13 0 1
v 13 1 2
v 13 0 3
v 13 1 3
v 13 1 7
v 13 2 7
v 13 1 8
v 13 2 8
v 13 0 9
v 13 0 8
v 13 1 9
v 13 0 10
v 13 1 10
v 13 0 11
v 13 1 11
v 13 2 12
v 13 2 13
v 13 3 12
v 13 3 13
v 13 4 13
v 13 3 14
v 13 4 14
v 13 4 15
v 13 5 15
v 13 4 16
v 13 5 16
v 14 1 8
v 14 1 9
v 14 0 10
v 14 0 9
v 14 1 10
v 14 0 11
v 14 1 11
v 14 0 8
v 15 0 8
v 15 1 8
v 15 0 9
v 15 1 9
v 15 0 10
v 15 1 10
vt 0.000000000 0.000000000
vt 1.000000000 0.000000000
vt 0.312500000 0.312500000
vt 0.687500000 0.312500000
vt 0.375000000 0.375000000
vt 0.625000000 0.375000000
vt 0.375000000 0.625000000
vt 0.625000000 0.625000000
vt 0.312500000 0.687500000
vt 0.687500000 0.687500000
vt 0.000000000 1.000000000
vt 1.000000000 1.000000000
vn -1 0 0
vn 0 -1 0
vn 0 0 -1
vn 1 0 0
vn 0 1 0
vn 0 0 1
f 3/8/5 1/7/5 2/5/5 4/6/5
f 6/9/2 5/3/2 7/4/2 8/10/2
f 9/2/1 13/12/1 14/11/1 10/1/1
f 9/1/2 10/2/2 11/12/2 12/11/2
f 10/2/3 14/12/3 15/11/3 11/1/3
f 12/1/4 11/2/4 15/12/4 16/11/4
f 13/2/5 16/12/5 15/11/5 14/1/5
f 9/1/6 12/2/6 16/12/6 13/11/6
f 13/2/1 17/12/1 18/11/1 14/1/1
f 13/11/2 14/1/2 15/2/2 16/12/2
f 14/2/3 18/12/3 19/11/3 15/1/3
f 16/1/4 15/2/4 19/12/4 20/11/4
f 17/1/5 20/2/5 19/12/5 18/11/5
f 13/1/6 16/2/6 20/12/6 17/11/6
f 23/2/1 25/12/1 17/11/1 13/1/1
f 23/2/2 13/12/2 16/11/2 24/1/2
f 13/2/3 17/12/3 20/11/3 16/1/3
f 24/1/4 16/2/4 20/12/4 26/11/4
f 25/12/5 26/11/5 20/1/5 17/2/5
f 23/1/6 24/2/6 26/12/6 25/11/6
f 25/2/1 27/12/1 21/11/1 17/1/1
f 25/11/2 17/1/2 20/2/2 26/12/2
f 17/2/3 21/12/3 22/11/3 20/1/3
f 26/1/4 20/2/4 22/12/4 28/11/4
f 27/1/5 28/2/5 22/12/5 21/11/5
f 25/1/6 26/2/6 28/12/6 27/11/6
f 27/2/2 21/12/2 22/11/2 28/1/2
f 32/2/1 34/12/1 29/11/1 27/1/1
f 32/12/2 27/11/2 28/1/2 33/2/2
f 27/2/3 29/12/3 30/11/3 28/1/3
f 33/1/4 28/2/4 30/12/4 35/11/4
f 34/11/5 35/1/5 30/2/5 29/12/5
f 32/1/6 33/2/6 35/12/6 34/11/6
f 34/2/2 29/12/2 30/11/2 35/1/2
f 36/2/1 38/12/1 34/11/1 32/1/1
f 36/11/2 32/1/2 33/2/2 37/12/2
f 32/2/3 34/12/3 35/11/3 33/1/3
f 37/1/4 33/2/4 35/12/4 39/11/4
f 38/1/5 39/2/5 35/12/5 34/11/5
f 36/1/6 37/2/6 39/12/6 38/11/6
f 38/12/2 34/11/2 35/1/2 39/2/2
f 43/2/1 45/12/1 40/11/1 38/1/1
f 43/12/2 38/11/2 39/1/2 44/2/2
f 38/2/3 40/12/3 41/11/3 39/1/3
f 44/1/4 39/2/4 41/12/4 46/11/4
f 45/11/5 46/1/5 41/2/5 40/12/5
f 43/1/6 44/2/6 46/12/6 45/11/6
f 45/11/2 40/1/2 41/2/2 46/12/2
f 48/2/2 45/12/2 46/11/2 49/1/2
f 54/2/1 56/12/1 50/11/1 48/1/1
f 54/12/2 48/11/2 49/1/2 55/2/2
f 48/2/3 50/12/3 51/11/3 49/1/3
f 55/1/4 49/2/4 51/12/4 57/11/4
f 56/11/5 57/1/5 51/2/5 50/12/5
f 54/1/6 55/2/6 57/12/6 56/11/6
f 56/2/1 58/12/1 59/11/1 50/1/1
f 56/2/2 50/12/2 51/11/2 57/1/2
f 50/2/3 59/12/3 60/11/3 51/1/3
f 57/1/4 51/2/4 60/12/4 61/11/4
f 58/12/5 61/11/5 60/1/5 59/2/5
f 56/1/6 57/2/6 61/12/6 58/11/6
f 58/12/2 59/11/2 60/1/2 61/2/2
f 62/2/1 64/12/1 54/11/1 52/1/1
f 62/11/2 52/1/2 53/2/2 63/12/2
f 52/2/3 54/12/3 55/11/3 53/1/3
f 63/1/4 53/2/4 55/12/4 65/11/4
f 64/1/5 65/2/5 55/12/5 54/11/5
f 62/1/6 63/2/6 65/12/6 64/11/6
f 64/2/1 66/12/1 56/11/1 54/1/1
f 64/12/2 54/11/2 55/1/2 65/2/2
f 54/2/3 56/12/3 57/11/3 55/1/3
f 65/1/4 55/2/4 57/12/4 67/11/4
f 66/11/5 67/1/5 57/2/5 56/12/5
f 64/1/6 65/2/6 67/12/6 66/11/6
f 66/2/1 68/12/1 58/11/1 56/1/1
f 66/12/2 56/11/2 57/1/2 67/2/2
f 56/2/3 58/12/3 61/11/3 57/1/3
f 67/1/4 57/2/4 61/12/4 69/11/4
f 68/11/5 69/1/5 61/2/5 58/12/5
f 66/1/6 67/2/6 69/12/6 68/11/6
f 68/1/2 58/2/2 61/12/2 69/11/2
f 70/2/1 72/12/1 66/11/1 64/1/1
f 70/2/2 64/12/2 65/11/2 71/1/2
f 64/2/3 66/12/3 67/11/3 65/1/3
f 71/1/4 65/2/4 67/12/4 73/11/4
f 72/12/5 73/11/5 67/1/5 66/2/5
f 70/1/6 71/2/6 73/12/6 72/11/6
f 72/2/1 74/12/1 68/11/1 66/1/1
f 72/11/2 66/1/2 67/2/2 73/12/2
f 66/2/3 68/12/3 69/11/3 67/1/3
f 73/1/4 67/2/4 69/12/4 75/11/4
f 74/1/5 75/2/5 69/12/5 68/11/5
f 72/1/6 73/2/6 75/12/6 74/11/6
f 74/1/2 68/2/2 69/12/2 75/11/2
f 76/2/1 78/12/1 72/11/1 70/1/1
f 76/11/2 70/1/2 71/2/2 77/12/2
f 70/2/3 72/12/3 73/11/3 71/1/3
f 77/1/4 71/2/4 73/12/4 79/11/4
f 78/1/5 79/2/5 73/12/5 72/11/5
f 76/1/6 77/2/6 79/12/6 78/11/6
f 78/2/1 80/12/1 74/11/1 72/1/1
f 78/12/2 72/11/2 73/1/2 79/2/2
f 72/2/3 74/12/3 75/11/3 73/1/3
f 79/1/4 73/2/4 75/12/4 81/11/4
f 80/11/5 81/1/5 75/2/5 74/12/5
f 78/1/6 79/2/6 81/12/6 80/11/6
f 80/2/2 74/12/2 75/11/2 81/1/2
f 82/2/1 84/12/1 78/11/1 76/1/1
f 82/11/2 76/1/2 77/2/2 83/12/2
f 76/2/3 78/12/3 79/11/3 77/1/3
f 83/1/4 77/2/4 79/12/4 85/11/4
f 84/1/5 85/2/5 79/12/5 78/11/5
f 82/1/6 83/2/6 85/12/6 84/11/6
f 84/2/1 86/12/1 80/11/1 78/1/1
f 84/1/2 78/2/2 79/12/2 85/11/2
f 78/2/3 80/12/3 81/11/3 79/1/3
f 85/1/4 79/2/4 81/12/4 87/11/4
f 86/2/5 87/12/5 81/11/5 80/1/5
f 84/1/6 85/2/6 87/12/6 86/11/6
f 86/1/2 80/2/2 81/12/2 87/11/2
f 94/2/1 96/12/1 84/11/1 82/1/1
f 94/2/2 82/12/2 83/11/2 95/1/2
f 82/2/3 84/12/3 85/11/3 83/1/3
f 95/1/4 83/2/4 85/12/4 97/11/4
f 96/12/5 97/11/5 85/1/5 84/2/5
f 94/1/6 95/2/6 97/12/6 96/11/6
f 96/2/1 98/12/1 86/11/1 84/1/1
f 96/2/2 84/12/2 85/11/2 97/1/2
f 84/2/3 86/12/3 87/11/3 85/1/3
f 97/1/4 85/2/4 87/12/4 99/11/4
f 98/12/5 99/11/5 87/1/5 86/2/5
f 96/1/6 97/2/6 99/12/6 98/11/6
f 98/11/2 86/1/2 87/2/2 99/12/2
f 100/2/1 102/12/1 90/11/1 88/1/1
f 100/1/2 88/2/2 89/12/2 101/11/2
f 88/2/3 90/12/3 91/11/3 89/1/3
f 101/1/4 89/2/4 91/12/4 103/11/4
f 102/2/5 103/12/5 91/11/5 90/1/5
f 100/1/6 101/2/6 103/12/6 102/11/6
f 102/2/1 104/12/1 92/11/1 90/1/1
f 102/12/2 90/11/2 91/1/2 103/2/2
f 90/2/3 92/12/3 93/11/3 91/1/3
f 103/1/4 91/2/4 93/12/4 105/11/4
f 104/11/5 105/1/5 93/2/5 92/12/5
f 102/1/6 103/2/6 105/12/6 104/11/6
f 107/2/1 109/12/1 98/11/1 96/1/1
f 107/11/2 96/1/2 97/2/2 108/12/2
f 96/2/3 98/12/3 99/11/3 97/1/3
f 108/1/4 97/2/4 99/12/4 110/11/4
f 109/1/5 110/2/5 99/12/5 98/11/5
f 107/1/6 108/2/6 110/12/6 109/11/6
f 109/11/2 98/1/2 99/2/2 110/12/2
f 111/2/1 113/12/1 102/11/1 100/1/1
f 111/2/2 100/12/2 101/11/2 112/1/2
f 100/2/3 102/12/3 103/11/3 101/1/3
f 112/1/4 101/2/4 103/12/4 114/11/4
f 113/12/5 114/11/5 103/1/5 102/2/5
f 111/1/6 112/2/6 114/12/6 113/11/6
f 113/2/1 115/12/1 104/11/1 102/1/1
f 113/1/2 102/2/2 103/12/2 114/11/2
f 102/2/3 104/12/3 105/11/3 103/1/3
f 114/1/4 103/2/4 105/12/4 116/11/4
f 115/2/5 116/12/5 105/11/5 104/1/5
f 113/1/6 114/2/6 116/12/6 115/11/6
f 118/2/1 120/12/1 109/11/1 107/1/1
f 118/2/2 107/12/2 108/11/2 119/1/2
f 107/2/3 109/12/3 110/11/3 108/1/3
f 119/1/4 108/2/4 110/12/4 121/11/4
f 120/12/5 121/11/5 110/1/5 109/2/5
f 118/1/6 119/2/6 121/12/6 120/11/6
f 120/1/2 109/2/2 110/12/2 121/11/2
f 123/2/1 125/12/1 120/11/1 118/1/1
f 123/11/2 118/1/2 119/2/2 124/12/2
f 118/2/3 120/12/3 121/11/3 119/1/3
f 124/1/4 119/2/4 121/12/4 126/11/4
f 125/1/5 126/2/5 121/12/5 120/11/5
f 123/1/6 124/2/6 126/12/6 125/11/6
f 125/12/2 120/11/2 121/1/2 126/2/2
f 130/2/1 132/12/1 125/11/1 123/1/1
f 130/2/2 123/12/2 124/11/2 131/1/2
f 123/2/3 125/12/3 126/11/3 124/1/3
f 131/1/4 124/2/4 126/12/4 133/11/4
f 132/12/5 133/11/5 126/1/5 125/2/5
f 130/1/6 131/2/6 133/12/6 132/11/6
f 132/2/1 134/12/1 127/11/1 125/1/1
f 132/12/2 125/11/2 126/1/2 133/2/2
f 125/2/3 127/12/3 128/11/3 126/1/3
f 133/1/4 126/2/4 128/12/4 135/11/4
f 134/11/5 135/1/5 128/2/5 127/12/5
f 132/1/6 133/2/6 135/12/6 134/11/6
f 134/2/2 127/12/2 128/11/2 135/1/2
f 137/2/1 139/12/1 132/11/1 130/1/1
f 137/2/2 130/12/2 131/11/2 138/1/2
f 130/2/3 132/12/3 133/11/3 131/1/3
f 138/1/4 131/2/4 133/12/4 140/11/4
f 139/12/5 140/11/5 133/1/5 132/2/5
f 137/1/6 138/2/6 140/12/6 139/11/6
f 139/2/1 141/12/1 134/11/1 132/1/1
f 139/12/2 132/11/2 133/1/2 140/2/2
f 132/2/3 134/12/3 135/11/3 133/1/3
f 140/1/4 133/2/4 135/12/4 142/11/4
f 141/11/5 142/1/5 135/2/5 134/12/5
f 139/1/6 140/2/6 142/12/6 141/11/6
f 141/2/2 134/12/2 135/11/2 142/1/2
f 143/2/1 145/12/1 139/11/1 137/1/1
f 143/1/2 137/2/2 138/12/2 144/11/2
f 137/2/3 139/12/3 140/11/3 138/1/3
f 144/1/4 138/2/4 140/12/4 146/11/4
f 145/2/5 146/12/5 140/11/5 139/1/5
f 143/1/6 144/2/6 146/12/6 145/11/6
f 145/2/1 147/12/1 141/11/1 139/1/1
f 145/12/2 139/11/2 140/1/2 146/2/2
f 139/2/3 141/12/3 142/11/3 140/1/3
f 146/1/4 140/2/4 142/12/4 148/11/4
f 147/11/5 148/1/5 142/2/5 141/12/5
f 145/1/6 146/2/6 148/12/6 147/11/6
f 147/2/2 141/12/2 142/11/2 148/1/2
f 149/2/1 151/12/1 145/11/1 143/1/1
f 149/12/2 143/11/2 144/1/2 150/2/2
f 143/2/3 145/12/3 146/11/3 144/1/3
f 150/1/4 144/2/4 146/12/4 152/11/4
f 151/11/5 152/1/5 146/2/5 145/12/5
f 149/1/6 150/2/6 152/12/6 151/11/6
f 151/2/1 153/12/1 147/11/1 145/1/1
f 151/1/2 145/2/2 146/12/2 152/11/2
f 145/2/3 147/12/3 148/11/3 146/1/3
f 152/1/4 146/2/4 148/12/4 154/11/4
f 153/2/5 154/12/5 148/11/5 147/1/5
f 151/1/6 152/2/6 154/12/6 153/11/6
f 153/2/2 147/12/2 148/11/2 154/1/2
f 156/2/1 158/12/1 153/11/1 151/1/1
f 156/11/2 151/1/2 152/2/2 157/12/2
f 151/2/3 153/12/3 154/11/3 152/1/3
f 157/1/4 152/2/4 154/12/4 159/11/4
f 158/1/5 159/2/5 154/12/5 153/11/5
f 156/1/6 157/2/6 159/12/6 158/11/6
f 161/2/1 163/12/1 158/11/1 156/1/1
f 161/11/2 156/1/2 157/2/2 162/12/2
f 156/2/3 158/12/3 159/11/3 157/1/3
f 162/1/4 157/2/4 159/12/4 164/11/4
f 163/1/5 164/2/5 159/12/5 158/11/5
f 161/1/6 162/2/6 164/12/6 163/11/6
f 165/2/1 167/12/1 163/11/1 161/1/1
f 165/11/2 161/1/2 162/2/2 166/12/2
f 161/2/3 163/12/3 164/11/3 162/1/3
f 166/1/4 162/2/4 164/12/4 168/11/4
f 167/1/5 168/2/5 164/12/5 163/11/5
f 165/1/6 166/2/6 168/12/6 167/11/6
f 167/12/2 163/11/2 164/1/2 168/2/2
f 171/2/1 173/12/1 167/11/1 165/1/1
f 171/1/2 165/2/2 166/12/2 172/11/2
f 165/2/3 167/12/3 168/11/3 166/1/3
f 172/1/4 166/2/4 168/12/4 174/11/4
f 173/2/5 174/12/5 168/11/5 167/1/5
f 171/1/6 172/2/6 174/12/6 173/11/6
f 173/2/1 175/12/1 169/11/1 167/1/1
f 173/11/2 167/1/2 168/2/2 174/12/2
f 167/2/3 169/12/3 170/11/3 168/1/3
f 174/1/4 168/2/4 170/12/4 176/11/4
f 175/1/5 176/2/5 170/12/5 169/11/5
f 173/1/6 174/2/6 176/12/6 175/11/6
f 175/11/2 169/1/2 170/2/2 176/12/2
f 177/2/1 179/12/1 173/11/1 171/1/1
f 177/1/2 171/2/2 172/12/2 178/11/2
f 171/2/3 173/12/3 174/11/3 172/1/3
f 178/1/4 172/2/4 174/12/4 180/11/4
f 179/2/5 180/12/5 174/11/5 173/1/5
f 177/1/6 178/2/6 180/12/6 179/11/6
f 179/2/1 181/12/1 175/11/1 173/1/1
f 179/12/2 173/11/2 174/1/2 180/2/2
f 173/2/3 175/12/3 176/11/3 174/1/3
f 180/1/4 174/2/4 176/12/4 182/11/4
f 181/11/5 182/1/5 176/2/5 175/12/5
f 179/1/6 180/2/6 182/12/6 181/11/6
f 181/1/2 175/2/2 176/12/2 182/11/2
f 183/2/1 185/12/1 179/11/1 177/1/1
f 183/11/2 177/1/2 178/2/2 184/12/2
f 177/2/3 179/12/3 180/11/3 178/1/3
f 184/1/4 178/2/4 180/12/4 186/11/4
f 185/1/5 186/2/5 180/12/5 179/11/5
f 183/1/6 184/2/6 186/12/6 185/11/6
f 185/2/1 187/12/1 181/11/1 179/1/1
f 185/11/2 179/1/2 180/2/2 186/12/2
f 179/2/3 181/12/3 182/11/3 180/1/3
f 186/1/4 180/2/4 182/12/4 188/11/4
f 187/1/5 188/2/5 182/12/5 181/11/5
f 185/1/6 186/2/6 188/12/6 187/11/6
f 187/1/2 181/2/2 182/12/2 188/11/2
f 189/2/1 191/12/1 187/11/1 185/1/1
f 189/12/2 185/11/2 186/1/2 190/2/2
f 185/2/3 187/12/3 188/11/3 186/1/3
f 190/1/4 186/2/4 188/12/4 192/11/4
f 191/11/5 192/1/5 188/2/5 187/12/5
f 189/1/6 190/2/6 192/12/6 191/11/6
f 191/12/2 187/11/2 188/1/2 192/2/2
f 193/2/1 195/12/1 191/11/1 189/1/1
f 193/12/2 189/11/2 190/1/2 194/2/2
f 189/2/3 191/12/3 192/11/3 190/1/3
f 194/1/4 190/2/4 192/12/4 196/11/4
f 195/11/5 196/1/5 192/2/5 191/12/5
f 193/1/6 194/2/6 196/12/6 195/11/6
f 195/1/2 191/2/2 192/12/2 196/11/2
f 197/2/1 199/12/1 195/11/1 193/1/1
f 197/11/2 193/1/2 194/2/2 198/12/2
f 193/2/3 195/12/3 196/11/3 194/1/3
f 198/1/4 194/2/4 196/12/4 200/11/4
f 199/1/5 200/2/5 196/12/5 195/11/5
f 197/1/6 198/2/6 200/12/6 199/11/6
f 199/11/2 195/1/2 196/2/2 200/12/2
f 203/2/1 205/12/1 199/11/1 197/1/1
f 203/2/2 197/12/2 198/11/2 204/1/2
f 197/2/3 199/12/3 200/11/3 198/1/3
f 204/1/4 198/2/4 200/12/4 206/11/4
f 205/12/5 206/11/5 200/1/5 199/2/5
f 203/1/6 204/2/6 206/12/6 205/11/6
f 205/2/1 207/12/1 201/11/1 199/1/1
f 205/1/2 199/2/2 200/12/2 206/11/2
f 199/2/3 201/12/3 202/11/3 200/1/3
f 206/1/4 200/2/4 202/12/4 208/11/4
f 207/2/5 208/12/5 202/11/5 201/1/5
f 205/1/6 206/2/6 208/12/6 207/11/6
f 212/1/2 205/2/2 206/12/2 213/11/2
f 214/11/2 209/1/2 210/2/2 215/12/2
f 216/12/2 212/11/2 213/1/2 217/2/2
f 218/1/2 214/2/2 215/12/2 219/11/2
f 12/2/1 16/12/1 15/11/1 11/1/1
f 12/1/2 11/2/2 220/12/2 221/11/2
f 11/2/3 15/12/3 222/11/3 220/1/3
f 221/1/4 220/2/4 222/12/4 223/11/4
f 16/2/5 223/12/5 222/11/5 15/1/5
f 12/1/6 221/2/6 223/12/6 16/11/6
f 16/2/1 20/12/1 19/11/1 15/1/1
f 16/11/2 15/1/2 222/2/2 223/12/2
f 15/2/3 19/12/3 224/11/3 222/1/3
f 223/1/4 222/2/4 224/12/4 225/11/4
f 20/1/5 225/2/5 224/12/5 19/11/5
f 16/1/6 223/2/6 225/12/6 20/11/6
f 20/12/2 19/11/2 224/1/2 225/2/2
f 24/2/1 26/12/1 20/11/1 16/1/1
f 24/2/2 16/12/2 223/11/2 228/1/2
f 16/2/3 20/12/3 225/11/3 223/1/3
f 228/1/4 223/2/4 225/12/4 229/11/4
f 26/12/5 229/11/5 225/1/5 20/2/5
f 24/1/6 228/2/6 229/12/6 26/11/6
f 26/2/1 28/12/1 22/11/1 20/1/1
f 26/12/2 20/11/2 225/1/2 229/2/2
f 20/2/3 22/12/3 226/11/3 225/1/3
f 229/1/4 225/2/4 226/12/4 230/11/4
f 28/11/5 230/1/5 226/2/5 22/12/5
f 26/1/6 229/2/6 230/12/6 28/11/6
f 28/12/2 22/11/2 226/1/2 230/2/2
f 31/2/1 33/12/1 28/11/1 26/1/1
f 31/12/2 26/11/2 229/1/2 233/2/2
f 26/2/3 28/12/3 230/11/3 229/1/3
f 233/1/4 229/2/4 230/12/4 234/11/4
f 33/11/5 234/1/5 230/2/5 28/12/5
f 31/1/6 233/2/6 234/12/6 33/11/6
f 33/2/1 35/12/1 30/11/1 28/1/1
f 33/1/2 28/2/2 230/12/2 234/11/2
f 28/2/3 30/12/3 231/11/3 230/1/3
f 234/1/4 230/2/4 231/12/4 235/11/4
f 35/2/5 235/12/5 231/11/5 30/1/5
f 33/1/6 234/2/6 235/12/6 35/11/6
f 35/2/2 30/12/2 231/11/2 235/1/2
f 37/2/1 39/12/1 35/11/1 33/1/1
f 37/1/2 33/2/2 234/12/2 237/11/2
f 33/2/3 35/12/3 235/11/3 234/1/3
f 237/1/4 234/2/4 235/12/4 238/11/4
f 39/2/5 238/12/5 235/11/5 35/1/5
f 37/1/6 237/2/6 238/12/6 39/11/6
f 39/2/2 35/12/2 235/11/2 238/1/2
f 42/2/1 44/12/1 39/11/1 37/1/1
f 42/12/2 37/11/2 237/1/2 240/2/2
f 37/2/3 39/12/3 238/11/3 237/1/3
f 240/1/4 237/2/4 238/12/4 241/11/4
f 44/11/5 241/1/5 238/2/5 39/12/5
f 42/1/6 240/2/6 241/12/6 44/11/6
f 44/2/1 46/12/1 41/11/1 39/1/1
f 44/2/2 39/12/2 238/11/2 241/1/2
f 39/2/3 41/12/3 239/11/3 238/1/3
f 241/1/4 238/2/4 239/12/4 242/11/4
f 46/12/5 242/11/5 239/1/5 41/2/5
f 44/1/6 241/2/6 242/12/6 46/11/6
f 46/1/2 41/2/2 239/12/2 242/11/2
f 47/2/1 49/12/1 46/11/1 44/1/1
f 47/11/2 44/1/2 241/2/2 244/12/2
f 44/2/3 46/12/3 242/11/3 241/1/3
f 244/1/4 241/2/4 242/12/4 245/11/4
f 49/1/5 245/2/5 242/12/5 46/11/5
f 47/1/6 244/2/6 245/12/6 49/11/6
f 49/12/2 46/11/2 242/1/2 245/2/2
f 53/2/1 55/12/1 49/11/1 47/1/1
f 53/12/2 47/11/2 244/1/2 247/2/2
f 47/2/3 49/12/3 245/11/3 244/1/3
f 247/1/4 244/2/4 245/12/4 248/11/4
f 55/11/5 248/1/5 245/2/5 49/12/5
f 53/1/6 247/2/6 248/12/6 55/11/6
f 55/2/1 57/12/1 51/11/1 49/1/1
f 55/1/2 49/2/2 245/12/2 248/11/2
f 49/2/3 51/12/3 246/11/3 245/1/3
f 248/1/4 245/2/4 246/12/4 249/11/4
f 57/2/5 249/12/5 246/11/5 51/1/5
f 55/1/6 248/2/6 249/12/6 57/11/6
f 57/12/2 51/11/2 246/1/2 249/2/2
f 65/2/1 67/12/1 57/11/1 55/1/1
f 65/1/2 55/2/2 248/12/2 252/11/2
f 55/2/3 57/12/3 249/11/3 248/1/3
f 252/1/4 248/2/4 249/12/4 253/11/4
f 67/2/5 253/12/5 249/11/5 57/1/5
f 65/1/6 252/2/6 253/12/6 67/11/6
f 67/2/1 69/12/1 61/11/1 57/1/1
f 67/11/2 57/1/2 249/2/2 253/12/2
f 57/2/3 61/12/3 250/11/3 249/1/3
f 253/1/4 249/2/4 250/12/4 254/11/4
f 69/1/5 254/2/5 250/12/5 61/11/5
f 67/1/6 253/2/6 254/12/6 69/11/6
f 69/1/2 61/2/2 250/12/2 254/11/2
f 71/2/1 73/12/1 67/11/1 65/1/1
f 71/1/2 65/2/2 252/12/2 256/11/2
f 65/2/3 67/12/3 253/11/3 252/1/3
f 256/1/4 252/2/4 253/12/4 257/11/4
f 73/2/5 257/12/5 253/11/5 67/1/5
f 71/1/6 256/2/6 257/12/6 73/11/6
f 73/2/1 75/12/1 69/11/1 67/1/1
f 73/1/2 67/2/2 253/12/2 257/11/2
f 67/2/3 69/12/3 254/11/3 253/1/3
f 257/1/4 253/2/4 254/12/4 258/11/4
f 75/2/5 258/12/5 254/11/5 69/1/5
f 73/1/6 257/2/6 258/12/6 75/11/6
f 75/2/2 69/12/2 254/11/2 258/1/2
f 77/2/1 79/12/1 73/11/1 71/1/1
f 77/11/2 71/1/2 256/2/2 260/12/2
f 71/2/3 73/12/3 257/11/3 256/1/3
f 260/1/4 256/2/4 257/12/4 261/11/4
f 79/1/5 261/2/5 257/12/5 73/11/5
f 77/1/6 260/2/6 261/12/6 79/11/6
f 79/2/1 81/12/1 75/11/1 73/1/1
f 79/1/2 73/2/2 257/12/2 261/11/2
f 73/2/3 75/12/3 258/11/3 257/1/3
f 261/1/4 257/2/4 258/12/4 262/11/4
f 81/2/5 262/12/5 258/11/5 75/1/5
f 79/1/6 261/2/6 262/12/6 81/11/6
f 81/1/2 75/2/2 258/12/2 262/11/2
f 83/2/1 85/12/1 79/11/1 77/1/1
f 83/11/2 77/1/2 260/2/2 263/12/2
f 77/2/3 79/12/3 261/11/3 260/1/3
f 263/1/4 260/2/4 261/12/4 264/11/4
f 85/1/5 264/2/5 261/12/5 79/11/5
f 83/1/6 263/2/6 264/12/6 85/11/6
f 85/2/1 87/12/1 81/11/1 79/1/1
f 85/11/2 79/1/2 261/2/2 264/12/2
f 79/2/3 81/12/3 262/11/3 261/1/3
f 264/1/4 261/2/4 262/12/4 265/11/4
f 87/1/5 265/2/5 262/12/5 81/11/5
f 85/1/6 264/2/6 265/12/6 87/11/6
f 87/12/2 81/11/2 262/1/2 265/2/2
f 95/2/1 97/12/1 85/11/1 83/1/1
f 95/1/2 83/2/2 263/12/2 266/11/2
f 83/2/3 85/12/3 264/11/3 263/1/3
f 266/1/4 263/2/4 264/12/4 267/11/4
f 97/2/5 267/12/5 264/11/5 85/1/5
f 95/1/6 266/2/6 267/12/6 97/11/6
f 97/2/1 99/12/1 87/11/1 85/1/1
f 97/2/2 85/12/2 264/11/2 267/1/2
f 85/2/3 87/12/3 265/11/3 264/1/3
f 267/1/4 264/2/4 265/12/4 268/11/4
f 99/12/5 268/11/5 265/1/5 87/2/5
f 97/1/6 267/2/6 268/12/6 99/11/6
f 99/2/2 87/12/2 265/11/2 268/1/2
f 106/2/1 108/12/1 97/11/1 95/1/1
f 106/12/2 95/11/2 266/1/2 269/2/2
f 95/2/3 97/12/3 267/11/3 266/1/3
f 269/1/4 266/2/4 267/12/4 270/11/4
f 108/11/5 270/1/5 267/2/5 97/12/5
f 106/1/6 269/2/6 270/12/6 108/11/6
f 108/2/1 110/12/1 99/11/1 97/1/1
f 108/11/2 97/1/2 267/2/2 270/12/2
f 97/2/3 99/12/3 268/11/3 267/1/3
f 270/1/4 267/2/4 268/12/4 271/11/4
f 110/1/5 271/2/5 268/12/5 99/11/5
f 108/1/6 270/2/6 271/12/6 110/11/6
f 110/12/2 99/11/2 268/1/2 271/2/2
f 117/2/1 119/12/1 108/11/1 106/1/1
f 117/11/2 106/1/2 269/2/2 272/12/2
f 106/2/3 108/12/3 270/11/3 269/1/3
f 272/1/4 269/2/4 270/12/4 273/11/4
f 119/1/5 273/2/5 270/12/5 108/11/5
f 117/1/6 272/2/6 273/12/6 119/11/6
f 119/2/1 121/12/1 110/11/1 108/1/1
f 119/11/2 108/1/2 270/2/2 273/12/2
f 108/2/3 110/12/3 271/11/3 270/1/3
f 273/1/4 270/2/4 271/12/4 274/11/4
f 121/1/5 274/2/5 271/12/5 110/11/5
f 119/1/6 273/2/6 274/12/6 121/11/6
f 121/1/2 110/2/2 271/12/2 274/11/2
f 122/2/1 124/12/1 119/11/1 117/1/1
f 122/2/2 117/12/2 272/11/2 275/1/2
f 117/2/3 119/12/3 273/11/3 272/1/3
f 275/1/4 272/2/4 273/12/4 276/11/4
f 124/12/5 276/11/5 273/1/5 119/2/5
f 122/1/6 275/2/6 276/12/6 124/11/6
f 124/2/1 126/12/1 121/11/1 119/1/1
f 124/11/2 119/1/2 273/2/2 276/12/2
f 119/2/3 121/12/3 274/11/3 273/1/3
f 276/1/4 273/2/4 274/12/4 277/11/4
f 126/1/5 277/2/5 274/12/5 121/11/5
f 124/1/6 276/2/6 277/12/6 126/11/6
f 126/11/2 121/1/2 274/2/2 277/12/2
f 129/2/1 131/12/1 124/11/1 122/1/1
f 129/1/2 122/2/2 275/12/2 278/11/2
f 122/2/3 124/12/3 276/11/3 275/1/3
f 278/1/4 275/2/4 276/12/4 279/11/4
f 131/2/5 279/12/5 276/11/5 124/1/5
f 129/1/6 278/2/6 279/12/6 131/11/6
f 131/2/1 133/12/1 126/11/1 124/1/1
f 131/11/2 124/1/2 276/2/2 279/12/2
f 124/2/3 126/12/3 277/11/3 276/1/3
f 279/1/4 276/2/4 277/12/4 280/11/4
f 133/1/5 280/2/5 277/12/5 126/11/5
f 131/1/6 279/2/6 280/12/6 133/11/6
f 133/1/2 126/2/2 277/12/2 280/11/2
f 136/2/1 138/12/1 131/11/1 129/1/1
f 136/2/2 129/12/2 278/11/2 282/1/2
f 129/2/3 131/12/3 279/11/3 278/1/3
f 282/1/4 278/2/4 279/12/4 283/11/4
f 138/12/5 283/11/5 279/1/5 131/2/5
f 136/1/6 282/2/6 283/12/6 138/11/6
f 138/2/1 140/12/1 133/11/1 131/1/1
f 138/1/2 131/2/2 279/12/2 283/11/2
f 131/2/3 133/12/3 280/11/3 279/1/3
f 283/1/4 279/2/4 280/12/4 284/11/4
f 140/2/5 284/12/5 280/11/5 133/1/5
f 138/1/6 283/2/6 284/12/6 140/11/6
f 140/2/1 142/12/1 135/11/1 133/1/1
f 140/12/2 133/11/2 280/1/2 284/2/2
f 133/2/3 135/12/3 281/11/3 280/1/3
f 284/1/4 280/2/4 281/12/4 285/11/4
f 142/11/5 285/1/5 281/2/5 135/12/5
f 140/1/6 284/2/6 285/12/6 142/11/6
f 142/12/2 135/11/2 281/1/2 285/2/2
f 144/2/1 146/12/1 140/11/1 138/1/1
f 144/2/2 138/12/2 283/11/2 287/1/2
f 138/2/3 140/12/3 284/11/3 283/1/3
f 287/1/4 283/2/4 284/12/4 288/11/4
f 146/12/5 288/11/5 284/1/5 140/2/5
f 144/1/6 287/2/6 288/12/6 146/11/6
f 146/2/1 148/12/1 142/11/1 140/1/1
f 146/2/2 140/12/2 284/11/2 288/1/2
f 140/2/3 142/12/3 285/11/3 284/1/3
f 288/1/4 284/2/4 285/12/4 289/11/4
f 148/12/5 289/11/5 285/1/5 142/2/5
f 146/1/6 288/2/6 289/12/6 148/11/6
f 148/2/2 142/12/2 285/11/2 289/1/2
f 150/2/1 152/12/1 146/11/1 144/1/1
f 150/11/2 144/1/2 287/2/2 290/12/2
f 144/2/3 146/12/3 288/11/3 287/1/3
f 290/1/4 287/2/4 288/12/4 291/11/4
f 152/1/5 291/2/5 288/12/5 146/11/5
f 150/1/6 290/2/6 291/12/6 152/11/6
f 152/2/1 154/12/1 148/11/1 146/1/1
f 152/11/2 146/1/2 288/2/2 291/12/2
f 146/2/3 148/12/3 289/11/3 288/1/3
f 291/1/4 288/2/4 289/12/4 292/11/4
f 154/1/5 292/2/5 289/12/5 148/11/5
f 152/1/6 291/2/6 292/12/6 154/11/6
f 154/12/2 148/11/2 289/1/2 292/2/2
f 155/2/1 157/12/1 152/11/1 150/1/1
f 155/1/2 150/2/2 290/12/2 293/11/2
f 150/2/3 152/12/3 291/11/3 290/1/3
f 293/1/4 290/2/4 291/12/4 294/11/4
f 157/2/5 294/12/5 291/11/5 152/1/5
f 155/1/6 293/2/6 294/12/6 157/11/6
f 157/2/1 159/12/1 154/11/1 152/1/1
f 157/2/2 152/12/2 291/11/2 294/1/2
f 152/2/3 154/12/3 292/11/3 291/1/3
f 294/1/4 291/2/4 292/12/4 295/11/4
f 159/12/5 295/11/5 292/1/5 154/2/5
f 157/1/6 294/2/6 295/12/6 159/11/6
f 160/2/1 162/12/1 157/11/1 155/1/1
f 160/12/2 155/11/2 293/1/2 296/2/2
f 155/2/3 157/12/3 294/11/3 293/1/3
f 296/1/4 293/2/4 294/12/4 297/11/4
f 162/11/5 297/1/5 294/2/5 157/12/5
f 160/1/6 296/2/6 297/12/6 162/11/6
f 162/2/1 164/12/1 159/11/1 157/1/1
f 162/12/2 157/11/2 294/1/2 297/2/2
f 157/2/3 159/12/3 295/11/3 294/1/3
f 297/1/4 294/2/4 295/12/4 298/11/4
f 164/11/5 298/1/5 295/2/5 159/12/5
f 162/1/6 297/2/6 298/12/6 164/11/6
f 166/2/1 168/12/1 164/11/1 162/1/1
f 166/11/2 162/1/2 297/2/2 300/12/2
f 162/2/3 164/12/3 298/11/3 297/1/3
f 300/1/4 297/2/4 298/12/4 301/11/4
f 168/1/5 301/2/5 298/12/5 164/11/5
f 166/1/6 300/2/6 301/12/6 168/11/6
f 168/1/2 164/2/2 298/12/2 301/11/2
f 172/2/1 174/12/1 168/11/1 166/1/1
f 172/2/2 166/12/2 300/11/2 303/1/2
f 166/2/3 168/12/3 301/11/3 300/1/3
f 303/1/4 300/2/4 301/12/4 304/11/4
f 174/12/5 304/11/5 301/1/5 168/2/5
f 172/1/6 303/2/6 304/12/6 174/11/6
f 174/2/2 168/12/2 301/11/2 304/1/2
f 178/2/1 180/12/1 174/11/1 172/1/1
f 178/11/2 172/1/2 303/2/2 306/12/2
f 172/2/3 174/12/3 304/11/3 303/1/3
f 306/1/4 303/2/4 304/12/4 307/11/4
f 180/1/5 307/2/5 304/12/5 174/11/5
f 178/1/6 306/2/6 307/12/6 180/11/6
f 180/2/1 182/12/1 176/11/1 174/1/1
f 180/1/2 174/2/2 304/12/2 307/11/2
f 174/2/3 176/12/3 305/11/3 304/1/3
f 307/1/4 304/2/4 305/12/4 308/11/4
f 182/2/5 308/12/5 305/11/5 176/1/5
f 180/1/6 307/2/6 308/12/6 182/11/6
f 182/2/2 176/12/2 305/11/2 308/1/2
f 184/2/1 186/12/1 180/11/1 178/1/1
f 184/11/2 178/1/2 306/2/2 309/12/2
f 178/2/3 180/12/3 307/11/3 306/1/3
f 309/1/4 306/2/4 307/12/4 310/11/4
f 186/1/5 310/2/5 307/12/5 180/11/5
f 184/1/6 309/2/6 310/12/6 186/11/6
f 186/2/1 188/12/1 182/11/1 180/1/1
f 186/1/2 180/2/2 307/12/2 310/11/2
f 180/2/3 182/12/3 308/11/3 307/1/3
f 310/1/4 307/2/4 308/12/4 311/11/4
f 188/2/5 311/12/5 308/11/5 182/1/5
f 186/1/6 310/2/6 311/12/6 188/11/6
f 188/1/2 182/2/2 308/12/2 311/11/2
f 190/2/1 192/12/1 188/11/1 186/1/1
f 190/12/2 186/11/2 310/1/2 312/2/2
f 186/2/3 188/12/3 311/11/3 310/1/3
f 312/1/4 310/2/4 311/12/4 313/11/4
f 192/11/5 313/1/5 311/2/5 188/12/5
f 190/1/6 312/2/6 313/12/6 192/11/6
f 192/12/2 188/11/2 311/1/2 313/2/2
f 194/2/1 196/12/1 192/11/1 190/1/1
f 194/11/2 190/1/2 312/2/2 314/12/2
f 190/2/3 192/12/3 313/11/3 312/1/3
f 314/1/4 312/2/4 313/12/4 315/11/4
f 196/1/5 315/2/5 313/12/5 192/11/5
f 194/1/6 314/2/6 315/12/6 196/11/6
f 196/1/2 192/2/2 313/12/2 315/11/2
f 198/2/1 200/12/1 196/11/1 194/1/1
f 198/12/2 194/11/2 314/1/2 316/2/2
f 194/2/3 196/12/3 315/11/3 314/1/3
f 316/1/4 314/2/4 315/12/4 317/11/4
f 200/11/5 317/1/5 315/2/5 196/12/5
f 198/1/6 316/2/6 317/12/6 200/11/6
f 200/12/2 196/11/2 315/1/2 317/2/2
f 204/2/1 206/12/1 200/11/1 198/1/1
f 204/1/2 198/2/2 316/12/2 319/11/2
f 198/2/3 200/12/3 317/11/3 316/1/3
f 319/1/4 316/2/4 317/12/4 320/11/4
f 206/2/5 320/12/5 317/11/5 200/1/5
f 204/1/6 319/2/6 320/12/6 206/11/6
f 206/2/1 208/12/1 202/11/1 200/1/1
f 206/12/2 200/11/2 317/1/2 320/2/2
f 200/2/3 202/12/3 318/11/3 317/1/3
f 320/1/4 317/2/4 318/12/4 321/11/4
f 208/11/5 321/1/5 318/2/5 202/12/5
f 206/1/6 320/2/6 321/12/6 208/11/6
f 211/2/1 213/12/1 206/11/1 204/1/1
f 211/2/2 204/12/2 319/11/2 323/1/2
f 204/2/3 206/12/3 320/11/3 319/1/3
f 323/1/4 319/2/4 320/12/4 324/11/4
f 213/12/5 324/11/5 320/1/5 206/2/5
f 211/1/6 323/2/6 324/12/6 213/11/6
f 213/11/2 206/1/2 320/2/2 324/12/2
f 215/12/2 210/11/2 322/1/2 326/2/2
f 217/12/2 213/11/2 324/1/2 328/2/2
f 219/12/2 215/11/2 326/1/2 329/2/2
f 221/2/1 223/12/1 222/11/1 220/1/1
f 221/1/2 220/2/2 330/12/2 331/11/2
f 220/2/3 222/12/3 332/11/3 330/1/3
f 331/1/4 330/2/4 332/12/4 333/11/4
f 223/2/5 333/12/5 332/11/5 222/1/5
f 221/1/6 331/2/6 333/12/6 223/11/6
f 223/2/1 225/12/1 224/11/1 222/1/1
f 223/12/2 222/11/2 332/1/2 333/2/2
f 222/2/3 224/12/3 334/11/3 332/1/3
f 333/1/4 332/2/4 334/12/4 335/11/4
f 225/11/5 335/1/5 334/2/5 224/12/5
f 223/1/6 333/2/6 335/12/6 225/11/6
f 225/1/2 224/2/2 334/12/2 335/11/2
f 227/2/1 228/12/1 223/11/1 221/1/1
f 227/12/2 221/11/2 331/1/2 337/2/2
f 221/2/3 223/12/3 333/11/3 331/1/3
f 337/1/4 331/2/4 333/12/4 338/11/4
f 228/11/5 338/1/5 333/2/5 223/12/5
f 227/1/6 337/2/6 338/12/6 228/11/6
f 228/2/1 229/12/1 225/11/1 223/1/1
f 228/2/2 223/12/2 333/11/2 338/1/2
f 223/2/3 225/12/3 335/11/3 333/1/3
f 338/1/4 333/2/4 335/12/4 339/11/4
f 229/12/5 339/11/5 335/1/5 225/2/5
f 228/1/6 338/2/6 339/12/6 229/11/6
f 229/12/2 225/11/2 335/1/2 339/2/2
f 232/2/1 233/12/1 229/11/1 228/1/1
f 232/12/2 228/11/2 338/1/2 342/2/2
f 228/2/3 229/12/3 339/11/3 338/1/3
f 342/1/4 338/2/4 339/12/4 343/11/4
f 233/11/5 343/1/5 339/2/5 229/12/5
f 232/1/6 342/2/6 343/12/6 233/11/6
f 233/2/1 234/12/1 230/11/1 229/1/1
f 233/12/2 229/11/2 339/1/2 343/2/2
f 229/2/3 230/12/3 340/11/3 339/1/3
f 343/1/4 339/2/4 340/12/4 344/11/4
f 234/11/5 344/1/5 340/2/5 230/12/5
f 233/1/6 343/2/6 344/12/6 234/11/6
f 234/1/2 230/2/2 340/12/2 344/11/2
f 236/2/1 237/12/1 234/11/1 233/1/1
f 236/11/2 233/1/2 343/2/2 347/12/2
f 233/2/3 234/12/3 344/11/3 343/1/3
f 347/1/4 343/2/4 344/12/4 348/11/4
f 237/1/5 348/2/5 344/12/5 234/11/5
f 236/1/6 347/2/6 348/12/6 237/11/6
f 237/2/1 238/12/1 235/11/1 234/1/1
f 237/2/2 234/12/2 344/11/2 348/1/2
f 234/2/3 235/12/3 345/11/3 344/1/3
f 348/1/4 344/2/4 345/12/4 349/11/4
f 238/12/5 349/11/5 345/1/5 235/2/5
f 237/1/6 348/2/6 349/12/6 238/11/6
f 238/2/2 235/12/2 345/11/2 349/1/2
f 240/2/1 241/12/1 238/11/1 237/1/1
f 240/2/2 237/12/2 348/11/2 351/1/2
f 237/2/3 238/12/3 349/11/3 348/1/3
f 351/1/4 348/2/4 349/12/4 352/11/4
f 241/12/5 352/11/5 349/1/5 238/2/5
f 240/1/6 351/2/6 352/12/6 241/11/6
f 241/11/2 238/1/2 349/2/2 352/12/2
f 243/2/1 244/12/1 241/11/1 240/1/1
f 243/12/2 240/11/2 351/1/2 355/2/2
f 240/2/3 241/12/3 352/11/3 351/1/3
f 355/1/4 351/2/4 352/12/4 356/11/4
f 244/11/5 356/1/5 352/2/5 241/12/5
f 243/1/6 355/2/6 356/12/6 244/11/6
f 244/2/1 245/12/1 242/11/1 241/1/1
f 244/1/2 241/2/2 352/12/2 356/11/2
f 241/2/3 242/12/3 353/11/3 352/1/3
f 356/1/4 352/2/4 353/12/4 357/11/4
f 245/2/5 357/12/5 353/11/5 242/1/5
f 244/1/6 356/2/6 357/12/6 245/11/6
f 245/1/2 242/2/2 353/12/2 357/11/2
f 247/2/1 248/12/1 245/11/1 244/1/1
f 247/1/2 244/2/2 356/12/2 360/11/2
f 244/2/3 245/12/3 357/11/3 356/1/3
f 360/1/4 356/2/4 357/12/4 361/11/4
f 248/2/5 361/12/5 357/11/5 245/1/5
f 247/1/6 360/2/6 361/12/6 248/11/6
f 248/2/1 249/12/1 246/11/1 245/1/1
f 248/1/2 245/2/2 357/12/2 361/11/2
f 245/2/3 246/12/3 358/11/3 357/1/3
f 361/1/4 357/2/4 358/12/4 362/11/4
f 249/2/5 362/12/5 358/11/5 246/1/5
f 248/1/6 361/2/6 362/12/6 249/11/6
f 249/2/2 246/12/2 358/11/2 362/1/2
f 251/2/1 252/12/1 248/11/1 247/1/1
f 251/2/2 247/12/2 360/11/2 363/1/2
f 247/2/3 248/12/3 361/11/3 360/1/3
f 363/1/4 360/2/4 361/12/4 364/11/4
f 252/12/5 364/11/5 361/1/5 248/2/5
f 251/1/6 363/2/6 364/12/6 252/11/6
f 252/2/1 253/12/1 249/11/1 248/1/1
f 252/1/2 248/2/2 361/12/2 364/11/2
f 248/2/3 249/12/3 362/11/3 361/1/3
f 364/1/4 361/2/4 362/12/4 365/11/4
f 253/2/5 365/12/5 362/11/5 249/1/5
f 252/1/6 364/2/6 365/12/6 253/11/6
f 253/12/2 249/11/2 362/1/2 365/2/2
f 256/2/1 257/12/1 253/11/1 252/1/1
f 256/12/2 252/11/2 364/1/2 368/2/2
f 252/2/3 253/12/3 365/11/3 364/1/3
f 368/1/4 364/2/4 365/12/4 369/11/4
f 257/11/5 369/1/5 365/2/5 253/12/5
f 256/1/6 368/2/6 369/12/6 257/11/6
f 257/2/1 258/12/1 254/11/1 253/1/1
f 257/12/2 253/11/2 365/1/2 369/2/2
f 253/2/3 254/12/3 366/11/3 365/1/3
f 369/1/4 365/2/4 366/12/4 370/11/4
f 258/11/5 370/1/5 366/2/5 254/12/5
f 257/1/6 369/2/6 370/12/6 258/11/6
f 258/11/2 254/1/2 366/2/2 370/12/2
f 259/2/1 260/12/1 256/11/1 255/1/1
f 259/11/2 255/1/2 367/2/2 371/12/2
f 255/2/3 256/12/3 368/11/3 367/1/3
f 371/1/4 367/2/4 368/12/4 372/11/4
f 260/1/5 372/2/5 368/12/5 256/11/5
f 259/1/6 371/2/6 372/12/6 260/11/6
f 260/2/1 261/12/1 257/11/1 256/1/1
f 260/1/2 256/2/2 368/12/2 372/11/2
f 256/2/3 257/12/3 369/11/3 368/1/3
f 372/1/4 368/2/4 369/12/4 373/11/4
f 261/2/5 373/12/5 369/11/5 257/1/5
f 260/1/6 372/2/6 373/12/6 261/11/6
f 261/2/1 262/12/1 258/11/1 257/1/1
f 261/12/2 257/11/2 369/1/2 373/2/2
f 257/2/3 258/12/3 370/11/3 369/1/3
f 373/1/4 369/2/4 370/12/4 374/11/4
f 262/11/5 374/1/5 370/2/5 258/12/5
f 261/1/6 373/2/6 374/12/6 262/11/6
f 262/1/2 258/2/2 370/12/2 374/11/2
f 263/2/1 264/12/1 261/11/1 260/1/1
f 263/12/2 260/11/2 372/1/2 376/2/2
f 260/2/3 261/12/3 373/11/3 372/1/3
f 376/1/4 372/2/4 373/12/4 377/11/4
f 264/11/5 377/1/5 373/2/5 261/12/5
f 263/1/6 376/2/6 377/12/6 264/11/6
f 264/2/1 265/12/1 262/11/1 261/1/1
f 264/11/2 261/1/2 373/2/2 377/12/2
f 261/2/3 262/12/3 374/11/3 373/1/3
f 377/1/4 373/2/4 374/12/4 378/11/4
f 265/1/5 378/2/5 374/12/5 262/11/5
f 264/1/6 377/2/6 378/12/6 265/11/6
f 265/2/2 262/12/2 374/11/2 378/1/2
f 266/2/1 267/12/1 264/11/1 263/1/1
f 266/11/2 263/1/2 376/2/2 379/12/2
f 263/2/3 264/12/3 377/11/3 376/1/3
f 379/1/4 376/2/4 377/12/4 380/11/4
f 267/1/5 380/2/5 377/12/5 264/11/5
f 266/1/6 379/2/6 380/12/6 267/11/6
f 267/2/1 268/12/1 265/11/1 264/1/1
f 267/12/2 264/11/2 377/1/2 380/2/2
f 264/2/3 265/12/3 378/11/3 377/1/3
f 380/1/4 377/2/4 378/12/4 381/11/4
f 268/11/5 381/1/5 378/2/5 265/12/5
f 267/1/6 380/2/6 381/12/6 268/11/6
f 268/1/2 265/2/2 378/12/2 381/11/2
f 269/2/1 270/12/1 267/11/1 266/1/1
f 269/11/2 266/1/2 379/2/2 382/12/2
f 266/2/3 267/12/3 380/11/3 379/1/3
f 382/1/4 379/2/4 380/12/4 383/11/4
f 270/1/5 383/2/5 380/12/5 267/11/5
f 269/1/6 382/2/6 383/12/6 270/11/6
f 270/2/1 271/12/1 268/11/1 267/1/1
f 270/1/2 267/2/2 380/12/2 383/11/2
f 267/2/3 268/12/3 381/11/3 380/1/3
f 383/1/4 380/2/4 381/12/4 384/11/4
f 271/2/5 384/12/5 381/11/5 268/1/5
f 270/1/6 383/2/6 384/12/6 271/11/6
f 271/2/2 268/12/2 381/11/2 384/1/2
f 272/2/1 273/12/1 270/11/1 269/1/1
f 272/2/2 269/12/2 382/11/2 385/1/2
f 269/2/3 270/12/3 383/11/3 382/1/3
f 385/1/4 382/2/4 383/12/4 386/11/4
f 273/12/5 386/11/5 383/1/5 270/2/5
f 272/1/6 385/2/6 386/12/6 273/11/6
f 273/2/1 274/12/1 271/11/1 270/1/1
f 273/11/2 270/1/2 383/2/2 386/12/2
f 270/2/3 271/12/3 384/11/3 383/1/3
f 386/1/4 383/2/4 384/12/4 387/11/4
f 274/1/5 387/2/5 384/12/5 271/11/5
f 273/1/6 386/2/6 387/12/6 274/11/6
f 274/1/2 271/2/2 384/12/2 387/11/2
f 275/2/1 276/12/1 273/11/1 272/1/1
f 275/2/2 272/12/2 385/11/2 388/1/2
f 272/2/3 273/12/3 386/11/3 385/1/3
f 388/1/4 385/2/4 386/12/4 389/11/4
f 276/12/5 389/11/5 386/1/5 273/2/5
f 275/1/6 388/2/6 389/12/6 276/11/6
f 276/2/1 277/12/1 274/11/1 273/1/1
f 276/12/2 273/11/2 386/1/2 389/2/2
f 273/2/3 274/12/3 387/11/3 386/1/3
f 389/1/4 386/2/4 387/12/4 390/11/4
f 277/11/5 390/1/5 387/2/5 274/12/5
f 276/1/6 389/2/6 390/12/6 277/11/6
f 277/1/2 274/2/2 387/12/2 390/11/2
f 278/2/1 279/12/1 276/11/1 275/1/1
f 278/2/2 275/12/2 388/11/2 392/1/2
f 275/2/3 276/12/3 389/11/3 388/1/3
f 392/1/4 388/2/4 389/12/4 393/11/4
f 279/12/5 393/11/5 389/1/5 276/2/5
f 278/1/6 392/2/6 393/12/6 279/11/6
f 279/2/1 280/12/1 277/11/1 276/1/1
f 279/2/2 276/12/2 389/11/2 393/1/2
f 276/2/3 277/12/3 390/11/3 389/1/3
f 393/1/4 389/2/4 390/12/4 394/11/4
f 280/12/5 394/11/5 390/1/5 277/2/5
f 279/1/6 393/2/6 394/12/6 280/11/6
f 280/1/2 277/2/2 390/12/2 394/11/2
f 282/2/1 283/12/1 279/11/1 278/1/1
f 282/11/2 278/1/2 392/2/2 396/12/2
f 278/2/3 279/12/3 393/11/3 392/1/3
f 396/1/4 392/2/4 393/12/4 397/11/4
f 283/1/5 397/2/5 393/12/5 279/11/5
f 282/1/6 396/2/6 397/12/6 283/11/6
f 283/2/1 284/12/1 280/11/1 279/1/1
f 283/1/2 279/2/2 393/12/2 397/11/2
f 279/2/3 280/12/3 394/11/3 393/1/3
f 397/1/4 393/2/4 394/12/4 398/11/4
f 284/2/5 398/12/5 394/11/5 280/1/5
f 283/1/6 397/2/6 398/12/6 284/11/6
f 284/12/2 280/11/2 394/1/2 398/2/2
f 286/2/1 287/12/1 283/11/1 282/1/1
f 286/2/2 282/12/2 396/11/2 400/1/2
f 282/2/3 283/12/3 397/11/3 396/1/3
f 400/1/4 396/2/4 397/12/4 401/11/4
f 287/12/5 401/11/5 397/1/5 283/2/5
f 286/1/6 400/2/6 401/12/6 287/11/6
f 287/2/1 288/12/1 284/11/1 283/1/1
f 287/2/2 283/12/2 397/11/2 401/1/2
f 283/2/3 284/12/3 398/11/3 397/1/3
f 401/1/4 397/2/4 398/12/4 402/11/4
f 288/12/5 402/11/5 398/1/5 284/2/5
f 287/1/6 401/2/6 402/12/6 288/11/6
f 288/2/1 289/12/1 285/11/1 284/1/1
f 288/1/2 284/2/2 398/12/2 402/11/2
f 284/2/3 285/12/3 399/11/3 398/1/3
f 402/1/4 398/2/4 399/12/4 403/11/4
f 289/2/5 403/12/5 399/11/5 285/1/5
f 288/1/6 402/2/6 403/12/6 289/11/6
f 289/2/2 285/12/2 399/11/2 403/1/2
f 290/2/1 291/12/1 288/11/1 287/1/1
f 290/1/2 287/2/2 401/12/2 405/11/2
f 287/2/3 288/12/3 402/11/3 401/1/3
f 405/1/4 401/2/4 402/12/4 406/11/4
f 291/2/5 406/12/5 402/11/5 288/1/5
f 290/1/6 405/2/6 406/12/6 291/11/6
f 291/2/1 292/12/1 289/11/1 288/1/1
f 291/11/2 288/1/2 402/2/2 406/12/2
f 288/2/3 289/12/3 403/11/3 402/1/3
f 406/1/4 402/2/4 403/12/4 407/11/4
f 292/1/5 407/2/5 403/12/5 289/11/5
f 291/1/6 406/2/6 407/12/6 292/11/6
f 292/2/2 289/12/2 403/11/2 407/1/2
f 293/2/1 294/12/1 291/11/1 290/1/1
f 293/11/2 290/1/2 405/2/2 408/12/2
f 290/2/3 291/12/3 406/11/3 405/1/3
f 408/1/4 405/2/4 406/12/4 409/11/4
f 294/1/5 409/2/5 406/12/5 291/11/5
f 293/1/6 408/2/6 409/12/6 294/11/6
f 294/2/1 295/12/1 292/11/1 291/1/1
f 294/2/2 291/12/2 406/11/2 409/1/2
f 291/2/3 292/12/3 407/11/3 406/1/3
f 409/1/4 406/2/4 407/12/4 410/11/4
f 295/12/5 410/11/5 407/1/5 292/2/5
f 294/1/6 409/2/6 410/12/6 295/11/6
f 296/2/1 297/12/1 294/11/1 293/1/1
f 296/2/2 293/12/2 408/11/2 411/1/2
f 293/2/3 294/12/3 409/11/3 408/1/3
f 411/1/4 408/2/4 409/12/4 412/11/4
f 297/12/5 412/11/5 409/1/5 294/2/5
f 296/1/6 411/2/6 412/12/6 297/11/6
f 297/2/1 298/12/1 295/11/1 294/1/1
f 297/2/2 294/12/2 409/11/2 412/1/2
f 294/2/3 295/12/3 410/11/3 409/1/3
f 412/1/4 409/2/4 410/12/4 413/11/4
f 298/12/5 413/11/5 410/1/5 295/2/5
f 297/1/6 412/2/6 413/12/6 298/11/6
f 299/2/1 300/12/1 297/11/1 296/1/1
f 299/1/2 296/2/2 411/12/2 414/11/2
f 296/2/3 297/12/3 412/11/3 411/1/3
f 414/1/4 411/2/4 412/12/4 415/11/4
f 300/2/5 415/12/5 412/11/5 297/1/5
f 299/1/6 414/2/6 415/12/6 300/11/6
f 300/2/1 301/12/1 298/11/1 297/1/1
f 300/1/2 297/2/2 412/12/2 415/11/2
f 297/2/3 298/12/3 413/11/3 412/1/3
f 415/1/4 412/2/4 413/12/4 416/11/4
f 301/2/5 416/12/5 413/11/5 298/1/5
f 300/1/6 415/2/6 416/12/6 301/11/6
f 301/1/2 298/2/2 413/12/2 416/11/2
f 302/2/1 303/12/1 300/11/1 299/1/1
f 302/11/2 299/1/2 414/2/2 417/12/2
f 299/2/3 300/12/3 415/11/3 414/1/3
f 417/1/4 414/2/4 415/12/4 418/11/4
f 303/1/5 418/2/5 415/12/5 300/11/5
f 302/1/6 417/2/6 418/12/6 303/11/6
f 303/2/1 304/12/1 301/11/1 300/1/1
f 303/2/2 300/12/2 415/11/2 418/1/2
f 300/2/3 301/12/3 416/11/3 415/1/3
f 418/1/4 415/2/4 416/12/4 419/11/4
f 304/12/5 419/11/5 416/1/5 301/2/5
f 303/1/6 418/2/6 419/12/6 304/11/6
f 304/2/2 301/12/2 416/11/2 419/1/2
f 307/2/1 308/12/1 305/11/1 304/1/1
f 307/2/2 304/12/2 419/11/2 423/1/2
f 304/2/3 305/12/3 420/11/3 419/1/3
f 423/1/4 419/2/4 420/12/4 424/11/4
f 308/12/5 424/11/5 420/1/5 305/2/5
f 307/1/6 423/2/6 424/12/6 308/11/6
f 308/2/2 305/12/2 420/11/2 424/1/2
f 310/2/1 311/12/1 308/11/1 307/1/1
f 310/2/2 307/12/2 423/11/2 425/1/2
f 307/2/3 308/12/3 424/11/3 423/1/3
f 425/1/4 423/2/4 424/12/4 426/11/4
f 311/12/5 426/11/5 424/1/5 308/2/5
f 310/1/6 425/2/6 426/12/6 311/11/6
f 311/11/2 308/1/2 424/2/2 426/12/2
f 312/2/1 313/12/1 311/11/1 310/1/1
f 312/1/2 310/2/2 425/12/2 427/11/2
f 310/2/3 311/12/3 426/11/3 425/1/3
f 427/1/4 425/2/4 426/12/4 428/11/4
f 313/2/5 428/12/5 426/11/5 311/1/5
f 312/1/6 427/2/6 428/12/6 313/11/6
f 313/1/2 311/2/2 426/12/2 428/11/2
f 314/2/1 315/12/1 313/11/1 312/1/1
f 314/2/2 312/12/2 427/11/2 429/1/2
f 312/2/3 313/12/3 428/11/3 427/1/3
f 429/1/4 427/2/4 428/12/4 430/11/4
f 315/12/5 430/11/5 428/1/5 313/2/5
f 314/1/6 429/2/6 430/12/6 315/11/6
f 315/11/2 313/1/2 428/2/2 430/12/2
f 316/2/1 317/12/1 315/11/1 314/1/1
f 316/11/2 314/1/2 429/2/2 431/12/2
f 314/2/3 315/12/3 430/11/3 429/1/3
f 431/1/4 429/2/4 430/12/4 432/11/4
f 317/1/5 432/2/5 430/12/5 315/11/5
f 316/1/6 431/2/6 432/12/6 317/11/6
f 317/1/2 315/2/2 430/12/2 432/11/2
f 319/2/1 320/12/1 317/11/1 316/1/1
f 319/1/2 316/2/2 431/12/2 433/11/2
f 316/2/3 317/12/3 432/11/3 431/1/3
f 433/1/4 431/2/4 432/12/4 434/11/4
f 320/2/5 434/12/5 432/11/5 317/1/5
f 319/1/6 433/2/6 434/12/6 320/11/6
f 320/12/2 317/11/2 432/1/2 434/2/2
f 323/2/1 324/12/1 320/11/1 319/1/1
f 323/2/2 319/12/2 433/11/2 436/1/2
f 319/2/3 320/12/3 434/11/3 433/1/3
f 436/1/4 433/2/4 434/12/4 437/11/4
f 324/12/5 437/11/5 434/1/5 320/2/5
f 323/1/6 436/2/6 437/12/6 324/11/6
f 324/2/1 325/12/1 321/11/1 320/1/1
f 324/1/2 320/2/2 434/12/2 437/11/2
f 320/2/3 321/12/3 435/11/3 434/1/3
f 437/1/4 434/2/4 435/12/4 438/11/4
f 325/2/5 438/12/5 435/11/5 321/1/5
f 324/1/6 437/2/6 438/12/6 325/11/6
f 327/2/1 328/12/1 324/11/1 323/1/1
f 327/11/2 323/1/2 436/2/2 440/12/2
f 323/2/3 324/12/3 437/11/3 436/1/3
f 440/1/4 436/2/4 437/12/4 441/11/4
f 328/1/5 441/2/5 437/12/5 324/11/5
f 327/1/6 440/2/6 441/12/6 328/11/6
f 328/1/2 324/2/2 437/12/2 441/11/2
f 329/11/2 326/1/2 439/2/2 443/12/2
f 331/2/1 333/12/1 332/11/1 330/1/1
f 331/2/2 330/12/2 444/11/2 445/1/2
f 330/2/3 332/12/3 446/11/3 444/1/3
f 445/1/4 444/2/4 446/12/4 447/11/4
f 333/12/5 447/11/5 446/1/5 332/2/5
f 331/1/6 445/2/6 447/12/6 333/11/6
f 333/2/1 335/12/1 334/11/1 332/1/1
f 333/12/2 332/11/2 446/1/2 447/2/2
f 332/2/3 334/12/3 448/11/3 446/1/3
f 447/1/4 446/2/4 448/12/4 449/11/4
f 335/11/5 449/1/5 448/2/5 334/12/5
f 333/1/6 447/2/6 449/12/6 335/11/6
f 335/1/2 334/2/2 448/12/2 449/11/2
f 337/2/1 338/12/1 333/11/1 331/1/1
f 337/11/2 331/1/2 445/2/2 451/12/2
f 331/2/3 333/12/3 447/11/3 445/1/3
f 451/1/4 445/2/4 447/12/4 452/11/4
f 338/1/5 452/2/5 447/12/5 333/11/5
f 337/1/6 451/2/6 452/12/6 338/11/6
f 338/2/1 339/12/1 335/11/1 333/1/1
f 338/12/2 333/11/2 447/1/2 452/2/2
f 333/2/3 335/12/3 449/11/3 447/1/3
f 452/1/4 447/2/4 449/12/4 453/11/4
f 339/11/5 453/1/5 449/2/5 335/12/5
f 338/1/6 452/2/6 453/12/6 339/11/6
f 339/2/1 340/12/1 336/11/1 335/1/1
f 339/11/2 335/1/2 449/2/2 453/12/2
f 335/2/3 336/12/3 450/11/3 449/1/3
f 453/1/4 449/2/4 450/12/4 454/11/4
f 340/1/5 454/2/5 450/12/5 336/11/5
f 339/1/6 453/2/6 454/12/6 340/11/6
f 341/2/1 342/12/1 338/11/1 337/1/1
f 341/12/2 337/11/2 451/1/2 455/2/2
f 337/2/3 338/12/3 452/11/3 451/1/3
f 455/1/4 451/2/4 452/12/4 456/11/4
f 342/11/5 456/1/5 452/2/5 338/12/5
f 341/1/6 455/2/6 456/12/6 342/11/6
f 342/2/1 343/12/1 339/11/1 338/1/1
f 342/1/2 338/2/2 452/12/2 456/11/2
f 338/2/3 339/12/3 453/11/3 452/1/3
f 456/1/4 452/2/4 453/12/4 457/11/4
f 343/2/5 457/12/5 453/11/5 339/1/5
f 342/1/6 456/2/6 457/12/6 343/11/6
f 343/2/1 344/12/1 340/11/1 339/1/1
f 343/12/2 339/11/2 453/1/2 457/2/2
f 339/2/3 340/12/3 454/11/3 453/1/3
f 457/1/4 453/2/4 454/12/4 458/11/4
f 344/11/5 458/1/5 454/2/5 340/12/5
f 343/1/6 457/2/6 458/12/6 344/11/6
f 346/2/1 347/12/1 343/11/1 342/1/1
f 346/1/2 342/2/2 456/12/2 461/11/2
f 342/2/3 343/12/3 457/11/3 456/1/3
f 461/1/4 456/2/4 457/12/4 462/11/4
f 347/2/5 462/12/5 457/11/5 343/1/5
f 346/1/6 461/2/6 462/12/6 347/11/6
f 347/2/1 348/12/1 344/11/1 343/1/1
f 347/12/2 343/11/2 457/1/2 462/2/2
f 343/2/3 344/12/3 458/11/3 457/1/3
f 462/1/4 457/2/4 458/12/4 463/11/4
f 348/11/5 463/1/5 458/2/5 344/12/5
f 347/1/6 462/2/6 463/12/6 348/11/6
f 348/2/1 349/12/1 345/11/1 344/1/1
f 348/1/2 344/2/2 458/12/2 463/11/2
f 344/2/3 345/12/3 459/11/3 458/1/3
f 463/1/4 458/2/4 459/12/4 464/11/4
f 349/2/5 464/12/5 459/11/5 345/1/5
f 348/1/6 463/2/6 464/12/6 349/11/6
f 350/2/1 351/12/1 348/11/1 347/1/1
f 350/1/2 347/2/2 462/12/2 466/11/2
f 347/2/3 348/12/3 463/11/3 462/1/3
f 466/1/4 462/2/4 463/12/4 467/11/4
f 351/2/5 467/12/5 463/11/5 348/1/5
f 350/1/6 466/2/6 467/12/6 351/11/6
f 351/2/1 352/12/1 349/11/1 348/1/1
f 351/11/2 348/1/2 463/2/2 467/12/2
f 348/2/3 349/12/3 464/11/3 463/1/3
f 467/1/4 463/2/4 464/12/4 468/11/4
f 352/1/5 468/2/5 464/12/5 349/11/5
f 351/1/6 467/2/6 468/12/6 352/11/6
f 352/11/2 349/1/2 464/2/2 468/12/2
f 354/2/1 355/12/1 351/11/1 350/1/1
f 354/12/2 350/11/2 466/1/2 470/2/2
f 350/2/3 351/12/3 467/11/3 466/1/3
f 470/1/4 466/2/4 467/12/4 471/11/4
f 355/11/5 471/1/5 467/2/5 351/12/5
f 354/1/6 470/2/6 471/12/6 355/11/6
f 355/2/1 356/12/1 352/11/1 351/1/1
f 355/12/2 351/11/2 467/1/2 471/2/2
f 351/2/3 352/12/3 468/11/3 467/1/3
f 471/1/4 467/2/4 468/12/4 472/11/4
f 356/11/5 472/1/5 468/2/5 352/12/5
f 355/1/6 471/2/6 472/12/6 356/11/6
f 356/12/2 352/11/2 468/1/2 472/2/2
f 359/2/1 360/12/1 356/11/1 355/1/1
f 359/11/2 355/1/2 471/2/2 475/12/2
f 355/2/3 356/12/3 472/11/3 471/1/3
f 475/1/4 471/2/4 472/12/4 476/11/4
f 360/1/5 476/2/5 472/12/5 356/11/5
f 359/1/6 475/2/6 476/12/6 360/11/6
f 360/2/1 361/12/1 357/11/1 356/1/1
f 360/2/2 356/12/2 472/11/2 476/1/2
f 356/2/3 357/12/3 473/11/3 472/1/3
f 476/1/4 472/2/4 473/12/4 477/11/4
f 361/12/5 477/11/5 473/1/5 357/2/5
f 360/1/6 476/2/6 477/12/6 361/11/6
f 361/2/2 357/12/2 473/11/2 477/1/2
f 363/2/1 364/12/1 361/11/1 360/1/1
f 363/2/2 360/12/2 476/11/2 480/1/2
f 360/2/3 361/12/3 477/11/3 476/1/3
f 480/1/4 476/2/4 477/12/4 481/11/4
f 364/12/5 481/11/5 477/1/5 361/2/5
f 363/1/6 480/2/6 481/12/6 364/11/6
f 364/2/1 365/12/1 362/11/1 361/1/1
f 364/1/2 361/2/2 477/12/2 481/11/2
f 361/2/3 362/12/3 478/11/3 477/1/3
f 481/1/4 477/2/4 478/12/4 482/11/4
f 365/2/5 482/12/5 478/11/5 362/1/5
f 364/1/6 481/2/6 482/12/6 365/11/6
f 365/12/2 362/11/2 478/1/2 482/2/2
f 367/2/1 368/12/1 364/11/1 363/1/1
f 367/2/2 363/12/2 480/11/2 483/1/2
f 363/2/3 364/12/3 481/11/3 480/1/3
f 483/1/4 480/2/4 481/12/4 484/11/4
f 368/12/5 484/11/5 481/1/5 364/2/5
f 367/1/6 483/2/6 484/12/6 368/11/6
f 368/2/1 369/12/1 365/11/1 364/1/1
f 368/1/2 364/2/2 481/12/2 484/11/2
f 364/2/3 365/12/3 482/11/3 481/1/3
f 484/1/4 481/2/4 482/12/4 485/11/4
f 369/2/5 485/12/5 482/11/5 365/1/5
f 368/1/6 484/2/6 485/12/6 369/11/6
f 369/2/2 365/12/2 482/11/2 485/1/2
f 371/2/1 372/12/1 368/11/1 367/1/1
f 371/12/2 367/11/2 483/1/2 487/2/2
f 367/2/3 368/12/3 484/11/3 483/1/3
f 487/1/4 483/2/4 484/12/4 488/11/4
f 372/11/5 488/1/5 484/2/5 368/12/5
f 371/1/6 487/2/6 488/12/6 372/11/6
f 372/2/1 373/12/1 369/11/1 368/1/1
f 372/11/2 368/1/2 484/2/2 488/12/2
f 368/2/3 369/12/3 485/11/3 484/1/3
f 488/1/4 484/2/4 485/12/4 489/11/4
f 373/1/5 489/2/5 485/12/5 369/11/5
f 372/1/6 488/2/6 489/12/6 373/11/6
f 373/2/1 374/12/1 370/11/1 369/1/1
f 373/11/2 369/1/2 485/2/2 489/12/2
f 369/2/3 370/12/3 486/11/3 485/1/3
f 489/1/4 485/2/4 486/12/4 490/11/4
f 374/1/5 490/2/5 486/12/5 370/11/5
f 373/1/6 489/2/6 490/12/6 374/11/6
f 374/1/2 370/2/2 486/12/2 490/11/2
f 375/2/1 376/12/1 372/11/1 371/1/1
f 375/2/2 371/12/2 487/11/2 491/1/2
f 371/2/3 372/12/3 488/11/3 487/1/3
f 491/1/4 487/2/4 488/12/4 492/11/4
f 376/12/5 492/11/5 488/1/5 372/2/5
f 375/1/6 491/2/6 492/12/6 376/11/6
f 376/2/1 377/12/1 373/11/1 372/1/1
f 376/12/2 372/11/2 488/1/2 492/2/2
f 372/2/3 373/12/3 489/11/3 488/1/3
f 492/1/4 488/2/4 489/12/4 493/11/4
f 377/11/5 493/1/5 489/2/5 373/12/5
f 376/1/6 492/2/6 493/12/6 377/11/6
f 377/2/1 378/12/1 374/11/1 373/1/1
f 377/12/2 373/11/2 489/1/2 493/2/2
f 373/2/3 374/12/3 490/11/3 489/1/3
f 493/1/4 489/2/4 490/12/4 494/11/4
f 378/11/5 494/1/5 490/2/5 374/12/5
f 377/1/6 493/2/6 494/12/6 378/11/6
f 378/12/2 374/11/2 490/1/2 494/2/2
f 379/2/1 380/12/1 377/11/1 376/1/1
f 379/1/2 376/2/2 492/12/2 495/11/2
f 376/2/3 377/12/3 493/11/3 492/1/3
f 495/1/4 492/2/4 493/12/4 496/11/4
f 380/2/5 496/12/5 493/11/5 377/1/5
f 379/1/6 495/2/6 496/12/6 380/11/6
f 380/2/1 381/12/1 378/11/1 377/1/1
f 380/11/2 377/1/2 493/2/2 496/12/2
f 377/2/3 378/12/3 494/11/3 493/1/3
f 496/1/4 493/2/4 494/12/4 497/11/4
f 381/1/5 497/2/5 494/12/5 378/11/5
f 380/1/6 496/2/6 497/12/6 381/11/6
f 381/2/2 378/12/2 494/11/2 497/1/2
f 382/2/1 383/12/1 380/11/1 379/1/1
f 382/2/2 379/12/2 495/11/2 498/1/2
f 379/2/3 380/12/3 496/11/3 495/1/3
f 498/1/4 495/2/4 496/12/4 499/11/4
f 383/12/5 499/11/5 496/1/5 380/2/5
f 382/1/6 498/2/6 499/12/6 383/11/6
f 383/2/1 384/12/1 381/11/1 380/1/1
f 383/2/2 380/12/2 496/11/2 499/1/2
f 380/2/3 381/12/3 497/11/3 496/1/3
f 499/1/4 496/2/4 497/12/4 500/11/4
f 384/12/5 500/11/5 497/1/5 381/2/5
f 383/1/6 499/2/6 500/12/6 384/11/6
f 384/2/2 381/12/2 497/11/2 500/1/2
f 385/2/1 386/12/1 383/11/1 382/1/1
f 385/1/2 382/2/2 498/12/2 502/11/2
f 382/2/3 383/12/3 499/11/3 498/1/3
f 502/1/4 498/2/4 499/12/4 503/11/4
f 386/2/5 503/12/5 499/11/5 383/1/5
f 385/1/6 502/2/6 503/12/6 386/11/6
f 386/2/1 387/12/1 384/11/1 383/1/1
f 386/1/2 383/2/2 499/12/2 503/11/2
f 383/2/3 384/12/3 500/11/3 499/1/3
f 503/1/4 499/2/4 500/12/4 504/11/4
f 387/2/5 504/12/5 500/11/5 384/1/5
f 386/1/6 503/2/6 504/12/6 387/11/6
f 387/12/2 384/11/2 500/1/2 504/2/2
f 388/2/1 389/12/1 386/11/1 385/1/1
f 388/1/2 385/2/2 502/12/2 506/11/2
f 385/2/3 386/12/3 503/11/3 502/1/3
f 506/1/4 502/2/4 503/12/4 507/11/4
f 389/2/5 507/12/5 503/11/5 386/1/5
f 388/1/6 506/2/6 507/12/6 389/11/6
f 389/2/1 390/12/1 387/11/1 386/1/1
f 389/1/2 386/2/2 503/12/2 507/11/2
f 386/2/3 387/12/3 504/11/3 503/1/3
f 507/1/4 503/2/4 504/12/4 508/11/4
f 390/2/5 508/12/5 504/11/5 387/1/5
f 389/1/6 507/2/6 508/12/6 390/11/6
f 390/2/2 387/12/2 504/11/2 508/1/2
f 392/2/1 393/12/1 389/11/1 388/1/1
f 392/11/2 388/1/2 506/2/2 510/12/2
f 388/2/3 389/12/3 507/11/3 506/1/3
f 510/1/4 506/2/4 507/12/4 511/11/4
f 393/1/5 511/2/5 507/12/5 389/11/5
f 392/1/6 510/2/6 511/12/6 393/11/6
f 393/2/1 394/12/1 390/11/1 389/1/1
f 393/2/2 389/12/2 507/11/2 511/1/2
f 389/2/3 390/12/3 508/11/3 507/1/3
f 511/1/4 507/2/4 508/12/4 512/11/4
f 394/12/5 512/11/5 508/1/5 390/2/5
f 393/1/6 511/2/6 512/12/6 394/11/6
f 394/1/2 390/2/2 508/12/2 512/11/2
f 395/2/1 396/12/1 392/11/1 391/1/1
f 395/12/2 391/11/2 509/1/2 513/2/2
f 391/2/3 392/12/3 510/11/3 509/1/3
f 513/1/4 509/2/4 510/12/4 514/11/4
f 396/11/5 514/1/5 510/2/5 392/12/5
f 395/1/6 513/2/6 514/12/6 396/11/6
f 396/2/1 397/12/1 393/11/1 392/1/1
f 396/11/2 392/1/2 510/2/2 514/12/2
f 392/2/3 393/12/3 511/11/3 510/1/3
f 514/1/4 510/2/4 511/12/4 515/11/4
f 397/1/5 515/2/5 511/12/5 393/11/5
f 396/1/6 514/2/6 515/12/6 397/11/6
f 397/2/1 398/12/1 394/11/1 393/1/1
f 397/12/2 393/11/2 511/1/2 515/2/2
f 393/2/3 394/12/3 512/11/3 511/1/3
f 515/1/4 511/2/4 512/12/4 516/11/4
f 398/11/5 516/1/5 512/2/5 394/12/5
f 397/1/6 515/2/6 516/12/6 398/11/6
f 398/12/2 394/11/2 512/1/2 516/2/2
f 400/2/1 401/12/1 397/11/1 396/1/1
f 400/1/2 396/2/2 514/12/2 518/11/2
f 396/2/3 397/12/3 515/11/3 514/1/3
f 518/1/4 514/2/4 515/12/4 519/11/4
f 401/2/5 519/12/5 515/11/5 397/1/5
f 400/1/6 518/2/6 519/12/6 401/11/6
f 401/2/1 402/12/1 398/11/1 397/1/1
f 401/2/2 397/12/2 515/11/2 519/1/2
f 397/2/3 398/12/3 516/11/3 515/1/3
f 519/1/4 515/2/4 516/12/4 520/11/4
f 402/12/5 520/11/5 516/1/5 398/2/5
f 401/1/6 519/2/6 520/12/6 402/11/6
f 402/11/2 398/1/2 516/2/2 520/12/2
f 404/2/1 405/12/1 401/11/1 400/1/1
f 404/2/2 400/12/2 518/11/2 522/1/2
f 400/2/3 401/12/3 519/11/3 518/1/3
f 522/1/4 518/2/4 519/12/4 523/11/4
f 405/12/5 523/11/5 519/1/5 401/2/5
f 404/1/6 522/2/6 523/12/6 405/11/6
f 405/2/1 406/12/1 402/11/1 401/1/1
f 405/1/2 401/2/2 519/12/2 523/11/2
f 401/2/3 402/12/3 520/11/3 519/1/3
f 523/1/4 519/2/4 520/12/4 524/11/4
f 406/2/5 524/12/5 520/11/5 402/1/5
f 405/1/6 523/2/6 524/12/6 406/11/6
f 406/2/1 407/12/1 403/11/1 402/1/1
f 406/11/2 402/1/2 520/2/2 524/12/2
f 402/2/3 403/12/3 521/11/3 520/1/3
f 524/1/4 520/2/4 521/12/4 525/11/4
f 407/1/5 525/2/5 521/12/5 403/11/5
f 406/1/6 524/2/6 525/12/6 407/11/6
f 407/1/2 403/2/2 521/12/2 525/11/2
f 408/2/1 409/12/1 406/11/1 405/1/1
f 408/1/2 405/2/2 523/12/2 526/11/2
f 405/2/3 406/12/3 524/11/3 523/1/3
f 526/1/4 523/2/4 524/12/4 527/11/4
f 409/2/5 527/12/5 524/11/5 406/1/5
f 408/1/6 526/2/6 527/12/6 409/11/6
f 409/2/1 410/12/1 407/11/1 406/1/1
f 409/11/2 406/1/2 524/2/2 527/12/2
f 406/2/3 407/12/3 525/11/3 524/1/3
f 527/1/4 524/2/4 525/12/4 528/11/4
f 410/1/5 528/2/5 525/12/5 407/11/5
f 409/1/6 527/2/6 528/12/6 410/11/6
f 411/2/1 412/12/1 409/11/1 408/1/1
f 411/11/2 408/1/2 526/2/2 529/12/2
f 408/2/3 409/12/3 527/11/3 526/1/3
f 529/1/4 526/2/4 527/12/4 530/11/4
f 412/1/5 530/2/5 527/12/5 409/11/5
f 411/1/6 529/2/6 530/12/6 412/11/6
f 412/2/1 413/12/1 410/11/1 409/1/1
f 412/11/2 409/1/2 527/2/2 530/12/2
f 409/2/3 410/12/3 528/11/3 527/1/3
f 530/1/4 527/2/4 528/12/4 531/11/4
f 413/1/5 531/2/5 528/12/5 410/11/5
f 412/1/6 530/2/6 531/12/6 413/11/6
f 414/2/1 415/12/1 412/11/1 411/1/1
f 414/12/2 411/11/2 529/1/2 532/2/2
f 411/2/3 412/12/3 530/11/3 529/1/3
f 532/1/4 529/2/4 530/12/4 533/11/4
f 415/11/5 533/1/5 530/2/5 412/12/5
f 414/1/6 532/2/6 533/12/6 415/11/6
f 415/2/1 416/12/1 413/11/1 412/1/1
f 415/11/2 412/1/2 530/2/2 533/12/2
f 412/2/3 413/12/3 531/11/3 530/1/3
f 533/1/4 530/2/4 531/12/4 534/11/4
f 416/1/5 534/2/5 531/12/5 413/11/5
f 415/1/6 533/2/6 534/12/6 416/11/6
f 418/2/1 419/12/1 416/11/1 415/1/1
f 418/1/2 415/2/2 533/12/2 536/11/2
f 415/2/3 416/12/3 534/11/3 533/1/3
f 536/1/4 533/2/4 534/12/4 537/11/4
f 419/2/5 537/12/5 534/11/5 416/1/5
f 418/1/6 536/2/6 537/12/6 419/11/6
f 419/1/2 416/2/2 534/12/2 537/11/2
f 421/2/1 422/12/1 418/11/1 417/1/1
f 421/11/2 417/1/2 535/2/2 538/12/2
f 417/2/3 418/12/3 536/11/3 535/1/3
f 538/1/4 535/2/4 536/12/4 539/11/4
f 422/1/5 539/2/5 536/12/5 418/11/5
f 421/1/6 538/2/6 539/12/6 422/11/6
f 422/2/1 423/12/1 419/11/1 418/1/1
f 422/12/2 418/11/2 536/1/2 539/2/2
f 418/2/3 419/12/3 537/11/3 536/1/3
f 539/1/4 536/2/4 537/12/4 540/11/4
f 423/11/5 540/1/5 537/2/5 419/12/5
f 422/1/6 539/2/6 540/12/6 423/11/6
f 423/2/2 419/12/2 537/11/2 540/1/2
f 425/2/1 426/12/1 424/11/1 423/1/1
f 425/11/2 423/1/2 540/2/2 543/12/2
f 423/2/3 424/12/3 541/11/3 540/1/3
f 543/1/4 540/2/4 541/12/4 544/11/4
f 426/1/5 544/2/5 541/12/5 424/11/5
f 425/1/6 543/2/6 544/12/6 426/11/6
f 426/11/2 424/1/2 541/2/2 544/12/2
f 427/2/1 428/12/1 426/11/1 425/1/1
f 427/12/2 425/11/2 543/1/2 546/2/2
f 425/2/3 426/12/3 544/11/3 543/1/3
f 546/1/4 543/2/4 544/12/4 547/11/4
f 428/11/5 547/1/5 544/2/5 426/12/5
f 427/1/6 546/2/6 547/12/6 428/11/6
f 428/1/2 426/2/2 544/12/2 547/11/2
f 429/2/1 430/12/1 428/11/1 427/1/1
f 429/11/2 427/1/2 546/2/2 548/12/2
f 427/2/3 428/12/3 547/11/3 546/1/3
f 548/1/4 546/2/4 547/12/4 549/11/4
f 430/1/5 549/2/5 547/12/5 428/11/5
f 429/1/6 548/2/6 549/12/6 430/11/6
f 430/2/2 428/12/2 547/11/2 549/1/2
f 431/2/1 432/12/1 430/11/1 429/1/1
f 431/1/2 429/2/2 548/12/2 550/11/2
f 429/2/3 430/12/3 549/11/3 548/1/3
f 550/1/4 548/2/4 549/12/4 551/11/4
f 432/2/5 551/12/5 549/11/5 430/1/5
f 431/1/6 550/2/6 551/12/6 432/11/6
f 432/1/2 430/2/2 549/12/2 551/11/2
f 433/2/1 434/12/1 432/11/1 431/1/1
f 433/11/2 431/1/2 550/2/2 552/12/2
f 431/2/3 432/12/3 551/11/3 550/1/3
f 552/1/4 550/2/4 551/12/4 553/11/4
f 434/1/5 553/2/5 551/12/5 432/11/5
f 433/1/6 552/2/6 553/12/6 434/11/6
f 434/2/2 432/12/2 551/11/2 553/1/2
f 436/2/1 437/12/1 434/11/1 433/1/1
f 436/11/2 433/1/2 552/2/2 554/12/2
f 433/2/3 434/12/3 553/11/3 552/1/3
f 554/1/4 552/2/4 553/12/4 555/11/4
f 437/1/5 555/2/5 553/12/5 434/11/5
f 436/1/6 554/2/6 555/12/6 437/11/6
f 437/2/2 434/12/2 553/11/2 555/1/2
f 440/2/1 441/12/1 437/11/1 436/1/1
f 440/2/2 436/12/2 554/11/2 557/1/2
f 436/2/3 437/12/3 555/11/3 554/1/3
f 557/1/4 554/2/4 555/12/4 558/11/4
f 441/12/5 558/11/5 555/1/5 437/2/5
f 440/1/6 557/2/6 558/12/6 441/11/6
f 441/2/1 442/12/1 438/11/1 437/1/1
f 441/1/2 437/2/2 555/12/2 558/11/2
f 437/2/3 438/12/3 556/11/3 555/1/3
f 558/1/4 555/2/4 556/12/4 559/11/4
f 442/2/5 559/12/5 556/11/5 438/1/5
f 441/1/6 558/2/6 559/12/6 442/11/6
f 445/2/1 447/12/1 446/11/1 444/1/1
f 445/1/2 444/2/2 560/12/2 561/11/2
f 444/2/3 446/12/3 562/11/3 560/1/3
f 561/1/4 560/2/4 562/12/4 563/11/4
f 447/2/5 563/12/5 562/11/5 446/1/5
f 445/1/6 561/2/6 563/12/6 447/11/6
f 447/2/1 449/12/1 448/11/1 446/1/1
f 447/11/2 446/1/2 562/2/2 563/12/2
f 446/2/3 448/12/3 564/11/3 562/1/3
f 563/1/4 562/2/4 564/12/4 565/11/4
f 449/1/5 565/2/5 564/12/5 448/11/5
f 447/1/6 563/2/6 565/12/6 449/11/6
f 449/2/2 448/12/2 564/11/2 565/1/2
f 451/2/1 452/12/1 447/11/1 445/1/1
f 451/1/2 445/2/2 561/12/2 567/11/2
f 445/2/3 447/12/3 563/11/3 561/1/3
f 567/1/4 561/2/4 563/12/4 568/11/4
f 452/2/5 568/12/5 563/11/5 447/1/5
f 451/1/6 567/2/6 568/12/6 452/11/6
f 452/2/1 453/12/1 449/11/1 447/1/1
f 452/11/2 447/1/2 563/2/2 568/12/2
f 447/2/3 449/12/3 565/11/3 563/1/3
f 568/1/4 563/2/4 565/12/4 569/11/4
f 453/1/5 569/2/5 565/12/5 449/11/5
f 452/1/6 568/2/6 569/12/6 453/11/6
f 453/2/1 454/12/1 450/11/1 449/1/1
f 453/12/2 449/11/2 565/1/2 569/2/2
f 449/2/3 450/12/3 566/11/3 565/1/3
f 569/1/4 565/2/4 566/12/4 570/11/4
f 454/11/5 570/1/5 566/2/5 450/12/5
f 453/1/6 569/2/6 570/12/6 454/11/6
f 455/2/1 456/12/1 452/11/1 451/1/1
f 455/2/2 451/12/2 567/11/2 571/1/2
f 451/2/3 452/12/3 568/11/3 567/1/3
f 571/1/4 567/2/4 568/12/4 572/11/4
f 456/12/5 572/11/5 568/1/5 452/2/5
f 455/1/6 571/2/6 572/12/6 456/11/6
f 456/2/1 457/12/1 453/11/1 452/1/1
f 456/1/2 452/2/2 568/12/2 572/11/2
f 452/2/3 453/12/3 569/11/3 568/1/3
f 572/1/4 568/2/4 569/12/4 573/11/4
f 457/2/5 573/12/5 569/11/5 453/1/5
f 456/1/6 572/2/6 573/12/6 457/11/6
f 457/2/1 458/12/1 454/11/1 453/1/1
f 457/12/2 453/11/2 569/1/2 573/2/2
f 453/2/3 454/12/3 570/11/3 569/1/3
f 573/1/4 569/2/4 570/12/4 574/11/4
f 458/11/5 574/1/5 570/2/5 454/12/5
f 457/1/6 573/2/6 574/12/6 458/11/6
f 460/2/1 461/12/1 456/11/1 455/1/1
f 460/11/2 455/1/2 571/2/2 575/12/2
f 455/2/3 456/12/3 572/11/3 571/1/3
f 575/1/4 571/2/4 572/12/4 576/11/4
f 461/1/5 576/2/5 572/12/5 456/11/5
f 460/1/6 575/2/6 576/12/6 461/11/6
f 461/2/1 462/12/1 457/11/1 456/1/1
f 461/2/2 456/12/2 572/11/2 576/1/2
f 456/2/3 457/12/3 573/11/3 572/1/3
f 576/1/4 572/2/4 573/12/4 577/11/4
f 462/12/5 577/11/5 573/1/5 457/2/5
f 461/1/6 576/2/6 577/12/6 462/11/6
f 462/2/1 463/12/1 458/11/1 457/1/1
f 462/2/2 457/12/2 573/11/2 577/1/2
f 457/2/3 458/12/3 574/11/3 573/1/3
f 577/1/4 573/2/4 574/12/4 578/11/4
f 463/12/5 578/11/5 574/1/5 458/2/5
f 462/1/6 577/2/6 578/12/6 463/11/6
f 465/2/1 466/12/1 462/11/1 461/1/1
f 465/1/2 461/2/2 576/12/2 581/11/2
f 461/2/3 462/12/3 577/11/3 576/1/3
f 581/1/4 576/2/4 577/12/4 582/11/4
f 466/2/5 582/12/5 577/11/5 462/1/5
f 465/1/6 581/2/6 582/12/6 466/11/6
f 466/2/1 467/12/1 463/11/1 462/1/1
f 466/11/2 462/1/2 577/2/2 582/12/2
f 462/2/3 463/12/3 578/11/3 577/1/3
f 582/1/4 577/2/4 578/12/4 583/11/4
f 467/1/5 583/2/5 578/12/5 463/11/5
f 466/1/6 582/2/6 583/12/6 467/11/6
f 467/2/1 468/12/1 464/11/1 463/1/1
f 467/11/2 463/1/2 578/2/2 583/12/2
f 463/2/3 464/12/3 579/11/3 578/1/3
f 583/1/4 578/2/4 579/12/4 584/11/4
f 468/1/5 584/2/5 579/12/5 464/11/5
f 467/1/6 583/2/6 584/12/6 468/11/6
f 469/2/1 470/12/1 466/11/1 465/1/1
f 469/2/2 465/12/2 581/11/2 585/1/2
f 465/2/3 466/12/3 582/11/3 581/1/3
f 585/1/4 581/2/4 582/12/4 586/11/4
f 470/12/5 586/11/5 582/1/5 466/2/5
f 469/1/6 585/2/6 586/12/6 470/11/6
f 470/2/1 471/12/1 467/11/1 466/1/1
f 470/1/2 466/2/2 582/12/2 586/11/2
f 466/2/3 467/12/3 583/11/3 582/1/3
f 586/1/4 582/2/4 583/12/4 587/11/4
f 471/2/5 587/12/5 583/11/5 467/1/5
f 470/1/6 586/2/6 587/12/6 471/11/6
f 471/1/2 467/2/2 583/12/2 587/11/2
f 474/2/1 475/12/1 471/11/1 470/1/1
f 474/1/2 470/2/2 586/12/2 589/11/2
f 470/2/3 471/12/3 587/11/3 586/1/3
f 589/1/4 586/2/4 587/12/4 590/11/4
f 475/2/5 590/12/5 587/11/5 471/1/5
f 474/1/6 589/2/6 590/12/6 475/11/6
f 475/2/1 476/12/1 472/11/1 471/1/1
f 475/11/2 471/1/2 587/2/2 590/12/2
f 471/2/3 472/12/3 588/11/3 587/1/3
f 590/1/4 587/2/4 588/12/4 591/11/4
f 476/1/5 591/2/5 588/12/5 472/11/5
f 475/1/6 590/2/6 591/12/6 476/11/6
f 476/12/2 472/11/2 588/1/2 591/2/2
f 479/2/1 480/12/1 476/11/1 475/1/1
f 479/12/2 475/11/2 590/1/2 594/2/2
f 475/2/3 476/12/3 591/11/3 590/1/3
f 594/1/4 590/2/4 591/12/4 595/11/4
f 480/11/5 595/1/5 591/2/5 476/12/5
f 479/1/6 594/2/6 595/12/6 480/11/6
f 480/2/1 481/12/1 477/11/1 476/1/1
f 480/1/2 476/2/2 591/12/2 595/11/2
f 476/2/3 477/12/3 592/11/3 591/1/3
f 595/1/4 591/2/4 592/12/4 596/11/4
f 481/2/5 596/12/5 592/11/5 477/1/5
f 480/1/6 595/2/6 596/12/6 481/11/6
f 481/11/2 477/1/2 592/2/2 596/12/2
f 483/2/1 484/12/1 481/11/1 480/1/1
f 483/12/2 480/11/2 595/1/2 599/2/2
f 480/2/3 481/12/3 596/11/3 595/1/3
f 599/1/4 595/2/4 596/12/4 600/11/4
f 484/11/5 600/1/5 596/2/5 481/12/5
f 483/1/6 599/2/6 600/12/6 484/11/6
f 484/2/1 485/12/1 482/11/1 481/1/1
f 484/12/2 481/11/2 596/1/2 600/2/2
f 481/2/3 482/12/3 597/11/3 596/1/3
f 600/1/4 596/2/4 597/12/4 601/11/4
f 485/11/5 601/1/5 597/2/5 482/12/5
f 484/1/6 600/2/6 601/12/6 485/11/6
f 485/11/2 482/1/2 597/2/2 601/12/2
f 487/2/1 488/12/1 484/11/1 483/1/1
f 487/12/2 483/11/2 599/1/2 602/2/2
f 483/2/3 484/12/3 600/11/3 599/1/3
f 602/1/4 599/2/4 600/12/4 603/11/4
f 488/11/5 603/1/5 600/2/5 484/12/5
f 487/1/6 602/2/6 603/12/6 488/11/6
f 488/2/1 489/12/1 485/11/1 484/1/1
f 488/11/2 484/1/2 600/2/2 603/12/2
f 484/2/3 485/12/3 601/11/3 600/1/3
f 603/1/4 600/2/4 601/12/4 604/11/4
f 489/1/5 604/2/5 601/12/5 485/11/5
f 488/1/6 603/2/6 604/12/6 489/11/6
f 489/11/2 485/1/2 601/2/2 604/12/2
f 491/2/1 492/12/1 488/11/1 487/1/1
f 491/11/2 487/1/2 602/2/2 606/12/2
f 487/2/3 488/12/3 603/11/3 602/1/3
f 606/1/4 602/2/4 603/12/4 607/11/4
f 492/1/5 607/2/5 603/12/5 488/11/5
f 491/1/6 606/2/6 607/12/6 492/11/6
f 492/2/1 493/12/1 489/11/1 488/1/1
f 492/12/2 488/11/2 603/1/2 607/2/2
f 488/2/3 489/12/3 604/11/3 603/1/3
f 607/1/4 603/2/4 604/12/4 608/11/4
f 493/11/5 608/1/5 604/2/5 489/12/5
f 492/1/6 607/2/6 608/12/6 493/11/6
f 493/2/1 494/12/1 490/11/1 489/1/1
f 493/12/2 489/11/2 604/1/2 608/2/2
f 489/2/3 490/12/3 605/11/3 604/1/3
f 608/1/4 604/2/4 605/12/4 609/11/4
f 494/11/5 609/1/5 605/2/5 490/12/5
f 493/1/6 608/2/6 609/12/6 494/11/6
f 494/1/2 490/2/2 605/12/2 609/11/2
f 495/2/1 496/12/1 493/11/1 492/1/1
f 495/2/2 492/12/2 607/11/2 610/1/2
f 492/2/3 493/12/3 608/11/3 607/1/3
f 610/1/4 607/2/4 608/12/4 611/11/4
f 496/12/5 611/11/5 608/1/5 493/2/5
f 495/1/6 610/2/6 611/12/6 496/11/6
f 496/2/1 497/12/1 494/11/1 493/1/1
f 496/2/2 493/12/2 608/11/2 611/1/2
f 493/2/3 494/12/3 609/11/3 608/1/3
f 611/1/4 608/2/4 609/12/4 612/11/4
f 497/12/5 612/11/5 609/1/5 494/2/5
f 496/1/6 611/2/6 612/12/6 497/11/6
f 497/1/2 494/2/2 609/12/2 612/11/2
f 498/2/1 499/12/1 496/11/1 495/1/1
f 498/12/2 495/11/2 610/1/2 613/2/2
f 495/2/3 496/12/3 611/11/3 610/1/3
f 613/1/4 610/2/4 611/12/4 614/11/4
f 499/11/5 614/1/5 611/2/5 496/12/5
f 498/1/6 613/2/6 614/12/6 499/11/6
f 499/2/1 500/12/1 497/11/1 496/1/1
f 499/2/2 496/12/2 611/11/2 614/1/2
f 496/2/3 497/12/3 612/11/3 611/1/3
f 614/1/4 611/2/4 612/12/4 615/11/4
f 500/12/5 615/11/5 612/1/5 497/2/5
f 499/1/6 614/2/6 615/12/6 500/11/6
f 500/12/2 497/11/2 612/1/2 615/2/2
f 502/2/1 503/12/1 499/11/1 498/1/1
f 502/1/2 498/2/2 613/12/2 617/11/2
f 498/2/3 499/12/3 614/11/3 613/1/3
f 617/1/4 613/2/4 614/12/4 618/11/4
f 503/2/5 618/12/5 614/11/5 499/1/5
f 502/1/6 617/2/6 618/12/6 503/11/6
f 503/2/1 504/12/1 500/11/1 499/1/1
f 503/11/2 499/1/2 614/2/2 618/12/2
f 499/2/3 500/12/3 615/11/3 614/1/3
f 618/1/4 614/2/4 615/12/4 619/11/4
f 504/1/5 619/2/5 615/12/5 500/11/5
f 503/1/6 618/2/6 619/12/6 504/11/6
f 504/2/2 500/12/2 615/11/2 619/1/2
f 505/2/1 506/12/1 502/11/1 501/1/1
f 505/11/2 501/1/2 616/2/2 620/12/2
f 501/2/3 502/12/3 617/11/3 616/1/3
f 620/1/4 616/2/4 617/12/4 621/11/4
f 506/1/5 621/2/5 617/12/5 502/11/5
f 505/1/6 620/2/6 621/12/6 506/11/6
f 506/2/1 507/12/1 503/11/1 502/1/1
f 506/2/2 502/12/2 617/11/2 621/1/2
f 502/2/3 503/12/3 618/11/3 617/1/3
f 621/1/4 617/2/4 618/12/4 622/11/4
f 507/12/5 622/11/5 618/1/5 503/2/5
f 506/1/6 621/2/6 622/12/6 507/11/6
f 507/2/1 508/12/1 504/11/1 503/1/1
f 507/1/2 503/2/2 618/12/2 622/11/2
f 503/2/3 504/12/3 619/11/3 618/1/3
f 622/1/4 618/2/4 619/12/4 623/11/4
f 508/2/5 623/12/5 619/11/5 504/1/5
f 507/1/6 622/2/6 623/12/6 508/11/6
f 508/1/2 504/2/2 619/12/2 623/11/2
f 509/2/1 510/12/1 506/11/1 505/1/1
f 509/2/2 505/12/2 620/11/2 624/1/2
f 505/2/3 506/12/3 621/11/3 620/1/3
f 624/1/4 620/2/4 621/12/4 625/11/4
f 510/12/5 625/11/5 621/1/5 506/2/5
f 509/1/6 624/2/6 625/12/6 510/11/6
f 510/2/1 511/12/1 507/11/1 506/1/1
f 510/11/2 506/1/2 621/2/2 625/12/2
f 506/2/3 507/12/3 622/11/3 621/1/3
f 625/1/4 621/2/4 622/12/4 626/11/4
f 511/1/5 626/2/5 622/12/5 507/11/5
f 510/1/6 625/2/6 626/12/6 511/11/6
f 511/2/1 512/12/1 508/11/1 507/1/1
f 511/2/2 507/12/2 622/11/2 626/1/2
f 507/2/3 508/12/3 623/11/3 622/1/3
f 626/1/4 622/2/4 623/12/4 627/11/4
f 512/12/5 627/11/5 623/1/5 508/2/5
f 511/1/6 626/2/6 627/12/6 512/11/6
f 512/12/2 508/11/2 623/1/2 627/2/2
f 513/2/1 514/12/1 510/11/1 509/1/1
f 513/12/2 509/11/2 624/1/2 628/2/2
f 509/2/3 510/12/3 625/11/3 624/1/3
f 628/1/4 624/2/4 625/12/4 629/11/4
f 514/11/5 629/1/5 625/2/5 510/12/5
f 513/1/6 628/2/6 629/12/6 514/11/6
f 514/2/1 515/12/1 511/11/1 510/1/1
f 514/11/2 510/1/2 625/2/2 629/12/2
f 510/2/3 511/12/3 626/11/3 625/1/3
f 629/1/4 625/2/4 626/12/4 630/11/4
f 515/1/5 630/2/5 626/12/5 511/11/5
f 514/1/6 629/2/6 630/12/6 515/11/6
f 515/2/1 516/12/1 512/11/1 511/1/1
f 515/12/2 511/11/2 626/1/2 630/2/2
f 511/2/3 512/12/3 627/11/3 626/1/3
f 630/1/4 626/2/4 627/12/4 631/11/4
f 516/11/5 631/1/5 627/2/5 512/12/5
f 515/1/6 630/2/6 631/12/6 516/11/6
f 516/2/2 512/12/2 627/11/2 631/1/2
f 517/2/1 518/12/1 514/11/1 513/1/1
f 517/2/2 513/12/2 628/11/2 632/1/2
f 513/2/3 514/12/3 629/11/3 628/1/3
f 632/1/4 628/2/4 629/12/4 633/11/4
f 518/12/5 633/11/5 629/1/5 514/2/5
f 517/1/6 632/2/6 633/12/6 518/11/6
f 518/2/1 519/12/1 515/11/1 514/1/1
f 518/2/2 514/12/2 629/11/2 633/1/2
f 514/2/3 515/12/3 630/11/3 629/1/3
f 633/1/4 629/2/4 630/12/4 634/11/4
f 519/12/5 634/11/5 630/1/5 515/2/5
f 518/1/6 633/2/6 634/12/6 519/11/6
f 519/2/1 520/12/1 516/11/1 515/1/1
f 519/12/2 515/11/2 630/1/2 634/2/2
f 515/2/3 516/12/3 631/11/3 630/1/3
f 634/1/4 630/2/4 631/12/4 635/11/4
f 520/11/5 635/1/5 631/2/5 516/12/5
f 519/1/6 634/2/6 635/12/6 520/11/6
f 520/12/2 516/11/2 631/1/2 635/2/2
f 522/2/1 523/12/1 519/11/1 518/1/1
f 522/1/2 518/2/2 633/12/2 636/11/2
f 518/2/3 519/12/3 634/11/3 633/1/3
f 636/1/4 633/2/4 634/12/4 637/11/4
f 523/2/5 637/12/5 634/11/5 519/1/5
f 522/1/6 636/2/6 637/12/6 523/11/6
f 523/2/1 524/12/1 520/11/1 519/1/1
f 523/12/2 519/11/2 634/1/2 637/2/2
f 519/2/3 520/12/3 635/11/3 634/1/3
f 637/1/4 634/2/4 635/12/4 638/11/4
f 524/11/5 638/1/5 635/2/5 520/12/5
f 523/1/6 637/2/6 638/12/6 524/11/6
f 524/2/2 520/12/2 635/11/2 638/1/2
f 527/2/1 528/12/1 525/11/1 524/1/1
f 527/2/2 524/12/2 638/11/2 640/1/2
f 524/2/3 525/12/3 639/11/3 638/1/3
f 640/1/4 638/2/4 639/12/4 641/11/4
f 528/12/5 641/11/5 639/1/5 525/2/5
f 527/1/6 640/2/6 641/12/6 528/11/6
f 530/2/1 531/12/1 528/11/1 527/1/1
f 530/11/2 527/1/2 640/2/2 642/12/2
f 527/2/3 528/12/3 641/11/3 640/1/3
f 642/1/4 640/2/4 641/12/4 643/11/4
f 531/1/5 643/2/5 641/12/5 528/11/5
f 530/1/6 642/2/6 643/12/6 531/11/6
f 533/2/1 534/12/1 531/11/1 530/1/1
f 533/11/2 530/1/2 642/2/2 645/12/2
f 530/2/3 531/12/3 643/11/3 642/1/3
f 645/1/4 642/2/4 643/12/4 646/11/4
f 534/1/5 646/2/5 643/12/5 531/11/5
f 533/1/6 645/2/6 646/12/6 534/11/6
f 535/2/1 536/12/1 533/11/1 532/1/1
f 535/2/2 532/12/2 644/11/2 647/1/2
f 532/2/3 533/12/3 645/11/3 644/1/3
f 647/1/4 644/2/4 645/12/4 648/11/4
f 536/12/5 648/11/5 645/1/5 533/2/5
f 535/1/6 647/2/6 648/12/6 536/11/6
f 536/2/1 537/12/1 534/11/1 533/1/1
f 536/1/2 533/2/2 645/12/2 648/11/2
f 533/2/3 534/12/3 646/11/3 645/1/3
f 648/1/4 645/2/4 646/12/4 649/11/4
f 537/2/5 649/12/5 646/11/5 534/1/5
f 536/1/6 648/2/6 649/12/6 537/11/6
f 537/1/2 534/2/2 646/12/2 649/11/2
f 539/2/1 540/12/1 537/11/1 536/1/1
f 539/1/2 536/2/2 648/12/2 650/11/2
f 536/2/3 537/12/3 649/11/3 648/1/3
f 650/1/4 648/2/4 649/12/4 651/11/4
f 540/2/5 651/12/5 649/11/5 537/1/5
f 539/1/6 650/2/6 651/12/6 540/11/6
f 540/11/2 537/1/2 649/2/2 651/12/2
f 542/2/1 543/12/1 540/11/1 539/1/1
f 542/1/2 539/2/2 650/12/2 652/11/2
f 539/2/3 540/12/3 651/11/3 650/1/3
f 652/1/4 650/2/4 651/12/4 653/11/4
f 543/2/5 653/12/5 651/11/5 540/1/5
f 542/1/6 652/2/6 653/12/6 543/11/6
f 543/1/2 540/2/2 651/12/2 653/11/2
f 545/2/1 546/12/1 543/11/1 542/1/1
f 545/2/2 542/12/2 652/11/2 655/1/2
f 542/2/3 543/12/3 653/11/3 652/1/3
f 655/1/4 652/2/4 653/12/4 656/11/4
f 546/12/5 656/11/5 653/1/5 543/2/5
f 545/1/6 655/2/6 656/12/6 546/11/6
f 546/2/1 547/12/1 544/11/1 543/1/1
f 546/1/2 543/2/2 653/12/2 656/11/2
f 543/2/3 544/12/3 654/11/3 653/1/3
f 656/1/4 653/2/4 654/12/4 657/11/4
f 547/2/5 657/12/5 654/11/5 544/1/5
f 546/1/6 656/2/6 657/12/6 547/11/6
f 547/1/2 544/2/2 654/12/2 657/11/2
f 548/2/1 549/12/1 547/11/1 546/1/1
f 548/1/2 546/2/2 656/12/2 659/11/2
f 546/2/3 547/12/3 657/11/3 656/1/3
f 659/1/4 656/2/4 657/12/4 660/11/4
f 549/2/5 660/12/5 657/11/5 547/1/5
f 548/1/6 659/2/6 660/12/6 549/11/6
f 549/1/2 547/2/2 657/12/2 660/11/2
f 550/2/1 551/12/1 549/11/1 548/1/1
f 550/11/2 548/1/2 659/2/2 661/12/2
f 548/2/3 549/12/3 660/11/3 659/1/3
f 661/1/4 659/2/4 660/12/4 662/11/4
f 551/1/5 662/2/5 660/12/5 549/11/5
f 550/1/6 661/2/6 662/12/6 551/11/6
f 551/1/2 549/2/2 660/12/2 662/11/2
f 552/2/1 553/12/1 551/11/1 550/1/1
f 552/1/2 550/2/2 661/12/2 665/11/2
f 550/2/3 551/12/3 662/11/3 661/1/3
f 665/1/4 661/2/4 662/12/4 666/11/4
f 553/2/5 666/12/5 662/11/5 551/1/5
f 552/1/6 665/2/6 666/12/6 553/11/6
f 553/11/2 551/1/2 662/2/2 666/12/2
f 554/2/1 555/12/1 553/11/1 552/1/1
f 554/12/2 552/11/2 665/1/2 670/2/2
f 552/2/3 553/12/3 666/11/3 665/1/3
f 670/1/4 665/2/4 666/12/4 671/11/4
f 555/11/5 671/1/5 666/2/5 553/12/5
f 554/1/6 670/2/6 671/12/6 555/11/6
f 555/1/2 553/2/2 666/12/2 671/11/2
f 557/2/1 558/12/1 555/11/1 554/1/1
f 557/11/2 554/1/2 670/2/2 675/12/2
f 554/2/3 555/12/3 671/11/3 670/1/3
f 675/1/4 670/2/4 671/12/4 676/11/4
f 558/1/5 676/2/5 671/12/5 555/11/5
f 557/1/6 675/2/6 676/12/6 558/11/6
f 558/11/2 555/1/2 671/2/2 676/12/2
f 561/2/1 563/12/1 562/11/1 560/1/1
f 561/11/2 560/1/2 677/2/2 678/12/2
f 560/2/3 562/12/3 679/11/3 677/1/3
f 678/1/4 677/2/4 679/12/4 680/11/4
f 563/1/5 680/2/5 679/12/5 562/11/5
f 561/1/6 678/2/6 680/12/6 563/11/6
f 563/2/1 565/12/1 564/11/1 562/1/1
f 563/12/2 562/11/2 679/1/2 680/2/2
f 562/2/3 564/12/3 681/11/3 679/1/3
f 680/1/4 679/2/4 681/12/4 682/11/4
f 565/11/5 682/1/5 681/2/5 564/12/5
f 563/1/6 680/2/6 682/12/6 565/11/6
f 565/11/2 564/1/2 681/2/2 682/12/2
f 567/2/1 568/12/1 563/11/1 561/1/1
f 567/2/2 561/12/2 678/11/2 684/1/2
f 561/2/3 563/12/3 680/11/3 678/1/3
f 684/1/4 678/2/4 680/12/4 685/11/4
f 568/12/5 685/11/5 680/1/5 563/2/5
f 567/1/6 684/2/6 685/12/6 568/11/6
f 568/2/1 569/12/1 565/11/1 563/1/1
f 568/11/2 563/1/2 680/2/2 685/12/2
f 563/2/3 565/12/3 682/11/3 680/1/3
f 685/1/4 680/2/4 682/12/4 686/11/4
f 569/1/5 686/2/5 682/12/5 565/11/5
f 568/1/6 685/2/6 686/12/6 569/11/6
f 569/2/1 570/12/1 566/11/1 565/1/1
f 569/2/2 565/12/2 682/11/2 686/1/2
f 565/2/3 566/12/3 683/11/3 682/1/3
f 686/1/4 682/2/4 683/12/4 687/11/4
f 570/12/5 687/11/5 683/1/5 566/2/5
f 569/1/6 686/2/6 687/12/6 570/11/6
f 571/2/1 572/12/1 568/11/1 567/1/1
f 571/2/2 567/12/2 684/11/2 688/1/2
f 567/2/3 568/12/3 685/11/3 684/1/3
f 688/1/4 684/2/4 685/12/4 689/11/4
f 572/12/5 689/11/5 685/1/5 568/2/5
f 571/1/6 688/2/6 689/12/6 572/11/6
f 572/2/1 573/12/1 569/11/1 568/1/1
f 572/2/2 568/12/2 685/11/2 689/1/2
f 568/2/3 569/12/3 686/11/3 685/1/3
f 689/1/4 685/2/4 686/12/4 690/11/4
f 573/12/5 690/11/5 686/1/5 569/2/5
f 572/1/6 689/2/6 690/12/6 573/11/6
f 573/2/1 574/12/1 570/11/1 569/1/1
f 573/1/2 569/2/2 686/12/2 690/11/2
f 569/2/3 570/12/3 687/11/3 686/1/3
f 690/1/4 686/2/4 687/12/4 691/11/4
f 574/2/5 691/12/5 687/11/5 570/1/5
f 573/1/6 690/2/6 691/12/6 574/11/6
f 575/2/1 576/12/1 572/11/1 571/1/1
f 575/2/2 571/12/2 688/11/2 692/1/2
f 571/2/3 572/12/3 689/11/3 688/1/3
f 692/1/4 688/2/4 689/12/4 693/11/4
f 576/12/5 693/11/5 689/1/5 572/2/5
f 575/1/6 692/2/6 693/12/6 576/11/6
f 576/2/1 577/12/1 573/11/1 572/1/1
f 576/1/2 572/2/2 689/12/2 693/11/2
f 572/2/3 573/12/3 690/11/3 689/1/3
f 693/1/4 689/2/4 690/12/4 694/11/4
f 577/2/5 694/12/5 690/11/5 573/1/5
f 576/1/6 693/2/6 694/12/6 577/11/6
f 577/2/1 578/12/1 574/11/1 573/1/1
f 577/2/2 573/12/2 690/11/2 694/1/2
f 573/2/3 574/12/3 691/11/3 690/1/3
f 694/1/4 690/2/4 691/12/4 695/11/4
f 578/12/5 695/11/5 691/1/5 574/2/5
f 577/1/6 694/2/6 695/12/6 578/11/6
f 580/2/1 581/12/1 576/11/1 575/1/1
f 580/12/2 575/11/2 692/1/2 696/2/2
f 575/2/3 576/12/3 693/11/3 692/1/3
f 696/1/4 692/2/4 693/12/4 697/11/4
f 581/11/5 697/1/5 693/2/5 576/12/5
f 580/1/6 696/2/6 697/12/6 581/11/6
f 581/2/1 582/12/1 577/11/1 576/1/1
f 581/12/2 576/11/2 693/1/2 697/2/2
f 576/2/3 577/12/3 694/11/3 693/1/3
f 697/1/4 693/2/4 694/12/4 698/11/4
f 582/11/5 698/1/5 694/2/5 577/12/5
f 581/1/6 697/2/6 698/12/6 582/11/6
f 582/2/1 583/12/1 578/11/1 577/1/1
f 582/1/2 577/2/2 694/12/2 698/11/2
f 577/2/3 578/12/3 695/11/3 694/1/3
f 698/1/4 694/2/4 695/12/4 699/11/4
f 583/2/5 699/12/5 695/11/5 578/1/5
f 582/1/6 698/2/6 699/12/6 583/11/6
f 585/2/1 586/12/1 582/11/1 581/1/1
f 585/11/2 581/1/2 697/2/2 701/12/2
f 581/2/3 582/12/3 698/11/3 697/1/3
f 701/1/4 697/2/4 698/12/4 702/11/4
f 586/1/5 702/2/5 698/12/5 582/11/5
f 585/1/6 701/2/6 702/12/6 586/11/6
f 586/2/1 587/12/1 583/11/1 582/1/1
f 586/1/2 582/2/2 698/12/2 702/11/2
f 582/2/3 583/12/3 699/11/3 698/1/3
f 702/1/4 698/2/4 699/12/4 703/11/4
f 587/2/5 703/12/5 699/11/5 583/1/5
f 586/1/6 702/2/6 703/12/6 587/11/6
f 587/12/2 583/11/2 699/1/2 703/2/2
f 589/2/1 590/12/1 587/11/1 586/1/1
f 589/2/2 586/12/2 702/11/2 706/1/2
f 586/2/3 587/12/3 703/11/3 702/1/3
f 706/1/4 702/2/4 703/12/4 707/11/4
f 590/12/5 707/11/5 703/1/5 587/2/5
f 589/1/6 706/2/6 707/12/6 590/11/6
f 590/2/1 591/12/1 588/11/1 587/1/1
f 590/11/2 587/1/2 703/2/2 707/12/2
f 587/2/3 588/12/3 704/11/3 703/1/3
f 707/1/4 703/2/4 704/12/4 708/11/4
f 591/1/5 708/2/5 704/12/5 588/11/5
f 590/1/6 707/2/6 708/12/6 591/11/6
f 591/11/2 588/1/2 704/2/2 708/12/2
f 593/2/1 594/12/1 590/11/1 589/1/1
f 593/12/2 589/11/2 706/1/2 709/2/2
f 589/2/3 590/12/3 707/11/3 706/1/3
f 709/1/4 706/2/4 707/12/4 710/11/4
f 594/11/5 710/1/5 707/2/5 590/12/5
f 593/1/6 709/2/6 710/12/6 594/11/6
f 594/2/1 595/12/1 591/11/1 590/1/1
f 594/12/2 590/11/2 707/1/2 710/2/2
f 590/2/3 591/12/3 708/11/3 707/1/3
f 710/1/4 707/2/4 708/12/4 711/11/4
f 595/11/5 711/1/5 708/2/5 591/12/5
f 594/1/6 710/2/6 711/12/6 595/11/6
f 595/11/2 591/1/2 708/2/2 711/12/2
f 598/2/1 599/12/1 595/11/1 594/1/1
f 598/2/2 594/12/2 710/11/2 714/1/2
f 594/2/3 595/12/3 711/11/3 710/1/3
f 714/1/4 710/2/4 711/12/4 715/11/4
f 599/12/5 715/11/5 711/1/5 595/2/5
f 598/1/6 714/2/6 715/12/6 599/11/6
f 599/2/1 600/12/1 596/11/1 595/1/1
f 599/12/2 595/11/2 711/1/2 715/2/2
f 595/2/3 596/12/3 712/11/3 711/1/3
f 715/1/4 711/2/4 712/12/4 716/11/4
f 600/11/5 716/1/5 712/2/5 596/12/5
f 599/1/6 715/2/6 716/12/6 600/11/6
f 600/2/2 596/12/2 712/11/2 716/1/2
f 602/2/1 603/12/1 600/11/1 599/1/1
f 602/2/2 599/12/2 715/11/2 719/1/2
f 599/2/3 600/12/3 716/11/3 715/1/3
f 719/1/4 715/2/4 716/12/4 720/11/4
f 603/12/5 720/11/5 716/1/5 600/2/5
f 602/1/6 719/2/6 720/12/6 603/11/6
f 603/2/1 604/12/1 601/11/1 600/1/1
f 603/11/2 600/1/2 716/2/2 720/12/2
f 600/2/3 601/12/3 717/11/3 716/1/3
f 720/1/4 716/2/4 717/12/4 721/11/4
f 604/1/5 721/2/5 717/12/5 601/11/5
f 603/1/6 720/2/6 721/12/6 604/11/6
f 604/11/2 601/1/2 717/2/2 721/12/2
f 606/2/1 607/12/1 603/11/1 602/1/1
f 606/1/2 602/2/2 719/12/2 722/11/2
f 602/2/3 603/12/3 720/11/3 719/1/3
f 722/1/4 719/2/4 720/12/4 723/11/4
f 607/2/5 723/12/5 720/11/5 603/1/5
f 606/1/6 722/2/6 723/12/6 607/11/6
f 607/2/1 608/12/1 604/11/1 603/1/1
f 607/12/2 603/11/2 720/1/2 723/2/2
f 603/2/3 604/12/3 721/11/3 720/1/3
f 723/1/4 720/2/4 721/12/4 724/11/4
f 608/11/5 724/1/5 721/2/5 604/12/5
f 607/1/6 723/2/6 724/12/6 608/11/6
f 608/2/2 604/12/2 721/11/2 724/1/2
f 610/2/1 611/12/1 608/11/1 607/1/1
f 610/1/2 607/2/2 723/12/2 726/11/2
f 607/2/3 608/12/3 724/11/3 723/1/3
f 726/1/4 723/2/4 724/12/4 727/11/4
f 611/2/5 727/12/5 724/11/5 608/1/5
f 610/1/6 726/2/6 727/12/6 611/11/6
f 611/2/1 612/12/1 609/11/1 608/1/1
f 611/12/2 608/11/2 724/1/2 727/2/2
f 608/2/3 609/12/3 725/11/3 724/1/3
f 727/1/4 724/2/4 725/12/4 728/11/4
f 612/11/5 728/1/5 725/2/5 609/12/5
f 611/1/6 727/2/6 728/12/6 612/11/6
f 612/12/2 609/11/2 725/1/2 728/2/2
f 613/2/1 614/12/1 611/11/1 610/1/1
f 613/1/2 610/2/2 726/12/2 730/11/2
f 610/2/3 611/12/3 727/11/3 726/1/3
f 730/1/4 726/2/4 727/12/4 731/11/4
f 614/2/5 731/12/5 727/11/5 611/1/5
f 613/1/6 730/2/6 731/12/6 614/11/6
f 614/2/1 615/12/1 612/11/1 611/1/1
f 614/12/2 611/11/2 727/1/2 731/2/2
f 611/2/3 612/12/3 728/11/3 727/1/3
f 731/1/4 727/2/4 728/12/4 732/11/4
f 615/11/5 732/1/5 728/2/5 612/12/5
f 614/1/6 731/2/6 732/12/6 615/11/6
f 615/2/2 612/12/2 728/11/2 732/1/2
f 617/2/1 618/12/1 614/11/1 613/1/1
f 617/1/2 613/2/2 730/12/2 734/11/2
f 613/2/3 614/12/3 731/11/3 730/1/3
f 734/1/4 730/2/4 731/12/4 735/11/4
f 618/2/5 735/12/5 731/11/5 614/1/5
f 617/1/6 734/2/6 735/12/6 618/11/6
f 618/2/1 619/12/1 615/11/1 614/1/1
f 618/12/2 614/11/2 731/1/2 735/2/2
f 614/2/3 615/12/3 732/11/3 731/1/3
f 735/1/4 731/2/4 732/12/4 736/11/4
f 619/11/5 736/1/5 732/2/5 615/12/5
f 618/1/6 735/2/6 736/12/6 619/11/6
f 619/11/2 615/1/2 732/2/2 736/12/2
f 620/2/1 621/12/1 617/11/1 616/1/1
f 620/1/2 616/2/2 733/12/2 737/11/2
f 616/2/3 617/12/3 734/11/3 733/1/3
f 737/1/4 733/2/4 734/12/4 738/11/4
f 621/2/5 738/12/5 734/11/5 617/1/5
f 620/1/6 737/2/6 738/12/6 621/11/6
f 621/2/1 622/12/1 618/11/1 617/1/1
f 621/1/2 617/2/2 734/12/2 738/11/2
f 617/2/3 618/12/3 735/11/3 734/1/3
f 738/1/4 734/2/4 735/12/4 739/11/4
f 622/2/5 739/12/5 735/11/5 618/1/5
f 621/1/6 738/2/6 739/12/6 622/11/6
f 622/2/1 623/12/1 619/11/1 618/1/1
f 622/12/2 618/11/2 735/1/2 739/2/2
f 618/2/3 619/12/3 736/11/3 735/1/3
f 739/1/4 735/2/4 736/12/4 740/11/4
f 623/11/5 740/1/5 736/2/5 619/12/5
f 622/1/6 739/2/6 740/12/6 623/11/6
f 623/1/2 619/2/2 736/12/2 740/11/2
f 624/2/1 625/12/1 621/11/1 620/1/1
f 624/11/2 620/1/2 737/2/2 741/12/2
f 620/2/3 621/12/3 738/11/3 737/1/3
f 741/1/4 737/2/4 738/12/4 742/11/4
f 625/1/5 742/2/5 738/12/5 621/11/5
f 624/1/6 741/2/6 742/12/6 625/11/6
f 625/2/1 626/12/1 622/11/1 621/1/1
f 625/11/2 621/1/2 738/2/2 742/12/2
f 621/2/3 622/12/3 739/11/3 738/1/3
f 742/1/4 738/2/4 739/12/4 743/11/4
f 626/1/5 743/2/5 739/12/5 622/11/5
f 625/1/6 742/2/6 743/12/6 626/11/6
f 626/2/1 627/12/1 623/11/1 622/1/1
f 626/12/2 622/11/2 739/1/2 743/2/2
f 622/2/3 623/12/3 740/11/3 739/1/3
f 743/1/4 739/2/4 740/12/4 744/11/4
f 627/11/5 744/1/5 740/2/5 623/12/5
f 626/1/6 743/2/6 744/12/6 627/11/6
f 627/1/2 623/2/2 740/12/2 744/11/2
f 628/2/1 629/12/1 625/11/1 624/1/1
f 628/11/2 624/1/2 741/2/2 745/12/2
f 624/2/3 625/12/3 742/11/3 741/1/3
f 745/1/4 741/2/4 742/12/4 746/11/4
f 629/1/5 746/2/5 742/12/5 625/11/5
f 628/1/6 745/2/6 746/12/6 629/11/6
f 629/2/1 630/12/1 626/11/1 625/1/1
f 629/11/2 625/1/2 742/2/2 746/12/2
f 625/2/3 626/12/3 743/11/3 742/1/3
f 746/1/4 742/2/4 743/12/4 747/11/4
f 630/1/5 747/2/5 743/12/5 626/11/5
f 629/1/6 746/2/6 747/12/6 630/11/6
f 630/2/1 631/12/1 627/11/1 626/1/1
f 630/11/2 626/1/2 743/2/2 747/12/2
f 626/2/3 627/12/3 744/11/3 743/1/3
f 747/1/4 743/2/4 744/12/4 748/11/4
f 631/1/5 748/2/5 744/12/5 627/11/5
f 630/1/6 747/2/6 748/12/6 631/11/6
f 631/11/2 627/1/2 744/2/2 748/12/2
f 632/2/1 633/12/1 629/11/1 628/1/1
f 632/2/2 628/12/2 745/11/2 749/1/2
f 628/2/3 629/12/3 746/11/3 745/1/3
f 749/1/4 745/2/4 746/12/4 750/11/4
f 633/12/5 750/11/5 746/1/5 629/2/5
f 632/1/6 749/2/6 750/12/6 633/11/6
f 633/2/1 634/12/1 630/11/1 629/1/1
f 633/2/2 629/12/2 746/11/2 750/1/2
f 629/2/3 630/12/3 747/11/3 746/1/3
f 750/1/4 746/2/4 747/12/4 751/11/4
f 634/12/5 751/11/5 747/1/5 630/2/5
f 633/1/6 750/2/6 751/12/6 634/11/6
f 634/2/1 635/12/1 631/11/1 630/1/1
f 634/11/2 630/1/2 747/2/2 751/12/2
f 630/2/3 631/12/3 748/11/3 747/1/3
f 751/1/4 747/2/4 748/12/4 752/11/4
f 635/1/5 752/2/5 748/12/5 631/11/5
f 634/1/6 751/2/6 752/12/6 635/11/6
f 635/12/2 631/11/2 748/1/2 752/2/2
f 638/11/2 635/1/2 752/2/2 755/12/2
f 640/2/1 641/12/1 639/11/1 638/1/1
f 640/2/2 638/12/2 755/11/2 758/1/2
f 638/2/3 639/12/3 756/11/3 755/1/3
f 758/1/4 755/2/4 756/12/4 759/11/4
f 641/12/5 759/11/5 756/1/5 639/2/5
f 640/1/6 758/2/6 759/12/6 641/11/6
f 642/2/1 643/12/1 641/11/1 640/1/1
f 642/12/2 640/11/2 758/1/2 761/2/2
f 640/2/3 641/12/3 759/11/3 758/1/3
f 761/1/4 758/2/4 759/12/4 762/11/4
f 643/11/5 762/1/5 759/2/5 641/12/5
f 642/1/6 761/2/6 762/12/6 643/11/6
f 645/2/1 646/12/1 643/11/1 642/1/1
f 645/12/2 642/11/2 761/1/2 765/2/2
f 642/2/3 643/12/3 762/11/3 761/1/3
f 765/1/4 761/2/4 762/12/4 766/11/4
f 646/11/5 766/1/5 762/2/5 643/12/5
f 645/1/6 765/2/6 766/12/6 646/11/6
f 648/2/1 649/12/1 646/11/1 645/1/1
f 648/1/2 645/2/2 765/12/2 768/11/2
f 645/2/3 646/12/3 766/11/3 765/1/3
f 768/1/4 765/2/4 766/12/4 769/11/4
f 649/2/5 769/12/5 766/11/5 646/1/5
f 648/1/6 768/2/6 769/12/6 649/11/6
f 649/12/2 646/11/2 766/1/2 769/2/2
f 650/2/1 651/12/1 649/11/1 648/1/1
f 650/2/2 648/12/2 768/11/2 770/1/2
f 648/2/3 649/12/3 769/11/3 768/1/3
f 770/1/4 768/2/4 769/12/4 771/11/4
f 651/12/5 771/11/5 769/1/5 649/2/5
f 650/1/6 770/2/6 771/12/6 651/11/6
f 651/11/2 649/1/2 769/2/2 771/12/2
f 652/2/1 653/12/1 651/11/1 650/1/1
f 652/2/2 650/12/2 770/11/2 772/1/2
f 650/2/3 651/12/3 771/11/3 770/1/3
f 772/1/4 770/2/4 771/12/4 773/11/4
f 653/12/5 773/11/5 771/1/5 651/2/5
f 652/1/6 772/2/6 773/12/6 653/11/6
f 653/1/2 651/2/2 771/12/2 773/11/2
f 655/2/1 656/12/1 653/11/1 652/1/1
f 655/11/2 652/1/2 772/2/2 775/12/2
f 652/2/3 653/12/3 773/11/3 772/1/3
f 775/1/4 772/2/4 773/12/4 776/11/4
f 656/1/5 776/2/5 773/12/5 653/11/5
f 655/1/6 775/2/6 776/12/6 656/11/6
f 656/2/1 657/12/1 654/11/1 653/1/1
f 656/1/2 653/2/2 773/12/2 776/11/2
f 653/2/3 654/12/3 774/11/3 773/1/3
f 776/1/4 773/2/4 774/12/4 777/11/4
f 657/2/5 777/12/5 774/11/5 654/1/5
f 656/1/6 776/2/6 777/12/6 657/11/6
f 657/11/2 654/1/2 774/2/2 777/12/2
f 658/2/1 659/12/1 656/11/1 655/1/1
f 658/2/2 655/12/2 775/11/2 778/1/2
f 655/2/3 656/12/3 776/11/3 775/1/3
f 778/1/4 775/2/4 776/12/4 779/11/4
f 659/12/5 779/11/5 776/1/5 656/2/5
f 658/1/6 778/2/6 779/12/6 659/11/6
f 659/2/1 660/12/1 657/11/1 656/1/1
f 659/11/2 656/1/2 776/2/2 779/12/2
f 656/2/3 657/12/3 777/11/3 776/1/3
f 779/1/4 776/2/4 777/12/4 780/11/4
f 660/1/5 780/2/5 777/12/5 657/11/5
f 659/1/6 779/2/6 780/12/6 660/11/6
f 660/1/2 657/2/2 777/12/2 780/11/2
f 661/2/1 662/12/1 660/11/1 659/1/1
f 661/12/2 659/11/2 779/1/2 782/2/2
f 659/2/3 660/12/3 780/11/3 779/1/3
f 782/1/4 779/2/4 780/12/4 783/11/4
f 662/11/5 783/1/5 780/2/5 660/12/5
f 661/1/6 782/2/6 783/12/6 662/11/6
f 662/11/2 660/1/2 780/2/2 783/12/2
f 665/2/1 666/12/1 662/11/1 661/1/1
f 665/12/2 661/11/2 782/1/2 786/2/2
f 661/2/3 662/12/3 783/11/3 782/1/3
f 786/1/4 782/2/4 783/12/4 787/11/4
f 666/11/5 787/1/5 783/2/5 662/12/5
f 665/1/6 786/2/6 787/12/6 666/11/6
f 666/12/2 662/11/2 783/1/2 787/2/2
f 667/2/1 668/12/1 664/11/1 663/1/1
f 667/11/2 663/1/2 784/2/2 788/12/2
f 663/2/3 664/12/3 785/11/3 784/1/3
f 788/1/4 784/2/4 785/12/4 789/11/4
f 668/1/5 789/2/5 785/12/5 664/11/5
f 667/1/6 788/2/6 789/12/6 668/11/6
f 670/2/1 671/12/1 666/11/1 665/1/1
f 670/11/2 665/1/2 786/2/2 791/12/2
f 665/2/3 666/12/3 787/11/3 786/1/3
f 791/1/4 786/2/4 787/12/4 792/11/4
f 671/1/5 792/2/5 787/12/5 666/11/5
f 670/1/6 791/2/6 792/12/6 671/11/6
f 671/1/2 666/2/2 787/12/2 792/11/2
f 672/2/1 673/12/1 668/11/1 667/1/1
f 672/12/2 667/11/2 788/1/2 793/2/2
f 667/2/3 668/12/3 789/11/3 788/1/3
f 793/1/4 788/2/4 789/12/4 794/11/4
f 673/11/5 794/1/5 789/2/5 668/12/5
f 672/1/6 793/2/6 794/12/6 673/11/6
f 673/2/1 674/12/1 669/11/1 668/1/1
f 673/12/2 668/11/2 789/1/2 794/2/2
f 668/2/3 669/12/3 790/11/3 789/1/3
f 794/1/4 789/2/4 790/12/4 795/11/4
f 674/11/5 795/1/5 790/2/5 669/12/5
f 673/1/6 794/2/6 795/12/6 674/11/6
f 675/2/1 676/12/1 671/11/1 670/1/1
f 675/11/2 670/1/2 791/2/2 796/12/2
f 670/2/3 671/12/3 792/11/3 791/1/3
f 796/1/4 791/2/4 792/12/4 797/11/4
f 676/1/5 797/2/5 792/12/5 671/11/5
f 675/1/6 796/2/6 797/12/6 676/11/6
f 676/11/2 671/1/2 792/2/2 797/12/2
f 678/2/1 680/12/1 679/11/1 677/1/1
f 678/2/2 677/12/2 798/11/2 799/1/2
f 677/2/3 679/12/3 800/11/3 798/1/3
f 799/1/4 798/2/4 800/12/4 801/11/4
f 680/12/5 801/11/5 800/1/5 679/2/5
f 678/1/6 799/2/6 801/12/6 680/11/6
f 680/2/1 682/12/1 681/11/1 679/1/1
f 680/11/2 679/1/2 800/2/2 801/12/2
f 679/2/3 681/12/3 802/11/3 800/1/3
f 801/1/4 800/2/4 802/12/4 803/11/4
f 682/1/5 803/2/5 802/12/5 681/11/5
f 680/1/6 801/2/6 803/12/6 682/11/6
f 682/2/2 681/12/2 802/11/2 803/1/2
f 684/2/1 685/12/1 680/11/1 678/1/1
f 684/1/2 678/2/2 799/12/2 805/11/2
f 678/2/3 680/12/3 801/11/3 799/1/3
f 805/1/4 799/2/4 801/12/4 806/11/4
f 685/2/5 806/12/5 801/11/5 680/1/5
f 684/1/6 805/2/6 806/12/6 685/11/6
f 685/2/1 686/12/1 682/11/1 680/1/1
f 685/11/2 680/1/2 801/2/2 806/12/2
f 680/2/3 682/12/3 803/11/3 801/1/3
f 806/1/4 801/2/4 803/12/4 807/11/4
f 686/1/5 807/2/5 803/12/5 682/11/5
f 685/1/6 806/2/6 807/12/6 686/11/6
f 686/2/1 687/12/1 683/11/1 682/1/1
f 686/1/2 682/2/2 803/12/2 807/11/2
f 682/2/3 683/12/3 804/11/3 803/1/3
f 807/1/4 803/2/4 804/12/4 808/11/4
f 687/2/5 808/12/5 804/11/5 683/1/5
f 686/1/6 807/2/6 808/12/6 687/11/6
f 688/2/1 689/12/1 685/11/1 684/1/1
f 688/1/2 684/2/2 805/12/2 809/11/2
f 684/2/3 685/12/3 806/11/3 805/1/3
f 809/1/4 805/2/4 806/12/4 810/11/4
f 689/2/5 810/12/5 806/11/5 685/1/5
f 688/1/6 809/2/6 810/12/6 689/11/6
f 689/2/1 690/12/1 686/11/1 685/1/1
f 689/11/2 685/1/2 806/2/2 810/12/2
f 685/2/3 686/12/3 807/11/3 806/1/3
f 810/1/4 806/2/4 807/12/4 811/11/4
f 690/1/5 811/2/5 807/12/5 686/11/5
f 689/1/6 810/2/6 811/12/6 690/11/6
f 690/2/1 691/12/1 687/11/1 686/1/1
f 690/12/2 686/11/2 807/1/2 811/2/2
f 686/2/3 687/12/3 808/11/3 807/1/3
f 811/1/4 807/2/4 808/12/4 812/11/4
f 691/11/5 812/1/5 808/2/5 687/12/5
f 690/1/6 811/2/6 812/12/6 691/11/6
f 692/2/1 693/12/1 689/11/1 688/1/1
f 692/11/2 688/1/2 809/2/2 813/12/2
f 688/2/3 689/12/3 810/11/3 809/1/3
f 813/1/4 809/2/4 810/12/4 814/11/4
f 693/1/5 814/2/5 810/12/5 689/11/5
f 692/1/6 813/2/6 814/12/6 693/11/6
f 693/2/1 694/12/1 690/11/1 689/1/1
f 693/12/2 689/11/2 810/1/2 814/2/2
f 689/2/3 690/12/3 811/11/3 810/1/3
f 814/1/4 810/2/4 811/12/4 815/11/4
f 694/11/5 815/1/5 811/2/5 690/12/5
f 693/1/6 814/2/6 815/12/6 694/11/6
f 694/2/1 695/12/1 691/11/1 690/1/1
f 694/12/2 690/11/2 811/1/2 815/2/2
f 690/2/3 691/12/3 812/11/3 811/1/3
f 815/1/4 811/2/4 812/12/4 816/11/4
f 695/11/5 816/1/5 812/2/5 691/12/5
f 694/1/6 815/2/6 816/12/6 695/11/6
f 696/2/1 697/12/1 693/11/1 692/1/1
f 696/1/2 692/2/2 813/12/2 817/11/2
f 692/2/3 693/12/3 814/11/3 813/1/3
f 817/1/4 813/2/4 814/12/4 818/11/4
f 697/2/5 818/12/5 814/11/5 693/1/5
f 696/1/6 817/2/6 818/12/6 697/11/6
f 697/2/1 698/12/1 694/11/1 693/1/1
f 697/11/2 693/1/2 814/2/2 818/12/2
f 693/2/3 694/12/3 815/11/3 814/1/3
f 818/1/4 814/2/4 815/12/4 819/11/4
f 698/1/5 819/2/5 815/12/5 694/11/5
f 697/1/6 818/2/6 819/12/6 698/11/6
f 698/1/2 694/2/2 815/12/2 819/11/2
f 700/2/1 701/12/1 697/11/1 696/1/1
f 700/11/2 696/1/2 817/2/2 820/12/2
f 696/2/3 697/12/3 818/11/3 817/1/3
f 820/1/4 817/2/4 818/12/4 821/11/4
f 701/1/5 821/2/5 818/12/5 697/11/5
f 700/1/6 820/2/6 821/12/6 701/11/6
f 701/2/1 702/12/1 698/11/1 697/1/1
f 701/2/2 697/12/2 818/11/2 821/1/2
f 697/2/3 698/12/3 819/11/3 818/1/3
f 821/1/4 818/2/4 819/12/4 822/11/4
f 702/12/5 822/11/5 819/1/5 698/2/5
f 701/1/6 821/2/6 822/12/6 702/11/6
f 702/12/2 698/11/2 819/1/2 822/2/2
f 705/2/1 706/12/1 702/11/1 701/1/1
f 705/11/2 701/1/2 821/2/2 824/12/2
f 701/2/3 702/12/3 822/11/3 821/1/3
f 824/1/4 821/2/4 822/12/4 825/11/4
f 706/1/5 825/2/5 822/12/5 702/11/5
f 705/1/6 824/2/6 825/12/6 706/11/6
f 706/1/2 702/2/2 822/12/2 825/11/2
f 709/12/2 706/11/2 825/1/2 827/2/2
f 713/2/1 714/12/1 710/11/1 709/1/1
f 713/1/2 709/2/2 827/12/2 831/11/2
f 709/2/3 710/12/3 828/11/3 827/1/3
f 831/1/4 827/2/4 828/12/4 832/11/4
f 714/2/5 832/12/5 828/11/5 710/1/5
f 713/1/6 831/2/6 832/12/6 714/11/6
f 714/2/1 715/12/1 711/11/1 710/1/1
f 714/1/2 710/2/2 828/12/2 832/11/2
f 710/2/3 711/12/3 829/11/3 828/1/3
f 832/1/4 828/2/4 829/12/4 833/11/4
f 715/2/5 833/12/5 829/11/5 711/1/5
f 714/1/6 832/2/6 833/12/6 715/11/6
f 715/1/2 711/2/2 829/12/2 833/11/2
f 718/2/1 719/12/1 715/11/1 714/1/1
f 718/1/2 714/2/2 832/12/2 834/11/2
f 714/2/3 715/12/3 833/11/3 832/1/3
f 834/1/4 832/2/4 833/12/4 835/11/4
f 719/2/5 835/12/5 833/11/5 715/1/5
f 718/1/6 834/2/6 835/12/6 719/11/6
f 719/2/2 715/12/2 833/11/2 835/1/2
f 722/2/1 723/12/1 720/11/1 719/1/1
f 722/12/2 719/11/2 835/1/2 837/2/2
f 719/2/3 720/12/3 836/11/3 835/1/3
f 837/1/4 835/2/4 836/12/4 838/11/4
f 723/11/5 838/1/5 836/2/5 720/12/5
f 722/1/6 837/2/6 838/12/6 723/11/6
f 723/12/2 720/11/2 836/1/2 838/2/2
f 726/2/1 727/12/1 724/11/1 723/1/1
f 726/12/2 723/11/2 838/1/2 840/2/2
f 723/2/3 724/12/3 839/11/3 838/1/3
f 840/1/4 838/2/4 839/12/4 841/11/4
f 727/11/5 841/1/5 839/2/5 724/12/5
f 726/1/6 840/2/6 841/12/6 727/11/6
f 727/11/2 724/1/2 839/2/2 841/12/2
f 730/2/1 731/12/1 727/11/1 726/1/1
f 730/12/2 726/11/2 840/1/2 843/2/2
f 726/2/3 727/12/3 841/11/3 840/1/3
f 843/1/4 840/2/4 841/12/4 844/11/4
f 731/11/5 844/1/5 841/2/5 727/12/5
f 730/1/6 843/2/6 844/12/6 731/11/6
f 731/12/2 727/11/2 841/1/2 844/2/2
f 733/2/1 734/12/1 730/11/1 729/1/1
f 733/11/2 729/1/2 842/2/2 846/12/2
f 729/2/3 730/12/3 843/11/3 842/1/3
f 846/1/4 842/2/4 843/12/4 847/11/4
f 734/1/5 847/2/5 843/12/5 730/11/5
f 733/1/6 846/2/6 847/12/6 734/11/6
f 734/2/1 735/12/1 731/11/1 730/1/1
f 734/12/2 730/11/2 843/1/2 847/2/2
f 730/2/3 731/12/3 844/11/3 843/1/3
f 847/1/4 843/2/4 844/12/4 848/11/4
f 735/11/5 848/1/5 844/2/5 731/12/5
f 734/1/6 847/2/6 848/12/6 735/11/6
f 735/2/1 736/12/1 732/11/1 731/1/1
f 735/11/2 731/1/2 844/2/2 848/12/2
f 731/2/3 732/12/3 845/11/3 844/1/3
f 848/1/4 844/2/4 845/12/4 849/11/4
f 736/1/5 849/2/5 845/12/5 732/11/5
f 735/1/6 848/2/6 849/12/6 736/11/6
f 736/2/2 732/12/2 845/11/2 849/1/2
f 737/2/1 738/12/1 734/11/1 733/1/1
f 737/1/2 733/2/2 846/12/2 850/11/2
f 733/2/3 734/12/3 847/11/3 846/1/3
f 850/1/4 846/2/4 847/12/4 851/11/4
f 738/2/5 851/12/5 847/11/5 734/1/5
f 737/1/6 850/2/6 851/12/6 738/11/6
f 738/2/1 739/12/1 735/11/1 734/1/1
f 738/1/2 734/2/2 847/12/2 851/11/2
f 734/2/3 735/12/3 848/11/3 847/1/3
f 851/1/4 847/2/4 848/12/4 852/11/4
f 739/2/5 852/12/5 848/11/5 735/1/5
f 738/1/6 851/2/6 852/12/6 739/11/6
f 739/2/1 740/12/1 736/11/1 735/1/1
f 739/1/2 735/2/2 848/12/2 852/11/2
f 735/2/3 736/12/3 849/11/3 848/1/3
f 852/1/4 848/2/4 849/12/4 853/11/4
f 740/2/5 853/12/5 849/11/5 736/1/5
f 739/1/6 852/2/6 853/12/6 740/11/6
f 740/12/2 736/11/2 849/1/2 853/2/2
f 741/2/1 742/12/1 738/11/1 737/1/1
f 741/1/2 737/2/2 850/12/2 854/11/2
f 737/2/3 738/12/3 851/11/3 850/1/3
f 854/1/4 850/2/4 851/12/4 855/11/4
f 742/2/5 855/12/5 851/11/5 738/1/5
f 741/1/6 854/2/6 855/12/6 742/11/6
f 742/2/1 743/12/1 739/11/1 738/1/1
f 742/11/2 738/1/2 851/2/2 855/12/2
f 738/2/3 739/12/3 852/11/3 851/1/3
f 855/1/4 851/2/4 852/12/4 856/11/4
f 743/1/5 856/2/5 852/12/5 739/11/5
f 742/1/6 855/2/6 856/12/6 743/11/6
f 743/2/1 744/12/1 740/11/1 739/1/1
f 743/12/2 739/11/2 852/1/2 856/2/2
f 739/2/3 740/12/3 853/11/3 852/1/3
f 856/1/4 852/2/4 853/12/4 857/11/4
f 744/11/5 857/1/5 853/2/5 740/12/5
f 743/1/6 856/2/6 857/12/6 744/11/6
f 744/11/2 740/1/2 853/2/2 857/12/2
f 745/2/1 746/12/1 742/11/1 741/1/1
f 745/11/2 741/1/2 854/2/2 858/12/2
f 741/2/3 742/12/3 855/11/3 854/1/3
f 858/1/4 854/2/4 855/12/4 859/11/4
f 746/1/5 859/2/5 855/12/5 742/11/5
f 745/1/6 858/2/6 859/12/6 746/11/6
f 746/2/1 747/12/1 743/11/1 742/1/1
f 746/12/2 742/11/2 855/1/2 859/2/2
f 742/2/3 743/12/3 856/11/3 855/1/3
f 859/1/4 855/2/4 856/12/4 860/11/4
f 747/11/5 860/1/5 856/2/5 743/12/5
f 746/1/6 859/2/6 860/12/6 747/11/6
f 747/2/1 748/12/1 744/11/1 743/1/1
f 747/2/2 743/12/2 856/11/2 860/1/2
f 743/2/3 744/12/3 857/11/3 856/1/3
f 860/1/4 856/2/4 857/12/4 861/11/4
f 748/12/5 861/11/5 857/1/5 744/2/5
f 747/1/6 860/2/6 861/12/6 748/11/6
f 748/2/2 744/12/2 857/11/2 861/1/2
f 749/2/1 750/12/1 746/11/1 745/1/1
f 749/11/2 745/1/2 858/2/2 862/12/2
f 745/2/3 746/12/3 859/11/3 858/1/3
f 862/1/4 858/2/4 859/12/4 863/11/4
f 750/1/5 863/2/5 859/12/5 746/11/5
f 749/1/6 862/2/6 863/12/6 750/11/6
f 750/2/1 751/12/1 747/11/1 746/1/1
f 750/11/2 746/1/2 859/2/2 863/12/2
f 746/2/3 747/12/3 860/11/3 859/1/3
f 863/1/4 859/2/4 860/12/4 864/11/4
f 751/1/5 864/2/5 860/12/5 747/11/5
f 750/1/6 863/2/6 864/12/6 751/11/6
f 751/2/1 752/12/1 748/11/1 747/1/1
f 751/11/2 747/1/2 860/2/2 864/12/2
f 747/2/3 748/12/3 861/11/3 860/1/3
f 864/1/4 860/2/4 861/12/4 865/11/4
f 752/1/5 865/2/5 861/12/5 748/11/5
f 751/1/6 864/2/6 865/12/6 752/11/6
f 752/11/2 748/1/2 861/2/2 865/12/2
f 753/2/1 754/12/1 750/11/1 749/1/1
f 753/2/2 749/12/2 862/11/2 866/1/2
f 749/2/3 750/12/3 863/11/3 862/1/3
f 866/1/4 862/2/4 863/12/4 867/11/4
f 754/12/5 867/11/5 863/1/5 750/2/5
f 753/1/6 866/2/6 867/12/6 754/11/6
f 754/2/1 868/12/1 751/11/1 750/1/1
f 754/12/2 750/11/2 863/1/2 867/2/2
f 750/2/3 751/12/3 864/11/3 863/1/3
f 867/1/4 863/2/4 864/12/4 869/11/4
f 868/11/5 869/1/5 864/2/5 751/12/5
f 754/1/6 867/2/6 869/12/6 868/11/6
f 868/2/1 755/12/1 752/11/1 751/1/1
f 868/1/2 751/2/2 864/12/2 869/11/2
f 751/2/3 752/12/3 865/11/3 864/1/3
f 869/1/4 864/2/4 865/12/4 870/11/4
f 755/2/5 870/12/5 865/11/5 752/1/5
f 868/1/6 869/2/6 870/12/6 755/11/6
f 755/11/2 752/1/2 865/2/2 870/12/2
f 873/2/1 758/12/1 755/11/1 868/1/1
f 873/11/2 868/1/2 869/2/2 874/12/2
f 868/2/3 755/12/3 870/11/3 869/1/3
f 874/1/4 869/2/4 870/12/4 875/11/4
f 758/1/5 875/2/5 870/12/5 755/11/5
f 873/1/6 874/2/6 875/12/6 758/11/6
f 758/12/2 755/11/2 870/1/2 875/2/2
f 760/2/1 764/12/1 873/11/1 757/1/1
f 760/2/2 757/12/2 872/11/2 877/1/2
f 757/2/3 873/12/3 874/11/3 872/1/3
f 877/1/4 872/2/4 874/12/4 878/11/4
f 764/12/5 878/11/5 874/1/5 873/2/5
f 760/1/6 877/2/6 878/12/6 764/11/6
f 764/2/1 761/12/1 758/11/1 873/1/1
f 764/2/2 873/12/2 874/11/2 878/1/2
f 873/2/3 758/12/3 875/11/3 874/1/3
f 878/1/4 874/2/4 875/12/4 879/11/4
f 761/12/5 879/11/5 875/1/5 758/2/5
f 764/1/6 878/2/6 879/12/6 761/11/6
f 761/2/1 762/12/1 759/11/1 758/1/1
f 761/12/2 758/11/2 875/1/2 879/2/2
f 758/2/3 759/12/3 876/11/3 875/1/3
f 879/1/4 875/2/4 876/12/4 880/11/4
f 762/11/5 880/1/5 876/2/5 759/12/5
f 761/1/6 879/2/6 880/12/6 762/11/6
f 765/2/1 766/12/1 762/11/1 761/1/1
f 765/1/2 761/2/2 879/12/2 882/11/2
f 761/2/3 762/12/3 880/11/3 879/1/3
f 882/1/4 879/2/4 880/12/4 883/11/4
f 766/2/5 883/12/5 880/11/5 762/1/5
f 765/1/6 882/2/6 883/12/6 766/11/6
f 767/2/1 768/12/1 765/11/1 763/1/1
f 767/11/2 763/1/2 881/2/2 884/12/2
f 763/2/3 765/12/3 882/11/3 881/1/3
f 884/1/4 881/2/4 882/12/4 885/11/4
f 768/1/5 885/2/5 882/12/5 765/11/5
f 767/1/6 884/2/6 885/12/6 768/11/6
f 768/2/1 769/12/1 766/11/1 765/1/1
f 768/11/2 765/1/2 882/2/2 885/12/2
f 765/2/3 766/12/3 883/11/3 882/1/3
f 885/1/4 882/2/4 883/12/4 886/11/4
f 769/1/5 886/2/5 883/12/5 766/11/5
f 768/1/6 885/2/6 886/12/6 769/11/6
f 769/11/2 766/1/2 883/2/2 886/12/2
f 770/2/1 771/12/1 769/11/1 768/1/1
f 770/11/2 768/1/2 885/2/2 888/12/2
f 768/2/3 769/12/3 886/11/3 885/1/3
f 888/1/4 885/2/4 886/12/4 889/11/4
f 771/1/5 889/2/5 886/12/5 769/11/5
f 770/1/6 888/2/6 889/12/6 771/11/6
f 771/2/2 769/12/2 886/11/2 889/1/2
f 772/2/1 773/12/1 771/11/1 770/1/1
f 772/1/2 770/2/2 888/12/2 890/11/2
f 770/2/3 771/12/3 889/11/3 888/1/3
f 890/1/4 888/2/4 889/12/4 891/11/4
f 773/2/5 891/12/5 889/11/5 771/1/5
f 772/1/6 890/2/6 891/12/6 773/11/6
f 773/12/2 771/11/2 889/1/2 891/2/2
f 775/2/1 776/12/1 773/11/1 772/1/1
f 775/11/2 772/1/2 890/2/2 892/12/2
f 772/2/3 773/12/3 891/11/3 890/1/3
f 892/1/4 890/2/4 891/12/4 893/11/4
f 776/1/5 893/2/5 891/12/5 773/11/5
f 775/1/6 892/2/6 893/12/6 776/11/6
f 776/1/2 773/2/2 891/12/2 893/11/2
f 778/2/1 779/12/1 776/11/1 775/1/1
f 778/11/2 775/1/2 892/2/2 895/12/2
f 775/2/3 776/12/3 893/11/3 892/1/3
f 895/1/4 892/2/4 893/12/4 896/11/4
f 779/1/5 896/2/5 893/12/5 776/11/5
f 778/1/6 895/2/6 896/12/6 779/11/6
f 779/2/1 780/12/1 777/11/1 776/1/1
f 779/1/2 776/2/2 893/12/2 896/11/2
f 776/2/3 777/12/3 894/11/3 893/1/3
f 896/1/4 893/2/4 894/12/4 897/11/4
f 780/2/5 897/12/5 894/11/5 777/1/5
f 779/1/6 896/2/6 897/12/6 780/11/6
f 780/11/2 777/1/2 894/2/2 897/12/2
f 781/2/1 782/12/1 779/11/1 778/1/1
f 781/2/2 778/12/2 895/11/2 898/1/2
f 778/2/3 779/12/3 896/11/3 895/1/3
f 898/1/4 895/2/4 896/12/4 899/11/4
f 782/12/5 899/11/5 896/1/5 779/2/5
f 781/1/6 898/2/6 899/12/6 782/11/6
f 782/2/1 783/12/1 780/11/1 779/1/1
f 782/1/2 779/2/2 896/12/2 899/11/2
f 779/2/3 780/12/3 897/11/3 896/1/3
f 899/1/4 896/2/4 897/12/4 900/11/4
f 783/2/5 900/12/5 897/11/5 780/1/5
f 782/1/6 899/2/6 900/12/6 783/11/6
f 783/12/2 780/11/2 897/1/2 900/2/2
f 786/2/1 787/12/1 783/11/1 782/1/1
f 786/1/2 782/2/2 899/12/2 903/11/2
f 782/2/3 783/12/3 900/11/3 899/1/3
f 903/1/4 899/2/4 900/12/4 904/11/4
f 787/2/5 904/12/5 900/11/5 783/1/5
f 786/1/6 903/2/6 904/12/6 787/11/6
f 787/1/2 783/2/2 900/12/2 904/11/2
f 788/2/1 789/12/1 785/11/1 784/1/1
f 788/2/2 784/12/2 901/11/2 905/1/2
f 784/2/3 785/12/3 902/11/3 901/1/3
f 905/1/4 901/2/4 902/12/4 906/11/4
f 789/12/5 906/11/5 902/1/5 785/2/5
f 788/1/6 905/2/6 906/12/6 789/11/6
f 791/2/1 792/12/1 787/11/1 786/1/1
f 791/11/2 786/1/2 903/2/2 908/12/2
f 786/2/3 787/12/3 904/11/3 903/1/3
f 908/1/4 903/2/4 904/12/4 909/11/4
f 792/1/5 909/2/5 904/12/5 787/11/5
f 791/1/6 908/2/6 909/12/6 792/11/6
f 792/11/2 787/1/2 904/2/2 909/12/2
f 793/2/1 794/12/1 789/11/1 788/1/1
f 793/12/2 788/11/2 905/1/2 910/2/2
f 788/2/3 789/12/3 906/11/3 905/1/3
f 910/1/4 905/2/4 906/12/4 911/11/4
f 794/11/5 911/1/5 906/2/5 789/12/5
f 793/1/6 910/2/6 911/12/6 794/11/6
f 794/2/1 795/12/1 790/11/1 789/1/1
f 794/11/2 789/1/2 906/2/2 911/12/2
f 789/2/3 790/12/3 907/11/3 906/1/3
f 911/1/4 906/2/4 907/12/4 912/11/4
f 795/1/5 912/2/5 907/12/5 790/11/5
f 794/1/6 911/2/6 912/12/6 795/11/6
f 796/2/1 797/12/1 792/11/1 791/1/1
f 796/11/2 791/1/2 908/2/2 913/12/2
f 791/2/3 792/12/3 909/11/3 908/1/3
f 913/1/4 908/2/4 909/12/4 914/11/4
f 797/1/5 914/2/5 909/12/5 792/11/5
f 796/1/6 913/2/6 914/12/6 797/11/6
f 797/1/2 792/2/2 909/12/2 914/11/2
f 799/2/1 801/12/1 800/11/1 798/1/1
f 799/1/2 798/2/2 917/12/2 918/11/2
f 798/2/3 800/12/3 919/11/3 917/1/3
f 918/1/4 917/2/4 919/12/4 920/11/4
f 801/2/5 920/12/5 919/11/5 800/1/5
f 799/1/6 918/2/6 920/12/6 801/11/6
f 801/2/1 803/12/1 802/11/1 800/1/1
f 801/1/2 800/2/2 919/12/2 920/11/2
f 800/2/3 802/12/3 921/11/3 919/1/3
f 920/1/4 919/2/4 921/12/4 922/11/4
f 803/2/5 922/12/5 921/11/5 802/1/5
f 801/1/6 920/2/6 922/12/6 803/11/6
f 803/12/2 802/11/2 921/1/2 922/2/2
f 805/2/1 806/12/1 801/11/1 799/1/1
f 805/12/2 799/11/2 918/1/2 923/2/2
f 799/2/3 801/12/3 920/11/3 918/1/3
f 923/1/4 918/2/4 920/12/4 924/11/4
f 806/11/5 924/1/5 920/2/5 801/12/5
f 805/1/6 923/2/6 924/12/6 806/11/6
f 806/2/1 807/12/1 803/11/1 801/1/1
f 806/2/2 801/12/2 920/11/2 924/1/2
f 801/2/3 803/12/3 922/11/3 920/1/3
f 924/1/4 920/2/4 922/12/4 925/11/4
f 807/12/5 925/11/5 922/1/5 803/2/5
f 806/1/6 924/2/6 925/12/6 807/11/6
f 807/11/2 803/1/2 922/2/2 925/12/2
f 809/2/1 810/12/1 806/11/1 805/1/1
f 809/12/2 805/11/2 923/1/2 926/2/2
f 805/2/3 806/12/3 924/11/3 923/1/3
f 926/1/4 923/2/4 924/12/4 927/11/4
f 810/11/5 927/1/5 924/2/5 806/12/5
f 809/1/6 926/2/6 927/12/6 810/11/6
f 810/2/1 811/12/1 807/11/1 806/1/1
f 810/1/2 806/2/2 924/12/2 927/11/2
f 806/2/3 807/12/3 925/11/3 924/1/3
f 927/1/4 924/2/4 925/12/4 928/11/4
f 811/2/5 928/12/5 925/11/5 807/1/5
f 810/1/6 927/2/6 928/12/6 811/11/6
f 811/12/2 807/11/2 925/1/2 928/2/2
f 813/2/1 814/12/1 810/11/1 809/1/1
f 813/12/2 809/11/2 926/1/2 929/2/2
f 809/2/3 810/12/3 927/11/3 926/1/3
f 929/1/4 926/2/4 927/12/4 930/11/4
f 814/11/5 930/1/5 927/2/5 810/12/5
f 813/1/6 929/2/6 930/12/6 814/11/6
f 814/2/1 815/12/1 811/11/1 810/1/1
f 814/1/2 810/2/2 927/12/2 930/11/2
f 810/2/3 811/12/3 928/11/3 927/1/3
f 930/1/4 927/2/4 928/12/4 931/11/4
f 815/2/5 931/12/5 928/11/5 811/1/5
f 814/1/6 930/2/6 931/12/6 815/11/6
f 815/1/2 811/2/2 928/12/2 931/11/2
f 817/2/1 818/12/1 814/11/1 813/1/1
f 817/2/2 813/12/2 929/11/2 932/1/2
f 813/2/3 814/12/3 930/11/3 929/1/3
f 932/1/4 929/2/4 930/12/4 933/11/4
f 818/12/5 933/11/5 930/1/5 814/2/5
f 817/1/6 932/2/6 933/12/6 818/11/6
f 818/2/1 819/12/1 815/11/1 814/1/1
f 818/12/2 814/11/2 930/1/2 933/2/2
f 814/2/3 815/12/3 931/11/3 930/1/3
f 933/1/4 930/2/4 931/12/4 934/11/4
f 819/11/5 934/1/5 931/2/5 815/12/5
f 818/1/6 933/2/6 934/12/6 819/11/6
f 819/1/2 815/2/2 931/12/2 934/11/2
f 820/2/1 821/12/1 818/11/1 817/1/1
f 820/1/2 817/2/2 932/12/2 935/11/2
f 817/2/3 818/12/3 933/11/3 932/1/3
f 935/1/4 932/2/4 933/12/4 936/11/4
f 821/2/5 936/12/5 933/11/5 818/1/5
f 820/1/6 935/2/6 936/12/6 821/11/6
f 821/2/1 822/12/1 819/11/1 818/1/1
f 821/11/2 818/1/2 933/2/2 936/12/2
f 818/2/3 819/12/3 934/11/3 933/1/3
f 936/1/4 933/2/4 934/12/4 937/11/4
f 822/1/5 937/2/5 934/12/5 819/11/5
f 821/1/6 936/2/6 937/12/6 822/11/6
f 822/2/2 819/12/2 934/11/2 937/1/2
f 823/2/1 824/12/1 821/11/1 820/1/1
f 823/1/2 820/2/2 935/12/2 938/11/2
f 820/2/3 821/12/3 936/11/3 935/1/3
f 938/1/4 935/2/4 936/12/4 939/11/4
f 824/2/5 939/12/5 936/11/5 821/1/5
f 823/1/6 938/2/6 939/12/6 824/11/6
f 824/2/1 825/12/1 822/11/1 821/1/1
f 824/12/2 821/11/2 936/1/2 939/2/2
f 821/2/3 822/12/3 937/11/3 936/1/3
f 939/1/4 936/2/4 937/12/4 940/11/4
f 825/11/5 940/1/5 937/2/5 822/12/5
f 824/1/6 939/2/6 940/12/6 825/11/6
f 825/11/2 822/1/2 937/2/2 940/12/2
f 826/2/1 827/12/1 825/11/1 824/1/1
f 826/1/2 824/2/2 939/12/2 942/11/2
f 824/2/3 825/12/3 940/11/3 939/1/3
f 942/1/4 939/2/4 940/12/4 943/11/4
f 827/2/5 943/12/5 940/11/5 825/1/5
f 826/1/6 942/2/6 943/12/6 827/11/6
f 827/1/2 825/2/2 940/12/2 943/11/2
f 830/2/1 831/12/1 827/11/1 826/1/1
f 830/2/2 826/12/2 942/11/2 945/1/2
f 826/2/3 827/12/3 943/11/3 942/1/3
f 945/1/4 942/2/4 943/12/4 946/11/4
f 831/12/5 946/11/5 943/1/5 827/2/5
f 830/1/6 945/2/6 946/12/6 831/11/6
f 831/2/2 827/12/2 943/11/2 946/1/2
f 834/2/2 832/12/2 947/11/2 949/1/2
f 840/11/2 838/1/2 954/2/2 955/12/2
f 843/2/1 844/12/1 841/11/1 840/1/1
f 843/12/2 840/11/2 955/1/2 957/2/2
f 840/2/3 841/12/3 956/11/3 955/1/3
f 957/1/4 955/2/4 956/12/4 958/11/4
f 844/11/5 958/1/5 956/2/5 841/12/5
f 843/1/6 957/2/6 958/12/6 844/11/6
f 844/12/2 841/11/2 956/1/2 958/2/2
f 847/2/1 848/12/1 844/11/1 843/1/1
f 847/11/2 843/1/2 957/2/2 960/12/2
f 843/2/3 844/12/3 958/11/3 957/1/3
f 960/1/4 957/2/4 958/12/4 961/11/4
f 848/1/5 961/2/5 958/12/5 844/11/5
f 847/1/6 960/2/6 961/12/6 848/11/6
f 848/1/2 844/2/2 958/12/2 961/11/2
f 850/2/1 851/12/1 847/11/1 846/1/1
f 850/1/2 846/2/2 959/12/2 962/11/2
f 846/2/3 847/12/3 960/11/3 959/1/3
f 962/1/4 959/2/4 960/12/4 963/11/4
f 851/2/5 963/12/5 960/11/5 847/1/5
f 850/1/6 962/2/6 963/12/6 851/11/6
f 851/2/1 852/12/1 848/11/1 847/1/1
f 851/12/2 847/11/2 960/1/2 963/2/2
f 847/2/3 848/12/3 961/11/3 960/1/3
f 963/1/4 960/2/4 961/12/4 964/11/4
f 852/11/5 964/1/5 961/2/5 848/12/5
f 851/1/6 963/2/6 964/12/6 852/11/6
f 852/11/2 848/1/2 961/2/2 964/12/2
f 854/2/1 855/12/1 851/11/1 850/1/1
f 854/12/2 850/11/2 962/1/2 965/2/2
f 850/2/3 851/12/3 963/11/3 962/1/3
f 965/1/4 962/2/4 963/12/4 966/11/4
f 855/11/5 966/1/5 963/2/5 851/12/5
f 854/1/6 965/2/6 966/12/6 855/11/6
f 855/2/1 856/12/1 852/11/1 851/1/1
f 855/11/2 851/1/2 963/2/2 966/12/2
f 851/2/3 852/12/3 964/11/3 963/1/3
f 966/1/4 963/2/4 964/12/4 967/11/4
f 856/1/5 967/2/5 964/12/5 852/11/5
f 855/1/6 966/2/6 967/12/6 856/11/6
f 856/12/2 852/11/2 964/1/2 967/2/2
f 858/2/1 859/12/1 855/11/1 854/1/1
f 858/1/2 854/2/2 965/12/2 969/11/2
f 854/2/3 855/12/3 966/11/3 965/1/3
f 969/1/4 965/2/4 966/12/4 970/11/4
f 859/2/5 970/12/5 966/11/5 855/1/5
f 858/1/6 969/2/6 970/12/6 859/11/6
f 859/2/1 860/12/1 856/11/1 855/1/1
f 859/11/2 855/1/2 966/2/2 970/12/2
f 855/2/3 856/12/3 967/11/3 966/1/3
f 970/1/4 966/2/4 967/12/4 971/11/4
f 860/1/5 971/2/5 967/12/5 856/11/5
f 859/1/6 970/2/6 971/12/6 860/11/6
f 860/2/1 861/12/1 857/11/1 856/1/1
f 860/1/2 856/2/2 967/12/2 971/11/2
f 856/2/3 857/12/3 968/11/3 967/1/3
f 971/1/4 967/2/4 968/12/4 972/11/4
f 861/2/5 972/12/5 968/11/5 857/1/5
f 860/1/6 971/2/6 972/12/6 861/11/6
f 861/2/2 857/12/2 968/11/2 972/1/2
f 862/2/1 863/12/1 859/11/1 858/1/1
f 862/11/2 858/1/2 969/2/2 973/12/2
f 858/2/3 859/12/3 970/11/3 969/1/3
f 973/1/4 969/2/4 970/12/4 974/11/4
f 863/1/5 974/2/5 970/12/5 859/11/5
f 862/1/6 973/2/6 974/12/6 863/11/6
f 863/2/1 864/12/1 860/11/1 859/1/1
f 863/1/2 859/2/2 970/12/2 974/11/2
f 859/2/3 860/12/3 971/11/3 970/1/3
f 974/1/4 970/2/4 971/12/4 975/11/4
f 864/2/5 975/12/5 971/11/5 860/1/5
f 863/1/6 974/2/6 975/12/6 864/11/6
f 864/2/1 865/12/1 861/11/1 860/1/1
f 864/1/2 860/2/2 971/12/2 975/11/2
f 860/2/3 861/12/3 972/11/3 971/1/3
f 975/1/4 971/2/4 972/12/4 976/11/4
f 865/2/5 976/12/5 972/11/5 861/1/5
f 864/1/6 975/2/6 976/12/6 865/11/6
f 865/1/2 861/2/2 972/12/2 976/11/2
f 866/2/1 867/12/1 863/11/1 862/1/1
f 866/11/2 862/1/2 973/2/2 977/12/2
f 862/2/3 863/12/3 974/11/3 973/1/3
f 977/1/4 973/2/4 974/12/4 978/11/4
f 867/1/5 978/2/5 974/12/5 863/11/5
f 866/1/6 977/2/6 978/12/6 867/11/6
f 867/2/1 869/12/1 864/11/1 863/1/1
f 867/2/2 863/12/2 974/11/2 978/1/2
f 863/2/3 864/12/3 975/11/3 974/1/3
f 978/1/4 974/2/4 975/12/4 979/11/4
f 869/12/5 979/11/5 975/1/5 864/2/5
f 867/1/6 978/2/6 979/12/6 869/11/6
f 869/2/1 870/12/1 865/11/1 864/1/1
f 869/12/2 864/11/2 975/1/2 979/2/2
f 864/2/3 865/12/3 976/11/3 975/1/3
f 979/1/4 975/2/4 976/12/4 980/11/4
f 870/11/5 980/1/5 976/2/5 865/12/5
f 869/1/6 979/2/6 980/12/6 870/11/6
f 870/11/2 865/1/2 976/2/2 980/12/2
f 871/2/1 872/12/1 867/11/1 866/1/1
f 871/2/2 866/12/2 977/11/2 981/1/2
f 866/2/3 867/12/3 978/11/3 977/1/3
f 981/1/4 977/2/4 978/12/4 982/11/4
f 872/12/5 982/11/5 978/1/5 867/2/5
f 871/1/6 981/2/6 982/12/6 872/11/6
f 872/2/1 874/12/1 869/11/1 867/1/1
f 872/1/2 867/2/2 978/12/2 982/11/2
f 867/2/3 869/12/3 979/11/3 978/1/3
f 982/1/4 978/2/4 979/12/4 983/11/4
f 874/2/5 983/12/5 979/11/5 869/1/5
f 872/1/6 982/2/6 983/12/6 874/11/6
f 874/2/1 875/12/1 870/11/1 869/1/1
f 874/11/2 869/1/2 979/2/2 983/12/2
f 869/2/3 870/12/3 980/11/3 979/1/3
f 983/1/4 979/2/4 980/12/4 984/11/4
f 875/1/5 984/2/5 980/12/5 870/11/5
f 874/1/6 983/2/6 984/12/6 875/11/6
f 875/2/2 870/12/2 980/11/2 984/1/2
f 877/2/1 878/12/1 874/11/1 872/1/1
f 877/11/2 872/1/2 982/2/2 986/12/2
f 872/2/3 874/12/3 983/11/3 982/1/3
f 986/1/4 982/2/4 983/12/4 987/11/4
f 878/1/5 987/2/5 983/12/5 874/11/5
f 877/1/6 986/2/6 987/12/6 878/11/6
f 878/2/1 879/12/1 875/11/1 874/1/1
f 878/1/2 874/2/2 983/12/2 987/11/2
f 874/2/3 875/12/3 984/11/3 983/1/3
f 987/1/4 983/2/4 984/12/4 988/11/4
f 879/2/5 988/12/5 984/11/5 875/1/5
f 878/1/6 987/2/6 988/12/6 879/11/6
f 884/2/1 885/12/1 882/11/1 881/1/1
f 884/2/2 881/12/2 989/11/2 991/1/2
f 881/2/3 882/12/3 990/11/3 989/1/3
f 991/1/4 989/2/4 990/12/4 992/11/4
f 885/12/5 992/11/5 990/1/5 882/2/5
f 884/1/6 991/2/6 992/12/6 885/11/6
f 887/2/1 888/12/1 885/11/1 884/1/1
f 887/2/2 884/12/2 991/11/2 994/1/2
f 884/2/3 885/12/3 992/11/3 991/1/3
f 994/1/4 991/2/4 992/12/4 995/11/4
f 888/12/5 995/11/5 992/1/5 885/2/5
f 887/1/6 994/2/6 995/12/6 888/11/6
f 888/2/1 889/12/1 886/11/1 885/1/1
f 888/11/2 885/1/2 992/2/2 995/12/2
f 885/2/3 886/12/3 993/11/3 992/1/3
f 995/1/4 992/2/4 993/12/4 996/11/4
f 889/1/5 996/2/5 993/12/5 886/11/5
f 888/1/6 995/2/6 996/12/6 889/11/6
f 889/11/2 886/1/2 993/2/2 996/12/2
f 890/2/1 891/12/1 889/11/1 888/1/1
f 890/1/2 888/2/2 995/12/2 998/11/2
f 888/2/3 889/12/3 996/11/3 995/1/3
f 998/1/4 995/2/4 996/12/4 999/11/4
f 891/2/5 999/12/5 996/11/5 889/1/5
f 890/1/6 998/2/6 999/12/6 891/11/6
f 891/2/2 889/12/2 996/11/2 999/1/2
f 892/2/1 893/12/1 891/11/1 890/1/1
f 892/1/2 890/2/2 998/12/2 1000/11/2
f 890/2/3 891/12/3 999/11/3 998/1/3
f 1000/1/4 998/2/4 999/12/4 1001/11/4
f 893/2/5 1001/12/5 999/11/5 891/1/5
f 892/1/6 1000/2/6 1001/12/6 893/11/6
f 893/12/2 891/11/2 999/1/2 1001/2/2
f 895/2/1 896/12/1 893/11/1 892/1/1
f 895/2/2 892/12/2 1000/11/2 1002/1/2
f 892/2/3 893/12/3 1001/11/3 1000/1/3
f 1002/1/4 1000/2/4 1001/12/4 1003/11/4
f 896/12/5 1003/11/5 1001/1/5 893/2/5
f 895/1/6 1002/2/6 1003/12/6 896/11/6
f 896/11/2 893/1/2 1001/2/2 1003/12/2
f 898/2/1 899/12/1 896/11/1 895/1/1
f 898/2/2 895/12/2 1002/11/2 1005/1/2
f 895/2/3 896/12/3 1003/11/3 1002/1/3
f 1005/1/4 1002/2/4 1003/12/4 1006/11/4
f 899/12/5 1006/11/5 1003/1/5 896/2/5
f 898/1/6 1005/2/6 1006/12/6 899/11/6
f 899/2/1 900/12/1 897/11/1 896/1/1
f 899/12/2 896/11/2 1003/1/2 1006/2/2
f 896/2/3 897/12/3 1004/11/3 1003/1/3
f 1006/1/4 1003/2/4 1004/12/4 1007/11/4
f 900/11/5 1007/1/5 1004/2/5 897/12/5
f 899/1/6 1006/2/6 1007/12/6 900/11/6
f 900/2/2 897/12/2 1004/11/2 1007/1/2
f 903/2/1 904/12/1 900/11/1 899/1/1
f 903/2/2 899/12/2 1006/11/2 1008/1/2
f 899/2/3 900/12/3 1007/11/3 1006/1/3
f 1008/1/4 1006/2/4 1007/12/4 1009/11/4
f 904/12/5 1009/11/5 1007/1/5 900/2/5
f 903/1/6 1008/2/6 1009/12/6 904/11/6
f 904/11/2 900/1/2 1007/2/2 1009/12/2
f 908/2/1 909/12/1 904/11/1 903/1/1
f 908/11/2 903/1/2 1008/2/2 1012/12/2
f 903/2/3 904/12/3 1009/11/3 1008/1/3
f 1012/1/4 1008/2/4 1009/12/4 1013/11/4
f 909/1/5 1013/2/5 1009/12/5 904/11/5
f 908/1/6 1012/2/6 1013/12/6 909/11/6
f 909/11/2 904/1/2 1009/2/2 1013/12/2
f 910/2/1 911/12/1 906/11/1 905/1/1
f 910/12/2 905/11/2 1010/1/2 1014/2/2
f 905/2/3 906/12/3 1011/11/3 1010/1/3
f 1014/1/4 1010/2/4 1011/12/4 1015/11/4
f 911/11/5 1015/1/5 1011/2/5 906/12/5
f 910/1/6 1014/2/6 1015/12/6 911/11/6
f 913/2/1 914/12/1 909/11/1 908/1/1
f 913/11/2 908/1/2 1012/2/2 1016/12/2
f 908/2/3 909/12/3 1013/11/3 1012/1/3
f 1016/1/4 1012/2/4 1013/12/4 1017/11/4
f 914/1/5 1017/2/5 1013/12/5 909/11/5
f 913/1/6 1016/2/6 1017/12/6 914/11/6
f 914/12/2 909/11/2 1013/1/2 1017/2/2
f 915/2/1 918/12/1 917/11/1 916/1/1
f 915/12/2 916/11/2 1019/1/2 1018/2/2
f 916/2/3 917/12/3 1020/11/3 1019/1/3
f 1018/1/4 1019/2/4 1020/12/4 1021/11/4
f 918/11/5 1021/1/5 1020/2/5 917/12/5
f 915/1/6 1018/2/6 1021/12/6 918/11/6
f 918/2/1 920/12/1 919/11/1 917/1/1
f 918/11/2 917/1/2 1020/2/2 1021/12/2
f 917/2/3 919/12/3 1022/11/3 1020/1/3
f 1021/1/4 1020/2/4 1022/12/4 1023/11/4
f 920/1/5 1023/2/5 1022/12/5 919/11/5
f 918/1/6 1021/2/6 1023/12/6 920/11/6
f 920/2/2 919/12/2 1022/11/2 1023/1/2
f 923/2/1 924/12/1 920/11/1 918/1/1
f 923/1/2 918/2/2 1021/12/2 1026/11/2
f 918/2/3 920/12/3 1023/11/3 1021/1/3
f 1026/1/4 1021/2/4 1023/12/4 1027/11/4
f 924/2/5 1027/12/5 1023/11/5 920/1/5
f 923/1/6 1026/2/6 1027/12/6 924/11/6
f 924/2/1 925/12/1 922/11/1 920/1/1
f 924/12/2 920/11/2 1023/1/2 1027/2/2
f 920/2/3 922/12/3 1024/11/3 1023/1/3
f 1027/1/4 1023/2/4 1024/12/4 1028/11/4
f 925/11/5 1028/1/5 1024/2/5 922/12/5
f 924/1/6 1027/2/6 1028/12/6 925/11/6
f 925/2/2 922/12/2 1024/11/2 1028/1/2
f 926/2/1 927/12/1 924/11/1 923/1/1
f 926/1/2 923/2/2 1026/12/2 1030/11/2
f 923/2/3 924/12/3 1027/11/3 1026/1/3
f 1030/1/4 1026/2/4 1027/12/4 1031/11/4
f 927/2/5 1031/12/5 1027/11/5 924/1/5
f 926/1/6 1030/2/6 1031/12/6 927/11/6
f 927/2/1 928/12/1 925/11/1 924/1/1
f 927/11/2 924/1/2 1027/2/2 1031/12/2
f 924/2/3 925/12/3 1028/11/3 1027/1/3
f 1031/1/4 1027/2/4 1028/12/4 1032/11/4
f 928/1/5 1032/2/5 1028/12/5 925/11/5
f 927/1/6 1031/2/6 1032/12/6 928/11/6
f 928/12/2 925/11/2 1028/1/2 1032/2/2
f 929/2/1 930/12/1 927/11/1 926/1/1
f 929/12/2 926/11/2 1030/1/2 1033/2/2
f 926/2/3 927/12/3 1031/11/3 1030/1/3
f 1033/1/4 1030/2/4 1031/12/4 1034/11/4
f 930/11/5 1034/1/5 1031/2/5 927/12/5
f 929/1/6 1033/2/6 1034/12/6 930/11/6
f 930/2/1 931/12/1 928/11/1 927/1/1
f 930/11/2 927/1/2 1031/2/2 1034/12/2
f 927/2/3 928/12/3 1032/11/3 1031/1/3
f 1034/1/4 1031/2/4 1032/12/4 1035/11/4
f 931/1/5 1035/2/5 1032/12/5 928/11/5
f 930/1/6 1034/2/6 1035/12/6 931/11/6
f 931/12/2 928/11/2 1032/1/2 1035/2/2
f 932/2/1 933/12/1 930/11/1 929/1/1
f 932/1/2 929/2/2 1033/12/2 1036/11/2
f 929/2/3 930/12/3 1034/11/3 1033/1/3
f 1036/1/4 1033/2/4 1034/12/4 1037/11/4
f 933/2/5 1037/12/5 1034/11/5 930/1/5
f 932/1/6 1036/2/6 1037/12/6 933/11/6
f 933/2/1 934/12/1 931/11/1 930/1/1
f 933/12/2 930/11/2 1034/1/2 1037/2/2
f 930/2/3 931/12/3 1035/11/3 1034/1/3
f 1037/1/4 1034/2/4 1035/12/4 1038/11/4
f 934/11/5 1038/1/5 1035/2/5 931/12/5
f 933/1/6 1037/2/6 1038/12/6 934/11/6
f 934/12/2 931/11/2 1035/1/2 1038/2/2
f 935/2/1 936/12/1 933/11/1 932/1/1
f 935/2/2 932/12/2 1036/11/2 1039/1/2
f 932/2/3 933/12/3 1037/11/3 1036/1/3
f 1039/1/4 1036/2/4 1037/12/4 1040/11/4
f 936/12/5 1040/11/5 1037/1/5 933/2/5
f 935/1/6 1039/2/6 1040/12/6 936/11/6
f 936/2/1 937/12/1 934/11/1 933/1/1
f 936/12/2 933/11/2 1037/1/2 1040/2/2
f 933/2/3 934/12/3 1038/11/3 1037/1/3
f 1040/1/4 1037/2/4 1038/12/4 1041/11/4
f 937/11/5 1041/1/5 1038/2/5 934/12/5
f 936/1/6 1040/2/6 1041/12/6 937/11/6
f 937/11/2 934/1/2 1038/2/2 1041/12/2
f 938/2/1 939/12/1 936/11/1 935/1/1
f 938/2/2 935/12/2 1039/11/2 1042/1/2
f 935/2/3 936/12/3 1040/11/3 1039/1/3
f 1042/1/4 1039/2/4 1040/12/4 1043/11/4
f 939/12/5 1043/11/5 1040/1/5 936/2/5
f 938/1/6 1042/2/6 1043/12/6 939/11/6
f 939/2/1 940/12/1 937/11/1 936/1/1
f 939/2/2 936/12/2 1040/11/2 1043/1/2
f 936/2/3 937/12/3 1041/11/3 1040/1/3
f 1043/1/4 1040/2/4 1041/12/4 1044/11/4
f 940/12/5 1044/11/5 1041/1/5 937/2/5
f 939/1/6 1043/2/6 1044/12/6 940/11/6
f 940/12/2 937/11/2 1041/1/2 1044/2/2
f 941/2/1 942/12/1 939/11/1 938/1/1
f 941/12/2 938/11/2 1042/1/2 1045/2/2
f 938/2/3 939/12/3 1043/11/3 1042/1/3
f 1045/1/4 1042/2/4 1043/12/4 1046/11/4
f 942/11/5 1046/1/5 1043/2/5 939/12/5
f 941/1/6 1045/2/6 1046/12/6 942/11/6
f 942/2/1 943/12/1 940/11/1 939/1/1
f 942/11/2 939/1/2 1043/2/2 1046/12/2
f 939/2/3 940/12/3 1044/11/3 1043/1/3
f 1046/1/4 1043/2/4 1044/12/4 1047/11/4
f 943/1/5 1047/2/5 1044/12/5 940/11/5
f 942/1/6 1046/2/6 1047/12/6 943/11/6
f 943/2/2 940/12/2 1044/11/2 1047/1/2
f 944/2/1 945/12/1 942/11/1 941/1/1
f 944/1/2 941/2/2 1045/12/2 1048/11/2
f 941/2/3 942/12/3 1046/11/3 1045/1/3
f 1048/1/4 1045/2/4 1046/12/4 1049/11/4
f 945/2/5 1049/12/5 1046/11/5 942/1/5
f 944/1/6 1048/2/6 1049/12/6 945/11/6
f 945/2/1 946/12/1 943/11/1 942/1/1
f 945/1/2 942/2/2 1046/12/2 1049/11/2
f 942/2/3 943/12/3 1047/11/3 1046/1/3
f 1049/1/4 1046/2/4 1047/12/4 1050/11/4
f 946/2/5 1050/12/5 1047/11/5 943/1/5
f 945/1/6 1049/2/6 1050/12/6 946/11/6
f 946/11/2 943/1/2 1047/2/2 1050/12/2
f 948/11/2 946/1/2 1050/2/2 1053/12/2
f 952/2/1 953/12/1 951/11/1 950/1/1
f 952/1/2 950/2/2 1055/12/2 1057/11/2
f 950/2/3 951/12/3 1056/11/3 1055/1/3
f 1057/1/4 1055/2/4 1056/12/4 1058/11/4
f 953/2/5 1058/12/5 1056/11/5 951/1/5
f 952/1/6 1057/2/6 1058/12/6 953/11/6
f 957/1/2 955/2/2 1059/12/2 1060/11/2
f 960/2/1 961/12/1 958/11/1 957/1/1
f 960/2/2 957/12/2 1060/11/2 1063/1/2
f 957/2/3 958/12/3 1061/11/3 1060/1/3
f 1063/1/4 1060/2/4 1061/12/4 1064/11/4
f 961/12/5 1064/11/5 1061/1/5 958/2/5
f 960/1/6 1063/2/6 1064/12/6 961/11/6
f 961/11/2 958/1/2 1061/2/2 1064/12/2
f 963/2/1 964/12/1 961/11/1 960/1/1
f 963/1/2 960/2/2 1063/12/2 1066/11/2
f 960/2/3 961/12/3 1064/11/3 1063/1/3
f 1066/1/4 1063/2/4 1064/12/4 1067/11/4
f 964/2/5 1067/12/5 1064/11/5 961/1/5
f 963/1/6 1066/2/6 1067/12/6 964/11/6
f 964/11/2 961/1/2 1064/2/2 1067/12/2
f 965/2/1 966/12/1 963/11/1 962/1/1
f 965/1/2 962/2/2 1065/12/2 1068/11/2
f 962/2/3 963/12/3 1066/11/3 1065/1/3
f 1068/1/4 1065/2/4 1066/12/4 1069/11/4
f 966/2/5 1069/12/5 1066/11/5 963/1/5
f 965/1/6 1068/2/6 1069/12/6 966/11/6
f 966/2/1 967/12/1 964/11/1 963/1/1
f 966/12/2 963/11/2 1066/1/2 1069/2/2
f 963/2/3 964/12/3 1067/11/3 1066/1/3
f 1069/1/4 1066/2/4 1067/12/4 1070/11/4
f 967/11/5 1070/1/5 1067/2/5 964/12/5
f 966/1/6 1069/2/6 1070/12/6 967/11/6
f 967/2/2 964/12/2 1067/11/2 1070/1/2
f 969/2/1 970/12/1 966/11/1 965/1/1
f 969/1/2 965/2/2 1068/12/2 1072/11/2
f 965/2/3 966/12/3 1069/11/3 1068/1/3
f 1072/1/4 1068/2/4 1069/12/4 1073/11/4
f 970/2/5 1073/12/5 1069/11/5 966/1/5
f 969/1/6 1072/2/6 1073/12/6 970/11/6
f 970/2/1 971/12/1 967/11/1 966/1/1
f 970/1/2 966/2/2 1069/12/2 1073/11/2
f 966/2/3 967/12/3 1070/11/3 1069/1/3
f 1073/1/4 1069/2/4 1070/12/4 1074/11/4
f 971/2/5 1074/12/5 1070/11/5 967/1/5
f 970/1/6 1073/2/6 1074/12/6 971/11/6
f 971/1/2 967/2/2 1070/12/2 1074/11/2
f 973/2/1 974/12/1 970/11/1 969/1/1
f 973/1/2 969/2/2 1072/12/2 1076/11/2
f 969/2/3 970/12/3 1073/11/3 1072/1/3
f 1076/1/4 1072/2/4 1073/12/4 1077/11/4
f 974/2/5 1077/12/5 1073/11/5 970/1/5
f 973/1/6 1076/2/6 1077/12/6 974/11/6
f 974/2/1 975/12/1 971/11/1 970/1/1
f 974/11/2 970/1/2 1073/2/2 1077/12/2
f 970/2/3 971/12/3 1074/11/3 1073/1/3
f 1077/1/4 1073/2/4 1074/12/4 1078/11/4
f 975/1/5 1078/2/5 1074/12/5 971/11/5
f 974/1/6 1077/2/6 1078/12/6 975/11/6
f 975/2/1 976/12/1 972/11/1 971/1/1
f 975/12/2 971/11/2 1074/1/2 1078/2/2
f 971/2/3 972/12/3 1075/11/3 1074/1/3
f 1078/1/4 1074/2/4 1075/12/4 1079/11/4
f 976/11/5 1079/1/5 1075/2/5 972/12/5
f 975/1/6 1078/2/6 1079/12/6 976/11/6
f 976/11/2 972/1/2 1075/2/2 1079/12/2
f 977/2/1 978/12/1 974/11/1 973/1/1
f 977/12/2 973/11/2 1076/1/2 1080/2/2
f 973/2/3 974/12/3 1077/11/3 1076/1/3
f 1080/1/4 1076/2/4 1077/12/4 1081/11/4
f 978/11/5 1081/1/5 1077/2/5 974/12/5
f 977/1/6 1080/2/6 1081/12/6 978/11/6
f 978/2/1 979/12/1 975/11/1 974/1/1
f 978/11/2 974/1/2 1077/2/2 1081/12/2
f 974/2/3 975/12/3 1078/11/3 1077/1/3
f 1081/1/4 1077/2/4 1078/12/4 1082/11/4
f 979/1/5 1082/2/5 1078/12/5 975/11/5
f 978/1/6 1081/2/6 1082/12/6 979/11/6
f 979/2/1 980/12/1 976/11/1 975/1/1
f 979/1/2 975/2/2 1078/12/2 1082/11/2
f 975/2/3 976/12/3 1079/11/3 1078/1/3
f 1082/1/4 1078/2/4 1079/12/4 1083/11/4
f 980/2/5 1083/12/5 1079/11/5 976/1/5
f 979/1/6 1082/2/6 1083/12/6 980/11/6
f 980/12/2 976/11/2 1079/1/2 1083/2/2
f 982/2/1 983/12/1 979/11/1 978/1/1
f 982/12/2 978/11/2 1081/1/2 1085/2/2
f 978/2/3 979/12/3 1082/11/3 1081/1/3
f 1085/1/4 1081/2/4 1082/12/4 1086/11/4
f 983/11/5 1086/1/5 1082/2/5 979/12/5
f 982/1/6 1085/2/6 1086/12/6 983/11/6
f 983/2/1 984/12/1 980/11/1 979/1/1
f 983/11/2 979/1/2 1082/2/2 1086/12/2
f 979/2/3 980/12/3 1083/11/3 1082/1/3
f 1086/1/4 1082/2/4 1083/12/4 1087/11/4
f 984/1/5 1087/2/5 1083/12/5 980/11/5
f 983/1/6 1086/2/6 1087/12/6 984/11/6
f 984/2/2 980/12/2 1083/11/2 1087/1/2
f 985/2/1 986/12/1 982/11/1 981/1/1
f 985/2/2 981/12/2 1084/11/2 1088/1/2
f 981/2/3 982/12/3 1085/11/3 1084/1/3
f 1088/1/4 1084/2/4 1085/12/4 1089/11/4
f 986/12/5 1089/11/5 1085/1/5 982/2/5
f 985/1/6 1088/2/6 1089/12/6 986/11/6
f 986/2/1 987/12/1 983/11/1 982/1/1
f 986/12/2 982/11/2 1085/1/2 1089/2/2
f 982/2/3 983/12/3 1086/11/3 1085/1/3
f 1089/1/4 1085/2/4 1086/12/4 1090/11/4
f 987/11/5 1090/1/5 1086/2/5 983/12/5
f 986/1/6 1089/2/6 1090/12/6 987/11/6
f 987/2/1 988/12/1 984/11/1 983/1/1
f 987/12/2 983/11/2 1086/1/2 1090/2/2
f 983/2/3 984/12/3 1087/11/3 1086/1/3
f 1090/1/4 1086/2/4 1087/12/4 1091/11/4
f 988/11/5 1091/1/5 1087/2/5 984/12/5
f 987/1/6 1090/2/6 1091/12/6 988/11/6
f 991/2/1 992/12/1 990/11/1 989/1/1
f 991/12/2 989/11/2 1092/1/2 1094/2/2
f 989/2/3 990/12/3 1093/11/3 1092/1/3
f 1094/1/4 1092/2/4 1093/12/4 1095/11/4
f 992/11/5 1095/1/5 1093/2/5 990/12/5
f 991/1/6 1094/2/6 1095/12/6 992/11/6
f 994/2/1 995/12/1 992/11/1 991/1/1
f 994/1/2 991/2/2 1094/12/2 1096/11/2
f 991/2/3 992/12/3 1095/11/3 1094/1/3
f 1096/1/4 1094/2/4 1095/12/4 1097/11/4
f 995/2/5 1097/12/5 1095/11/5 992/1/5
f 994/1/6 1096/2/6 1097/12/6 995/11/6
f 995/1/2 992/2/2 1095/12/2 1097/11/2
f 997/2/1 998/12/1 995/11/1 994/1/1
f 997/11/2 994/1/2 1096/2/2 1099/12/2
f 994/2/3 995/12/3 1097/11/3 1096/1/3
f 1099/1/4 1096/2/4 1097/12/4 1100/11/4
f 998/1/5 1100/2/5 1097/12/5 995/11/5
f 997/1/6 1099/2/6 1100/12/6 998/11/6
f 998/2/1 999/12/1 996/11/1 995/1/1
f 998/11/2 995/1/2 1097/2/2 1100/12/2
f 995/2/3 996/12/3 1098/11/3 1097/1/3
f 1100/1/4 1097/2/4 1098/12/4 1101/11/4
f 999/1/5 1101/2/5 1098/12/5 996/11/5
f 998/1/6 1100/2/6 1101/12/6 999/11/6
f 999/12/2 996/11/2 1098/1/2 1101/2/2
f 1000/2/1 1001/12/1 999/11/1 998/1/1
f 1000/12/2 998/11/2 1100/1/2 1102/2/2
f 998/2/3 999/12/3 1101/11/3 1100/1/3
f 1102/1/4 1100/2/4 1101/12/4 1103/11/4
f 1001/11/5 1103/1/5 1101/2/5 999/12/5
f 1000/1/6 1102/2/6 1103/12/6 1001/11/6
f 1001/1/2 999/2/2 1101/12/2 1103/11/2
f 1002/2/1 1003/12/1 1001/11/1 1000/1/1
f 1002/11/2 1000/1/2 1102/2/2 1104/12/2
f 1000/2/3 1001/12/3 1103/11/3 1102/1/3
f 1104/1/4 1102/2/4 1103/12/4 1105/11/4
f 1003/1/5 1105/2/5 1103/12/5 1001/11/5
f 1002/1/6 1104/2/6 1105/12/6 1003/11/6
f 1003/1/2 1001/2/2 1103/12/2 1105/11/2
f 1005/2/1 1006/12/1 1003/11/1 1002/1/1
f 1005/12/2 1002/11/2 1104/1/2 1106/2/2
f 1002/2/3 1003/12/3 1105/11/3 1104/1/3
f 1106/1/4 1104/2/4 1105/12/4 1107/11/4
f 1006/11/5 1107/1/5 1105/2/5 1003/12/5
f 1005/1/6 1106/2/6 1107/12/6 1006/11/6
f 1006/2/2 1003/12/2 1105/11/2 1107/1/2
f 1008/2/1 1009/12/1 1007/11/1 1006/1/1
f 1008/1/2 1006/2/2 1107/12/2 1109/11/2
f 1006/2/3 1007/12/3 1108/11/3 1107/1/3
f 1109/1/4 1107/2/4 1108/12/4 1110/11/4
f 1009/2/5 1110/12/5 1108/11/5 1007/1/5
f 1008/1/6 1109/2/6 1110/12/6 1009/11/6
f 1009/11/2 1007/1/2 1108/2/2 1110/12/2
f 1012/2/1 1013/12/1 1009/11/1 1008/1/1
f 1012/2/2 1008/12/2 1109/11/2 1113/1/2
f 1008/2/3 1009/12/3 1110/11/3 1109/1/3
f 1113/1/4 1109/2/4 1110/12/4 1114/11/4
f 1013/12/5 1114/11/5 1110/1/5 1009/2/5
f 1012/1/6 1113/2/6 1114/12/6 1013/11/6
f 1013/1/2 1009/2/2 1110/12/2 1114/11/2
f 1014/2/1 1015/12/1 1011/11/1 1010/1/1
f 1014/12/2 1010/11/2 1111/1/2 1115/2/2
f 1010/2/3 1011/12/3 1112/11/3 1111/1/3
f 1115/1/4 1111/2/4 1112/12/4 1116/11/4
f 1015/11/5 1116/1/5 1112/2/5 1011/12/5
f 1014/1/6 1115/2/6 1116/12/6 1015/11/6
f 1016/2/1 1017/12/1 1013/11/1 1012/1/1
f 1016/12/2 1012/11/2 1113/1/2 1117/2/2
f 1012/2/3 1013/12/3 1114/11/3 1113/1/3
f 1117/1/4 1113/2/4 1114/12/4 1118/11/4
f 1017/11/5 1118/1/5 1114/2/5 1013/12/5
f 1016/1/6 1117/2/6 1118/12/6 1017/11/6
f 1017/2/2 1013/12/2 1114/11/2 1118/1/2
f 1018/2/1 1021/12/1 1020/11/1 1019/1/1
f 1018/2/2 1019/12/2 1120/11/2 1119/1/2
f 1019/2/3 1020/12/3 1121/11/3 1120/1/3
f 1119/1/4 1120/2/4 1121/12/4 1122/11/4
f 1021/12/5 1122/11/5 1121/1/5 1020/2/5
f 1018/1/6 1119/2/6 1122/12/6 1021/11/6
f 1025/2/1 1026/12/1 1021/11/1 1018/1/1
f 1025/1/2 1018/2/2 1119/12/2 1124/11/2
f 1018/2/3 1021/12/3 1122/11/3 1119/1/3
f 1124/1/4 1119/2/4 1122/12/4 1125/11/4
f 1026/2/5 1125/12/5 1122/11/5 1021/1/5
f 1025/1/6 1124/2/6 1125/12/6 1026/11/6
f 1026/2/1 1027/12/1 1023/11/1 1021/1/1
f 1026/2/2 1021/12/2 1122/11/2 1125/1/2
f 1021/2/3 1023/12/3 1123/11/3 1122/1/3
f 1125/1/4 1122/2/4 1123/12/4 1126/11/4
f 1027/12/5 1126/11/5 1123/1/5 1023/2/5
f 1026/1/6 1125/2/6 1126/12/6 1027/11/6
f 1027/11/2 1023/1/2 1123/2/2 1126/12/2
f 1029/2/1 1030/12/1 1026/11/1 1025/1/1
f 1029/11/2 1025/1/2 1124/2/2 1127/12/2
f 1025/2/3 1026/12/3 1125/11/3 1124/1/3
f 1127/1/4 1124/2/4 1125/12/4 1128/11/4
f 1030/1/5 1128/2/5 1125/12/5 1026/11/5
f 1029/1/6 1127/2/6 1128/12/6 1030/11/6
f 1030/2/1 1031/12/1 1027/11/1 1026/1/1
f 1030/1/2 1026/2/2 1125/12/2 1128/11/2
f 1026/2/3 1027/12/3 1126/11/3 1125/1/3
f 1128/1/4 1125/2/4 1126/12/4 1129/11/4
f 1031/2/5 1129/12/5 1126/11/5 1027/1/5
f 1030/1/6 1128/2/6 1129/12/6 1031/11/6
f 1031/1/2 1027/2/2 1126/12/2 1129/11/2
f 1033/2/1 1034/12/1 1031/11/1 1030/1/1
f 1033/12/2 1030/11/2 1128/1/2 1132/2/2
f 1030/2/3 1031/12/3 1129/11/3 1128/1/3
f 1132/1/4 1128/2/4 1129/12/4 1133/11/4
f 1034/11/5 1133/1/5 1129/2/5 1031/12/5
f 1033/1/6 1132/2/6 1133/12/6 1034/11/6
f 1034/2/1 1035/12/1 1032/11/1 1031/1/1
f 1034/2/2 1031/12/2 1129/11/2 1133/1/2
f 1031/2/3 1032/12/3 1130/11/3 1129/1/3
f 1133/1/4 1129/2/4 1130/12/4 1134/11/4
f 1035/12/5 1134/11/5 1130/1/5 1032/2/5
f 1034/1/6 1133/2/6 1134/12/6 1035/11/6
f 1035/11/2 1032/1/2 1130/2/2 1134/12/2
f 1036/2/1 1037/12/1 1034/11/1 1033/1/1
f 1036/1/2 1033/2/2 1132/12/2 1135/11/2
f 1033/2/3 1034/12/3 1133/11/3 1132/1/3
f 1135/1/4 1132/2/4 1133/12/4 1136/11/4
f 1037/2/5 1136/12/5 1133/11/5 1034/1/5
f 1036/1/6 1135/2/6 1136/12/6 1037/11/6
f 1037/2/1 1038/12/1 1035/11/1 1034/1/1
f 1037/2/2 1034/12/2 1133/11/2 1136/1/2
f 1034/2/3 1035/12/3 1134/11/3 1133/1/3
f 1136/1/4 1133/2/4 1134/12/4 1137/11/4
f 1038/12/5 1137/11/5 1134/1/5 1035/2/5
f 1037/1/6 1136/2/6 1137/12/6 1038/11/6
f 1038/2/2 1035/12/2 1134/11/2 1137/1/2
f 1039/2/1 1040/12/1 1037/11/1 1036/1/1
f 1039/11/2 1036/1/2 1135/2/2 1138/12/2
f 1036/2/3 1037/12/3 1136/11/3 1135/1/3
f 1138/1/4 1135/2/4 1136/12/4 1139/11/4
f 1040/1/5 1139/2/5 1136/12/5 1037/11/5
f 1039/1/6 1138/2/6 1139/12/6 1040/11/6
f 1040/11/2 1037/1/2 1136/2/2 1139/12/2
f 1042/2/1 1043/12/1 1040/11/1 1039/1/1
f 1042/12/2 1039/11/2 1138/1/2 1141/2/2
f 1039/2/3 1040/12/3 1139/11/3 1138/1/3
f 1141/1/4 1138/2/4 1139/12/4 1142/11/4
f 1043/11/5 1142/1/5 1139/2/5 1040/12/5
f 1042/1/6 1141/2/6 1142/12/6 1043/11/6
f 1043/2/1 1044/12/1 1041/11/1 1040/1/1
f 1043/2/2 1040/12/2 1139/11/2 1142/1/2
f 1040/2/3 1041/12/3 1140/11/3 1139/1/3
f 1142/1/4 1139/2/4 1140/12/4 1143/11/4
f 1044/12/5 1143/11/5 1140/1/5 1041/2/5
f 1043/1/6 1142/2/6 1143/12/6 1044/11/6
f 1045/2/1 1046/12/1 1043/11/1 1042/1/1
f 1045/12/2 1042/11/2 1141/1/2 1144/2/2
f 1042/2/3 1043/12/3 1142/11/3 1141/1/3
f 1144/1/4 1141/2/4 1142/12/4 1145/11/4
f 1046/11/5 1145/1/5 1142/2/5 1043/12/5
f 1045/1/6 1144/2/6 1145/12/6 1046/11/6
f 1046/2/1 1047/12/1 1044/11/1 1043/1/1
f 1046/12/2 1043/11/2 1142/1/2 1145/2/2
f 1043/2/3 1044/12/3 1143/11/3 1142/1/3
f 1145/1/4 1142/2/4 1143/12/4 1146/11/4
f 1047/11/5 1146/1/5 1143/2/5 1044/12/5
f 1046/1/6 1145/2/6 1146/12/6 1047/11/6
f 1048/2/1 1049/12/1 1046/11/1 1045/1/1
f 1048/12/2 1045/11/2 1144/1/2 1147/2/2
f 1045/2/3 1046/12/3 1145/11/3 1144/1/3
f 1147/1/4 1144/2/4 1145/12/4 1148/11/4
f 1049/11/5 1148/1/5 1145/2/5 1046/12/5
f 1048/1/6 1147/2/6 1148/12/6 1049/11/6
f 1049/2/1 1050/12/1 1047/11/1 1046/1/1
f 1049/11/2 1046/1/2 1145/2/2 1148/12/2
f 1046/2/3 1047/12/3 1146/11/3 1145/1/3
f 1148/1/4 1145/2/4 1146/12/4 1149/11/4
f 1050/1/5 1149/2/5 1146/12/5 1047/11/5
f 1049/1/6 1148/2/6 1149/12/6 1050/11/6
f 1052/2/1 1053/12/1 1050/11/1 1049/1/1
f 1052/2/2 1049/12/2 1148/11/2 1151/1/2
f 1049/2/3 1050/12/3 1149/11/3 1148/1/3
f 1151/1/4 1148/2/4 1149/12/4 1152/11/4
f 1053/12/5 1152/11/5 1149/1/5 1050/2/5
f 1052/1/6 1151/2/6 1152/12/6 1053/11/6
f 1053/2/1 1054/12/1 1051/11/1 1050/1/1
f 1053/12/2 1050/11/2 1149/1/2 1152/2/2
f 1050/2/3 1051/12/3 1150/11/3 1149/1/3
f 1152/1/4 1149/2/4 1150/12/4 1153/11/4
f 1054/11/5 1153/1/5 1150/2/5 1051/12/5
f 1053/1/6 1152/2/6 1153/12/6 1054/11/6
f 1063/2/1 1064/12/1 1061/11/1 1060/1/1
f 1063/11/2 1060/1/2 1158/2/2 1162/12/2
f 1060/2/3 1061/12/3 1159/11/3 1158/1/3
f 1162/1/4 1158/2/4 1159/12/4 1163/11/4
f 1064/1/5 1163/2/5 1159/12/5 1061/11/5
f 1063/1/6 1162/2/6 1163/12/6 1064/11/6
f 1064/1/2 1061/2/2 1159/12/2 1163/11/2
f 1065/2/1 1066/12/1 1063/11/1 1062/1/1
f 1065/12/2 1062/11/2 1161/1/2 1164/2/2
f 1062/2/3 1063/12/3 1162/11/3 1161/1/3
f 1164/1/4 1161/2/4 1162/12/4 1165/11/4
f 1066/11/5 1165/1/5 1162/2/5 1063/12/5
f 1065/1/6 1164/2/6 1165/12/6 1066/11/6
f 1066/2/1 1067/12/1 1064/11/1 1063/1/1
f 1066/11/2 1063/1/2 1162/2/2 1165/12/2
f 1063/2/3 1064/12/3 1163/11/3 1162/1/3
f 1165/1/4 1162/2/4 1163/12/4 1166/11/4
f 1067/1/5 1166/2/5 1163/12/5 1064/11/5
f 1066/1/6 1165/2/6 1166/12/6 1067/11/6
f 1067/2/2 1064/12/2 1163/11/2 1166/1/2
f 1068/2/1 1069/12/1 1066/11/1 1065/1/1
f 1068/2/2 1065/12/2 1164/11/2 1168/1/2
f 1065/2/3 1066/12/3 1165/11/3 1164/1/3
f 1168/1/4 1164/2/4 1165/12/4 1169/11/4
f 1069/12/5 1169/11/5 1165/1/5 1066/2/5
f 1068/1/6 1168/2/6 1169/12/6 1069/11/6
f 1069/2/1 1070/12/1 1067/11/1 1066/1/1
f 1069/1/2 1066/2/2 1165/12/2 1169/11/2
f 1066/2/3 1067/12/3 1166/11/3 1165/1/3
f 1169/1/4 1165/2/4 1166/12/4 1170/11/4
f 1070/2/5 1170/12/5 1166/11/5 1067/1/5
f 1069/1/6 1169/2/6 1170/12/6 1070/11/6
f 1070/1/2 1067/2/2 1166/12/2 1170/11/2
f 1073/2/1 1074/12/1 1070/11/1 1069/1/1
f 1073/11/2 1069/1/2 1169/2/2 1174/12/2
f 1069/2/3 1070/12/3 1170/11/3 1169/1/3
f 1174/1/4 1169/2/4 1170/12/4 1175/11/4
f 1074/1/5 1175/2/5 1170/12/5 1070/11/5
f 1073/1/6 1174/2/6 1175/12/6 1074/11/6
f 1074/2/1 1075/12/1 1071/11/1 1070/1/1
f 1074/11/2 1070/1/2 1170/2/2 1175/12/2
f 1070/2/3 1071/12/3 1171/11/3 1170/1/3
f 1175/1/4 1170/2/4 1171/12/4 1176/11/4
f 1075/1/5 1176/2/5 1171/12/5 1071/11/5
f 1074/1/6 1175/2/6 1176/12/6 1075/11/6
f 1075/1/2 1071/2/2 1171/12/2 1176/11/2
f 1076/2/1 1077/12/1 1073/11/1 1072/1/1
f 1076/1/2 1072/2/2 1173/12/2 1178/11/2
f 1072/2/3 1073/12/3 1174/11/3 1173/1/3
f 1178/1/4 1173/2/4 1174/12/4 1179/11/4
f 1077/2/5 1179/12/5 1174/11/5 1073/1/5
f 1076/1/6 1178/2/6 1179/12/6 1077/11/6
f 1077/2/1 1078/12/1 1074/11/1 1073/1/1
f 1077/12/2 1073/11/2 1174/1/2 1179/2/2
f 1073/2/3 1074/12/3 1175/11/3 1174/1/3
f 1179/1/4 1174/2/4 1175/12/4 1180/11/4
f 1078/11/5 1180/1/5 1175/2/5 1074/12/5
f 1077/1/6 1179/2/6 1180/12/6 1078/11/6
f 1078/2/1 1079/12/1 1075/11/1 1074/1/1
f 1078/12/2 1074/11/2 1175/1/2 1180/2/2
f 1074/2/3 1075/12/3 1176/11/3 1175/1/3
f 1180/1/4 1175/2/4 1176/12/4 1181/11/4
f 1079/11/5 1181/1/5 1176/2/5 1075/12/5
f 1078/1/6 1180/2/6 1181/12/6 1079/11/6
f 1079/2/2 1075/12/2 1176/11/2 1181/1/2
f 1080/2/1 1081/12/1 1077/11/1 1076/1/1
f 1080/11/2 1076/1/2 1178/2/2 1183/12/2
f 1076/2/3 1077/12/3 1179/11/3 1178/1/3
f 1183/1/4 1178/2/4 1179/12/4 1184/11/4
f 1081/1/5 1184/2/5 1179/12/5 1077/11/5
f 1080/1/6 1183/2/6 1184/12/6 1081/11/6
f 1081/2/1 1082/12/1 1078/11/1 1077/1/1
f 1081/2/2 1077/12/2 1179/11/2 1184/1/2
f 1077/2/3 1078/12/3 1180/11/3 1179/1/3
f 1184/1/4 1179/2/4 1180/12/4 1185/11/4
f 1082/12/5 1185/11/5 1180/1/5 1078/2/5
f 1081/1/6 1184/2/6 1185/12/6 1082/11/6
f 1082/2/1 1083/12/1 1079/11/1 1078/1/1
f 1082/12/2 1078/11/2 1180/1/2 1185/2/2
f 1078/2/3 1079/12/3 1181/11/3 1180/1/3
f 1185/1/4 1180/2/4 1181/12/4 1186/11/4
f 1083/11/5 1186/1/5 1181/2/5 1079/12/5
f 1082/1/6 1185/2/6 1186/12/6 1083/11/6
f 1083/2/2 1079/12/2 1181/11/2 1186/1/2
f 1085/2/1 1086/12/1 1082/11/1 1081/1/1
f 1085/2/2 1081/12/2 1184/11/2 1189/1/2
f 1081/2/3 1082/12/3 1185/11/3 1184/1/3
f 1189/1/4 1184/2/4 1185/12/4 1190/11/4
f 1086/12/5 1190/11/5 1185/1/5 1082/2/5
f 1085/1/6 1189/2/6 1190/12/6 1086/11/6
f 1086/2/1 1087/12/1 1083/11/1 1082/1/1
f 1086/2/2 1082/12/2 1185/11/2 1190/1/2
f 1082/2/3 1083/12/3 1186/11/3 1185/1/3
f 1190/1/4 1185/2/4 1186/12/4 1191/11/4
f 1087/12/5 1191/11/5 1186/1/5 1083/2/5
f 1086/1/6 1190/2/6 1191/12/6 1087/11/6
f 1087/12/2 1083/11/2 1186/1/2 1191/2/2
f 1089/2/1 1090/12/1 1086/11/1 1085/1/1
f 1089/11/2 1085/1/2 1189/2/2 1192/12/2
f 1085/2/3 1086/12/3 1190/11/3 1189/1/3
f 1192/1/4 1189/2/4 1190/12/4 1193/11/4
f 1090/1/5 1193/2/5 1190/12/5 1086/11/5
f 1089/1/6 1192/2/6 1193/12/6 1090/11/6
f 1090/2/1 1091/12/1 1087/11/1 1086/1/1
f 1090/12/2 1086/11/2 1190/1/2 1193/2/2
f 1086/2/3 1087/12/3 1191/11/3 1190/1/3
f 1193/1/4 1190/2/4 1191/12/4 1194/11/4
f 1091/11/5 1194/1/5 1191/2/5 1087/12/5
f 1090/1/6 1193/2/6 1194/12/6 1091/11/6
f 1094/2/1 1095/12/1 1093/11/1 1092/1/1
f 1094/1/2 1092/2/2 1196/12/2 1198/11/2
f 1092/2/3 1093/12/3 1197/11/3 1196/1/3
f 1198/1/4 1196/2/4 1197/12/4 1199/11/4
f 1095/2/5 1199/12/5 1197/11/5 1093/1/5
f 1094/1/6 1198/2/6 1199/12/6 1095/11/6
f 1096/2/1 1097/12/1 1095/11/1 1094/1/1
f 1096/2/2 1094/12/2 1198/11/2 1200/1/2
f 1094/2/3 1095/12/3 1199/11/3 1198/1/3
f 1200/1/4 1198/2/4 1199/12/4 1201/11/4
f 1097/12/5 1201/11/5 1199/1/5 1095/2/5
f 1096/1/6 1200/2/6 1201/12/6 1097/11/6
f 1099/2/1 1100/12/1 1097/11/1 1096/1/1
f 1099/12/2 1096/11/2 1200/1/2 1202/2/2
f 1096/2/3 1097/12/3 1201/11/3 1200/1/3
f 1202/1/4 1200/2/4 1201/12/4 1203/11/4
f 1100/11/5 1203/1/5 1201/2/5 1097/12/5
f 1099/1/6 1202/2/6 1203/12/6 1100/11/6
f 1102/2/1 1103/12/1 1101/11/1 1100/1/1
f 1102/12/2 1100/11/2 1203/1/2 1206/2/2
f 1100/2/3 1101/12/3 1204/11/3 1203/1/3
f 1206/1/4 1203/2/4 1204/12/4 1207/11/4
f 1103/11/5 1207/1/5 1204/2/5 1101/12/5
f 1102/1/6 1206/2/6 1207/12/6 1103/11/6
f 1103/11/2 1101/1/2 1204/2/2 1207/12/2
f 1104/2/1 1105/12/1 1103/11/1 1102/1/1
f 1104/1/2 1102/2/2 1206/12/2 1208/11/2
f 1102/2/3 1103/12/3 1207/11/3 1206/1/3
f 1208/1/4 1206/2/4 1207/12/4 1209/11/4
f 1105/2/5 1209/12/5 1207/11/5 1103/1/5
f 1104/1/6 1208/2/6 1209/12/6 1105/11/6
f 1105/12/2 1103/11/2 1207/1/2 1209/2/2
f 1106/2/1 1107/12/1 1105/11/1 1104/1/1
f 1106/1/2 1104/2/2 1208/12/2 1210/11/2
f 1104/2/3 1105/12/3 1209/11/3 1208/1/3
f 1210/1/4 1208/2/4 1209/12/4 1211/11/4
f 1107/2/5 1211/12/5 1209/11/5 1105/1/5
f 1106/1/6 1210/2/6 1211/12/6 1107/11/6
f 1107/11/2 1105/1/2 1209/2/2 1211/12/2
f 1109/11/2 1107/1/2 1211/2/2 1213/12/2
f 1113/2/1 1114/12/1 1110/11/1 1109/1/1
f 1113/2/2 1109/12/2 1213/11/2 1215/1/2
f 1109/2/3 1110/12/3 1214/11/3 1213/1/3
f 1215/1/4 1213/2/4 1214/12/4 1216/11/4
f 1114/12/5 1216/11/5 1214/1/5 1110/2/5
f 1113/1/6 1215/2/6 1216/12/6 1114/11/6
f 1114/11/2 1110/1/2 1214/2/2 1216/12/2
f 1117/2/1 1118/12/1 1114/11/1 1113/1/1
f 1117/2/2 1113/12/2 1215/11/2 1217/1/2
f 1113/2/3 1114/12/3 1216/11/3 1215/1/3
f 1217/1/4 1215/2/4 1216/12/4 1218/11/4
f 1118/12/5 1218/11/5 1216/1/5 1114/2/5
f 1117/1/6 1217/2/6 1218/12/6 1118/11/6
f 1118/12/2 1114/11/2 1216/1/2 1218/2/2
f 1124/2/1 1125/12/1 1122/11/1 1119/1/1
f 1124/11/2 1119/1/2 1219/2/2 1221/12/2
f 1119/2/3 1122/12/3 1220/11/3 1219/1/3
f 1221/1/4 1219/2/4 1220/12/4 1222/11/4
f 1125/1/5 1222/2/5 1220/12/5 1122/11/5
f 1124/1/6 1221/2/6 1222/12/6 1125/11/6
f 1127/2/1 1128/12/1 1125/11/1 1124/1/1
f 1127/12/2 1124/11/2 1221/1/2 1224/2/2
f 1124/2/3 1125/12/3 1222/11/3 1221/1/3
f 1224/1/4 1221/2/4 1222/12/4 1225/11/4
f 1128/11/5 1225/1/5 1222/2/5 1125/12/5
f 1127/1/6 1224/2/6 1225/12/6 1128/11/6
f 1128/2/1 1129/12/1 1126/11/1 1125/1/1
f 1128/1/2 1125/2/2 1222/12/2 1225/11/2
f 1125/2/3 1126/12/3 1223/11/3 1222/1/3
f 1225/1/4 1222/2/4 1223/12/4 1226/11/4
f 1129/2/5 1226/12/5 1223/11/5 1126/1/5
f 1128/1/6 1225/2/6 1226/12/6 1129/11/6
f 1131/2/1 1132/12/1 1128/11/1 1127/1/1
f 1131/12/2 1127/11/2 1224/1/2 1227/2/2
f 1127/2/3 1128/12/3 1225/11/3 1224/1/3
f 1227/1/4 1224/2/4 1225/12/4 1228/11/4
f 1132/11/5 1228/1/5 1225/2/5 1128/12/5
f 1131/1/6 1227/2/6 1228/12/6 1132/11/6
f 1133/1/2 1129/2/2 1226/12/2 1229/11/2
f 1135/2/1 1136/12/1 1133/11/1 1132/1/1
f 1135/11/2 1132/1/2 1228/2/2 1231/12/2
f 1132/2/3 1133/12/3 1229/11/3 1228/1/3
f 1231/1/4 1228/2/4 1229/12/4 1232/11/4
f 1136/1/5 1232/2/5 1229/12/5 1133/11/5
f 1135/1/6 1231/2/6 1232/12/6 1136/11/6
f 1136/1/2 1133/2/2 1229/12/2 1232/11/2
f 1138/2/1 1139/12/1 1136/11/1 1135/1/1
f 1138/12/2 1135/11/2 1231/1/2 1234/2/2
f 1135/2/3 1136/12/3 1232/11/3 1231/1/3
f 1234/1/4 1231/2/4 1232/12/4 1235/11/4
f 1139/11/5 1235/1/5 1232/2/5 1136/12/5
f 1138/1/6 1234/2/6 1235/12/6 1139/11/6
f 1139/2/1 1140/12/1 1137/11/1 1136/1/1
f 1139/11/2 1136/1/2 1232/2/2 1235/12/2
f 1136/2/3 1137/12/3 1233/11/3 1232/1/3
f 1235/1/4 1232/2/4 1233/12/4 1236/11/4
f 1140/1/5 1236/2/5 1233/12/5 1137/11/5
f 1139/1/6 1235/2/6 1236/12/6 1140/11/6
f 1141/2/1 1142/12/1 1139/11/1 1138/1/1
f 1141/12/2 1138/11/2 1234/1/2 1237/2/2
f 1138/2/3 1139/12/3 1235/11/3 1234/1/3
f 1237/1/4 1234/2/4 1235/12/4 1238/11/4
f 1142/11/5 1238/1/5 1235/2/5 1139/12/5
f 1141/1/6 1237/2/6 1238/12/6 1142/11/6
f 1144/2/1 1145/12/1 1142/11/1 1141/1/1
f 1144/1/2 1141/2/2 1237/12/2 1239/11/2
f 1141/2/3 1142/12/3 1238/11/3 1237/1/3
f 1239/1/4 1237/2/4 1238/12/4 1240/11/4
f 1145/2/5 1240/12/5 1238/11/5 1142/1/5
f 1144/1/6 1239/2/6 1240/12/6 1145/11/6
f 1147/2/1 1148/12/1 1145/11/1 1144/1/1
f 1147/11/2 1144/1/2 1239/2/2 1241/12/2
f 1144/2/3 1145/12/3 1240/11/3 1239/1/3
f 1241/1/4 1239/2/4 1240/12/4 1242/11/4
f 1148/1/5 1242/2/5 1240/12/5 1145/11/5
f 1147/1/6 1241/2/6 1242/12/6 1148/11/6
f 1151/2/1 1152/12/1 1149/11/1 1148/1/1
f 1151/11/2 1148/1/2 1242/2/2 1245/12/2
f 1148/2/3 1149/12/3 1243/11/3 1242/1/3
f 1245/1/4 1242/2/4 1243/12/4 1246/11/4
f 1152/1/5 1246/2/5 1243/12/5 1149/11/5
f 1151/1/6 1245/2/6 1246/12/6 1152/11/6
f 1154/2/1 1155/12/1 1153/11/1 1152/1/1
f 1154/1/2 1152/2/2 1246/12/2 1248/11/2
f 1152/2/3 1153/12/3 1247/11/3 1246/1/3
f 1248/1/4 1246/2/4 1247/12/4 1249/11/4
f 1155/2/5 1249/12/5 1247/11/5 1153/1/5
f 1154/1/6 1248/2/6 1249/12/6 1155/11/6
f 1160/2/1 1161/12/1 1157/11/1 1156/1/1
f 1160/1/2 1156/2/2 1250/12/2 1254/11/2
f 1156/2/3 1157/12/3 1251/11/3 1250/1/3
f 1254/1/4 1250/2/4 1251/12/4 1255/11/4
f 1161/2/5 1255/12/5 1251/11/5 1157/1/5
f 1160/1/6 1254/2/6 1255/12/6 1161/11/6
f 1161/2/1 1162/12/1 1158/11/1 1157/1/1
f 1161/11/2 1157/1/2 1251/2/2 1255/12/2
f 1157/2/3 1158/12/3 1252/11/3 1251/1/3
f 1255/1/4 1251/2/4 1252/12/4 1256/11/4
f 1162/1/5 1256/2/5 1252/12/5 1158/11/5
f 1161/1/6 1255/2/6 1256/12/6 1162/11/6
f 1162/2/1 1163/12/1 1159/11/1 1158/1/1
f 1162/2/2 1158/12/2 1252/11/2 1256/1/2
f 1158/2/3 1159/12/3 1253/11/3 1252/1/3
f 1256/1/4 1252/2/4 1253/12/4 1257/11/4
f 1163/12/5 1257/11/5 1253/1/5 1159/2/5
f 1162/1/6 1256/2/6 1257/12/6 1163/11/6
f 1165/2/1 1166/12/1 1163/11/1 1162/1/1
f 1165/1/2 1162/2/2 1256/12/2 1260/11/2
f 1162/2/3 1163/12/3 1257/11/3 1256/1/3
f 1260/1/4 1256/2/4 1257/12/4 1261/11/4
f 1166/2/5 1261/12/5 1257/11/5 1163/1/5
f 1165/1/6 1260/2/6 1261/12/6 1166/11/6
f 1169/2/1 1170/12/1 1166/11/1 1165/1/1
f 1169/1/2 1165/2/2 1260/12/2 1264/11/2
f 1165/2/3 1166/12/3 1261/11/3 1260/1/3
f 1264/1/4 1260/2/4 1261/12/4 1265/11/4
f 1170/2/5 1265/12/5 1261/11/5 1166/1/5
f 1169/1/6 1264/2/6 1265/12/6 1170/11/6
f 1170/2/1 1171/12/1 1167/11/1 1166/1/1
f 1170/11/2 1166/1/2 1261/2/2 1265/12/2
f 1166/2/3 1167/12/3 1262/11/3 1261/1/3
f 1265/1/4 1261/2/4 1262/12/4 1266/11/4
f 1171/1/5 1266/2/5 1262/12/5 1167/11/5
f 1170/1/6 1265/2/6 1266/12/6 1171/11/6
f 1173/2/1 1174/12/1 1169/11/1 1168/1/1
f 1173/12/2 1168/11/2 1263/1/2 1268/2/2
f 1168/2/3 1169/12/3 1264/11/3 1263/1/3
f 1268/1/4 1263/2/4 1264/12/4 1269/11/4
f 1174/11/5 1269/1/5 1264/2/5 1169/12/5
f 1173/1/6 1268/2/6 1269/12/6 1174/11/6
f 1174/2/1 1175/12/1 1170/11/1 1169/1/1
f 1174/1/2 1169/2/2 1264/12/2 1269/11/2
f 1169/2/3 1170/12/3 1265/11/3 1264/1/3
f 1269/1/4 1264/2/4 1265/12/4 1270/11/4
f 1175/2/5 1270/12/5 1265/11/5 1170/1/5
f 1174/1/6 1269/2/6 1270/12/6 1175/11/6
f 1175/2/1 1176/12/1 1171/11/1 1170/1/1
f 1175/11/2 1170/1/2 1265/2/2 1270/12/2
f 1170/2/3 1171/12/3 1266/11/3 1265/1/3
f 1270/1/4 1265/2/4 1266/12/4 1271/11/4
f 1176/1/5 1271/2/5 1266/12/5 1171/11/5
f 1175/1/6 1270/2/6 1271/12/6 1176/11/6
f 1176/2/1 1177/12/1 1172/11/1 1171/1/1
f 1176/12/2 1171/11/2 1266/1/2 1271/2/2
f 1171/2/3 1172/12/3 1267/11/3 1266/1/3
f 1271/1/4 1266/2/4 1267/12/4 1272/11/4
f 1177/11/5 1272/1/5 1267/2/5 1172/12/5
f 1176/1/6 1271/2/6 1272/12/6 1177/11/6
f 1179/2/1 1180/12/1 1175/11/1 1174/1/1
f 1179/2/2 1174/12/2 1269/11/2 1274/1/2
f 1174/2/3 1175/12/3 1270/11/3 1269/1/3
f 1274/1/4 1269/2/4 1270/12/4 1275/11/4
f 1180/12/5 1275/11/5 1270/1/5 1175/2/5
f 1179/1/6 1274/2/6 1275/12/6 1180/11/6
f 1180/2/1 1181/12/1 1176/11/1 1175/1/1
f 1180/12/2 1175/11/2 1270/1/2 1275/2/2
f 1175/2/3 1176/12/3 1271/11/3 1270/1/3
f 1275/1/4 1270/2/4 1271/12/4 1276/11/4
f 1181/11/5 1276/1/5 1271/2/5 1176/12/5
f 1180/1/6 1275/2/6 1276/12/6 1181/11/6
f 1181/2/1 1182/12/1 1177/11/1 1176/1/1
f 1181/12/2 1176/11/2 1271/1/2 1276/2/2
f 1176/2/3 1177/12/3 1272/11/3 1271/1/3
f 1276/1/4 1271/2/4 1272/12/4 1277/11/4
f 1182/11/5 1277/1/5 1272/2/5 1177/12/5
f 1181/1/6 1276/2/6 1277/12/6 1182/11/6
f 1183/2/1 1184/12/1 1179/11/1 1178/1/1
f 1183/1/2 1178/2/2 1273/12/2 1278/11/2
f 1178/2/3 1179/12/3 1274/11/3 1273/1/3
f 1278/1/4 1273/2/4 1274/12/4 1279/11/4
f 1184/2/5 1279/12/5 1274/11/5 1179/1/5
f 1183/1/6 1278/2/6 1279/12/6 1184/11/6
f 1184/2/1 1185/12/1 1180/11/1 1179/1/1
f 1184/1/2 1179/2/2 1274/12/2 1279/11/2
f 1179/2/3 1180/12/3 1275/11/3 1274/1/3
f 1279/1/4 1274/2/4 1275/12/4 1280/11/4
f 1185/2/5 1280/12/5 1275/11/5 1180/1/5
f 1184/1/6 1279/2/6 1280/12/6 1185/11/6
f 1185/2/1 1186/12/1 1181/11/1 1180/1/1
f 1185/2/2 1180/12/2 1275/11/2 1280/1/2
f 1180/2/3 1181/12/3 1276/11/3 1275/1/3
f 1280/1/4 1275/2/4 1276/12/4 1281/11/4
f 1186/12/5 1281/11/5 1276/1/5 1181/2/5
f 1185/1/6 1280/2/6 1281/12/6 1186/11/6
f 1186/2/1 1187/12/1 1182/11/1 1181/1/1
f 1186/1/2 1181/2/2 1276/12/2 1281/11/2
f 1181/2/3 1182/12/3 1277/11/3 1276/1/3
f 1281/1/4 1276/2/4 1277/12/4 1282/11/4
f 1187/2/5 1282/12/5 1277/11/5 1182/1/5
f 1186/1/6 1281/2/6 1282/12/6 1187/11/6
f 1188/2/1 1189/12/1 1184/11/1 1183/1/1
f 1188/1/2 1183/2/2 1278/12/2 1286/11/2
f 1183/2/3 1184/12/3 1279/11/3 1278/1/3
f 1286/1/4 1278/2/4 1279/12/4 1287/11/4
f 1189/2/5 1287/12/5 1279/11/5 1184/1/5
f 1188/1/6 1286/2/6 1287/12/6 1189/11/6
f 1189/2/1 1190/12/1 1185/11/1 1184/1/1
f 1189/12/2 1184/11/2 1279/1/2 1287/2/2
f 1184/2/3 1185/12/3 1280/11/3 1279/1/3
f 1287/1/4 1279/2/4 1280/12/4 1288/11/4
f 1190/11/5 1288/1/5 1280/2/5 1185/12/5
f 1189/1/6 1287/2/6 1288/12/6 1190/11/6
f 1190/2/1 1191/12/1 1186/11/1 1185/1/1
f 1190/1/2 1185/2/2 1280/12/2 1288/11/2
f 1185/2/3 1186/12/3 1281/11/3 1280/1/3
f 1288/1/4 1280/2/4 1281/12/4 1289/11/4
f 1191/2/5 1289/12/5 1281/11/5 1186/1/5
f 1190/1/6 1288/2/6 1289/12/6 1191/11/6
f 1191/1/2 1186/2/2 1281/12/2 1289/11/2
f 1192/2/1 1193/12/1 1190/11/1 1189/1/1
f 1192/12/2 1189/11/2 1287/1/2 1294/2/2
f 1189/2/3 1190/12/3 1288/11/3 1287/1/3
f 1294/1/4 1287/2/4 1288/12/4 1295/11/4
f 1193/11/5 1295/1/5 1288/2/5 1190/12/5
f 1192/1/6 1294/2/6 1295/12/6 1193/11/6
f 1193/2/1 1194/12/1 1191/11/1 1190/1/1
f 1193/2/2 1190/12/2 1288/11/2 1295/1/2
f 1190/2/3 1191/12/3 1289/11/3 1288/1/3
f 1295/1/4 1288/2/4 1289/12/4 1296/11/4
f 1194/12/5 1296/11/5 1289/1/5 1191/2/5
f 1193/1/6 1295/2/6 1296/12/6 1194/11/6
f 1194/12/2 1191/11/2 1289/1/2 1296/2/2
f 1195/2/1 1196/12/1 1193/11/1 1192/1/1
f 1195/1/2 1192/2/2 1294/12/2 1300/11/2
f 1192/2/3 1193/12/3 1295/11/3 1294/1/3
f 1300/1/4 1294/2/4 1295/12/4 1301/11/4
f 1196/2/5 1301/12/5 1295/11/5 1193/1/5
f 1195/1/6 1300/2/6 1301/12/6 1196/11/6
f 1198/2/1 1199/12/1 1197/11/1 1196/1/1
f 1198/12/2 1196/11/2 1301/1/2 1304/2/2
f 1196/2/3 1197/12/3 1302/11/3 1301/1/3
f 1304/1/4 1301/2/4 1302/12/4 1305/11/4
f 1199/11/5 1305/1/5 1302/2/5 1197/12/5
f 1198/1/6 1304/2/6 1305/12/6 1199/11/6
f 1200/2/1 1201/12/1 1199/11/1 1198/1/1
f 1200/1/2 1198/2/2 1304/12/2 1306/11/2
f 1198/2/3 1199/12/3 1305/11/3 1304/1/3
f 1306/1/4 1304/2/4 1305/12/4 1307/11/4
f 1201/2/5 1307/12/5 1305/11/5 1199/1/5
f 1200/1/6 1306/2/6 1307/12/6 1201/11/6
f 1202/2/1 1203/12/1 1201/11/1 1200/1/1
f 1202/12/2 1200/11/2 1306/1/2 1308/2/2
f 1200/2/3 1201/12/3 1307/11/3 1306/1/3
f 1308/1/4 1306/2/4 1307/12/4 1309/11/4
f 1203/11/5 1309/1/5 1307/2/5 1201/12/5
f 1202/1/6 1308/2/6 1309/12/6 1203/11/6
f 1205/2/1 1206/12/1 1203/11/1 1202/1/1
f 1205/11/2 1202/1/2 1308/2/2 1310/12/2
f 1202/2/3 1203/12/3 1309/11/3 1308/1/3
f 1310/1/4 1308/2/4 1309/12/4 1311/11/4
f 1206/1/5 1311/2/5 1309/12/5 1203/11/5
f 1205/1/6 1310/2/6 1311/12/6 1206/11/6
f 1206/12/2 1203/11/2 1309/1/2 1311/2/2
f 1208/2/1 1209/12/1 1207/11/1 1206/1/1
f 1208/2/2 1206/12/2 1311/11/2 1313/1/2
f 1206/2/3 1207/12/3 1312/11/3 1311/1/3
f 1313/1/4 1311/2/4 1312/12/4 1314/11/4
f 1209/12/5 1314/11/5 1312/1/5 1207/2/5
f 1208/1/6 1313/2/6 1314/12/6 1209/11/6
f 1209/1/2 1207/2/2 1312/12/2 1314/11/2
f 1210/2/1 1211/12/1 1209/11/1 1208/1/1
f 1210/2/2 1208/12/2 1313/11/2 1315/1/2
f 1208/2/3 1209/12/3 1314/11/3 1313/1/3
f 1315/1/4 1313/2/4 1314/12/4 1316/11/4
f 1211/12/5 1316/11/5 1314/1/5 1209/2/5
f 1210/1/6 1315/2/6 1316/12/6 1211/11/6
f 1211/11/2 1209/1/2 1314/2/2 1316/12/2
f 1212/2/1 1213/12/1 1211/11/1 1210/1/1
f 1212/12/2 1210/11/2 1315/1/2 1317/2/2
f 1210/2/3 1211/12/3 1316/11/3 1315/1/3
f 1317/1/4 1315/2/4 1316/12/4 1318/11/4
f 1213/11/5 1318/1/5 1316/2/5 1211/12/5
f 1212/1/6 1317/2/6 1318/12/6 1213/11/6
f 1213/11/2 1211/1/2 1316/2/2 1318/12/2
f 1215/2/2 1213/12/2 1318/11/2 1319/1/2
f 1217/2/1 1218/12/1 1216/11/1 1215/1/1
f 1217/1/2 1215/2/2 1319/12/2 1321/11/2
f 1215/2/3 1216/12/3 1320/11/3 1319/1/3
f 1321/1/4 1319/2/4 1320/12/4 1322/11/4
f 1218/2/5 1322/12/5 1320/11/5 1216/1/5
f 1217/1/6 1321/2/6 1322/12/6 1218/11/6
f 1218/1/2 1216/2/2 1320/12/2 1322/11/2
f 1224/2/1 1225/12/1 1222/11/1 1221/1/1
f 1224/11/2 1221/1/2 1325/2/2 1324/12/2
f 1221/2/3 1222/12/3 1323/11/3 1325/1/3
f 1324/1/4 1325/2/4 1323/12/4 1326/11/4
f 1225/1/5 1326/2/5 1323/12/5 1222/11/5
f 1224/1/6 1324/2/6 1326/12/6 1225/11/6
f 1230/2/1 1231/12/1 1228/11/1 1227/1/1
f 1230/1/2 1227/2/2 1327/12/2 1329/11/2
f 1227/2/3 1228/12/3 1328/11/3 1327/1/3
f 1329/1/4 1327/2/4 1328/12/4 1330/11/4
f 1231/2/5 1330/12/5 1328/11/5 1228/1/5
f 1230/1/6 1329/2/6 1330/12/6 1231/11/6
f 1237/2/1 1238/12/1 1235/11/1 1234/1/1
f 1237/2/2 1234/12/2 1331/11/2 1333/1/2
f 1234/2/3 1235/12/3 1332/11/3 1331/1/3
f 1333/1/4 1331/2/4 1332/12/4 1334/11/4
f 1238/12/5 1334/11/5 1332/1/5 1235/2/5
f 1237/1/6 1333/2/6 1334/12/6 1238/11/6
f 1244/2/1 1245/12/1 1242/11/1 1241/1/1
f 1244/11/2 1241/1/2 1335/2/2 1337/12/2
f 1241/2/3 1242/12/3 1336/11/3 1335/1/3
f 1337/1/4 1335/2/4 1336/12/4 1338/11/4
f 1245/1/5 1338/2/5 1336/12/5 1242/11/5
f 1244/1/6 1337/2/6 1338/12/6 1245/11/6
f 1254/2/1 1255/12/1 1251/11/1 1250/1/1
f 1254/11/2 1250/1/2 1344/2/2 1348/12/2
f 1250/2/3 1251/12/3 1345/11/3 1344/1/3
f 1348/1/4 1344/2/4 1345/12/4 1349/11/4
f 1255/1/5 1349/2/5 1345/12/5 1251/11/5
f 1254/1/6 1348/2/6 1349/12/6 1255/11/6
f 1255/2/1 1256/12/1 1252/11/1 1251/1/1
f 1255/11/2 1251/1/2 1345/2/2 1349/12/2
f 1251/2/3 1252/12/3 1346/11/3 1345/1/3
f 1349/1/4 1345/2/4 1346/12/4 1350/11/4
f 1256/1/5 1350/2/5 1346/12/5 1252/11/5
f 1255/1/6 1349/2/6 1350/12/6 1256/11/6
f 1256/2/1 1257/12/1 1253/11/1 1252/1/1
f 1256/2/2 1252/12/2 1346/11/2 1350/1/2
f 1252/2/3 1253/12/3 1347/11/3 1346/1/3
f 1350/1/4 1346/2/4 1347/12/4 1351/11/4
f 1257/12/5 1351/11/5 1347/1/5 1253/2/5
f 1256/1/6 1350/2/6 1351/12/6 1257/11/6
f 1259/2/1 1260/12/1 1256/11/1 1255/1/1
f 1259/1/2 1255/2/2 1349/12/2 1353/11/2
f 1255/2/3 1256/12/3 1350/11/3 1349/1/3
f 1353/1/4 1349/2/4 1350/12/4 1354/11/4
f 1260/2/5 1354/12/5 1350/11/5 1256/1/5
f 1259/1/6 1353/2/6 1354/12/6 1260/11/6
f 1260/2/1 1261/12/1 1257/11/1 1256/1/1
f 1260/1/2 1256/2/2 1350/12/2 1354/11/2
f 1256/2/3 1257/12/3 1351/11/3 1350/1/3
f 1354/1/4 1350/2/4 1351/12/4 1355/11/4
f 1261/2/5 1355/12/5 1351/11/5 1257/1/5
f 1260/1/6 1354/2/6 1355/12/6 1261/11/6
f 1261/2/1 1262/12/1 1258/11/1 1257/1/1
f 1261/2/2 1257/12/2 1351/11/2 1355/1/2
f 1257/2/3 1258/12/3 1352/11/3 1351/1/3
f 1355/1/4 1351/2/4 1352/12/4 1356/11/4
f 1262/12/5 1356/11/5 1352/1/5 1258/2/5
f 1261/1/6 1355/2/6 1356/12/6 1262/11/6
f 1264/2/1 1265/12/1 1261/11/1 1260/1/1
f 1264/12/2 1260/11/2 1354/1/2 1357/2/2
f 1260/2/3 1261/12/3 1355/11/3 1354/1/3
f 1357/1/4 1354/2/4 1355/12/4 1358/11/4
f 1265/11/5 1358/1/5 1355/2/5 1261/12/5
f 1264/1/6 1357/2/6 1358/12/6 1265/11/6
f 1265/2/1 1266/12/1 1262/11/1 1261/1/1
f 1265/11/2 1261/1/2 1355/2/2 1358/12/2
f 1261/2/3 1262/12/3 1356/11/3 1355/1/3
f 1358/1/4 1355/2/4 1356/12/4 1359/11/4
f 1266/1/5 1359/2/5 1356/12/5 1262/11/5
f 1265/1/6 1358/2/6 1359/12/6 1266/11/6
f 1269/2/1 1270/12/1 1265/11/1 1264/1/1
f 1269/2/2 1264/12/2 1357/11/2 1361/1/2
f 1264/2/3 1265/12/3 1358/11/3 1357/1/3
f 1361/1/4 1357/2/4 1358/12/4 1362/11/4
f 1270/12/5 1362/11/5 1358/1/5 1265/2/5
f 1269/1/6 1361/2/6 1362/12/6 1270/11/6
f 1270/2/1 1271/12/1 1266/11/1 1265/1/1
f 1270/2/2 1265/12/2 1358/11/2 1362/1/2
f 1265/2/3 1266/12/3 1359/11/3 1358/1/3
f 1362/1/4 1358/2/4 1359/12/4 1363/11/4
f 1271/12/5 1363/11/5 1359/1/5 1266/2/5
f 1270/1/6 1362/2/6 1363/12/6 1271/11/6
f 1273/2/1 1274/12/1 1269/11/1 1268/1/1
f 1273/1/2 1268/2/2 1360/12/2 1364/11/2
f 1268/2/3 1269/12/3 1361/11/3 1360/1/3
f 1364/1/4 1360/2/4 1361/12/4 1365/11/4
f 1274/2/5 1365/12/5 1361/11/5 1269/1/5
f 1273/1/6 1364/2/6 1365/12/6 1274/11/6
f 1274/2/1 1275/12/1 1270/11/1 1269/1/1
f 1274/2/2 1269/12/2 1361/11/2 1365/1/2
f 1269/2/3 1270/12/3 1362/11/3 1361/1/3
f 1365/1/4 1361/2/4 1362/12/4 1366/11/4
f 1275/12/5 1366/11/5 1362/1/5 1270/2/5
f 1274/1/6 1365/2/6 1366/12/6 1275/11/6
f 1275/2/1 1276/12/1 1271/11/1 1270/1/1
f 1275/1/2 1270/2/2 1362/12/2 1366/11/2
f 1270/2/3 1271/12/3 1363/11/3 1362/1/3
f 1366/1/4 1362/2/4 1363/12/4 1367/11/4
f 1276/2/5 1367/12/5 1363/11/5 1271/1/5
f 1275/1/6 1366/2/6 1367/12/6 1276/11/6
f 1279/2/1 1280/12/1 1275/11/1 1274/1/1
f 1279/2/2 1274/12/2 1365/11/2 1372/1/2
f 1274/2/3 1275/12/3 1366/11/3 1365/1/3
f 1372/1/4 1365/2/4 1366/12/4 1373/11/4
f 1280/12/5 1373/11/5 1366/1/5 1275/2/5
f 1279/1/6 1372/2/6 1373/12/6 1280/11/6
f 1280/2/1 1281/12/1 1276/11/1 1275/1/1
f 1280/1/2 1275/2/2 1366/12/2 1373/11/2
f 1275/2/3 1276/12/3 1367/11/3 1366/1/3
f 1373/1/4 1366/2/4 1367/12/4 1374/11/4
f 1281/2/5 1374/12/5 1367/11/5 1276/1/5
f 1280/1/6 1373/2/6 1374/12/6 1281/11/6
f 1287/2/1 1288/12/1 1280/11/1 1279/1/1
f 1287/11/2 1279/1/2 1372/2/2 1380/12/2
f 1279/2/3 1280/12/3 1373/11/3 1372/1/3
f 1380/1/4 1372/2/4 1373/12/4 1381/11/4
f 1288/1/5 1381/2/5 1373/12/5 1280/11/5
f 1287/1/6 1380/2/6 1381/12/6 1288/11/6
f 1288/2/1 1289/12/1 1281/11/1 1280/1/1
f 1288/11/2 1280/1/2 1373/2/2 1381/12/2
f 1280/2/3 1281/12/3 1374/11/3 1373/1/3
f 1381/1/4 1373/2/4 1374/12/4 1382/11/4
f 1289/1/5 1382/2/5 1374/12/5 1281/11/5
f 1288/1/6 1381/2/6 1382/12/6 1289/11/6
f 1289/2/1 1290/12/1 1282/11/1 1281/1/1
f 1289/12/2 1281/11/2 1374/1/2 1382/2/2
f 1281/2/3 1282/12/3 1375/11/3 1374/1/3
f 1382/1/4 1374/2/4 1375/12/4 1383/11/4
f 1290/11/5 1383/1/5 1375/2/5 1282/12/5
f 1289/1/6 1382/2/6 1383/12/6 1290/11/6
f 1291/2/1 1292/12/1 1284/11/1 1283/1/1
f 1291/2/2 1283/12/2 1376/11/2 1384/1/2
f 1283/2/3 1284/12/3 1377/11/3 1376/1/3
f 1384/1/4 1376/2/4 1377/12/4 1385/11/4
f 1292/12/5 1385/11/5 1377/1/5 1284/2/5
f 1291/1/6 1384/2/6 1385/12/6 1292/11/6
f 1292/2/1 1293/12/1 1285/11/1 1284/1/1
f 1292/11/2 1284/1/2 1377/2/2 1385/12/2
f 1284/2/3 1285/12/3 1378/11/3 1377/1/3
f 1385/1/4 1377/2/4 1378/12/4 1386/11/4
f 1293/1/5 1386/2/5 1378/12/5 1285/11/5
f 1292/1/6 1385/2/6 1386/12/6 1293/11/6
f 1294/2/1 1295/12/1 1288/11/1 1287/1/1
f 1294/11/2 1287/1/2 1380/2/2 1388/12/2
f 1287/2/3 1288/12/3 1381/11/3 1380/1/3
f 1388/1/4 1380/2/4 1381/12/4 1389/11/4
f 1295/1/5 1389/2/5 1381/12/5 1288/11/5
f 1294/1/6 1388/2/6 1389/12/6 1295/11/6
f 1295/2/1 1296/12/1 1289/11/1 1288/1/1
f 1295/2/2 1288/12/2 1381/11/2 1389/1/2
f 1288/2/3 1289/12/3 1382/11/3 1381/1/3
f 1389/1/4 1381/2/4 1382/12/4 1390/11/4
f 1296/12/5 1390/11/5 1382/1/5 1289/2/5
f 1295/1/6 1389/2/6 1390/12/6 1296/11/6
f 1296/11/2 1289/1/2 1382/2/2 1390/12/2
f 1297/2/1 1298/12/1 1292/11/1 1291/1/1
f 1297/2/2 1291/12/2 1384/11/2 1392/1/2
f 1291/2/3 1292/12/3 1385/11/3 1384/1/3
f 1392/1/4 1384/2/4 1385/12/4 1393/11/4
f 1298/12/5 1393/11/5 1385/1/5 1292/2/5
f 1297/1/6 1392/2/6 1393/12/6 1298/11/6
f 1298/2/1 1299/12/1 1293/11/1 1292/1/1
f 1298/12/2 1292/11/2 1385/1/2 1393/2/2
f 1292/2/3 1293/12/3 1386/11/3 1385/1/3
f 1393/1/4 1385/2/4 1386/12/4 1394/11/4
f 1299/11/5 1394/1/5 1386/2/5 1293/12/5
f 1298/1/6 1393/2/6 1394/12/6 1299/11/6
f 1300/2/1 1301/12/1 1295/11/1 1294/1/1
f 1300/12/2 1294/11/2 1388/1/2 1396/2/2
f 1294/2/3 1295/12/3 1389/11/3 1388/1/3
f 1396/1/4 1388/2/4 1389/12/4 1397/11/4
f 1301/11/5 1397/1/5 1389/2/5 1295/12/5
f 1300/1/6 1396/2/6 1397/12/6 1301/11/6
f 1301/2/1 1302/12/1 1296/11/1 1295/1/1
f 1301/1/2 1295/2/2 1389/12/2 1397/11/2
f 1295/2/3 1296/12/3 1390/11/3 1389/1/3
f 1397/1/4 1389/2/4 1390/12/4 1398/11/4
f 1302/2/5 1398/12/5 1390/11/5 1296/1/5
f 1301/1/6 1397/2/6 1398/12/6 1302/11/6
f 1303/2/1 1304/12/1 1301/11/1 1300/1/1
f 1303/2/2 1300/12/2 1396/11/2 1402/1/2
f 1300/2/3 1301/12/3 1397/11/3 1396/1/3
f 1402/1/4 1396/2/4 1397/12/4 1403/11/4
f 1304/12/5 1403/11/5 1397/1/5 1301/2/5
f 1303/1/6 1402/2/6 1403/12/6 1304/11/6
f 1304/2/1 1305/12/1 1302/11/1 1301/1/1
f 1304/12/2 1301/11/2 1397/1/2 1403/2/2
f 1301/2/3 1302/12/3 1398/11/3 1397/1/3
f 1403/1/4 1397/2/4 1398/12/4 1404/11/4
f 1305/11/5 1404/1/5 1398/2/5 1302/12/5
f 1304/1/6 1403/2/6 1404/12/6 1305/11/6
f 1306/2/1 1307/12/1 1305/11/1 1304/1/1
f 1306/2/2 1304/12/2 1403/11/2 1405/1/2
f 1304/2/3 1305/12/3 1404/11/3 1403/1/3
f 1405/1/4 1403/2/4 1404/12/4 1406/11/4
f 1307/12/5 1406/11/5 1404/1/5 1305/2/5
f 1306/1/6 1405/2/6 1406/12/6 1307/11/6
f 1308/2/1 1309/12/1 1307/11/1 1306/1/1
f 1308/12/2 1306/11/2 1405/1/2 1407/2/2
f 1306/2/3 1307/12/3 1406/11/3 1405/1/3
f 1407/1/4 1405/2/4 1406/12/4 1408/11/4
f 1309/11/5 1408/1/5 1406/2/5 1307/12/5
f 1308/1/6 1407/2/6 1408/12/6 1309/11/6
f 1313/12/2 1311/11/2 1410/1/2 1411/2/2
f 1315/2/1 1316/12/1 1314/11/1 1313/1/1
f 1315/2/2 1313/12/2 1411/11/2 1413/1/2
f 1313/2/3 1314/12/3 1412/11/3 1411/1/3
f 1413/1/4 1411/2/4 1412/12/4 1414/11/4
f 1316/12/5 1414/11/5 1412/1/5 1314/2/5
f 1315/1/6 1413/2/6 1414/12/6 1316/11/6
f 1316/1/2 1314/2/2 1412/12/2 1414/11/2
f 1318/11/2 1316/1/2 1414/2/2 1416/12/2
f 1319/12/2 1318/11/2 1416/1/2 1417/2/2
f 1321/2/2 1319/12/2 1417/11/2 1418/1/2
f 1337/2/1 1338/12/1 1336/11/1 1335/1/1
f 1337/1/2 1335/2/2 1419/12/2 1421/11/2
f 1335/2/3 1336/12/3 1420/11/3 1419/1/3
f 1421/1/4 1419/2/4 1420/12/4 1422/11/4
f 1338/2/5 1422/12/5 1420/11/5 1336/1/5
f 1337/1/6 1421/2/6 1422/12/6 1338/11/6
f 1339/2/1 1340/12/1 1338/11/1 1337/1/1
f 1339/1/2 1337/2/2 1421/12/2 1423/11/2
f 1337/2/3 1338/12/3 1422/11/3 1421/1/3
f 1423/1/4 1421/2/4 1422/12/4 1424/11/4
f 1340/2/5 1424/12/5 1422/11/5 1338/1/5
f 1339/1/6 1423/2/6 1424/12/6 1340/11/6
f 1343/2/1 1344/12/1 1342/11/1 1341/1/1
f 1343/2/2 1341/12/2 1427/11/2 1429/1/2
f 1341/2/3 1342/12/3 1428/11/3 1427/1/3
f 1429/1/4 1427/2/4 1428/12/4 1430/11/4
f 1344/12/5 1430/11/5 1428/1/5 1342/2/5
f 1343/1/6 1429/2/6 1430/12/6 1344/11/6
f 1357/2/1 1358/12/1 1355/11/1 1354/1/1
f 1357/11/2 1354/1/2 1435/2/2 1436/12/2
f 1354/2/3 1355/12/3 1437/11/3 1435/1/3
f 1436/1/4 1435/2/4 1437/12/4 1438/11/4
f 1358/1/5 1438/2/5 1437/12/5 1355/11/5
f 1357/1/6 1436/2/6 1438/12/6 1358/11/6
f 1358/2/1 1359/12/1 1356/11/1 1355/1/1
f 1358/12/2 1355/11/2 1437/1/2 1438/2/2
f 1355/2/3 1356/12/3 1439/11/3 1437/1/3
f 1438/1/4 1437/2/4 1439/12/4 1440/11/4
f 1359/11/5 1440/1/5 1439/2/5 1356/12/5
f 1358/1/6 1438/2/6 1440/12/6 1359/11/6
f 1361/2/1 1362/12/1 1358/11/1 1357/1/1
f 1361/1/2 1357/2/2 1436/12/2 1442/11/2
f 1357/2/3 1358/12/3 1438/11/3 1436/1/3
f 1442/1/4 1436/2/4 1438/12/4 1443/11/4
f 1362/2/5 1443/12/5 1438/11/5 1358/1/5
f 1361/1/6 1442/2/6 1443/12/6 1362/11/6
f 1362/2/1 1363/12/1 1359/11/1 1358/1/1
f 1362/1/2 1358/2/2 1438/12/2 1443/11/2
f 1358/2/3 1359/12/3 1440/11/3 1438/1/3
f 1443/1/4 1438/2/4 1440/12/4 1444/11/4
f 1363/2/5 1444/12/5 1440/11/5 1359/1/5
f 1362/1/6 1443/2/6 1444/12/6 1363/11/6
f 1364/2/1 1365/12/1 1361/11/1 1360/1/1
f 1364/11/2 1360/1/2 1441/2/2 1445/12/2
f 1360/2/3 1361/12/3 1442/11/3 1441/1/3
f 1445/1/4 1441/2/4 1442/12/4 1446/11/4
f 1365/1/5 1446/2/5 1442/12/5 1361/11/5
f 1364/1/6 1445/2/6 1446/12/6 1365/11/6
f 1365/2/1 1366/12/1 1362/11/1 1361/1/1
f 1365/2/2 1361/12/2 1442/11/2 1446/1/2
f 1361/2/3 1362/12/3 1443/11/3 1442/1/3
f 1446/1/4 1442/2/4 1443/12/4 1447/11/4
f 1366/12/5 1447/11/5 1443/1/5 1362/2/5
f 1365/1/6 1446/2/6 1447/12/6 1366/11/6
f 1366/2/1 1367/12/1 1363/11/1 1362/1/1
f 1366/12/2 1362/11/2 1443/1/2 1447/2/2
f 1362/2/3 1363/12/3 1444/11/3 1443/1/3
f 1447/1/4 1443/2/4 1444/12/4 1448/11/4
f 1367/11/5 1448/1/5 1444/2/5 1363/12/5
f 1366/1/6 1447/2/6 1448/12/6 1367/11/6
f 1371/2/1 1372/12/1 1365/11/1 1364/1/1
f 1371/1/2 1364/2/2 1445/12/2 1452/11/2
f 1364/2/3 1365/12/3 1446/11/3 1445/1/3
f 1452/1/4 1445/2/4 1446/12/4 1453/11/4
f 1372/2/5 1453/12/5 1446/11/5 1365/1/5
f 1371/1/6 1452/2/6 1453/12/6 1372/11/6
f 1372/2/1 1373/12/1 1366/11/1 1365/1/1
f 1372/1/2 1365/2/2 1446/12/2 1453/11/2
f 1365/2/3 1366/12/3 1447/11/3 1446/1/3
f 1453/1/4 1446/2/4 1447/12/4 1454/11/4
f 1373/2/5 1454/12/5 1447/11/5 1366/1/5
f 1372/1/6 1453/2/6 1454/12/6 1373/11/6
f 1373/2/1 1374/12/1 1367/11/1 1366/1/1
f 1373/1/2 1366/2/2 1447/12/2 1454/11/2
f 1366/2/3 1367/12/3 1448/11/3 1447/1/3
f 1454/1/4 1447/2/4 1448/12/4 1455/11/4
f 1374/2/5 1455/12/5 1448/11/5 1367/1/5
f 1373/1/6 1454/2/6 1455/12/6 1374/11/6
f 1376/2/1 1377/12/1 1369/11/1 1368/1/1
f 1376/1/2 1368/2/2 1449/12/2 1456/11/2
f 1368/2/3 1369/12/3 1450/11/3 1449/1/3
f 1456/1/4 1449/2/4 1450/12/4 1457/11/4
f 1377/2/5 1457/12/5 1450/11/5 1369/1/5
f 1376/1/6 1456/2/6 1457/12/6 1377/11/6
f 1377/2/1 1378/12/1 1370/11/1 1369/1/1
f 1377/11/2 1369/1/2 1450/2/2 1457/12/2
f 1369/2/3 1370/12/3 1451/11/3 1450/1/3
f 1457/1/4 1450/2/4 1451/12/4 1458/11/4
f 1378/1/5 1458/2/5 1451/12/5 1370/11/5
f 1377/1/6 1457/2/6 1458/12/6 1378/11/6
f 1380/2/1 1381/12/1 1373/11/1 1372/1/1
f 1380/11/2 1372/1/2 1453/2/2 1461/12/2
f 1372/2/3 1373/12/3 1454/11/3 1453/1/3
f 1461/1/4 1453/2/4 1454/12/4 1462/11/4
f 1381/1/5 1462/2/5 1454/12/5 1373/11/5
f 1380/1/6 1461/2/6 1462/12/6 1381/11/6
f 1381/2/1 1382/12/1 1374/11/1 1373/1/1
f 1381/2/2 1373/12/2 1454/11/2 1462/1/2
f 1373/2/3 1374/12/3 1455/11/3 1454/1/3
f 1462/1/4 1454/2/4 1455/12/4 1463/11/4
f 1382/12/5 1463/11/5 1455/1/5 1374/2/5
f 1381/1/6 1462/2/6 1463/12/6 1382/11/6
f 1384/2/1 1385/12/1 1377/11/1 1376/1/1
f 1384/1/2 1376/2/2 1456/12/2 1465/11/2
f 1376/2/3 1377/12/3 1457/11/3 1456/1/3
f 1465/1/4 1456/2/4 1457/12/4 1466/11/4
f 1385/2/5 1466/12/5 1457/11/5 1377/1/5
f 1384/1/6 1465/2/6 1466/12/6 1385/11/6
f 1385/2/1 1386/12/1 1378/11/1 1377/1/1
f 1385/11/2 1377/1/2 1457/2/2 1466/12/2
f 1377/2/3 1378/12/3 1458/11/3 1457/1/3
f 1466/1/4 1457/2/4 1458/12/4 1467/11/4
f 1386/1/5 1467/2/5 1458/12/5 1378/11/5
f 1385/1/6 1466/2/6 1467/12/6 1386/11/6
f 1386/2/1 1387/12/1 1379/11/1 1378/1/1
f 1386/2/2 1378/12/2 1458/11/2 1467/1/2
f 1378/2/3 1379/12/3 1459/11/3 1458/1/3
f 1467/1/4 1458/2/4 1459/12/4 1468/11/4
f 1387/12/5 1468/11/5 1459/1/5 1379/2/5
f 1386/1/6 1467/2/6 1468/12/6 1387/11/6
f 1388/2/1 1389/12/1 1381/11/1 1380/1/1
f 1388/11/2 1380/1/2 1461/2/2 1470/12/2
f 1380/2/3 1381/12/3 1462/11/3 1461/1/3
f 1470/1/4 1461/2/4 1462/12/4 1471/11/4
f 1389/1/5 1471/2/5 1462/12/5 1381/11/5
f 1388/1/6 1470/2/6 1471/12/6 1389/11/6
f 1389/2/1 1390/12/1 1382/11/1 1381/1/1
f 1389/1/2 1381/2/2 1462/12/2 1471/11/2
f 1381/2/3 1382/12/3 1463/11/3 1462/1/3
f 1471/1/4 1462/2/4 1463/12/4 1472/11/4
f 1390/2/5 1472/12/5 1463/11/5 1382/1/5
f 1389/1/6 1471/2/6 1472/12/6 1390/11/6
f 1390/2/1 1391/12/1 1383/11/1 1382/1/1
f 1390/11/2 1382/1/2 1463/2/2 1472/12/2
f 1382/2/3 1383/12/3 1464/11/3 1463/1/3
f 1472/1/4 1463/2/4 1464/12/4 1473/11/4
f 1391/1/5 1473/2/5 1464/12/5 1383/11/5
f 1390/1/6 1472/2/6 1473/12/6 1391/11/6
f 1392/2/1 1393/12/1 1385/11/1 1384/1/1
f 1392/1/2 1384/2/2 1465/12/2 1474/11/2
f 1384/2/3 1385/12/3 1466/11/3 1465/1/3
f 1474/1/4 1465/2/4 1466/12/4 1475/11/4
f 1393/2/5 1475/12/5 1466/11/5 1385/1/5
f 1392/1/6 1474/2/6 1475/12/6 1393/11/6
f 1393/2/1 1394/12/1 1386/11/1 1385/1/1
f 1393/1/2 1385/2/2 1466/12/2 1475/11/2
f 1385/2/3 1386/12/3 1467/11/3 1466/1/3
f 1475/1/4 1466/2/4 1467/12/4 1476/11/4
f 1394/2/5 1476/12/5 1467/11/5 1386/1/5
f 1393/1/6 1475/2/6 1476/12/6 1394/11/6
f 1394/2/1 1395/12/1 1387/11/1 1386/1/1
f 1394/11/2 1386/1/2 1467/2/2 1476/12/2
f 1386/2/3 1387/12/3 1468/11/3 1467/1/3
f 1476/1/4 1467/2/4 1468/12/4 1477/11/4
f 1395/1/5 1477/2/5 1468/12/5 1387/11/5
f 1394/1/6 1476/2/6 1477/12/6 1395/11/6
f 1396/2/1 1397/12/1 1389/11/1 1388/1/1
f 1396/11/2 1388/1/2 1470/2/2 1478/12/2
f 1388/2/3 1389/12/3 1471/11/3 1470/1/3
f 1478/1/4 1470/2/4 1471/12/4 1479/11/4
f 1397/1/5 1479/2/5 1471/12/5 1389/11/5
f 1396/1/6 1478/2/6 1479/12/6 1397/11/6
f 1397/2/1 1398/12/1 1390/11/1 1389/1/1
f 1397/11/2 1389/1/2 1471/2/2 1479/12/2
f 1389/2/3 1390/12/3 1472/11/3 1471/1/3
f 1479/1/4 1471/2/4 1472/12/4 1480/11/4
f 1398/1/5 1480/2/5 1472/12/5 1390/11/5
f 1397/1/6 1479/2/6 1480/12/6 1398/11/6
f 1398/12/2 1390/11/2 1472/1/2 1480/2/2
f 1399/2/1 1400/12/1 1393/11/1 1392/1/1
f 1399/2/2 1392/12/2 1474/11/2 1482/1/2
f 1392/2/3 1393/12/3 1475/11/3 1474/1/3
f 1482/1/4 1474/2/4 1475/12/4 1483/11/4
f 1400/12/5 1483/11/5 1475/1/5 1393/2/5
f 1399/1/6 1482/2/6 1483/12/6 1400/11/6
f 1400/2/1 1401/12/1 1394/11/1 1393/1/1
f 1400/11/2 1393/1/2 1475/2/2 1483/12/2
f 1393/2/3 1394/12/3 1476/11/3 1475/1/3
f 1483/1/4 1475/2/4 1476/12/4 1484/11/4
f 1401/1/5 1484/2/5 1476/12/5 1394/11/5
f 1400/1/6 1483/2/6 1484/12/6 1401/11/6
f 1402/2/1 1403/12/1 1397/11/1 1396/1/1
f 1402/11/2 1396/1/2 1478/2/2 1485/12/2
f 1396/2/3 1397/12/3 1479/11/3 1478/1/3
f 1485/1/4 1478/2/4 1479/12/4 1486/11/4
f 1403/1/5 1486/2/5 1479/12/5 1397/11/5
f 1402/1/6 1485/2/6 1486/12/6 1403/11/6
f 1403/2/1 1404/12/1 1398/11/1 1397/1/1
f 1403/1/2 1397/2/2 1479/12/2 1486/11/2
f 1397/2/3 1398/12/3 1480/11/3 1479/1/3
f 1486/1/4 1479/2/4 1480/12/4 1487/11/4
f 1404/2/5 1487/12/5 1480/11/5 1398/1/5
f 1403/1/6 1486/2/6 1487/12/6 1404/11/6
f 1405/2/1 1406/12/1 1404/11/1 1403/1/1
f 1405/11/2 1403/1/2 1486/2/2 1489/12/2
f 1403/2/3 1404/12/3 1487/11/3 1486/1/3
f 1489/1/4 1486/2/4 1487/12/4 1490/11/4
f 1406/1/5 1490/2/5 1487/12/5 1404/11/5
f 1405/1/6 1489/2/6 1490/12/6 1406/11/6
f 1407/2/1 1408/12/1 1406/11/1 1405/1/1
f 1407/1/2 1405/2/2 1489/12/2 1492/11/2
f 1405/2/3 1406/12/3 1490/11/3 1489/1/3
f 1492/1/4 1489/2/4 1490/12/4 1493/11/4
f 1408/2/5 1493/12/5 1490/11/5 1406/1/5
f 1407/1/6 1492/2/6 1493/12/6 1408/11/6
f 1409/2/1 1410/12/1 1408/11/1 1407/1/1
f 1409/11/2 1407/1/2 1492/2/2 1495/12/2
f 1407/2/3 1408/12/3 1493/11/3 1492/1/3
f 1495/1/4 1492/2/4 1493/12/4 1496/11/4
f 1410/1/5 1496/2/5 1493/12/5 1408/11/5
f 1409/1/6 1495/2/6 1496/12/6 1410/11/6
f 1413/2/2 1411/12/2 1498/11/2 1499/1/2
f 1415/12/2 1413/11/2 1499/1/2 1500/2/2
f 1417/11/2 1416/1/2 1501/2/2 1503/12/2
f 1418/12/2 1417/11/2 1503/1/2 1504/2/2
f 1425/2/1 1426/12/1 1424/11/1 1423/1/1
f 1425/1/2 1423/2/2 1516/12/2 1518/11/2
f 1423/2/3 1424/12/3 1517/11/3 1516/1/3
f 1518/1/4 1516/2/4 1517/12/4 1519/11/4
f 1426/2/5 1519/12/5 1517/11/5 1424/1/5
f 1425/1/6 1518/2/6 1519/12/6 1426/11/6
f 1429/12/2 1427/11/2 1520/1/2 1524/2/2
f 1529/2/1 1531/12/1 1430/11/1 1429/1/1
f 1529/11/2 1429/1/2 1524/2/2 1530/12/2
f 1429/2/3 1430/12/3 1525/11/3 1524/1/3
f 1530/1/4 1524/2/4 1525/12/4 1532/11/4
f 1531/1/5 1532/2/5 1525/12/5 1430/11/5
f 1529/1/6 1530/2/6 1532/12/6 1531/11/6
f 1536/2/1 1538/12/1 1432/11/1 1431/1/1
f 1536/12/2 1431/11/2 1526/1/2 1537/2/2
f 1431/2/3 1432/12/3 1527/11/3 1526/1/3
f 1537/1/4 1526/2/4 1527/12/4 1539/11/4
f 1538/11/5 1539/1/5 1527/2/5 1432/12/5
f 1536/1/6 1537/2/6 1539/12/6 1538/11/6
f 1538/2/1 1540/12/1 1433/11/1 1432/1/1
f 1538/12/2 1432/11/2 1527/1/2 1539/2/2
f 1432/2/3 1433/12/3 1528/11/3 1527/1/3
f 1539/1/4 1527/2/4 1528/12/4 1541/11/4
f 1540/11/5 1541/1/5 1528/2/5 1433/12/5
f 1538/1/6 1539/2/6 1541/12/6 1540/11/6
f 1434/2/1 1435/12/1 1536/11/1 1533/1/1
f 1434/1/2 1533/2/2 1535/12/2 1543/11/2
f 1533/2/3 1536/12/3 1537/11/3 1535/1/3
f 1543/1/4 1535/2/4 1537/12/4 1544/11/4
f 1435/2/5 1544/12/5 1537/11/5 1536/1/5
f 1434/1/6 1543/2/6 1544/12/6 1435/11/6
f 1435/2/1 1437/12/1 1538/11/1 1536/1/1
f 1435/12/2 1536/11/2 1537/1/2 1544/2/2
f 1536/2/3 1538/12/3 1539/11/3 1537/1/3
f 1544/1/4 1537/2/4 1539/12/4 1545/11/4
f 1437/11/5 1545/1/5 1539/2/5 1538/12/5
f 1435/1/6 1544/2/6 1545/12/6 1437/11/6
f 1437/2/1 1439/12/1 1540/11/1 1538/1/1
f 1437/1/2 1538/2/2 1539/12/2 1545/11/2
f 1538/2/3 1540/12/3 1541/11/3 1539/1/3
f 1545/1/4 1539/2/4 1541/12/4 1546/11/4
f 1439/2/5 1546/12/5 1541/11/5 1540/1/5
f 1437/1/6 1545/2/6 1546/12/6 1439/11/6
f 1436/2/1 1438/12/1 1437/11/1 1435/1/1
f 1436/12/2 1435/11/2 1544/1/2 1555/2/2
f 1435/2/3 1437/12/3 1545/11/3 1544/1/3
f 1555/1/4 1544/2/4 1545/12/4 1556/11/4
f 1438/11/5 1556/1/5 1545/2/5 1437/12/5
f 1436/1/6 1555/2/6 1556/12/6 1438/11/6
f 1438/2/1 1440/12/1 1439/11/1 1437/1/1
f 1438/12/2 1437/11/2 1545/1/2 1556/2/2
f 1437/2/3 1439/12/3 1546/11/3 1545/1/3
f 1556/1/4 1545/2/4 1546/12/4 1557/11/4
f 1440/11/5 1557/1/5 1546/2/5 1439/12/5
f 1438/1/6 1556/2/6 1557/12/6 1440/11/6
f 1442/2/1 1443/12/1 1438/11/1 1436/1/1
f 1442/12/2 1436/11/2 1555/1/2 1558/2/2
f 1436/2/3 1438/12/3 1556/11/3 1555/1/3
f 1558/1/4 1555/2/4 1556/12/4 1559/11/4
f 1443/11/5 1559/1/5 1556/2/5 1438/12/5
f 1442/1/6 1558/2/6 1559/12/6 1443/11/6
f 1443/2/1 1444/12/1 1440/11/1 1438/1/1
f 1443/1/2 1438/2/2 1556/12/2 1559/11/2
f 1438/2/3 1440/12/3 1557/11/3 1556/1/3
f 1559/1/4 1556/2/4 1557/12/4 1560/11/4
f 1444/2/5 1560/12/5 1557/11/5 1440/1/5
f 1443/1/6 1559/2/6 1560/12/6 1444/11/6
f 1446/2/1 1447/12/1 1443/11/1 1442/1/1
f 1446/1/2 1442/2/2 1558/12/2 1563/11/2
f 1442/2/3 1443/12/3 1559/11/3 1558/1/3
f 1563/1/4 1558/2/4 1559/12/4 1564/11/4
f 1447/2/5 1564/12/5 1559/11/5 1443/1/5
f 1446/1/6 1563/2/6 1564/12/6 1447/11/6
f 1447/2/1 1448/12/1 1444/11/1 1443/1/1
f 1447/1/2 1443/2/2 1559/12/2 1564/11/2
f 1443/2/3 1444/12/3 1560/11/3 1559/1/3
f 1564/1/4 1559/2/4 1560/12/4 1565/11/4
f 1448/2/5 1565/12/5 1560/11/5 1444/1/5
f 1447/1/6 1564/2/6 1565/12/6 1448/11/6
f 1453/2/1 1454/12/1 1447/11/1 1446/1/1
f 1453/11/2 1446/1/2 1563/2/2 1571/12/2
f 1446/2/3 1447/12/3 1564/11/3 1563/1/3
f 1571/1/4 1563/2/4 1564/12/4 1572/11/4
f 1454/1/5 1572/2/5 1564/12/5 1447/11/5
f 1453/1/6 1571/2/6 1572/12/6 1454/11/6
f 1454/2/1 1455/12/1 1448/11/1 1447/1/1
f 1454/1/2 1447/2/2 1564/12/2 1572/11/2
f 1447/2/3 1448/12/3 1565/11/3 1564/1/3
f 1572/1/4 1564/2/4 1565/12/4 1573/11/4
f 1455/2/5 1573/12/5 1565/11/5 1448/1/5
f 1454/1/6 1572/2/6 1573/12/6 1455/11/6
f 1456/2/1 1457/12/1 1450/11/1 1449/1/1
f 1456/12/2 1449/11/2 1566/1/2 1574/2/2
f 1449/2/3 1450/12/3 1567/11/3 1566/1/3
f 1574/1/4 1566/2/4 1567/12/4 1575/11/4
f 1457/11/5 1575/1/5 1567/2/5 1450/12/5
f 1456/1/6 1574/2/6 1575/12/6 1457/11/6
f 1457/2/1 1458/12/1 1451/11/1 1450/1/1
f 1457/12/2 1450/11/2 1567/1/2 1575/2/2
f 1450/2/3 1451/12/3 1568/11/3 1567/1/3
f 1575/1/4 1567/2/4 1568/12/4 1576/11/4
f 1458/11/5 1576/1/5 1568/2/5 1451/12/5
f 1457/1/6 1575/2/6 1576/12/6 1458/11/6
f 1461/2/1 1462/12/1 1454/11/1 1453/1/1
f 1461/11/2 1453/1/2 1571/2/2 1580/12/2
f 1453/2/3 1454/12/3 1572/11/3 1571/1/3
f 1580/1/4 1571/2/4 1572/12/4 1581/11/4
f 1462/1/5 1581/2/5 1572/12/5 1454/11/5
f 1461/1/6 1580/2/6 1581/12/6 1462/11/6
f 1462/2/1 1463/12/1 1455/11/1 1454/1/1
f 1462/1/2 1454/2/2 1572/12/2 1581/11/2
f 1454/2/3 1455/12/3 1573/11/3 1572/1/3
f 1581/1/4 1572/2/4 1573/12/4 1582/11/4
f 1463/2/5 1582/12/5 1573/11/5 1455/1/5
f 1462/1/6 1581/2/6 1582/12/6 1463/11/6
f 1465/2/1 1466/12/1 1457/11/1 1456/1/1
f 1465/12/2 1456/11/2 1574/1/2 1583/2/2
f 1456/2/3 1457/12/3 1575/11/3 1574/1/3
f 1583/1/4 1574/2/4 1575/12/4 1584/11/4
f 1466/11/5 1584/1/5 1575/2/5 1457/12/5
f 1465/1/6 1583/2/6 1584/12/6 1466/11/6
f 1466/2/1 1467/12/1 1458/11/1 1457/1/1
f 1466/1/2 1457/2/2 1575/12/2 1584/11/2
f 1457/2/3 1458/12/3 1576/11/3 1575/1/3
f 1584/1/4 1575/2/4 1576/12/4 1585/11/4
f 1467/2/5 1585/12/5 1576/11/5 1458/1/5
f 1466/1/6 1584/2/6 1585/12/6 1467/11/6
f 1467/2/1 1468/12/1 1459/11/1 1458/1/1
f 1467/11/2 1458/1/2 1576/2/2 1585/12/2
f 1458/2/3 1459/12/3 1577/11/3 1576/1/3
f 1585/1/4 1576/2/4 1577/12/4 1586/11/4
f 1468/1/5 1586/2/5 1577/12/5 1459/11/5
f 1467/1/6 1585/2/6 1586/12/6 1468/11/6
f 1469/2/1 1470/12/1 1461/11/1 1460/1/1
f 1469/12/2 1460/11/2 1579/1/2 1587/2/2
f 1460/2/3 1461/12/3 1580/11/3 1579/1/3
f 1587/1/4 1579/2/4 1580/12/4 1588/11/4
f 1470/11/5 1588/1/5 1580/2/5 1461/12/5
f 1469/1/6 1587/2/6 1588/12/6 1470/11/6
f 1470/2/1 1471/12/1 1462/11/1 1461/1/1
f 1470/2/2 1461/12/2 1580/11/2 1588/1/2
f 1461/2/3 1462/12/3 1581/11/3 1580/1/3
f 1588/1/4 1580/2/4 1581/12/4 1589/11/4
f 1471/12/5 1589/11/5 1581/1/5 1462/2/5
f 1470/1/6 1588/2/6 1589/12/6 1471/11/6
f 1471/2/1 1472/12/1 1463/11/1 1462/1/1
f 1471/11/2 1462/1/2 1581/2/2 1589/12/2
f 1462/2/3 1463/12/3 1582/11/3 1581/1/3
f 1589/1/4 1581/2/4 1582/12/4 1590/11/4
f 1472/1/5 1590/2/5 1582/12/5 1463/11/5
f 1471/1/6 1589/2/6 1590/12/6 1472/11/6
f 1474/2/1 1475/12/1 1466/11/1 1465/1/1
f 1474/11/2 1465/1/2 1583/2/2 1592/12/2
f 1465/2/3 1466/12/3 1584/11/3 1583/1/3
f 1592/1/4 1583/2/4 1584/12/4 1593/11/4
f 1475/1/5 1593/2/5 1584/12/5 1466/11/5
f 1474/1/6 1592/2/6 1593/12/6 1475/11/6
f 1475/2/1 1476/12/1 1467/11/1 1466/1/1
f 1475/2/2 1466/12/2 1584/11/2 1593/1/2
f 1466/2/3 1467/12/3 1585/11/3 1584/1/3
f 1593/1/4 1584/2/4 1585/12/4 1594/11/4
f 1476/12/5 1594/11/5 1585/1/5 1467/2/5
f 1475/1/6 1593/2/6 1594/12/6 1476/11/6
f 1476/2/1 1477/12/1 1468/11/1 1467/1/1
f 1476/12/2 1467/11/2 1585/1/2 1594/2/2
f 1467/2/3 1468/12/3 1586/11/3 1585/1/3
f 1594/1/4 1585/2/4 1586/12/4 1595/11/4
f 1477/11/5 1595/1/5 1586/2/5 1468/12/5
f 1476/1/6 1594/2/6 1595/12/6 1477/11/6
f 1478/2/1 1479/12/1 1471/11/1 1470/1/1
f 1478/11/2 1470/1/2 1588/2/2 1597/12/2
f 1470/2/3 1471/12/3 1589/11/3 1588/1/3
f 1597/1/4 1588/2/4 1589/12/4 1598/11/4
f 1479/1/5 1598/2/5 1589/12/5 1471/11/5
f 1478/1/6 1597/2/6 1598/12/6 1479/11/6
f 1479/2/1 1480/12/1 1472/11/1 1471/1/1
f 1479/2/2 1471/12/2 1589/11/2 1598/1/2
f 1471/2/3 1472/12/3 1590/11/3 1589/1/3
f 1598/1/4 1589/2/4 1590/12/4 1599/11/4
f 1480/12/5 1599/11/5 1590/1/5 1472/2/5
f 1479/1/6 1598/2/6 1599/12/6 1480/11/6
f 1480/2/1 1481/12/1 1473/11/1 1472/1/1
f 1480/11/2 1472/1/2 1590/2/2 1599/12/2
f 1472/2/3 1473/12/3 1591/11/3 1590/1/3
f 1599/1/4 1590/2/4 1591/12/4 1600/11/4
f 1481/1/5 1600/2/5 1591/12/5 1473/11/5
f 1480/1/6 1599/2/6 1600/12/6 1481/11/6
f 1482/2/1 1483/12/1 1475/11/1 1474/1/1
f 1482/12/2 1474/11/2 1592/1/2 1601/2/2
f 1474/2/3 1475/12/3 1593/11/3 1592/1/3
f 1601/1/4 1592/2/4 1593/12/4 1602/11/4
f 1483/11/5 1602/1/5 1593/2/5 1475/12/5
f 1482/1/6 1601/2/6 1602/12/6 1483/11/6
f 1483/2/1 1484/12/1 1476/11/1 1475/1/1
f 1483/1/2 1475/2/2 1593/12/2 1602/11/2
f 1475/2/3 1476/12/3 1594/11/3 1593/1/3
f 1602/1/4 1593/2/4 1594/12/4 1603/11/4
f 1484/2/5 1603/12/5 1594/11/5 1476/1/5
f 1483/1/6 1602/2/6 1603/12/6 1484/11/6
f 1485/2/1 1486/12/1 1479/11/1 1478/1/1
f 1485/2/2 1478/12/2 1597/11/2 1605/1/2
f 1478/2/3 1479/12/3 1598/11/3 1597/1/3
f 1605/1/4 1597/2/4 1598/12/4 1606/11/4
f 1486/12/5 1606/11/5 1598/1/5 1479/2/5
f 1485/1/6 1605/2/6 1606/12/6 1486/11/6
f 1486/2/1 1487/12/1 1480/11/1 1479/1/1
f 1486/2/2 1479/12/2 1598/11/2 1606/1/2
f 1479/2/3 1480/12/3 1599/11/3 1598/1/3
f 1606/1/4 1598/2/4 1599/12/4 1607/11/4
f 1487/12/5 1607/11/5 1599/1/5 1480/2/5
f 1486/1/6 1606/2/6 1607/12/6 1487/11/6
f 1488/2/1 1489/12/1 1486/11/1 1485/1/1
f 1488/12/2 1485/11/2 1605/1/2 1608/2/2
f 1485/2/3 1486/12/3 1606/11/3 1605/1/3
f 1608/1/4 1605/2/4 1606/12/4 1609/11/4
f 1489/11/5 1609/1/5 1606/2/5 1486/12/5
f 1488/1/6 1608/2/6 1609/12/6 1489/11/6
f 1489/2/1 1490/12/1 1487/11/1 1486/1/1
f 1489/1/2 1486/2/2 1606/12/2 1609/11/2
f 1486/2/3 1487/12/3 1607/11/3 1606/1/3
f 1609/1/4 1606/2/4 1607/12/4 1610/11/4
f 1490/2/5 1610/12/5 1607/11/5 1487/1/5
f 1489/1/6 1609/2/6 1610/12/6 1490/11/6
f 1492/2/1 1493/12/1 1490/11/1 1489/1/1
f 1492/2/2 1489/12/2 1609/11/2 1613/1/2
f 1489/2/3 1490/12/3 1610/11/3 1609/1/3
f 1613/1/4 1609/2/4 1610/12/4 1614/11/4
f 1493/12/5 1614/11/5 1610/1/5 1490/2/5
f 1492/1/6 1613/2/6 1614/12/6 1493/11/6
f 1493/2/1 1494/12/1 1491/11/1 1490/1/1
f 1493/1/2 1490/2/2 1610/12/2 1614/11/2
f 1490/2/3 1491/12/3 1611/11/3 1610/1/3
f 1614/1/4 1610/2/4 1611/12/4 1615/11/4
f 1494/2/5 1615/12/5 1611/11/5 1491/1/5
f 1493/1/6 1614/2/6 1615/12/6 1494/11/6
f 1495/2/1 1496/12/1 1493/11/1 1492/1/1
f 1495/11/2 1492/1/2 1613/2/2 1616/12/2
f 1492/2/3 1493/12/3 1614/11/3 1613/1/3
f 1616/1/4 1613/2/4 1614/12/4 1617/11/4
f 1496/1/5 1617/2/5 1614/12/5 1493/11/5
f 1495/1/6 1616/2/6 1617/12/6 1496/11/6
f 1497/2/1 1498/12/1 1496/11/1 1495/1/1
f 1497/2/2 1495/12/2 1616/11/2 1618/1/2
f 1495/2/3 1496/12/3 1617/11/3 1616/1/3
f 1618/1/4 1616/2/4 1617/12/4 1619/11/4
f 1498/12/5 1619/11/5 1617/1/5 1496/2/5
f 1497/1/6 1618/2/6 1619/12/6 1498/11/6
f 1499/12/2 1498/11/2 1619/1/2 1621/2/2
f 1500/12/2 1499/11/2 1621/1/2 1622/2/2
f 1502/2/2 1500/12/2 1622/11/2 1623/1/2
f 1504/1/2 1503/2/2 1624/12/2 1626/11/2
f 1508/2/1 1509/12/1 1506/11/1 1505/1/1
f 1508/2/2 1505/12/2 1627/11/2 1630/1/2
f 1505/2/3 1506/12/3 1628/11/3 1627/1/3
f 1630/1/4 1627/2/4 1628/12/4 1631/11/4
f 1509/12/5 1631/11/5 1628/1/5 1506/2/5
f 1508/1/6 1630/2/6 1631/12/6 1509/11/6
f 1509/2/1 1510/12/1 1507/11/1 1506/1/1
f 1509/12/2 1506/11/2 1628/1/2 1631/2/2
f 1506/2/3 1507/12/3 1629/11/3 1628/1/3
f 1631/1/4 1628/2/4 1629/12/4 1632/11/4
f 1510/11/5 1632/1/5 1629/2/5 1507/12/5
f 1509/1/6 1631/2/6 1632/12/6 1510/11/6
f 1511/2/1 1512/12/1 1509/11/1 1508/1/1
f 1511/2/2 1508/12/2 1630/11/2 1633/1/2
f 1508/2/3 1509/12/3 1631/11/3 1630/1/3
f 1633/1/4 1630/2/4 1631/12/4 1634/11/4
f 1512/12/5 1634/11/5 1631/1/5 1509/2/5
f 1511/1/6 1633/2/6 1634/12/6 1512/11/6
f 1512/2/1 1513/12/1 1510/11/1 1509/1/1
f 1512/1/2 1509/2/2 1631/12/2 1634/11/2
f 1509/2/3 1510/12/3 1632/11/3 1631/1/3
f 1634/1/4 1631/2/4 1632/12/4 1635/11/4
f 1513/2/5 1635/12/5 1632/11/5 1510/1/5
f 1512/1/6 1634/2/6 1635/12/6 1513/11/6
f 1516/2/1 1517/12/1 1515/11/1 1514/1/1
f 1516/12/2 1514/11/2 1643/1/2 1646/2/2
f 1514/2/3 1515/12/3 1644/11/3 1643/1/3
f 1646/1/4 1643/2/4 1644/12/4 1647/11/4
f 1517/11/5 1647/1/5 1644/2/5 1515/12/5
f 1516/1/6 1646/2/6 1647/12/6 1517/11/6
f 1518/2/1 1519/12/1 1517/11/1 1516/1/1
f 1518/1/2 1516/2/2 1646/12/2 1648/11/2
f 1516/2/3 1517/12/3 1647/11/3 1646/1/3
f 1648/1/4 1646/2/4 1647/12/4 1649/11/4
f 1519/2/5 1649/12/5 1647/11/5 1517/1/5
f 1518/1/6 1648/2/6 1649/12/6 1519/11/6
f 1522/2/1 1523/12/1 1519/11/1 1518/1/1
f 1522/1/2 1518/2/2 1648/12/2 1652/11/2
f 1518/2/3 1519/12/3 1649/11/3 1648/1/3
f 1652/1/4 1648/2/4 1649/12/4 1653/11/4
f 1523/2/5 1653/12/5 1649/11/5 1519/1/5
f 1522/1/6 1652/2/6 1653/12/6 1523/11/6
f 1523/2/1 1524/12/1 1520/11/1 1519/1/1
f 1523/11/2 1519/1/2 1649/2/2 1653/12/2
f 1519/2/3 1520/12/3 1650/11/3 1649/1/3
f 1653/1/4 1649/2/4 1650/12/4 1654/11/4
f 1524/1/5 1654/2/5 1650/12/5 1520/11/5
f 1523/1/6 1653/2/6 1654/12/6 1524/11/6
f 1524/2/1 1525/12/1 1521/11/1 1520/1/1
f 1524/2/2 1520/12/2 1650/11/2 1654/1/2
f 1520/2/3 1521/12/3 1651/11/3 1650/1/3
f 1654/1/4 1650/2/4 1651/12/4 1655/11/4
f 1525/12/5 1655/11/5 1651/1/5 1521/2/5
f 1524/1/6 1654/2/6 1655/12/6 1525/11/6
f 1530/2/1 1532/12/1 1525/11/1 1524/1/1
f 1530/12/2 1524/11/2 1654/1/2 1660/2/2
f 1524/2/3 1525/12/3 1655/11/3 1654/1/3
f 1660/1/4 1654/2/4 1655/12/4 1661/11/4
f 1532/11/5 1661/1/5 1655/2/5 1525/12/5
f 1530/1/6 1660/2/6 1661/12/6 1532/11/6
f 1532/2/1 1535/12/1 1534/11/1 1525/1/1
f 1532/12/2 1525/11/2 1655/1/2 1661/2/2
f 1525/2/3 1534/12/3 1656/11/3 1655/1/3
f 1661/1/4 1655/2/4 1656/12/4 1662/11/4
f 1535/11/5 1662/1/5 1656/2/5 1534/12/5
f 1532/1/6 1661/2/6 1662/12/6 1535/11/6
f 1535/2/1 1537/12/1 1526/11/1 1534/1/1
f 1535/2/2 1534/12/2 1656/11/2 1662/1/2
f 1534/2/3 1526/12/3 1657/11/3 1656/1/3
f 1662/1/4 1656/2/4 1657/12/4 1663/11/4
f 1537/12/5 1663/11/5 1657/1/5 1526/2/5
f 1535/1/6 1662/2/6 1663/12/6 1537/11/6
f 1537/2/1 1539/12/1 1527/11/1 1526/1/1
f 1537/2/2 1526/12/2 1657/11/2 1663/1/2
f 1526/2/3 1527/12/3 1658/11/3 1657/1/3
f 1663/1/4 1657/2/4 1658/12/4 1664/11/4
f 1539/12/5 1664/11/5 1658/1/5 1527/2/5
f 1537/1/6 1663/2/6 1664/12/6 1539/11/6
f 1542/2/1 1543/12/1 1535/11/1 1532/1/1
f 1542/12/2 1532/11/2 1661/1/2 1666/2/2
f 1532/2/3 1535/12/3 1662/11/3 1661/1/3
f 1666/1/4 1661/2/4 1662/12/4 1667/11/4
f 1543/11/5 1667/1/5 1662/2/5 1535/12/5
f 1542/1/6 1666/2/6 1667/12/6 1543/11/6
f 1543/2/1 1544/12/1 1537/11/1 1535/1/1
f 1543/12/2 1535/11/2 1662/1/2 1667/2/2
f 1535/2/3 1537/12/3 1663/11/3 1662/1/3
f 1667/1/4 1662/2/4 1663/12/4 1668/11/4
f 1544/11/5 1668/1/5 1663/2/5 1537/12/5
f 1543/1/6 1667/2/6 1668/12/6 1544/11/6
f 1544/2/1 1545/12/1 1539/11/1 1537/1/1
f 1544/11/2 1537/1/2 1663/2/2 1668/12/2
f 1537/2/3 1539/12/3 1664/11/3 1663/1/3
f 1668/1/4 1663/2/4 1664/12/4 1669/11/4
f 1545/1/5 1669/2/5 1664/12/5 1539/11/5
f 1544/1/6 1668/2/6 1669/12/6 1545/11/6
f 1545/2/1 1546/12/1 1541/11/1 1539/1/1
f 1545/2/2 1539/12/2 1664/11/2 1669/1/2
f 1539/2/3 1541/12/3 1665/11/3 1664/1/3
f 1669/1/4 1664/2/4 1665/12/4 1670/11/4
f 1546/12/5 1670/11/5 1665/1/5 1541/2/5
f 1545/1/6 1669/2/6 1670/12/6 1546/11/6
f 1554/2/1 1555/12/1 1544/11/1 1543/1/1
f 1554/1/2 1543/2/2 1667/12/2 1676/11/2
f 1543/2/3 1544/12/3 1668/11/3 1667/1/3
f 1676/1/4 1667/2/4 1668/12/4 1677/11/4
f 1555/2/5 1677/12/5 1668/11/5 1544/1/5
f 1554/1/6 1676/2/6 1677/12/6 1555/11/6
f 1555/2/1 1556/12/1 1545/11/1 1544/1/1
f 1555/2/2 1544/12/2 1668/11/2 1677/1/2
f 1544/2/3 1545/12/3 1669/11/3 1668/1/3
f 1677/1/4 1668/2/4 1669/12/4 1678/11/4
f 1556/12/5 1678/11/5 1669/1/5 1545/2/5
f 1555/1/6 1677/2/6 1678/12/6 1556/11/6
f 1556/2/1 1557/12/1 1546/11/1 1545/1/1
f 1556/12/2 1545/11/2 1669/1/2 1678/2/2
f 1545/2/3 1546/12/3 1670/11/3 1669/1/3
f 1678/1/4 1669/2/4 1670/12/4 1679/11/4
f 1557/11/5 1679/1/5 1670/2/5 1546/12/5
f 1556/1/6 1678/2/6 1679/12/6 1557/11/6
f 1680/2/1 1681/12/1 1548/11/1 1547/1/1
f 1680/1/2 1547/2/2 1683/12/2 1682/11/2
f 1547/2/3 1548/12/3 1671/11/3 1683/1/3
f 1682/1/4 1683/2/4 1671/12/4 1684/11/4
f 1681/2/5 1684/12/5 1671/11/5 1548/1/5
f 1680/1/6 1682/2/6 1684/12/6 1681/11/6
f 1681/2/1 1685/12/1 1549/11/1 1548/1/1
f 1681/2/2 1548/12/2 1671/11/2 1684/1/2
f 1548/2/3 1549/12/3 1672/11/3 1671/1/3
f 1684/1/4 1671/2/4 1672/12/4 1686/11/4
f 1685/12/5 1686/11/5 1672/1/5 1549/2/5
f 1681/1/6 1684/2/6 1686/12/6 1685/11/6
f 1685/2/1 1687/12/1 1550/11/1 1549/1/1
f 1685/12/2 1549/11/2 1672/1/2 1686/2/2
f 1549/2/3 1550/12/3 1673/11/3 1672/1/3
f 1686/1/4 1672/2/4 1673/12/4 1688/11/4
f 1687/11/5 1688/1/5 1673/2/5 1550/12/5
f 1685/1/6 1686/2/6 1688/12/6 1687/11/6
f 1687/2/1 1689/12/1 1551/11/1 1550/1/1
f 1687/2/2 1550/12/2 1673/11/2 1688/1/2
f 1550/2/3 1551/12/3 1690/11/3 1673/1/3
f 1688/1/4 1673/2/4 1690/12/4 1691/11/4
f 1689/12/5 1691/11/5 1690/1/5 1551/2/5
f 1687/1/6 1688/2/6 1691/12/6 1689/11/6
f 1689/2/1 1692/12/1 1552/11/1 1551/1/1
f 1689/1/2 1551/2/2 1690/12/2 1691/11/2
f 1551/2/3 1552/12/3 1693/11/3 1690/1/3
f 1691/1/4 1690/2/4 1693/12/4 1694/11/4
f 1692/2/5 1694/12/5 1693/11/5 1552/1/5
f 1689/1/6 1691/2/6 1694/12/6 1692/11/6
f 1692/2/1 1695/12/1 1553/11/1 1552/1/1
f 1692/11/2 1552/1/2 1693/2/2 1694/12/2
f 1552/2/3 1553/12/3 1674/11/3 1693/1/3
f 1694/1/4 1693/2/4 1674/12/4 1696/11/4
f 1695/1/5 1696/2/5 1674/12/5 1553/11/5
f 1692/1/6 1694/2/6 1696/12/6 1695/11/6
f 1563/2/1 1564/12/1 1559/11/1 1558/1/1
f 1563/1/2 1558/2/2 1700/12/2 1701/11/2
f 1558/2/3 1559/12/3 1702/11/3 1700/1/3
f 1701/1/4 1700/2/4 1702/12/4 1703/11/4
f 1564/2/5 1703/12/5 1702/11/5 1559/1/5
f 1563/1/6 1701/2/6 1703/12/6 1564/11/6
f 1564/2/1 1565/12/1 1560/11/1 1559/1/1
f 1564/1/2 1559/2/2 1702/12/2 1703/11/2
f 1559/2/3 1560/12/3 1704/11/3 1702/1/3
f 1703/1/4 1702/2/4 1704/12/4 1705/11/4
f 1565/2/5 1705/12/5 1704/11/5 1560/1/5
f 1564/1/6 1703/2/6 1705/12/6 1565/11/6
f 1569/2/1 1570/12/1 1562/11/1 1561/1/1
f 1569/2/2 1561/12/2 1697/11/2 1706/1/2
f 1561/2/3 1562/12/3 1699/11/3 1697/1/3
f 1706/1/4 1697/2/4 1699/12/4 1707/11/4
f 1570/12/5 1707/11/5 1699/1/5 1562/2/5
f 1569/1/6 1706/2/6 1707/12/6 1570/11/6
f 1570/2/1 1571/12/1 1563/11/1 1562/1/1
f 1570/11/2 1562/1/2 1699/2/2 1707/12/2
f 1562/2/3 1563/12/3 1701/11/3 1699/1/3
f 1707/1/4 1699/2/4 1701/12/4 1708/11/4
f 1571/1/5 1708/2/5 1701/12/5 1563/11/5
f 1570/1/6 1707/2/6 1708/12/6 1571/11/6
f 1571/2/1 1572/12/1 1564/11/1 1563/1/1
f 1571/12/2 1563/11/2 1701/1/2 1708/2/2
f 1563/2/3 1564/12/3 1703/11/3 1701/1/3
f 1708/1/4 1701/2/4 1703/12/4 1709/11/4
f 1572/11/5 1709/1/5 1703/2/5 1564/12/5
f 1571/1/6 1708/2/6 1709/12/6 1572/11/6
f 1572/2/1 1573/12/1 1565/11/1 1564/1/1
f 1572/11/2 1564/1/2 1703/2/2 1709/12/2
f 1564/2/3 1565/12/3 1705/11/3 1703/1/3
f 1709/1/4 1703/2/4 1705/12/4 1710/11/4
f 1573/1/5 1710/2/5 1705/12/5 1565/11/5
f 1572/1/6 1709/2/6 1710/12/6 1573/11/6
f 1578/2/1 1579/12/1 1570/11/1 1569/1/1
f 1578/11/2 1569/1/2 1706/2/2 1715/12/2
f 1569/2/3 1570/12/3 1707/11/3 1706/1/3
f 1715/1/4 1706/2/4 1707/12/4 1716/11/4
f 1579/1/5 1716/2/5 1707/12/5 1570/11/5
f 1578/1/6 1715/2/6 1716/12/6 1579/11/6
f 1579/2/1 1580/12/1 1571/11/1 1570/1/1
f 1579/1/2 1570/2/2 1707/12/2 1716/11/2
f 1570/2/3 1571/12/3 1708/11/3 1707/1/3
f 1716/1/4 1707/2/4 1708/12/4 1717/11/4
f 1580/2/5 1717/12/5 1708/11/5 1571/1/5
f 1579/1/6 1716/2/6 1717/12/6 1580/11/6
f 1580/2/1 1581/12/1 1572/11/1 1571/1/1
f 1580/12/2 1571/11/2 1708/1/2 1717/2/2
f 1571/2/3 1572/12/3 1709/11/3 1708/1/3
f 1717/1/4 1708/2/4 1709/12/4 1718/11/4
f 1581/11/5 1718/1/5 1709/2/5 1572/12/5
f 1580/1/6 1717/2/6 1718/12/6 1581/11/6
f 1581/2/1 1582/12/1 1573/11/1 1572/1/1
f 1581/11/2 1572/1/2 1709/2/2 1718/12/2
f 1572/2/3 1573/12/3 1710/11/3 1709/1/3
f 1718/1/4 1709/2/4 1710/12/4 1719/11/4
f 1582/1/5 1719/2/5 1710/12/5 1573/11/5
f 1581/1/6 1718/2/6 1719/12/6 1582/11/6
f 1583/2/1 1584/12/1 1575/11/1 1574/1/1
f 1583/11/2 1574/1/2 1711/2/2 1720/12/2
f 1574/2/3 1575/12/3 1712/11/3 1711/1/3
f 1720/1/4 1711/2/4 1712/12/4 1721/11/4
f 1584/1/5 1721/2/5 1712/12/5 1575/11/5
f 1583/1/6 1720/2/6 1721/12/6 1584/11/6
f 1584/2/1 1585/12/1 1576/11/1 1575/1/1
f 1584/11/2 1575/1/2 1712/2/2 1721/12/2
f 1575/2/3 1576/12/3 1713/11/3 1712/1/3
f 1721/1/4 1712/2/4 1713/12/4 1722/11/4
f 1585/1/5 1722/2/5 1713/12/5 1576/11/5
f 1584/1/6 1721/2/6 1722/12/6 1585/11/6
f 1585/2/1 1586/12/1 1577/11/1 1576/1/1
f 1585/1/2 1576/2/2 1713/12/2 1722/11/2
f 1576/2/3 1577/12/3 1714/11/3 1713/1/3
f 1722/1/4 1713/2/4 1714/12/4 1723/11/4
f 1586/2/5 1723/12/5 1714/11/5 1577/1/5
f 1585/1/6 1722/2/6 1723/12/6 1586/11/6
f 1587/2/1 1588/12/1 1580/11/1 1579/1/1
f 1587/2/2 1579/12/2 1716/11/2 1724/1/2
f 1579/2/3 1580/12/3 1717/11/3 1716/1/3
f 1724/1/4 1716/2/4 1717/12/4 1725/11/4
f 1588/12/5 1725/11/5 1717/1/5 1580/2/5
f 1587/1/6 1724/2/6 1725/12/6 1588/11/6
f 1588/2/1 1589/12/1 1581/11/1 1580/1/1
f 1588/1/2 1580/2/2 1717/12/2 1725/11/2
f 1580/2/3 1581/12/3 1718/11/3 1717/1/3
f 1725/1/4 1717/2/4 1718/12/4 1726/11/4
f 1589/2/5 1726/12/5 1718/11/5 1581/1/5
f 1588/1/6 1725/2/6 1726/12/6 1589/11/6
f 1589/2/1 1590/12/1 1582/11/1 1581/1/1
f 1589/11/2 1581/1/2 1718/2/2 1726/12/2
f 1581/2/3 1582/12/3 1719/11/3 1718/1/3
f 1726/1/4 1718/2/4 1719/12/4 1727/11/4
f 1590/1/5 1727/2/5 1719/12/5 1582/11/5
f 1589/1/6 1726/2/6 1727/12/6 1590/11/6
f 1592/2/1 1593/12/1 1584/11/1 1583/1/1
f 1592/11/2 1583/1/2 1720/2/2 1729/12/2
f 1583/2/3 1584/12/3 1721/11/3 1720/1/3
f 1729/1/4 1720/2/4 1721/12/4 1730/11/4
f 1593/1/5 1730/2/5 1721/12/5 1584/11/5
f 1592/1/6 1729/2/6 1730/12/6 1593/11/6
f 1593/2/1 1594/12/1 1585/11/1 1584/1/1
f 1593/1/2 1584/2/2 1721/12/2 1730/11/2
f 1584/2/3 1585/12/3 1722/11/3 1721/1/3
f 1730/1/4 1721/2/4 1722/12/4 1731/11/4
f 1594/2/5 1731/12/5 1722/11/5 1585/1/5
f 1593/1/6 1730/2/6 1731/12/6 1594/11/6
f 1594/2/1 1595/12/1 1586/11/1 1585/1/1
f 1594/11/2 1585/1/2 1722/2/2 1731/12/2
f 1585/2/3 1586/12/3 1723/11/3 1722/1/3
f 1731/1/4 1722/2/4 1723/12/4 1732/11/4
f 1595/1/5 1732/2/5 1723/12/5 1586/11/5
f 1594/1/6 1731/2/6 1732/12/6 1595/11/6
f 1596/2/1 1597/12/1 1588/11/1 1587/1/1
f 1596/12/2 1587/11/2 1724/1/2 1733/2/2
f 1587/2/3 1588/12/3 1725/11/3 1724/1/3
f 1733/1/4 1724/2/4 1725/12/4 1734/11/4
f 1597/11/5 1734/1/5 1725/2/5 1588/12/5
f 1596/1/6 1733/2/6 1734/12/6 1597/11/6
f 1597/2/1 1598/12/1 1589/11/1 1588/1/1
f 1597/11/2 1588/1/2 1725/2/2 1734/12/2
f 1588/2/3 1589/12/3 1726/11/3 1725/1/3
f 1734/1/4 1725/2/4 1726/12/4 1735/11/4
f 1598/1/5 1735/2/5 1726/12/5 1589/11/5
f 1597/1/6 1734/2/6 1735/12/6 1598/11/6
f 1598/2/1 1599/12/1 1590/11/1 1589/1/1
f 1598/11/2 1589/1/2 1726/2/2 1735/12/2
f 1589/2/3 1590/12/3 1727/11/3 1726/1/3
f 1735/1/4 1726/2/4 1727/12/4 1736/11/4
f 1599/1/5 1736/2/5 1727/12/5 1590/11/5
f 1598/1/6 1735/2/6 1736/12/6 1599/11/6
f 1599/2/1 1600/12/1 1591/11/1 1590/1/1
f 1599/1/2 1590/2/2 1727/12/2 1736/11/2
f 1590/2/3 1591/12/3 1728/11/3 1727/1/3
f 1736/1/4 1727/2/4 1728/12/4 1737/11/4
f 1600/2/5 1737/12/5 1728/11/5 1591/1/5
f 1599/1/6 1736/2/6 1737/12/6 1600/11/6
f 1601/2/1 1602/12/1 1593/11/1 1592/1/1
f 1601/1/2 1592/2/2 1729/12/2 1738/11/2
f 1592/2/3 1593/12/3 1730/11/3 1729/1/3
f 1738/1/4 1729/2/4 1730/12/4 1739/11/4
f 1602/2/5 1739/12/5 1730/11/5 1593/1/5
f 1601/1/6 1738/2/6 1739/12/6 1602/11/6
f 1602/2/1 1603/12/1 1594/11/1 1593/1/1
f 1602/1/2 1593/2/2 1730/12/2 1739/11/2
f 1593/2/3 1594/12/3 1731/11/3 1730/1/3
f 1739/1/4 1730/2/4 1731/12/4 1740/11/4
f 1603/2/5 1740/12/5 1731/11/5 1594/1/5
f 1602/1/6 1739/2/6 1740/12/6 1603/11/6
f 1603/2/1 1604/12/1 1595/11/1 1594/1/1
f 1603/2/2 1594/12/2 1731/11/2 1740/1/2
f 1594/2/3 1595/12/3 1732/11/3 1731/1/3
f 1740/1/4 1731/2/4 1732/12/4 1741/11/4
f 1604/12/5 1741/11/5 1732/1/5 1595/2/5
f 1603/1/6 1740/2/6 1741/12/6 1604/11/6
f 1605/2/1 1606/12/1 1598/11/1 1597/1/1
f 1605/2/2 1597/12/2 1734/11/2 1743/1/2
f 1597/2/3 1598/12/3 1735/11/3 1734/1/3
f 1743/1/4 1734/2/4 1735/12/4 1744/11/4
f 1606/12/5 1744/11/5 1735/1/5 1598/2/5
f 1605/1/6 1743/2/6 1744/12/6 1606/11/6
f 1606/2/1 1607/12/1 1599/11/1 1598/1/1
f 1606/11/2 1598/1/2 1735/2/2 1744/12/2
f 1598/2/3 1599/12/3 1736/11/3 1735/1/3
f 1744/1/4 1735/2/4 1736/12/4 1745/11/4
f 1607/1/5 1745/2/5 1736/12/5 1599/11/5
f 1606/1/6 1744/2/6 1745/12/6 1607/11/6
f 1608/2/1 1609/12/1 1606/11/1 1605/1/1
f 1608/11/2 1605/1/2 1743/2/2 1749/12/2
f 1605/2/3 1606/12/3 1744/11/3 1743/1/3
f 1749/1/4 1743/2/4 1744/12/4 1750/11/4
f 1609/1/5 1750/2/5 1744/12/5 1606/11/5
f 1608/1/6 1749/2/6 1750/12/6 1609/11/6
f 1609/2/1 1610/12/1 1607/11/1 1606/1/1
f 1609/2/2 1606/12/2 1744/11/2 1750/1/2
f 1606/2/3 1607/12/3 1745/11/3 1744/1/3
f 1750/1/4 1744/2/4 1745/12/4 1751/11/4
f 1610/12/5 1751/11/5 1745/1/5 1607/2/5
f 1609/1/6 1750/2/6 1751/12/6 1610/11/6
f 1612/2/1 1613/12/1 1609/11/1 1608/1/1
f 1612/11/2 1608/1/2 1749/2/2 1752/12/2
f 1608/2/3 1609/12/3 1750/11/3 1749/1/3
f 1752/1/4 1749/2/4 1750/12/4 1753/11/4
f 1613/1/5 1753/2/5 1750/12/5 1609/11/5
f 1612/1/6 1752/2/6 1753/12/6 1613/11/6
f 1613/2/1 1614/12/1 1610/11/1 1609/1/1
f 1613/2/2 1609/12/2 1750/11/2 1753/1/2
f 1609/2/3 1610/12/3 1751/11/3 1750/1/3
f 1753/1/4 1750/2/4 1751/12/4 1754/11/4
f 1614/12/5 1754/11/5 1751/1/5 1610/2/5
f 1613/1/6 1753/2/6 1754/12/6 1614/11/6
f 1616/2/1 1617/12/1 1614/11/1 1613/1/1
f 1616/11/2 1613/1/2 1753/2/2 1756/12/2
f 1613/2/3 1614/12/3 1754/11/3 1753/1/3
f 1756/1/4 1753/2/4 1754/12/4 1757/11/4
f 1617/1/5 1757/2/5 1754/12/5 1614/11/5
f 1616/1/6 1756/2/6 1757/12/6 1617/11/6
f 1618/2/1 1619/12/1 1617/11/1 1616/1/1
f 1618/2/2 1616/12/2 1756/11/2 1758/1/2
f 1616/2/3 1617/12/3 1757/11/3 1756/1/3
f 1758/1/4 1756/2/4 1757/12/4 1759/11/4
f 1619/12/5 1759/11/5 1757/1/5 1617/2/5
f 1618/1/6 1758/2/6 1759/12/6 1619/11/6
f 1620/2/1 1621/12/1 1619/11/1 1618/1/1
f 1620/1/2 1618/2/2 1758/12/2 1760/11/2
f 1618/2/3 1619/12/3 1759/11/3 1758/1/3
f 1760/1/4 1758/2/4 1759/12/4 1761/11/4
f 1621/2/5 1761/12/5 1759/11/5 1619/1/5
f 1620/1/6 1760/2/6 1761/12/6 1621/11/6
f 1621/11/2 1619/1/2 1759/2/2 1761/12/2
f 1622/11/2 1621/1/2 1761/2/2 1762/12/2
f 1623/2/2 1622/12/2 1762/11/2 1763/1/2
f 1625/12/2 1623/11/2 1763/1/2 1764/2/2
f 1634/2/1 1635/12/1 1632/11/1 1631/1/1
f 1634/12/2 1631/11/2 1765/1/2 1767/2/2
f 1631/2/3 1632/12/3 1766/11/3 1765/1/3
f 1767/1/4 1765/2/4 1766/12/4 1768/11/4
f 1635/11/5 1768/1/5 1766/2/5 1632/12/5
f 1634/1/6 1767/2/6 1768/12/6 1635/11/6
f 1638/2/1 1639/12/1 1637/11/1 1636/1/1
f 1638/12/2 1636/11/2 1769/1/2 1771/2/2
f 1636/2/3 1637/12/3 1770/11/3 1769/1/3
f 1771/1/4 1769/2/4 1770/12/4 1772/11/4
f 1639/11/5 1772/1/5 1770/2/5 1637/12/5
f 1638/1/6 1771/2/6 1772/12/6 1639/11/6
f 1642/2/1 1643/12/1 1641/11/1 1640/1/1
f 1642/12/2 1640/11/2 1775/1/2 1777/2/2
f 1640/2/3 1641/12/3 1776/11/3 1775/1/3
f 1777/1/4 1775/2/4 1776/12/4 1778/11/4
f 1643/11/5 1778/1/5 1776/2/5 1641/12/5
f 1642/1/6 1777/2/6 1778/12/6 1643/11/6
f 1645/2/1 1646/12/1 1643/11/1 1642/1/1
f 1645/12/2 1642/11/2 1777/1/2 1779/2/2
f 1642/2/3 1643/12/3 1778/11/3 1777/1/3
f 1779/1/4 1777/2/4 1778/12/4 1780/11/4
f 1646/11/5 1780/1/5 1778/2/5 1643/12/5
f 1645/1/6 1779/2/6 1780/12/6 1646/11/6
f 1648/2/1 1649/12/1 1647/11/1 1646/1/1
f 1648/2/2 1646/12/2 1780/11/2 1783/1/2
f 1646/2/3 1647/12/3 1781/11/3 1780/1/3
f 1783/1/4 1780/2/4 1781/12/4 1784/11/4
f 1649/12/5 1784/11/5 1781/1/5 1647/2/5
f 1648/1/6 1783/2/6 1784/12/6 1649/11/6
f 1652/2/1 1653/12/1 1649/11/1 1648/1/1
f 1652/12/2 1648/11/2 1783/1/2 1787/2/2
f 1648/2/3 1649/12/3 1784/11/3 1783/1/3
f 1787/1/4 1783/2/4 1784/12/4 1788/11/4
f 1653/11/5 1788/1/5 1784/2/5 1649/12/5
f 1652/1/6 1787/2/6 1788/12/6 1653/11/6
f 1653/2/1 1654/12/1 1650/11/1 1649/1/1
f 1653/1/2 1649/2/2 1784/12/2 1788/11/2
f 1649/2/3 1650/12/3 1785/11/3 1784/1/3
f 1788/1/4 1784/2/4 1785/12/4 1789/11/4
f 1654/2/5 1789/12/5 1785/11/5 1650/1/5
f 1653/1/6 1788/2/6 1789/12/6 1654/11/6
f 1654/2/1 1655/12/1 1651/11/1 1650/1/1
f 1654/11/2 1650/1/2 1785/2/2 1789/12/2
f 1650/2/3 1651/12/3 1786/11/3 1785/1/3
f 1789/1/4 1785/2/4 1786/12/4 1790/11/4
f 1655/1/5 1790/2/5 1786/12/5 1651/11/5
f 1654/1/6 1789/2/6 1790/12/6 1655/11/6
f 1659/2/1 1660/12/1 1654/11/1 1653/1/1
f 1659/12/2 1653/11/2 1788/1/2 1795/2/2
f 1653/2/3 1654/12/3 1789/11/3 1788/1/3
f 1795/1/4 1788/2/4 1789/12/4 1796/11/4
f 1660/11/5 1796/1/5 1789/2/5 1654/12/5
f 1659/1/6 1795/2/6 1796/12/6 1660/11/6
f 1660/2/1 1661/12/1 1655/11/1 1654/1/1
f 1660/11/2 1654/1/2 1789/2/2 1796/12/2
f 1654/2/3 1655/12/3 1790/11/3 1789/1/3
f 1796/1/4 1789/2/4 1790/12/4 1797/11/4
f 1661/1/5 1797/2/5 1790/12/5 1655/11/5
f 1660/1/6 1796/2/6 1797/12/6 1661/11/6
f 1661/2/1 1662/12/1 1656/11/1 1655/1/1
f 1661/2/2 1655/12/2 1790/11/2 1797/1/2
f 1655/2/3 1656/12/3 1791/11/3 1790/1/3
f 1797/1/4 1790/2/4 1791/12/4 1798/11/4
f 1662/12/5 1798/11/5 1791/1/5 1656/2/5
f 1661/1/6 1797/2/6 1798/12/6 1662/11/6
f 1662/2/1 1663/12/1 1657/11/1 1656/1/1
f 1662/1/2 1656/2/2 1791/12/2 1798/11/2
f 1656/2/3 1657/12/3 1792/11/3 1791/1/3
f 1798/1/4 1791/2/4 1792/12/4 1799/11/4
f 1663/2/5 1799/12/5 1792/11/5 1657/1/5
f 1662/1/6 1798/2/6 1799/12/6 1663/11/6
f 1663/2/1 1664/12/1 1658/11/1 1657/1/1
f 1663/1/2 1657/2/2 1792/12/2 1799/11/2
f 1657/2/3 1658/12/3 1793/11/3 1792/1/3
f 1799/1/4 1792/2/4 1793/12/4 1800/11/4
f 1664/2/5 1800/12/5 1793/11/5 1658/1/5
f 1663/1/6 1799/2/6 1800/12/6 1664/11/6
f 1666/2/1 1667/12/1 1662/11/1 1661/1/1
f 1666/1/2 1661/2/2 1797/12/2 1803/11/2
f 1661/2/3 1662/12/3 1798/11/3 1797/1/3
f 1803/1/4 1797/2/4 1798/12/4 1804/11/4
f 1667/2/5 1804/12/5 1798/11/5 1662/1/5
f 1666/1/6 1803/2/6 1804/12/6 1667/11/6
f 1667/2/1 1668/12/1 1663/11/1 1662/1/1
f 1667/12/2 1662/11/2 1798/1/2 1804/2/2
f 1662/2/3 1663/12/3 1799/11/3 1798/1/3
f 1804/1/4 1798/2/4 1799/12/4 1805/11/4
f 1668/11/5 1805/1/5 1799/2/5 1663/12/5
f 1667/1/6 1804/2/6 1805/12/6 1668/11/6
f 1668/2/1 1669/12/1 1664/11/1 1663/1/1
f 1668/1/2 1663/2/2 1799/12/2 1805/11/2
f 1663/2/3 1664/12/3 1800/11/3 1799/1/3
f 1805/1/4 1799/2/4 1800/12/4 1806/11/4
f 1669/2/5 1806/12/5 1800/11/5 1664/1/5
f 1668/1/6 1805/2/6 1806/12/6 1669/11/6
f 1669/2/1 1670/12/1 1665/11/1 1664/1/1
f 1669/2/2 1664/12/2 1800/11/2 1806/1/2
f 1664/2/3 1665/12/3 1801/11/3 1800/1/3
f 1806/1/4 1800/2/4 1801/12/4 1807/11/4
f 1670/12/5 1807/11/5 1801/1/5 1665/2/5
f 1669/1/6 1806/2/6 1807/12/6 1670/11/6
f 1675/2/1 1676/12/1 1667/11/1 1666/1/1
f 1675/2/2 1666/12/2 1803/11/2 1809/1/2
f 1666/2/3 1667/12/3 1804/11/3 1803/1/3
f 1809/1/4 1803/2/4 1804/12/4 1810/11/4
f 1676/12/5 1810/11/5 1804/1/5 1667/2/5
f 1675/1/6 1809/2/6 1810/12/6 1676/11/6
f 1676/2/1 1677/12/1 1668/11/1 1667/1/1
f 1676/11/2 1667/1/2 1804/2/2 1810/12/2
f 1667/2/3 1668/12/3 1805/11/3 1804/1/3
f 1810/1/4 1804/2/4 1805/12/4 1811/11/4
f 1677/1/5 1811/2/5 1805/12/5 1668/11/5
f 1676/1/6 1810/2/6 1811/12/6 1677/11/6
f 1677/2/1 1678/12/1 1669/11/1 1668/1/1
f 1677/12/2 1668/11/2 1805/1/2 1811/2/2
f 1668/2/3 1669/12/3 1806/11/3 1805/1/3
f 1811/1/4 1805/2/4 1806/12/4 1812/11/4
f 1678/11/5 1812/1/5 1806/2/5 1669/12/5
f 1677/1/6 1811/2/6 1812/12/6 1678/11/6
f 1678/2/1 1679/12/1 1670/11/1 1669/1/1
f 1678/11/2 1669/1/2 1806/2/2 1812/12/2
f 1669/2/3 1670/12/3 1807/11/3 1806/1/3
f 1812/1/4 1806/2/4 1807/12/4 1813/11/4
f 1679/1/5 1813/2/5 1807/12/5 1670/11/5
f 1678/1/6 1812/2/6 1813/12/6 1679/11/6
f 1698/2/1 1700/12/1 1677/11/1 1676/1/1
f 1698/1/2 1676/2/2 1810/12/2 1815/11/2
f 1676/2/3 1677/12/3 1811/11/3 1810/1/3
f 1815/1/4 1810/2/4 1811/12/4 1816/11/4
f 1700/2/5 1816/12/5 1811/11/5 1677/1/5
f 1698/1/6 1815/2/6 1816/12/6 1700/11/6
f 1700/2/1 1702/12/1 1678/11/1 1677/1/1
f 1700/1/2 1677/2/2 1811/12/2 1816/11/2
f 1677/2/3 1678/12/3 1812/11/3 1811/1/3
f 1816/1/4 1811/2/4 1812/12/4 1817/11/4
f 1702/2/5 1817/12/5 1812/11/5 1678/1/5
f 1700/1/6 1816/2/6 1817/12/6 1702/11/6
f 1702/2/1 1704/12/1 1679/11/1 1678/1/1
f 1702/1/2 1678/2/2 1812/12/2 1817/11/2
f 1678/2/3 1679/12/3 1813/11/3 1812/1/3
f 1817/1/4 1812/2/4 1813/12/4 1818/11/4
f 1704/2/5 1818/12/5 1813/11/5 1679/1/5
f 1702/1/6 1817/2/6 1818/12/6 1704/11/6
f 1701/2/1 1703/12/1 1702/11/1 1700/1/1
f 1701/1/2 1700/2/2 1816/12/2 1821/11/2
f 1700/2/3 1702/12/3 1817/11/3 1816/1/3
f 1821/1/4 1816/2/4 1817/12/4 1822/11/4
f 1703/2/5 1822/12/5 1817/11/5 1702/1/5
f 1701/1/6 1821/2/6 1822/12/6 1703/11/6
f 1703/2/1 1705/12/1 1704/11/1 1702/1/1
f 1703/11/2 1702/1/2 1817/2/2 1822/12/2
f 1702/2/3 1704/12/3 1818/11/3 1817/1/3
f 1822/1/4 1817/2/4 1818/12/4 1823/11/4
f 1705/1/5 1823/2/5 1818/12/5 1704/11/5
f 1703/1/6 1822/2/6 1823/12/6 1705/11/6
f 1707/2/1 1708/12/1 1701/11/1 1699/1/1
f 1707/1/2 1699/2/2 1820/12/2 1826/11/2
f 1699/2/3 1701/12/3 1821/11/3 1820/1/3
f 1826/1/4 1820/2/4 1821/12/4 1827/11/4
f 1708/2/5 1827/12/5 1821/11/5 1701/1/5
f 1707/1/6 1826/2/6 1827/12/6 1708/11/6
f 1708/2/1 1709/12/1 1703/11/1 1701/1/1
f 1708/12/2 1701/11/2 1821/1/2 1827/2/2
f 1701/2/3 1703/12/3 1822/11/3 1821/1/3
f 1827/1/4 1821/2/4 1822/12/4 1828/11/4
f 1709/11/5 1828/1/5 1822/2/5 1703/12/5
f 1708/1/6 1827/2/6 1828/12/6 1709/11/6
f 1709/2/1 1710/12/1 1705/11/1 1703/1/1
f 1709/11/2 1703/1/2 1822/2/2 1828/12/2
f 1703/2/3 1705/12/3 1823/11/3 1822/1/3
f 1828/1/4 1822/2/4 1823/12/4 1829/11/4
f 1710/1/5 1829/2/5 1823/12/5 1705/11/5
f 1709/1/6 1828/2/6 1829/12/6 1710/11/6
f 1715/2/1 1716/12/1 1707/11/1 1706/1/1
f 1715/2/2 1706/12/2 1825/11/2 1834/1/2
f 1706/2/3 1707/12/3 1826/11/3 1825/1/3
f 1834/1/4 1825/2/4 1826/12/4 1835/11/4
f 1716/12/5 1835/11/5 1826/1/5 1707/2/5
f 1715/1/6 1834/2/6 1835/12/6 1716/11/6
f 1716/2/1 1717/12/1 1708/11/1 1707/1/1
f 1716/12/2 1707/11/2 1826/1/2 1835/2/2
f 1707/2/3 1708/12/3 1827/11/3 1826/1/3
f 1835/1/4 1826/2/4 1827/12/4 1836/11/4
f 1717/11/5 1836/1/5 1827/2/5 1708/12/5
f 1716/1/6 1835/2/6 1836/12/6 1717/11/6
f 1717/2/1 1718/12/1 1709/11/1 1708/1/1
f 1717/2/2 1708/12/2 1827/11/2 1836/1/2
f 1708/2/3 1709/12/3 1828/11/3 1827/1/3
f 1836/1/4 1827/2/4 1828/12/4 1837/11/4
f 1718/12/5 1837/11/5 1828/1/5 1709/2/5
f 1717/1/6 1836/2/6 1837/12/6 1718/11/6
f 1718/2/1 1719/12/1 1710/11/1 1709/1/1
f 1718/12/2 1709/11/2 1828/1/2 1837/2/2
f 1709/2/3 1710/12/3 1829/11/3 1828/1/3
f 1837/1/4 1828/2/4 1829/12/4 1838/11/4
f 1719/11/5 1838/1/5 1829/2/5 1710/12/5
f 1718/1/6 1837/2/6 1838/12/6 1719/11/6
f 1720/2/1 1721/12/1 1712/11/1 1711/1/1
f 1720/1/2 1711/2/2 1830/12/2 1839/11/2
f 1711/2/3 1712/12/3 1831/11/3 1830/1/3
f 1839/1/4 1830/2/4 1831/12/4 1840/11/4
f 1721/2/5 1840/12/5 1831/11/5 1712/1/5
f 1720/1/6 1839/2/6 1840/12/6 1721/11/6
f 1721/2/1 1722/12/1 1713/11/1 1712/1/1
f 1721/1/2 1712/2/2 1831/12/2 1840/11/2
f 1712/2/3 1713/12/3 1832/11/3 1831/1/3
f 1840/1/4 1831/2/4 1832/12/4 1841/11/4
f 1722/2/5 1841/12/5 1832/11/5 1713/1/5
f 1721/1/6 1840/2/6 1841/12/6 1722/11/6
f 1724/2/1 1725/12/1 1717/11/1 1716/1/1
f 1724/1/2 1716/2/2 1835/12/2 1844/11/2
f 1716/2/3 1717/12/3 1836/11/3 1835/1/3
f 1844/1/4 1835/2/4 1836/12/4 1845/11/4
f 1725/2/5 1845/12/5 1836/11/5 1717/1/5
f 1724/1/6 1844/2/6 1845/12/6 1725/11/6
f 1725/2/1 1726/12/1 1718/11/1 1717/1/1
f 1725/2/2 1717/12/2 1836/11/2 1845/1/2
f 1717/2/3 1718/12/3 1837/11/3 1836/1/3
f 1845/1/4 1836/2/4 1837/12/4 1846/11/4
f 1726/12/5 1846/11/5 1837/1/5 1718/2/5
f 1725/1/6 1845/2/6 1846/12/6 1726/11/6
f 1729/2/1 1730/12/1 1721/11/1 1720/1/1
f 1729/12/2 1720/11/2 1839/1/2 1849/2/2
f 1720/2/3 1721/12/3 1840/11/3 1839/1/3
f 1849/1/4 1839/2/4 1840/12/4 1850/11/4
f 1730/11/5 1850/1/5 1840/2/5 1721/12/5
f 1729/1/6 1849/2/6 1850/12/6 1730/11/6
f 1730/2/1 1731/12/1 1722/11/1 1721/1/1
f 1730/11/2 1721/1/2 1840/2/2 1850/12/2
f 1721/2/3 1722/12/3 1841/11/3 1840/1/3
f 1850/1/4 1840/2/4 1841/12/4 1851/11/4
f 1731/1/5 1851/2/5 1841/12/5 1722/11/5
f 1730/1/6 1850/2/6 1851/12/6 1731/11/6
f 1731/2/1 1732/12/1 1723/11/1 1722/1/1
f 1731/1/2 1722/2/2 1841/12/2 1851/11/2
f 1722/2/3 1723/12/3 1842/11/3 1841/1/3
f 1851/1/4 1841/2/4 1842/12/4 1852/11/4
f 1732/2/5 1852/12/5 1842/11/5 1723/1/5
f 1731/1/6 1851/2/6 1852/12/6 1732/11/6
f 1733/2/1 1734/12/1 1725/11/1 1724/1/1
f 1733/12/2 1724/11/2 1844/1/2 1853/2/2
f 1724/2/3 1725/12/3 1845/11/3 1844/1/3
f 1853/1/4 1844/2/4 1845/12/4 1854/11/4
f 1734/11/5 1854/1/5 1845/2/5 1725/12/5
f 1733/1/6 1853/2/6 1854/12/6 1734/11/6
f 1734/2/1 1735/12/1 1726/11/1 1725/1/1
f 1734/1/2 1725/2/2 1845/12/2 1854/11/2
f 1725/2/3 1726/12/3 1846/11/3 1845/1/3
f 1854/1/4 1845/2/4 1846/12/4 1855/11/4
f 1735/2/5 1855/12/5 1846/11/5 1726/1/5
f 1734/1/6 1854/2/6 1855/12/6 1735/11/6
f 1735/2/1 1736/12/1 1727/11/1 1726/1/1
f 1735/1/2 1726/2/2 1846/12/2 1855/11/2
f 1726/2/3 1727/12/3 1847/11/3 1846/1/3
f 1855/1/4 1846/2/4 1847/12/4 1856/11/4
f 1736/2/5 1856/12/5 1847/11/5 1727/1/5
f 1735/1/6 1855/2/6 1856/12/6 1736/11/6
f 1738/2/1 1739/12/1 1730/11/1 1729/1/1
f 1738/11/2 1729/1/2 1849/2/2 1858/12/2
f 1729/2/3 1730/12/3 1850/11/3 1849/1/3
f 1858/1/4 1849/2/4 1850/12/4 1859/11/4
f 1739/1/5 1859/2/5 1850/12/5 1730/11/5
f 1738/1/6 1858/2/6 1859/12/6 1739/11/6
f 1739/2/1 1740/12/1 1731/11/1 1730/1/1
f 1739/2/2 1730/12/2 1850/11/2 1859/1/2
f 1730/2/3 1731/12/3 1851/11/3 1850/1/3
f 1859/1/4 1850/2/4 1851/12/4 1860/11/4
f 1740/12/5 1860/11/5 1851/1/5 1731/2/5
f 1739/1/6 1859/2/6 1860/12/6 1740/11/6
f 1740/2/1 1741/12/1 1732/11/1 1731/1/1
f 1740/1/2 1731/2/2 1851/12/2 1860/11/2
f 1731/2/3 1732/12/3 1852/11/3 1851/1/3
f 1860/1/4 1851/2/4 1852/12/4 1861/11/4
f 1741/2/5 1861/12/5 1852/11/5 1732/1/5
f 1740/1/6 1860/2/6 1861/12/6 1741/11/6
f 1742/2/1 1743/12/1 1734/11/1 1733/1/1
f 1742/2/2 1733/12/2 1853/11/2 1862/1/2
f 1733/2/3 1734/12/3 1854/11/3 1853/1/3
f 1862/1/4 1853/2/4 1854/12/4 1863/11/4
f 1743/12/5 1863/11/5 1854/1/5 1734/2/5
f 1742/1/6 1862/2/6 1863/12/6 1743/11/6
f 1743/2/1 1744/12/1 1735/11/1 1734/1/1
f 1743/2/2 1734/12/2 1854/11/2 1863/1/2
f 1734/2/3 1735/12/3 1855/11/3 1854/1/3
f 1863/1/4 1854/2/4 1855/12/4 1864/11/4
f 1744/12/5 1864/11/5 1855/1/5 1735/2/5
f 1743/1/6 1863/2/6 1864/12/6 1744/11/6
f 1744/2/1 1745/12/1 1736/11/1 1735/1/1
f 1744/2/2 1735/12/2 1855/11/2 1864/1/2
f 1735/2/3 1736/12/3 1856/11/3 1855/1/3
f 1864/1/4 1855/2/4 1856/12/4 1865/11/4
f 1745/12/5 1865/11/5 1856/1/5 1736/2/5
f 1744/1/6 1864/2/6 1865/12/6 1745/11/6
f 1746/2/1 1747/12/1 1739/11/1 1738/1/1
f 1746/2/2 1738/12/2 1858/11/2 1866/1/2
f 1738/2/3 1739/12/3 1859/11/3 1858/1/3
f 1866/1/4 1858/2/4 1859/12/4 1867/11/4
f 1747/12/5 1867/11/5 1859/1/5 1739/2/5
f 1746/1/6 1866/2/6 1867/12/6 1747/11/6
f 1747/2/1 1748/12/1 1740/11/1 1739/1/1
f 1747/12/2 1739/11/2 1859/1/2 1867/2/2
f 1739/2/3 1740/12/3 1860/11/3 1859/1/3
f 1867/1/4 1859/2/4 1860/12/4 1868/11/4
f 1748/11/5 1868/1/5 1860/2/5 1740/12/5
f 1747/1/6 1867/2/6 1868/12/6 1748/11/6
f 1749/2/1 1750/12/1 1744/11/1 1743/1/1
f 1749/11/2 1743/1/2 1863/2/2 1871/12/2
f 1743/2/3 1744/12/3 1864/11/3 1863/1/3
f 1871/1/4 1863/2/4 1864/12/4 1872/11/4
f 1750/1/5 1872/2/5 1864/12/5 1744/11/5
f 1749/1/6 1871/2/6 1872/12/6 1750/11/6
f 1750/2/1 1751/12/1 1745/11/1 1744/1/1
f 1750/11/2 1744/1/2 1864/2/2 1872/12/2
f 1744/2/3 1745/12/3 1865/11/3 1864/1/3
f 1872/1/4 1864/2/4 1865/12/4 1873/11/4
f 1751/1/5 1873/2/5 1865/12/5 1745/11/5
f 1750/1/6 1872/2/6 1873/12/6 1751/11/6
f 1752/2/1 1753/12/1 1750/11/1 1749/1/1
f 1752/1/2 1749/2/2 1871/12/2 1874/11/2
f 1749/2/3 1750/12/3 1872/11/3 1871/1/3
f 1874/1/4 1871/2/4 1872/12/4 1875/11/4
f 1753/2/5 1875/12/5 1872/11/5 1750/1/5
f 1752/1/6 1874/2/6 1875/12/6 1753/11/6
f 1753/2/1 1754/12/1 1751/11/1 1750/1/1
f 1753/12/2 1750/11/2 1872/1/2 1875/2/2
f 1750/2/3 1751/12/3 1873/11/3 1872/1/3
f 1875/1/4 1872/2/4 1873/12/4 1876/11/4
f 1754/11/5 1876/1/5 1873/2/5 1751/12/5
f 1753/1/6 1875/2/6 1876/12/6 1754/11/6
f 1755/2/1 1756/12/1 1753/11/1 1752/1/1
f 1755/12/2 1752/11/2 1874/1/2 1877/2/2
f 1752/2/3 1753/12/3 1875/11/3 1874/1/3
f 1877/1/4 1874/2/4 1875/12/4 1878/11/4
f 1756/11/5 1878/1/5 1875/2/5 1753/12/5
f 1755/1/6 1877/2/6 1878/12/6 1756/11/6
f 1756/2/1 1757/12/1 1754/11/1 1753/1/1
f 1756/11/2 1753/1/2 1875/2/2 1878/12/2
f 1753/2/3 1754/12/3 1876/11/3 1875/1/3
f 1878/1/4 1875/2/4 1876/12/4 1879/11/4
f 1757/1/5 1879/2/5 1876/12/5 1754/11/5
f 1756/1/6 1878/2/6 1879/12/6 1757/11/6
f 1758/2/1 1759/12/1 1757/11/1 1756/1/1
f 1758/11/2 1756/1/2 1878/2/2 1881/12/2
f 1756/2/3 1757/12/3 1879/11/3 1878/1/3
f 1881/1/4 1878/2/4 1879/12/4 1882/11/4
f 1759/1/5 1882/2/5 1879/12/5 1757/11/5
f 1758/1/6 1881/2/6 1882/12/6 1759/11/6
f 1760/2/1 1761/12/1 1759/11/1 1758/1/1
f 1760/12/2 1758/11/2 1881/1/2 1883/2/2
f 1758/2/3 1759/12/3 1882/11/3 1881/1/3
f 1883/1/4 1881/2/4 1882/12/4 1884/11/4
f 1761/11/5 1884/1/5 1882/2/5 1759/12/5
f 1760/1/6 1883/2/6 1884/12/6 1761/11/6
f 1762/11/2 1761/1/2 1884/2/2 1885/12/2
f 1763/1/2 1762/2/2 1885/12/2 1886/11/2
f 1764/12/2 1763/11/2 1886/1/2 1887/2/2
f 1769/2/1 1770/12/1 1768/11/1 1767/1/1
f 1769/2/2 1767/12/2 1888/11/2 1890/1/2
f 1767/2/3 1768/12/3 1889/11/3 1888/1/3
f 1890/1/4 1888/2/4 1889/12/4 1891/11/4
f 1770/12/5 1891/11/5 1889/1/5 1768/2/5
f 1769/1/6 1890/2/6 1891/12/6 1770/11/6
f 1771/2/1 1772/12/1 1770/11/1 1769/1/1
f 1771/2/2 1769/12/2 1890/11/2 1892/1/2
f 1769/2/3 1770/12/3 1891/11/3 1890/1/3
f 1892/1/4 1890/2/4 1891/12/4 1893/11/4
f 1772/12/5 1893/11/5 1891/1/5 1770/2/5
f 1771/1/6 1892/2/6 1893/12/6 1772/11/6
f 1773/2/1 1774/12/1 1772/11/1 1771/1/1
f 1773/2/2 1771/12/2 1892/11/2 1894/1/2
f 1771/2/3 1772/12/3 1893/11/3 1892/1/3
f 1894/1/4 1892/2/4 1893/12/4 1895/11/4
f 1774/12/5 1895/11/5 1893/1/5 1772/2/5
f 1773/1/6 1894/2/6 1895/12/6 1774/11/6
f 1779/2/1 1780/12/1 1778/11/1 1777/1/1
f 1779/12/2 1777/11/2 1896/1/2 1898/2/2
f 1777/2/3 1778/12/3 1897/11/3 1896/1/3
f 1898/1/4 1896/2/4 1897/12/4 1899/11/4
f 1780/11/5 1899/1/5 1897/2/5 1778/12/5
f 1779/1/6 1898/2/6 1899/12/6 1780/11/6
f 1782/2/1 1783/12/1 1780/11/1 1779/1/1
f 1782/11/2 1779/1/2 1898/2/2 1900/12/2
f 1779/2/3 1780/12/3 1899/11/3 1898/1/3
f 1900/1/4 1898/2/4 1899/12/4 1901/11/4
f 1783/1/5 1901/2/5 1899/12/5 1780/11/5
f 1782/1/6 1900/2/6 1901/12/6 1783/11/6
f 1787/2/1 1788/12/1 1784/11/1 1783/1/1
f 1787/1/2 1783/2/2 1901/12/2 1903/11/2
f 1783/2/3 1784/12/3 1902/11/3 1901/1/3
f 1903/1/4 1901/2/4 1902/12/4 1904/11/4
f 1788/2/5 1904/12/5 1902/11/5 1784/1/5
f 1787/1/6 1903/2/6 1904/12/6 1788/11/6
f 1794/2/1 1795/12/1 1788/11/1 1787/1/1
f 1794/12/2 1787/11/2 1903/1/2 1908/2/2
f 1787/2/3 1788/12/3 1904/11/3 1903/1/3
f 1908/1/4 1903/2/4 1904/12/4 1909/11/4
f 1795/11/5 1909/1/5 1904/2/5 1788/12/5
f 1794/1/6 1908/2/6 1909/12/6 1795/11/6
f 1795/2/1 1796/12/1 1789/11/1 1788/1/1
f 1795/2/2 1788/12/2 1904/11/2 1909/1/2
f 1788/2/3 1789/12/3 1905/11/3 1904/1/3
f 1909/1/4 1904/2/4 1905/12/4 1910/11/4
f 1796/12/5 1910/11/5 1905/1/5 1789/2/5
f 1795/1/6 1909/2/6 1910/12/6 1796/11/6
f 1796/2/1 1797/12/1 1790/11/1 1789/1/1
f 1796/11/2 1789/1/2 1905/2/2 1910/12/2
f 1789/2/3 1790/12/3 1906/11/3 1905/1/3
f 1910/1/4 1905/2/4 1906/12/4 1911/11/4
f 1797/1/5 1911/2/5 1906/12/5 1790/11/5
f 1796/1/6 1910/2/6 1911/12/6 1797/11/6
f 1797/2/1 1798/12/1 1791/11/1 1790/1/1
f 1797/2/2 1790/12/2 1906/11/2 1911/1/2
f 1790/2/3 1791/12/3 1907/11/3 1906/1/3
f 1911/1/4 1906/2/4 1907/12/4 1912/11/4
f 1798/12/5 1912/11/5 1907/1/5 1791/2/5
f 1797/1/6 1911/2/6 1912/12/6 1798/11/6
f 1802/2/1 1803/12/1 1797/11/1 1796/1/1
f 1802/1/2 1796/2/2 1910/12/2 1915/11/2
f 1796/2/3 1797/12/3 1911/11/3 1910/1/3
f 1915/1/4 1910/2/4 1911/12/4 1916/11/4
f 1803/2/5 1916/12/5 1911/11/5 1797/1/5
f 1802/1/6 1915/2/6 1916/12/6 1803/11/6
f 1803/2/1 1804/12/1 1798/11/1 1797/1/1
f 1803/1/2 1797/2/2 1911/12/2 1916/11/2
f 1797/2/3 1798/12/3 1912/11/3 1911/1/3
f 1916/1/4 1911/2/4 1912/12/4 1917/11/4
f 1804/2/5 1917/12/5 1912/11/5 1798/1/5
f 1803/1/6 1916/2/6 1917/12/6 1804/11/6
f 1804/2/1 1805/12/1 1799/11/1 1798/1/1
f 1804/11/2 1798/1/2 1912/2/2 1917/12/2
f 1798/2/3 1799/12/3 1913/11/3 1912/1/3
f 1917/1/4 1912/2/4 1913/12/4 1918/11/4
f 1805/1/5 1918/2/5 1913/12/5 1799/11/5
f 1804/1/6 1917/2/6 1918/12/6 1805/11/6
f 1805/11/2 1799/1/2 1913/2/2 1918/12/2
f 1808/2/1 1809/12/1 1803/11/1 1802/1/1
f 1808/1/2 1802/2/2 1915/12/2 1921/11/2
f 1802/2/3 1803/12/3 1916/11/3 1915/1/3
f 1921/1/4 1915/2/4 1916/12/4 1922/11/4
f 1809/2/5 1922/12/5 1916/11/5 1803/1/5
f 1808/1/6 1921/2/6 1922/12/6 1809/11/6
f 1809/2/1 1810/12/1 1804/11/1 1803/1/1
f 1809/11/2 1803/1/2 1916/2/2 1922/12/2
f 1803/2/3 1804/12/3 1917/11/3 1916/1/3
f 1922/1/4 1916/2/4 1917/12/4 1923/11/4
f 1810/1/5 1923/2/5 1917/12/5 1804/11/5
f 1809/1/6 1922/2/6 1923/12/6 1810/11/6
f 1810/2/1 1811/12/1 1805/11/1 1804/1/1
f 1810/11/2 1804/1/2 1917/2/2 1923/12/2
f 1804/2/3 1805/12/3 1918/11/3 1917/1/3
f 1923/1/4 1917/2/4 1918/12/4 1924/11/4
f 1811/1/5 1924/2/5 1918/12/5 1805/11/5
f 1810/1/6 1923/2/6 1924/12/6 1811/11/6
f 1811/2/1 1812/12/1 1806/11/1 1805/1/1
f 1811/12/2 1805/11/2 1918/1/2 1924/2/2
f 1805/2/3 1806/12/3 1919/11/3 1918/1/3
f 1924/1/4 1918/2/4 1919/12/4 1925/11/4
f 1812/11/5 1925/1/5 1919/2/5 1806/12/5
f 1811/1/6 1924/2/6 1925/12/6 1812/11/6
f 1812/2/1 1813/12/1 1807/11/1 1806/1/1
f 1812/11/2 1806/1/2 1919/2/2 1925/12/2
f 1806/2/3 1807/12/3 1920/11/3 1919/1/3
f 1925/1/4 1919/2/4 1920/12/4 1926/11/4
f 1813/1/5 1926/2/5 1920/12/5 1807/11/5
f 1812/1/6 1925/2/6 1926/12/6 1813/11/6
f 1815/2/1 1816/12/1 1811/11/1 1810/1/1
f 1815/2/2 1810/12/2 1923/11/2 1928/1/2
f 1810/2/3 1811/12/3 1924/11/3 1923/1/3
f 1928/1/4 1923/2/4 1924/12/4 1929/11/4
f 1816/12/5 1929/11/5 1924/1/5 1811/2/5
f 1815/1/6 1928/2/6 1929/12/6 1816/11/6
f 1816/2/1 1817/12/1 1812/11/1 1811/1/1
f 1816/2/2 1811/12/2 1924/11/2 1929/1/2
f 1811/2/3 1812/12/3 1925/11/3 1924/1/3
f 1929/1/4 1924/2/4 1925/12/4 1930/11/4
f 1817/12/5 1930/11/5 1925/1/5 1812/2/5
f 1816/1/6 1929/2/6 1930/12/6 1817/11/6
f 1817/2/1 1818/12/1 1813/11/1 1812/1/1
f 1817/2/2 1812/12/2 1925/11/2 1930/1/2
f 1812/2/3 1813/12/3 1926/11/3 1925/1/3
f 1930/1/4 1925/2/4 1926/12/4 1931/11/4
f 1818/12/5 1931/11/5 1926/1/5 1813/2/5
f 1817/1/6 1930/2/6 1931/12/6 1818/11/6
f 1819/2/1 1820/12/1 1815/11/1 1814/1/1
f 1819/1/2 1814/2/2 1927/12/2 1932/11/2
f 1814/2/3 1815/12/3 1928/11/3 1927/1/3
f 1932/1/4 1927/2/4 1928/12/4 1933/11/4
f 1820/2/5 1933/12/5 1928/11/5 1815/1/5
f 1819/1/6 1932/2/6 1933/12/6 1820/11/6
f 1820/2/1 1821/12/1 1816/11/1 1815/1/1
f 1820/1/2 1815/2/2 1928/12/2 1933/11/2
f 1815/2/3 1816/12/3 1929/11/3 1928/1/3
f 1933/1/4 1928/2/4 1929/12/4 1934/11/4
f 1821/2/5 1934/12/5 1929/11/5 1816/1/5
f 1820/1/6 1933/2/6 1934/12/6 1821/11/6
f 1821/2/1 1822/12/1 1817/11/1 1816/1/1
f 1821/2/2 1816/12/2 1929/11/2 1934/1/2
f 1816/2/3 1817/12/3 1930/11/3 1929/1/3
f 1934/1/4 1929/2/4 1930/12/4 1935/11/4
f 1822/12/5 1935/11/5 1930/1/5 1817/2/5
f 1821/1/6 1934/2/6 1935/12/6 1822/11/6
f 1822/2/1 1823/12/1 1818/11/1 1817/1/1
f 1822/1/2 1817/2/2 1930/12/2 1935/11/2
f 1817/2/3 1818/12/3 1931/11/3 1930/1/3
f 1935/1/4 1930/2/4 1931/12/4 1936/11/4
f 1823/2/5 1936/12/5 1931/11/5 1818/1/5
f 1822/1/6 1935/2/6 1936/12/6 1823/11/6
f 1825/2/1 1826/12/1 1820/11/1 1819/1/1
f 1825/12/2 1819/11/2 1932/1/2 1938/2/2
f 1819/2/3 1820/12/3 1933/11/3 1932/1/3
f 1938/1/4 1932/2/4 1933/12/4 1939/11/4
f 1826/11/5 1939/1/5 1933/2/5 1820/12/5
f 1825/1/6 1938/2/6 1939/12/6 1826/11/6
f 1826/2/1 1827/12/1 1821/11/1 1820/1/1
f 1826/12/2 1820/11/2 1933/1/2 1939/2/2
f 1820/2/3 1821/12/3 1934/11/3 1933/1/3
f 1939/1/4 1933/2/4 1934/12/4 1940/11/4
f 1827/11/5 1940/1/5 1934/2/5 1821/12/5
f 1826/1/6 1939/2/6 1940/12/6 1827/11/6
f 1827/2/1 1828/12/1 1822/11/1 1821/1/1
f 1827/2/2 1821/12/2 1934/11/2 1940/1/2
f 1821/2/3 1822/12/3 1935/11/3 1934/1/3
f 1940/1/4 1934/2/4 1935/12/4 1941/11/4
f 1828/12/5 1941/11/5 1935/1/5 1822/2/5
f 1827/1/6 1940/2/6 1941/12/6 1828/11/6
f 1828/2/1 1829/12/1 1823/11/1 1822/1/1
f 1828/12/2 1822/11/2 1935/1/2 1941/2/2
f 1822/2/3 1823/12/3 1936/11/3 1935/1/3
f 1941/1/4 1935/2/4 1936/12/4 1942/11/4
f 1829/11/5 1942/1/5 1936/2/5 1823/12/5
f 1828/1/6 1941/2/6 1942/12/6 1829/11/6
f 1833/2/1 1834/12/1 1825/11/1 1824/1/1
f 1833/1/2 1824/2/2 1937/12/2 1946/11/2
f 1824/2/3 1825/12/3 1938/11/3 1937/1/3
f 1946/1/4 1937/2/4 1938/12/4 1947/11/4
f 1834/2/5 1947/12/5 1938/11/5 1825/1/5
f 1833/1/6 1946/2/6 1947/12/6 1834/11/6
f 1834/2/1 1835/12/1 1826/11/1 1825/1/1
f 1834/2/2 1825/12/2 1938/11/2 1947/1/2
f 1825/2/3 1826/12/3 1939/11/3 1938/1/3
f 1947/1/4 1938/2/4 1939/12/4 1948/11/4
f 1835/12/5 1948/11/5 1939/1/5 1826/2/5
f 1834/1/6 1947/2/6 1948/12/6 1835/11/6
f 1835/2/1 1836/12/1 1827/11/1 1826/1/1
f 1835/12/2 1826/11/2 1939/1/2 1948/2/2
f 1826/2/3 1827/12/3 1940/11/3 1939/1/3
f 1948/1/4 1939/2/4 1940/12/4 1949/11/4
f 1836/11/5 1949/1/5 1940/2/5 1827/12/5
f 1835/1/6 1948/2/6 1949/12/6 1836/11/6
f 1836/2/1 1837/12/1 1828/11/1 1827/1/1
f 1836/1/2 1827/2/2 1940/12/2 1949/11/2
f 1827/2/3 1828/12/3 1941/11/3 1940/1/3
f 1949/1/4 1940/2/4 1941/12/4 1950/11/4
f 1837/2/5 1950/12/5 1941/11/5 1828/1/5
f 1836/1/6 1949/2/6 1950/12/6 1837/11/6
f 1837/2/1 1838/12/1 1829/11/1 1828/1/1
f 1837/11/2 1828/1/2 1941/2/2 1950/12/2
f 1828/2/3 1829/12/3 1942/11/3 1941/1/3
f 1950/1/4 1941/2/4 1942/12/4 1951/11/4
f 1838/1/5 1951/2/5 1942/12/5 1829/11/5
f 1837/1/6 1950/2/6 1951/12/6 1838/11/6
f 1839/2/1 1840/12/1 1831/11/1 1830/1/1
f 1839/2/2 1830/12/2 1943/11/2 1952/1/2
f 1830/2/3 1831/12/3 1944/11/3 1943/1/3
f 1952/1/4 1943/2/4 1944/12/4 1953/11/4
f 1840/12/5 1953/11/5 1944/1/5 1831/2/5
f 1839/1/6 1952/2/6 1953/12/6 1840/11/6
f 1840/2/1 1841/12/1 1832/11/1 1831/1/1
f 1840/11/2 1831/1/2 1944/2/2 1953/12/2
f 1831/2/3 1832/12/3 1945/11/3 1944/1/3
f 1953/1/4 1944/2/4 1945/12/4 1954/11/4
f 1841/1/5 1954/2/5 1945/12/5 1832/11/5
f 1840/1/6 1953/2/6 1954/12/6 1841/11/6
f 1843/2/1 1844/12/1 1835/11/1 1834/1/1
f 1843/2/2 1834/12/2 1947/11/2 1956/1/2
f 1834/2/3 1835/12/3 1948/11/3 1947/1/3
f 1956/1/4 1947/2/4 1948/12/4 1957/11/4
f 1844/12/5 1957/11/5 1948/1/5 1835/2/5
f 1843/1/6 1956/2/6 1957/12/6 1844/11/6
f 1844/2/1 1845/12/1 1836/11/1 1835/1/1
f 1844/12/2 1835/11/2 1948/1/2 1957/2/2
f 1835/2/3 1836/12/3 1949/11/3 1948/1/3
f 1957/1/4 1948/2/4 1949/12/4 1958/11/4
f 1845/11/5 1958/1/5 1949/2/5 1836/12/5
f 1844/1/6 1957/2/6 1958/12/6 1845/11/6
f 1845/2/1 1846/12/1 1837/11/1 1836/1/1
f 1845/12/2 1836/11/2 1949/1/2 1958/2/2
f 1836/2/3 1837/12/3 1950/11/3 1949/1/3
f 1958/1/4 1949/2/4 1950/12/4 1959/11/4
f 1846/11/5 1959/1/5 1950/2/5 1837/12/5
f 1845/1/6 1958/2/6 1959/12/6 1846/11/6
f 1846/2/1 1847/12/1 1838/11/1 1837/1/1
f 1846/12/2 1837/11/2 1950/1/2 1959/2/2
f 1837/2/3 1838/12/3 1951/11/3 1950/1/3
f 1959/1/4 1950/2/4 1951/12/4 1960/11/4
f 1847/11/5 1960/1/5 1951/2/5 1838/12/5
f 1846/1/6 1959/2/6 1960/12/6 1847/11/6
f 1849/2/1 1850/12/1 1840/11/1 1839/1/1
f 1849/11/2 1839/1/2 1952/2/2 1962/12/2
f 1839/2/3 1840/12/3 1953/11/3 1952/1/3
f 1962/1/4 1952/2/4 1953/12/4 1963/11/4
f 1850/1/5 1963/2/5 1953/12/5 1840/11/5
f 1849/1/6 1962/2/6 1963/12/6 1850/11/6
f 1850/2/1 1851/12/1 1841/11/1 1840/1/1
f 1850/1/2 1840/2/2 1953/12/2 1963/11/2
f 1840/2/3 1841/12/3 1954/11/3 1953/1/3
f 1963/1/4 1953/2/4 1954/12/4 1964/11/4
f 1851/2/5 1964/12/5 1954/11/5 1841/1/5
f 1850/1/6 1963/2/6 1964/12/6 1851/11/6
f 1851/2/1 1852/12/1 1842/11/1 1841/1/1
f 1851/12/2 1841/11/2 1954/1/2 1964/2/2
f 1841/2/3 1842/12/3 1955/11/3 1954/1/3
f 1964/1/4 1954/2/4 1955/12/4 1965/11/4
f 1852/11/5 1965/1/5 1955/2/5 1842/12/5
f 1851/1/6 1964/2/6 1965/12/6 1852/11/6
f 1853/2/1 1854/12/1 1845/11/1 1844/1/1
f 1853/12/2 1844/11/2 1957/1/2 1967/2/2
f 1844/2/3 1845/12/3 1958/11/3 1957/1/3
f 1967/1/4 1957/2/4 1958/12/4 1968/11/4
f 1854/11/5 1968/1/5 1958/2/5 1845/12/5
f 1853/1/6 1967/2/6 1968/12/6 1854/11/6
f 1854/2/1 1855/12/1 1846/11/1 1845/1/1
f 1854/12/2 1845/11/2 1958/1/2 1968/2/2
f 1845/2/3 1846/12/3 1959/11/3 1958/1/3
f 1968/1/4 1958/2/4 1959/12/4 1969/11/4
f 1855/11/5 1969/1/5 1959/2/5 1846/12/5
f 1854/1/6 1968/2/6 1969/12/6 1855/11/6
f 1855/2/1 1856/12/1 1847/11/1 1846/1/1
f 1855/1/2 1846/2/2 1959/12/2 1969/11/2
f 1846/2/3 1847/12/3 1960/11/3 1959/1/3
f 1969/1/4 1959/2/4 1960/12/4 1970/11/4
f 1856/2/5 1970/12/5 1960/11/5 1847/1/5
f 1855/1/6 1969/2/6 1970/12/6 1856/11/6
f 1856/2/1 1857/12/1 1848/11/1 1847/1/1
f 1856/1/2 1847/2/2 1960/12/2 1970/11/2
f 1847/2/3 1848/12/3 1961/11/3 1960/1/3
f 1970/1/4 1960/2/4 1961/12/4 1971/11/4
f 1857/2/5 1971/12/5 1961/11/5 1848/1/5
f 1856/1/6 1970/2/6 1971/12/6 1857/11/6
f 1858/2/1 1859/12/1 1850/11/1 1849/1/1
f 1858/12/2 1849/11/2 1962/1/2 1972/2/2
f 1849/2/3 1850/12/3 1963/11/3 1962/1/3
f 1972/1/4 1962/2/4 1963/12/4 1973/11/4
f 1859/11/5 1973/1/5 1963/2/5 1850/12/5
f 1858/1/6 1972/2/6 1973/12/6 1859/11/6
f 1859/2/1 1860/12/1 1851/11/1 1850/1/1
f 1859/1/2 1850/2/2 1963/12/2 1973/11/2
f 1850/2/3 1851/12/3 1964/11/3 1963/1/3
f 1973/1/4 1963/2/4 1964/12/4 1974/11/4
f 1860/2/5 1974/12/5 1964/11/5 1851/1/5
f 1859/1/6 1973/2/6 1974/12/6 1860/11/6
f 1860/2/1 1861/12/1 1852/11/1 1851/1/1
f 1860/2/2 1851/12/2 1964/11/2 1974/1/2
f 1851/2/3 1852/12/3 1965/11/3 1964/1/3
f 1974/1/4 1964/2/4 1965/12/4 1975/11/4
f 1861/12/5 1975/11/5 1965/1/5 1852/2/5
f 1860/1/6 1974/2/6 1975/12/6 1861/11/6
f 1862/2/1 1863/12/1 1854/11/1 1853/1/1
f 1862/11/2 1853/1/2 1967/2/2 1976/12/2
f 1853/2/3 1854/12/3 1968/11/3 1967/1/3
f 1976/1/4 1967/2/4 1968/12/4 1977/11/4
f 1863/1/5 1977/2/5 1968/12/5 1854/11/5
f 1862/1/6 1976/2/6 1977/12/6 1863/11/6
f 1863/2/1 1864/12/1 1855/11/1 1854/1/1
f 1863/12/2 1854/11/2 1968/1/2 1977/2/2
f 1854/2/3 1855/12/3 1969/11/3 1968/1/3
f 1977/1/4 1968/2/4 1969/12/4 1978/11/4
f 1864/11/5 1978/1/5 1969/2/5 1855/12/5
f 1863/1/6 1977/2/6 1978/12/6 1864/11/6
f 1864/2/1 1865/12/1 1856/11/1 1855/1/1
f 1864/1/2 1855/2/2 1969/12/2 1978/11/2
f 1855/2/3 1856/12/3 1970/11/3 1969/1/3
f 1978/1/4 1969/2/4 1970/12/4 1979/11/4
f 1865/2/5 1979/12/5 1970/11/5 1856/1/5
f 1864/1/6 1978/2/6 1979/12/6 1865/11/6
f 1866/2/1 1867/12/1 1859/11/1 1858/1/1
f 1866/2/2 1858/12/2 1972/11/2 1980/1/2
f 1858/2/3 1859/12/3 1973/11/3 1972/1/3
f 1980/1/4 1972/2/4 1973/12/4 1981/11/4
f 1867/12/5 1981/11/5 1973/1/5 1859/2/5
f 1866/1/6 1980/2/6 1981/12/6 1867/11/6
f 1867/2/1 1868/12/1 1860/11/1 1859/1/1
f 1867/11/2 1859/1/2 1973/2/2 1981/12/2
f 1859/2/3 1860/12/3 1974/11/3 1973/1/3
f 1981/1/4 1973/2/4 1974/12/4 1982/11/4
f 1868/1/5 1982/2/5 1974/12/5 1860/11/5
f 1867/1/6 1981/2/6 1982/12/6 1868/11/6
f 1868/2/1 1869/12/1 1861/11/1 1860/1/1
f 1868/12/2 1860/11/2 1974/1/2 1982/2/2
f 1860/2/3 1861/12/3 1975/11/3 1974/1/3
f 1982/1/4 1974/2/4 1975/12/4 1983/11/4
f 1869/11/5 1983/1/5 1975/2/5 1861/12/5
f 1868/1/6 1982/2/6 1983/12/6 1869/11/6
f 1870/2/1 1871/12/1 1863/11/1 1862/1/1
f 1870/1/2 1862/2/2 1976/12/2 1984/11/2
f 1862/2/3 1863/12/3 1977/11/3 1976/1/3
f 1984/1/4 1976/2/4 1977/12/4 1985/11/4
f 1871/2/5 1985/12/5 1977/11/5 1863/1/5
f 1870/1/6 1984/2/6 1985/12/6 1871/11/6
f 1871/2/1 1872/12/1 1864/11/1 1863/1/1
f 1871/11/2 1863/1/2 1977/2/2 1985/12/2
f 1863/2/3 1864/12/3 1978/11/3 1977/1/3
f 1985/1/4 1977/2/4 1978/12/4 1986/11/4
f 1872/1/5 1986/2/5 1978/12/5 1864/11/5
f 1871/1/6 1985/2/6 1986/12/6 1872/11/6
f 1872/2/1 1873/12/1 1865/11/1 1864/1/1
f 1872/11/2 1864/1/2 1978/2/2 1986/12/2
f 1864/2/3 1865/12/3 1979/11/3 1978/1/3
f 1986/1/4 1978/2/4 1979/12/4 1987/11/4
f 1873/1/5 1987/2/5 1979/12/5 1865/11/5
f 1872/1/6 1986/2/6 1987/12/6 1873/11/6
f 1874/2/1 1875/12/1 1872/11/1 1871/1/1
f 1874/12/2 1871/11/2 1985/1/2 1992/2/2
f 1871/2/3 1872/12/3 1986/11/3 1985/1/3
f 1992/1/4 1985/2/4 1986/12/4 1993/11/4
f 1875/11/5 1993/1/5 1986/2/5 1872/12/5
f 1874/1/6 1992/2/6 1993/12/6 1875/11/6
f 1875/2/1 1876/12/1 1873/11/1 1872/1/1
f 1875/12/2 1872/11/2 1986/1/2 1993/2/2
f 1872/2/3 1873/12/3 1987/11/3 1986/1/3
f 1993/1/4 1986/2/4 1987/12/4 1994/11/4
f 1876/11/5 1994/1/5 1987/2/5 1873/12/5
f 1875/1/6 1993/2/6 1994/12/6 1876/11/6
f 1877/2/1 1878/12/1 1875/11/1 1874/1/1
f 1877/1/2 1874/2/2 1992/12/2 1995/11/2
f 1874/2/3 1875/12/3 1993/11/3 1992/1/3
f 1995/1/4 1992/2/4 1993/12/4 1996/11/4
f 1878/2/5 1996/12/5 1993/11/5 1875/1/5
f 1877/1/6 1995/2/6 1996/12/6 1878/11/6
f 1878/2/1 1879/12/1 1876/11/1 1875/1/1
f 1878/2/2 1875/12/2 1993/11/2 1996/1/2
f 1875/2/3 1876/12/3 1994/11/3 1993/1/3
f 1996/1/4 1993/2/4 1994/12/4 1997/11/4
f 1879/12/5 1997/11/5 1994/1/5 1876/2/5
f 1878/1/6 1996/2/6 1997/12/6 1879/11/6
f 1880/2/1 1881/12/1 1878/11/1 1877/1/1
f 1880/1/2 1877/2/2 1995/12/2 1998/11/2
f 1877/2/3 1878/12/3 1996/11/3 1995/1/3
f 1998/1/4 1995/2/4 1996/12/4 1999/11/4
f 1881/2/5 1999/12/5 1996/11/5 1878/1/5
f 1880/1/6 1998/2/6 1999/12/6 1881/11/6
f 1881/2/1 1882/12/1 1879/11/1 1878/1/1
f 1881/12/2 1878/11/2 1996/1/2 1999/2/2
f 1878/2/3 1879/12/3 1997/11/3 1996/1/3
f 1999/1/4 1996/2/4 1997/12/4 2000/11/4
f 1882/11/5 2000/1/5 1997/2/5 1879/12/5
f 1881/1/6 1999/2/6 2000/12/6 1882/11/6
f 1900/2/1 1901/12/1 1899/11/1 1898/1/1
f 1900/11/2 1898/1/2 2004/2/2 2007/12/2
f 1898/2/3 1899/12/3 2005/11/3 2004/1/3
f 2007/1/4 2004/2/4 2005/12/4 2008/11/4
f 1901/1/5 2008/2/5 2005/12/5 1899/11/5
f 1900/1/6 2007/2/6 2008/12/6 1901/11/6
f 1903/2/1 1904/12/1 1902/11/1 1901/1/1
f 1903/11/2 1901/1/2 2008/2/2 2011/12/2
f 1901/2/3 1902/12/3 2009/11/3 2008/1/3
f 2011/1/4 2008/2/4 2009/12/4 2012/11/4
f 1904/1/5 2012/2/5 2009/12/5 1902/11/5
f 1903/1/6 2011/2/6 2012/12/6 1904/11/6
f 1908/2/1 1909/12/1 1904/11/1 1903/1/1
f 1908/1/2 1903/2/2 2011/12/2 2016/11/2
f 1903/2/3 1904/12/3 2012/11/3 2011/1/3
f 2016/1/4 2011/2/4 2012/12/4 2017/11/4
f 1909/2/5 2017/12/5 2012/11/5 1904/1/5
f 1908/1/6 2016/2/6 2017/12/6 1909/11/6
f 1910/2/1 1911/12/1 1906/11/1 1905/1/1
f 1910/12/2 1905/11/2 2013/1/2 2018/2/2
f 1905/2/3 1906/12/3 2014/11/3 2013/1/3
f 2018/1/4 2013/2/4 2014/12/4 2019/11/4
f 1911/11/5 2019/1/5 2014/2/5 1906/12/5
f 1910/1/6 2018/2/6 2019/12/6 1911/11/6
f 1914/2/1 1915/12/1 1910/11/1 1909/1/1
f 1914/11/2 1909/1/2 2017/2/2 2023/12/2
f 1909/2/3 1910/12/3 2018/11/3 2017/1/3
f 2023/1/4 2017/2/4 2018/12/4 2024/11/4
f 1915/1/5 2024/2/5 2018/12/5 1910/11/5
f 1914/1/6 2023/2/6 2024/12/6 1915/11/6
f 1915/2/1 1916/12/1 1911/11/1 1910/1/1
f 1915/2/2 1910/12/2 2018/11/2 2024/1/2
f 1910/2/3 1911/12/3 2019/11/3 2018/1/3
f 2024/1/4 2018/2/4 2019/12/4 2025/11/4
f 1916/12/5 2025/11/5 2019/1/5 1911/2/5
f 1915/1/6 2024/2/6 2025/12/6 1916/11/6
f 1916/2/1 1917/12/1 1912/11/1 1911/1/1
f 1916/1/2 1911/2/2 2019/12/2 2025/11/2
f 1911/2/3 1912/12/3 2020/11/3 2019/1/3
f 2025/1/4 2019/2/4 2020/12/4 2026/11/4
f 1917/2/5 2026/12/5 2020/11/5 1912/1/5
f 1916/1/6 2025/2/6 2026/12/6 1917/11/6
f 1917/2/1 1918/12/1 1913/11/1 1912/1/1
f 1917/12/2 1912/11/2 2020/1/2 2026/2/2
f 1912/2/3 1913/12/3 2021/11/3 2020/1/3
f 2026/1/4 2020/2/4 2021/12/4 2027/11/4
f 1918/11/5 2027/1/5 2021/2/5 1913/12/5
f 1917/1/6 2026/2/6 2027/12/6 1918/11/6
f 1918/12/2 1913/11/2 2021/1/2 2027/2/2
f 1921/2/1 1922/12/1 1916/11/1 1915/1/1
f 1921/1/2 1915/2/2 2024/12/2 2029/11/2
f 1915/2/3 1916/12/3 2025/11/3 2024/1/3
f 2029/1/4 2024/2/4 2025/12/4 2030/11/4
f 1922/2/5 2030/12/5 2025/11/5 1916/1/5
f 1921/1/6 2029/2/6 2030/12/6 1922/11/6
f 1922/2/1 1923/12/1 1917/11/1 1916/1/1
f 1922/11/2 1916/1/2 2025/2/2 2030/12/2
f 1916/2/3 1917/12/3 2026/11/3 2025/1/3
f 2030/1/4 2025/2/4 2026/12/4 2031/11/4
f 1923/1/5 2031/2/5 2026/12/5 1917/11/5
f 1922/1/6 2030/2/6 2031/12/6 1923/11/6
f 1923/2/1 1924/12/1 1918/11/1 1917/1/1
f 1923/11/2 1917/1/2 2026/2/2 2031/12/2
f 1917/2/3 1918/12/3 2027/11/3 2026/1/3
f 2031/1/4 2026/2/4 2027/12/4 2032/11/4
f 1924/1/5 2032/2/5 2027/12/5 1918/11/5
f 1923/1/6 2031/2/6 2032/12/6 1924/11/6
f 1924/2/1 1925/12/1 1919/11/1 1918/1/1
f 1924/1/2 1918/2/2 2027/12/2 2032/11/2
f 1918/2/3 1919/12/3 2028/11/3 2027/1/3
f 2032/1/4 2027/2/4 2028/12/4 2033/11/4
f 1925/2/5 2033/12/5 2028/11/5 1919/1/5
f 1924/1/6 2032/2/6 2033/12/6 1925/11/6
f 1932/2/1 1933/12/1 1928/11/1 1927/1/1
f 1932/11/2 1927/1/2 2034/2/2 2039/12/2
f 1927/2/3 1928/12/3 2035/11/3 2034/1/3
f 2039/1/4 2034/2/4 2035/12/4 2040/11/4
f 1933/1/5 2040/2/5 2035/12/5 1928/11/5
f 1932/1/6 2039/2/6 2040/12/6 1933/11/6
f 1933/2/1 1934/12/1 1929/11/1 1928/1/1
f 1933/11/2 1928/1/2 2035/2/2 2040/12/2
f 1928/2/3 1929/12/3 2036/11/3 2035/1/3
f 2040/1/4 2035/2/4 2036/12/4 2041/11/4
f 1934/1/5 2041/2/5 2036/12/5 1929/11/5
f 1933/1/6 2040/2/6 2041/12/6 1934/11/6
f 1934/2/1 1935/12/1 1930/11/1 1929/1/1
f 1934/1/2 1929/2/2 2036/12/2 2041/11/2
f 1929/2/3 1930/12/3 2037/11/3 2036/1/3
f 2041/1/4 2036/2/4 2037/12/4 2042/11/4
f 1935/2/5 2042/12/5 2037/11/5 1930/1/5
f 1934/1/6 2041/2/6 2042/12/6 1935/11/6
f 1935/2/1 1936/12/1 1931/11/1 1930/1/1
f 1935/11/2 1930/1/2 2037/2/2 2042/12/2
f 1930/2/3 1931/12/3 2038/11/3 2037/1/3
f 2042/1/4 2037/2/4 2038/12/4 2043/11/4
f 1936/1/5 2043/2/5 2038/12/5 1931/11/5
f 1935/1/6 2042/2/6 2043/12/6 1936/11/6
f 1938/2/1 1939/12/1 1933/11/1 1932/1/1
f 1938/2/2 1932/12/2 2039/11/2 2044/1/2
f 1932/2/3 1933/12/3 2040/11/3 2039/1/3
f 2044/1/4 2039/2/4 2040/12/4 2045/11/4
f 1939/12/5 2045/11/5 2040/1/5 1933/2/5
f 1938/1/6 2044/2/6 2045/12/6 1939/11/6
f 1939/2/1 1940/12/1 1934/11/1 1933/1/1
f 1939/1/2 1933/2/2 2040/12/2 2045/11/2
f 1933/2/3 1934/12/3 2041/11/3 2040/1/3
f 2045/1/4 2040/2/4 2041/12/4 2046/11/4
f 1940/2/5 2046/12/5 2041/11/5 1934/1/5
f 1939/1/6 2045/2/6 2046/12/6 1940/11/6
f 1940/2/1 1941/12/1 1935/11/1 1934/1/1
f 1940/1/2 1934/2/2 2041/12/2 2046/11/2
f 1934/2/3 1935/12/3 2042/11/3 2041/1/3
f 2046/1/4 2041/2/4 2042/12/4 2047/11/4
f 1941/2/5 2047/12/5 2042/11/5 1935/1/5
f 1940/1/6 2046/2/6 2047/12/6 1941/11/6
f 1941/2/1 1942/12/1 1936/11/1 1935/1/1
f 1941/11/2 1935/1/2 2042/2/2 2047/12/2
f 1935/2/3 1936/12/3 2043/11/3 2042/1/3
f 2047/1/4 2042/2/4 2043/12/4 2048/11/4
f 1942/1/5 2048/2/5 2043/12/5 1936/11/5
f 1941/1/6 2047/2/6 2048/12/6 1942/11/6
f 1947/2/1 1948/12/1 1939/11/1 1938/1/1
f 1947/2/2 1938/12/2 2044/11/2 2053/1/2
f 1938/2/3 1939/12/3 2045/11/3 2044/1/3
f 2053/1/4 2044/2/4 2045/12/4 2054/11/4
f 1948/12/5 2054/11/5 2045/1/5 1939/2/5
f 1947/1/6 2053/2/6 2054/12/6 1948/11/6
f 1948/2/1 1949/12/1 1940/11/1 1939/1/1
f 1948/11/2 1939/1/2 2045/2/2 2054/12/2
f 1939/2/3 1940/12/3 2046/11/3 2045/1/3
f 2054/1/4 2045/2/4 2046/12/4 2055/11/4
f 1949/1/5 2055/2/5 2046/12/5 1940/11/5
f 1948/1/6 2054/2/6 2055/12/6 1949/11/6
f 1949/2/1 1950/12/1 1941/11/1 1940/1/1
f 1949/1/2 1940/2/2 2046/12/2 2055/11/2
f 1940/2/3 1941/12/3 2047/11/3 2046/1/3
f 2055/1/4 2046/2/4 2047/12/4 2056/11/4
f 1950/2/5 2056/12/5 2047/11/5 1941/1/5
f 1949/1/6 2055/2/6 2056/12/6 1950/11/6
f 1950/2/1 1951/12/1 1942/11/1 1941/1/1
f 1950/2/2 1941/12/2 2047/11/2 2056/1/2
f 1941/2/3 1942/12/3 2048/11/3 2047/1/3
f 2056/1/4 2047/2/4 2048/12/4 2057/11/4
f 1951/12/5 2057/11/5 2048/1/5 1942/2/5
f 1950/1/6 2056/2/6 2057/12/6 1951/11/6
f 1952/2/1 1953/12/1 1944/11/1 1943/1/1
f 1952/12/2 1943/11/2 2049/1/2 2058/2/2
f 1943/2/3 1944/12/3 2050/11/3 2049/1/3
f 2058/1/4 2049/2/4 2050/12/4 2059/11/4
f 1953/11/5 2059/1/5 2050/2/5 1944/12/5
f 1952/1/6 2058/2/6 2059/12/6 1953/11/6
f 1953/2/1 1954/12/1 1945/11/1 1944/1/1
f 1953/1/2 1944/2/2 2050/12/2 2059/11/2
f 1944/2/3 1945/12/3 2051/11/3 2050/1/3
f 2059/1/4 2050/2/4 2051/12/4 2060/11/4
f 1954/2/5 2060/12/5 2051/11/5 1945/1/5
f 1953/1/6 2059/2/6 2060/12/6 1954/11/6
f 1955/2/1 1956/12/1 1947/11/1 1946/1/1
f 1955/1/2 1946/2/2 2052/12/2 2061/11/2
f 1946/2/3 1947/12/3 2053/11/3 2052/1/3
f 2061/1/4 2052/2/4 2053/12/4 2062/11/4
f 1956/2/5 2062/12/5 2053/11/5 1947/1/5
f 1955/1/6 2061/2/6 2062/12/6 1956/11/6
f 1956/2/1 1957/12/1 1948/11/1 1947/1/1
f 1956/1/2 1947/2/2 2053/12/2 2062/11/2
f 1947/2/3 1948/12/3 2054/11/3 2053/1/3
f 2062/1/4 2053/2/4 2054/12/4 2063/11/4
f 1957/2/5 2063/12/5 2054/11/5 1948/1/5
f 1956/1/6 2062/2/6 2063/12/6 1957/11/6
f 1957/2/1 1958/12/1 1949/11/1 1948/1/1
f 1957/11/2 1948/1/2 2054/2/2 2063/12/2
f 1948/2/3 1949/12/3 2055/11/3 2054/1/3
f 2063/1/4 2054/2/4 2055/12/4 2064/11/4
f 1958/1/5 2064/2/5 2055/12/5 1949/11/5
f 1957/1/6 2063/2/6 2064/12/6 1958/11/6
f 1958/2/1 1959/12/1 1950/11/1 1949/1/1
f 1958/12/2 1949/11/2 2055/1/2 2064/2/2
f 1949/2/3 1950/12/3 2056/11/3 2055/1/3
f 2064/1/4 2055/2/4 2056/12/4 2065/11/4
f 1959/11/5 2065/1/5 2056/2/5 1950/12/5
f 1958/1/6 2064/2/6 2065/12/6 1959/11/6
f 1962/2/1 1963/12/1 1953/11/1 1952/1/1
f 1962/12/2 1952/11/2 2058/1/2 2066/2/2
f 1952/2/3 1953/12/3 2059/11/3 2058/1/3
f 2066/1/4 2058/2/4 2059/12/4 2067/11/4
f 1963/11/5 2067/1/5 2059/2/5 1953/12/5
f 1962/1/6 2066/2/6 2067/12/6 1963/11/6
f 1963/2/1 1964/12/1 1954/11/1 1953/1/1
f 1963/2/2 1953/12/2 2059/11/2 2067/1/2
f 1953/2/3 1954/12/3 2060/11/3 2059/1/3
f 2067/1/4 2059/2/4 2060/12/4 2068/11/4
f 1964/12/5 2068/11/5 2060/1/5 1954/2/5
f 1963/1/6 2067/2/6 2068/12/6 1964/11/6
f 1964/2/1 1965/12/1 1955/11/1 1954/1/1
f 1964/11/2 1954/1/2 2060/2/2 2068/12/2
f 1954/2/3 1955/12/3 2061/11/3 2060/1/3
f 2068/1/4 2060/2/4 2061/12/4 2069/11/4
f 1965/1/5 2069/2/5 2061/12/5 1955/11/5
f 1964/1/6 2068/2/6 2069/12/6 1965/11/6
f 1966/2/1 1967/12/1 1957/11/1 1956/1/1
f 1966/1/2 1956/2/2 2062/12/2 2070/11/2
f 1956/2/3 1957/12/3 2063/11/3 2062/1/3
f 2070/1/4 2062/2/4 2063/12/4 2071/11/4
f 1967/2/5 2071/12/5 2063/11/5 1957/1/5
f 1966/1/6 2070/2/6 2071/12/6 1967/11/6
f 1967/2/1 1968/12/1 1958/11/1 1957/1/1
f 1967/11/2 1957/1/2 2063/2/2 2071/12/2
f 1957/2/3 1958/12/3 2064/11/3 2063/1/3
f 2071/1/4 2063/2/4 2064/12/4 2072/11/4
f 1968/1/5 2072/2/5 2064/12/5 1958/11/5
f 1967/1/6 2071/2/6 2072/12/6 1968/11/6
f 1968/2/1 1969/12/1 1959/11/1 1958/1/1
f 1968/2/2 1958/12/2 2064/11/2 2072/1/2
f 1958/2/3 1959/12/3 2065/11/3 2064/1/3
f 2072/1/4 2064/2/4 2065/12/4 2073/11/4
f 1969/12/5 2073/11/5 2065/1/5 1959/2/5
f 1968/1/6 2072/2/6 2073/12/6 1969/11/6
f 1972/2/1 1973/12/1 1963/11/1 1962/1/1
f 1972/12/2 1962/11/2 2066/1/2 2075/2/2
f 1962/2/3 1963/12/3 2067/11/3 2066/1/3
f 2075/1/4 2066/2/4 2067/12/4 2076/11/4
f 1973/11/5 2076/1/5 2067/2/5 1963/12/5
f 1972/1/6 2075/2/6 2076/12/6 1973/11/6
f 1973/2/1 1974/12/1 1964/11/1 1963/1/1
f 1973/12/2 1963/11/2 2067/1/2 2076/2/2
f 1963/2/3 1964/12/3 2068/11/3 2067/1/3
f 2076/1/4 2067/2/4 2068/12/4 2077/11/4
f 1974/11/5 2077/1/5 2068/2/5 1964/12/5
f 1973/1/6 2076/2/6 2077/12/6 1974/11/6
f 1974/2/1 1975/12/1 1965/11/1 1964/1/1
f 1974/2/2 1964/12/2 2068/11/2 2077/1/2
f 1964/2/3 1965/12/3 2069/11/3 2068/1/3
f 2077/1/4 2068/2/4 2069/12/4 2078/11/4
f 1975/12/5 2078/11/5 2069/1/5 1965/2/5
f 1974/1/6 2077/2/6 2078/12/6 1975/11/6
f 1976/2/1 1977/12/1 1968/11/1 1967/1/1
f 1976/1/2 1967/2/2 2071/12/2 2079/11/2
f 1967/2/3 1968/12/3 2072/11/3 2071/1/3
f 2079/1/4 2071/2/4 2072/12/4 2080/11/4
f 1977/2/5 2080/12/5 2072/11/5 1968/1/5
f 1976/1/6 2079/2/6 2080/12/6 1977/11/6
f 1977/2/1 1978/12/1 1969/11/1 1968/1/1
f 1977/11/2 1968/1/2 2072/2/2 2080/12/2
f 1968/2/3 1969/12/3 2073/11/3 2072/1/3
f 2080/1/4 2072/2/4 2073/12/4 2081/11/4
f 1978/1/5 2081/2/5 2073/12/5 1969/11/5
f 1977/1/6 2080/2/6 2081/12/6 1978/11/6
f 1978/2/1 1979/12/1 1970/11/1 1969/1/1
f 1978/2/2 1969/12/2 2073/11/2 2081/1/2
f 1969/2/3 1970/12/3 2074/11/3 2073/1/3
f 2081/1/4 2073/2/4 2074/12/4 2082/11/4
f 1979/12/5 2082/11/5 2074/1/5 1970/2/5
f 1978/1/6 2081/2/6 2082/12/6 1979/11/6
f 1980/2/1 1981/12/1 1973/11/1 1972/1/1
f 1980/12/2 1972/11/2 2075/1/2 2083/2/2
f 1972/2/3 1973/12/3 2076/11/3 2075/1/3
f 2083/1/4 2075/2/4 2076/12/4 2084/11/4
f 1981/11/5 2084/1/5 2076/2/5 1973/12/5
f 1980/1/6 2083/2/6 2084/12/6 1981/11/6
f 1981/2/1 1982/12/1 1974/11/1 1973/1/1
f 1981/2/2 1973/12/2 2076/11/2 2084/1/2
f 1973/2/3 1974/12/3 2077/11/3 2076/1/3
f 2084/1/4 2076/2/4 2077/12/4 2085/11/4
f 1982/12/5 2085/11/5 2077/1/5 1974/2/5
f 1981/1/6 2084/2/6 2085/12/6 1982/11/6
f 1982/2/1 1983/12/1 1975/11/1 1974/1/1
f 1982/1/2 1974/2/2 2077/12/2 2085/11/2
f 1974/2/3 1975/12/3 2078/11/3 2077/1/3
f 2085/1/4 2077/2/4 2078/12/4 2086/11/4
f 1983/2/5 2086/12/5 2078/11/5 1975/1/5
f 1982/1/6 2085/2/6 2086/12/6 1983/11/6
f 1984/2/1 1985/12/1 1977/11/1 1976/1/1
f 1984/1/2 1976/2/2 2079/12/2 2087/11/2
f 1976/2/3 1977/12/3 2080/11/3 2079/1/3
f 2087/1/4 2079/2/4 2080/12/4 2088/11/4
f 1985/2/5 2088/12/5 2080/11/5 1977/1/5
f 1984/1/6 2087/2/6 2088/12/6 1985/11/6
f 1985/2/1 1986/12/1 1978/11/1 1977/1/1
f 1985/2/2 1977/12/2 2080/11/2 2088/1/2
f 1977/2/3 1978/12/3 2081/11/3 2080/1/3
f 2088/1/4 2080/2/4 2081/12/4 2089/11/4
f 1986/12/5 2089/11/5 2081/1/5 1978/2/5
f 1985/1/6 2088/2/6 2089/12/6 1986/11/6
f 1986/2/1 1987/12/1 1979/11/1 1978/1/1
f 1986/2/2 1978/12/2 2081/11/2 2089/1/2
f 1978/2/3 1979/12/3 2082/11/3 2081/1/3
f 2089/1/4 2081/2/4 2082/12/4 2090/11/4
f 1987/12/5 2090/11/5 2082/1/5 1979/2/5
f 1986/1/6 2089/2/6 2090/12/6 1987/11/6
f 1988/2/1 1989/12/1 1981/11/1 1980/1/1
f 1988/11/2 1980/1/2 2083/2/2 2091/12/2
f 1980/2/3 1981/12/3 2084/11/3 2083/1/3
f 2091/1/4 2083/2/4 2084/12/4 2092/11/4
f 1989/1/5 2092/2/5 2084/12/5 1981/11/5
f 1988/1/6 2091/2/6 2092/12/6 1989/11/6
f 1989/2/1 1990/12/1 1982/11/1 1981/1/1
f 1989/2/2 1981/12/2 2084/11/2 2092/1/2
f 1981/2/3 1982/12/3 2085/11/3 2084/1/3
f 2092/1/4 2084/2/4 2085/12/4 2093/11/4
f 1990/12/5 2093/11/5 2085/1/5 1982/2/5
f 1989/1/6 2092/2/6 2093/12/6 1990/11/6
f 1991/2/1 1992/12/1 1985/11/1 1984/1/1
f 1991/2/2 1984/12/2 2087/11/2 2094/1/2
f 1984/2/3 1985/12/3 2088/11/3 2087/1/3
f 2094/1/4 2087/2/4 2088/12/4 2095/11/4
f 1992/12/5 2095/11/5 2088/1/5 1985/2/5
f 1991/1/6 2094/2/6 2095/12/6 1992/11/6
f 1992/2/1 1993/12/1 1986/11/1 1985/1/1
f 1992/11/2 1985/1/2 2088/2/2 2095/12/2
f 1985/2/3 1986/12/3 2089/11/3 2088/1/3
f 2095/1/4 2088/2/4 2089/12/4 2096/11/4
f 1993/1/5 2096/2/5 2089/12/5 1986/11/5
f 1992/1/6 2095/2/6 2096/12/6 1993/11/6
f 1993/2/1 1994/12/1 1987/11/1 1986/1/1
f 1993/12/2 1986/11/2 2089/1/2 2096/2/2
f 1986/2/3 1987/12/3 2090/11/3 2089/1/3
f 2096/1/4 2089/2/4 2090/12/4 2097/11/4
f 1994/11/5 2097/1/5 2090/2/5 1987/12/5
f 1993/1/6 2096/2/6 2097/12/6 1994/11/6
f 1995/2/1 1996/12/1 1993/11/1 1992/1/1
f 1995/2/2 1992/12/2 2095/11/2 2099/1/2
f 1992/2/3 1993/12/3 2096/11/3 2095/1/3
f 2099/1/4 2095/2/4 2096/12/4 2100/11/4
f 1996/12/5 2100/11/5 2096/1/5 1993/2/5
f 1995/1/6 2099/2/6 2100/12/6 1996/11/6
f 1996/2/1 1997/12/1 1994/11/1 1993/1/1
f 1996/2/2 1993/12/2 2096/11/2 2100/1/2
f 1993/2/3 1994/12/3 2097/11/3 2096/1/3
f 2100/1/4 2096/2/4 2097/12/4 2101/11/4
f 1997/12/5 2101/11/5 2097/1/5 1994/2/5
f 1996/1/6 2100/2/6 2101/12/6 1997/11/6
f 1998/2/1 1999/12/1 1996/11/1 1995/1/1
f 1998/1/2 1995/2/2 2099/12/2 2102/11/2
f 1995/2/3 1996/12/3 2100/11/3 2099/1/3
f 2102/1/4 2099/2/4 2100/12/4 2103/11/4
f 1999/2/5 2103/12/5 2100/11/5 1996/1/5
f 1998/1/6 2102/2/6 2103/12/6 1999/11/6
f 1999/2/1 2000/12/1 1997/11/1 1996/1/1
f 1999/2/2 1996/12/2 2100/11/2 2103/1/2
f 1996/2/3 1997/12/3 2101/11/3 2100/1/3
f 2103/1/4 2100/2/4 2101/12/4 2104/11/4
f 2000/12/5 2104/11/5 2101/1/5 1997/2/5
f 1999/1/6 2103/2/6 2104/12/6 2000/11/6
f 2001/2/1 2002/12/1 1999/11/1 1998/1/1
f 2001/2/2 1998/12/2 2102/11/2 2105/1/2
f 1998/2/3 1999/12/3 2103/11/3 2102/1/3
f 2105/1/4 2102/2/4 2103/12/4 2106/11/4
f 2002/12/5 2106/11/5 2103/1/5 1999/2/5
f 2001/1/6 2105/2/6 2106/12/6 2002/11/6
f 2002/2/1 2003/12/1 2000/11/1 1999/1/1
f 2002/1/2 1999/2/2 2103/12/2 2106/11/2
f 1999/2/3 2000/12/3 2104/11/3 2103/1/3
f 2106/1/4 2103/2/4 2104/12/4 2107/11/4
f 2003/2/5 2107/12/5 2104/11/5 2000/1/5
f 2002/1/6 2106/2/6 2107/12/6 2003/11/6
f 2007/2/1 2008/12/1 2005/11/1 2004/1/1
f 2007/2/2 2004/12/2 2110/11/2 2113/1/2
f 2004/2/3 2005/12/3 2111/11/3 2110/1/3
f 2113/1/4 2110/2/4 2111/12/4 2114/11/4
f 2008/12/5 2114/11/5 2111/1/5 2005/2/5
f 2007/1/6 2113/2/6 2114/12/6 2008/11/6
f 2008/2/1 2009/12/1 2006/11/1 2005/1/1
f 2008/2/2 2005/12/2 2111/11/2 2114/1/2
f 2005/2/3 2006/12/3 2112/11/3 2111/1/3
f 2114/1/4 2111/2/4 2112/12/4 2115/11/4
f 2009/12/5 2115/11/5 2112/1/5 2006/2/5
f 2008/1/6 2114/2/6 2115/12/6 2009/11/6
f 2010/2/1 2011/12/1 2008/11/1 2007/1/1
f 2010/1/2 2007/2/2 2113/12/2 2116/11/2
f 2007/2/3 2008/12/3 2114/11/3 2113/1/3
f 2116/1/4 2113/2/4 2114/12/4 2117/11/4
f 2011/2/5 2117/12/5 2114/11/5 2008/1/5
f 2010/1/6 2116/2/6 2117/12/6 2011/11/6
f 2011/2/1 2012/12/1 2009/11/1 2008/1/1
f 2011/2/2 2008/12/2 2114/11/2 2117/1/2
f 2008/2/3 2009/12/3 2115/11/3 2114/1/3
f 2117/1/4 2114/2/4 2115/12/4 2118/11/4
f 2012/12/5 2118/11/5 2115/1/5 2009/2/5
f 2011/1/6 2117/2/6 2118/12/6 2012/11/6
f 2015/2/1 2016/12/1 2011/11/1 2010/1/1
f 2015/12/2 2010/11/2 2116/1/2 2119/2/2
f 2010/2/3 2011/12/3 2117/11/3 2116/1/3
f 2119/1/4 2116/2/4 2117/12/4 2120/11/4
f 2016/11/5 2120/1/5 2117/2/5 2011/12/5
f 2015/1/6 2119/2/6 2120/12/6 2016/11/6
f 2016/2/1 2017/12/1 2012/11/1 2011/1/1
f 2016/2/2 2011/12/2 2117/11/2 2120/1/2
f 2011/2/3 2012/12/3 2118/11/3 2117/1/3
f 2120/1/4 2117/2/4 2118/12/4 2121/11/4
f 2017/12/5 2121/11/5 2118/1/5 2012/2/5
f 2016/1/6 2120/2/6 2121/12/6 2017/11/6
f 2023/2/1 2024/12/1 2018/11/1 2017/1/1
f 2023/11/2 2017/1/2 2121/2/2 2127/12/2
f 2017/2/3 2018/12/3 2122/11/3 2121/1/3
f 2127/1/4 2121/2/4 2122/12/4 2128/11/4
f 2024/1/5 2128/2/5 2122/12/5 2018/11/5
f 2023/1/6 2127/2/6 2128/12/6 2024/11/6
f 2024/2/1 2025/12/1 2019/11/1 2018/1/1
f 2024/12/2 2018/11/2 2122/1/2 2128/2/2
f 2018/2/3 2019/12/3 2123/11/3 2122/1/3
f 2128/1/4 2122/2/4 2123/12/4 2129/11/4
f 2025/11/5 2129/1/5 2123/2/5 2019/12/5
f 2024/1/6 2128/2/6 2129/12/6 2025/11/6
f 2027/2/1 2028/12/1 2022/11/1 2021/1/1
f 2027/11/2 2021/1/2 2124/2/2 2131/12/2
f 2021/2/3 2022/12/3 2125/11/3 2124/1/3
f 2131/1/4 2124/2/4 2125/12/4 2132/11/4
f 2028/1/5 2132/2/5 2125/12/5 2022/11/5
f 2027/1/6 2131/2/6 2132/12/6 2028/11/6
f 2029/2/1 2030/12/1 2025/11/1 2024/1/1
f 2029/12/2 2024/11/2 2128/1/2 2133/2/2
f 2024/2/3 2025/12/3 2129/11/3 2128/1/3
f 2133/1/4 2128/2/4 2129/12/4 2134/11/4
f 2030/11/5 2134/1/5 2129/2/5 2025/12/5
f 2029/1/6 2133/2/6 2134/12/6 2030/11/6
f 2030/2/1 2031/12/1 2026/11/1 2025/1/1
f 2030/11/2 2025/1/2 2129/2/2 2134/12/2
f 2025/2/3 2026/12/3 2130/11/3 2129/1/3
f 2134/1/4 2129/2/4 2130/12/4 2135/11/4
f 2031/1/5 2135/2/5 2130/12/5 2026/11/5
f 2030/1/6 2134/2/6 2135/12/6 2031/11/6
f 2031/2/1 2032/12/1 2027/11/1 2026/1/1
f 2031/2/2 2026/12/2 2130/11/2 2135/1/2
f 2026/2/3 2027/12/3 2131/11/3 2130/1/3
f 2135/1/4 2130/2/4 2131/12/4 2136/11/4
f 2032/12/5 2136/11/5 2131/1/5 2027/2/5
f 2031/1/6 2135/2/6 2136/12/6 2032/11/6
f 2032/12/2 2027/11/2 2131/1/2 2136/2/2
f 2034/2/1 2035/12/1 2031/11/1 2030/1/1
f 2034/12/2 2030/11/2 2134/1/2 2138/2/2
f 2030/2/3 2031/12/3 2135/11/3 2134/1/3
f 2138/1/4 2134/2/4 2135/12/4 2139/11/4
f 2035/11/5 2139/1/5 2135/2/5 2031/12/5
f 2034/1/6 2138/2/6 2139/12/6 2035/11/6
f 2035/2/1 2036/12/1 2032/11/1 2031/1/1
f 2035/2/2 2031/12/2 2135/11/2 2139/1/2
f 2031/2/3 2032/12/3 2136/11/3 2135/1/3
f 2139/1/4 2135/2/4 2136/12/4 2140/11/4
f 2036/12/5 2140/11/5 2136/1/5 2032/2/5
f 2035/1/6 2139/2/6 2140/12/6 2036/11/6
f 2036/2/1 2037/12/1 2033/11/1 2032/1/1
f 2036/1/2 2032/2/2 2136/12/2 2140/11/2
f 2032/2/3 2033/12/3 2137/11/3 2136/1/3
f 2140/1/4 2136/2/4 2137/12/4 2141/11/4
f 2037/2/5 2141/12/5 2137/11/5 2033/1/5
f 2036/1/6 2140/2/6 2141/12/6 2037/11/6
f 2039/2/1 2040/12/1 2035/11/1 2034/1/1
f 2039/1/2 2034/2/2 2138/12/2 2142/11/2
f 2034/2/3 2035/12/3 2139/11/3 2138/1/3
f 2142/1/4 2138/2/4 2139/12/4 2143/11/4
f 2040/2/5 2143/12/5 2139/11/5 2035/1/5
f 2039/1/6 2142/2/6 2143/12/6 2040/11/6
f 2040/2/1 2041/12/1 2036/11/1 2035/1/1
f 2040/12/2 2035/11/2 2139/1/2 2143/2/2
f 2035/2/3 2036/12/3 2140/11/3 2139/1/3
f 2143/1/4 2139/2/4 2140/12/4 2144/11/4
f 2041/11/5 2144/1/5 2140/2/5 2036/12/5
f 2040/1/6 2143/2/6 2144/12/6 2041/11/6
f 2041/2/2 2036/12/2 2140/11/2 2144/1/2
f 2044/2/1 2045/12/1 2040/11/1 2039/1/1
f 2044/2/2 2039/12/2 2142/11/2 2146/1/2
f 2039/2/3 2040/12/3 2143/11/3 2142/1/3
f 2146/1/4 2142/2/4 2143/12/4 2147/11/4
f 2045/12/5 2147/11/5 2143/1/5 2040/2/5
f 2044/1/6 2146/2/6 2147/12/6 2045/11/6
f 2045/2/1 2046/12/1 2041/11/1 2040/1/1
f 2045/12/2 2040/11/2 2143/1/2 2147/2/2
f 2040/2/3 2041/12/3 2144/11/3 2143/1/3
f 2147/1/4 2143/2/4 2144/12/4 2148/11/4
f 2046/11/5 2148/1/5 2144/2/5 2041/12/5
f 2045/1/6 2147/2/6 2148/12/6 2046/11/6
f 2046/2/1 2047/12/1 2042/11/1 2041/1/1
f 2046/11/2 2041/1/2 2144/2/2 2148/12/2
f 2041/2/3 2042/12/3 2145/11/3 2144/1/3
f 2148/1/4 2144/2/4 2145/12/4 2149/11/4
f 2047/1/5 2149/2/5 2145/12/5 2042/11/5
f 2046/1/6 2148/2/6 2149/12/6 2047/11/6
f 2053/2/1 2054/12/1 2045/11/1 2044/1/1
f 2053/2/2 2044/12/2 2146/11/2 2154/1/2
f 2044/2/3 2045/12/3 2147/11/3 2146/1/3
f 2154/1/4 2146/2/4 2147/12/4 2155/11/4
f 2054/12/5 2155/11/5 2147/1/5 2045/2/5
f 2053/1/6 2154/2/6 2155/12/6 2054/11/6
f 2054/2/1 2055/12/1 2046/11/1 2045/1/1
f 2054/1/2 2045/2/2 2147/12/2 2155/11/2
f 2045/2/3 2046/12/3 2148/11/3 2147/1/3
f 2155/1/4 2147/2/4 2148/12/4 2156/11/4
f 2055/2/5 2156/12/5 2148/11/5 2046/1/5
f 2054/1/6 2155/2/6 2156/12/6 2055/11/6
f 2055/2/1 2056/12/1 2047/11/1 2046/1/1
f 2055/2/2 2046/12/2 2148/11/2 2156/1/2
f 2046/2/3 2047/12/3 2149/11/3 2148/1/3
f 2156/1/4 2148/2/4 2149/12/4 2157/11/4
f 2056/12/5 2157/11/5 2149/1/5 2047/2/5
f 2055/1/6 2156/2/6 2157/12/6 2056/11/6
f 2058/2/1 2059/12/1 2050/11/1 2049/1/1
f 2058/2/2 2049/12/2 2150/11/2 2158/1/2
f 2049/2/3 2050/12/3 2151/11/3 2150/1/3
f 2158/1/4 2150/2/4 2151/12/4 2159/11/4
f 2059/12/5 2159/11/5 2151/1/5 2050/2/5
f 2058/1/6 2158/2/6 2159/12/6 2059/11/6
f 2059/2/1 2060/12/1 2051/11/1 2050/1/1
f 2059/1/2 2050/2/2 2151/12/2 2159/11/2
f 2050/2/3 2051/12/3 2152/11/3 2151/1/3
f 2159/1/4 2151/2/4 2152/12/4 2160/11/4
f 2060/2/5 2160/12/5 2152/11/5 2051/1/5
f 2059/1/6 2159/2/6 2160/12/6 2060/11/6
f 2061/2/1 2062/12/1 2053/11/1 2052/1/1
f 2061/2/2 2052/12/2 2153/11/2 2161/1/2
f 2052/2/3 2053/12/3 2154/11/3 2153/1/3
f 2161/1/4 2153/2/4 2154/12/4 2162/11/4
f 2062/12/5 2162/11/5 2154/1/5 2053/2/5
f 2061/1/6 2161/2/6 2162/12/6 2062/11/6
f 2062/2/1 2063/12/1 2054/11/1 2053/1/1
f 2062/1/2 2053/2/2 2154/12/2 2162/11/2
f 2053/2/3 2054/12/3 2155/11/3 2154/1/3
f 2162/1/4 2154/2/4 2155/12/4 2163/11/4
f 2063/2/5 2163/12/5 2155/11/5 2054/1/5
f 2062/1/6 2162/2/6 2163/12/6 2063/11/6
f 2063/2/1 2064/12/1 2055/11/1 2054/1/1
f 2063/12/2 2054/11/2 2155/1/2 2163/2/2
f 2054/2/3 2055/12/3 2156/11/3 2155/1/3
f 2163/1/4 2155/2/4 2156/12/4 2164/11/4
f 2064/11/5 2164/1/5 2156/2/5 2055/12/5
f 2063/1/6 2163/2/6 2164/12/6 2064/11/6
f 2064/2/1 2065/12/1 2056/11/1 2055/1/1
f 2064/12/2 2055/11/2 2156/1/2 2164/2/2
f 2055/2/3 2056/12/3 2157/11/3 2156/1/3
f 2164/1/4 2156/2/4 2157/12/4 2165/11/4
f 2065/11/5 2165/1/5 2157/2/5 2056/12/5
f 2064/1/6 2164/2/6 2165/12/6 2065/11/6
f 2066/2/1 2067/12/1 2059/11/1 2058/1/1
f 2066/1/2 2058/2/2 2158/12/2 2166/11/2
f 2058/2/3 2059/12/3 2159/11/3 2158/1/3
f 2166/1/4 2158/2/4 2159/12/4 2167/11/4
f 2067/2/5 2167/12/5 2159/11/5 2059/1/5
f 2066/1/6 2166/2/6 2167/12/6 2067/11/6
f 2067/2/1 2068/12/1 2060/11/1 2059/1/1
f 2067/2/2 2059/12/2 2159/11/2 2167/1/2
f 2059/2/3 2060/12/3 2160/11/3 2159/1/3
f 2167/1/4 2159/2/4 2160/12/4 2168/11/4
f 2068/12/5 2168/11/5 2160/1/5 2060/2/5
f 2067/1/6 2167/2/6 2168/12/6 2068/11/6
f 2068/2/1 2069/12/1 2061/11/1 2060/1/1
f 2068/12/2 2060/11/2 2160/1/2 2168/2/2
f 2060/2/3 2061/12/3 2161/11/3 2160/1/3
f 2168/1/4 2160/2/4 2161/12/4 2169/11/4
f 2069/11/5 2169/1/5 2161/2/5 2061/12/5
f 2068/1/6 2168/2/6 2169/12/6 2069/11/6
f 2071/2/1 2072/12/1 2064/11/1 2063/1/1
f 2071/12/2 2063/11/2 2163/1/2 2171/2/2
f 2063/2/3 2064/12/3 2164/11/3 2163/1/3
f 2171/1/4 2163/2/4 2164/12/4 2172/11/4
f 2072/11/5 2172/1/5 2164/2/5 2064/12/5
f 2071/1/6 2171/2/6 2172/12/6 2072/11/6
f 2072/2/1 2073/12/1 2065/11/1 2064/1/1
f 2072/11/2 2064/1/2 2164/2/2 2172/12/2
f 2064/2/3 2065/12/3 2165/11/3 2164/1/3
f 2172/1/4 2164/2/4 2165/12/4 2173/11/4
f 2073/1/5 2173/2/5 2165/12/5 2065/11/5
f 2072/1/6 2172/2/6 2173/12/6 2073/11/6
f 2075/2/1 2076/12/1 2067/11/1 2066/1/1
f 2075/1/2 2066/2/2 2166/12/2 2175/11/2
f 2066/2/3 2067/12/3 2167/11/3 2166/1/3
f 2175/1/4 2166/2/4 2167/12/4 2176/11/4
f 2076/2/5 2176/12/5 2167/11/5 2067/1/5
f 2075/1/6 2175/2/6 2176/12/6 2076/11/6
f 2076/2/1 2077/12/1 2068/11/1 2067/1/1
f 2076/1/2 2067/2/2 2167/12/2 2176/11/2
f 2067/2/3 2068/12/3 2168/11/3 2167/1/3
f 2176/1/4 2167/2/4 2168/12/4 2177/11/4
f 2077/2/5 2177/12/5 2168/11/5 2068/1/5
f 2076/1/6 2176/2/6 2177/12/6 2077/11/6
f 2077/2/1 2078/12/1 2069/11/1 2068/1/1
f 2077/11/2 2068/1/2 2168/2/2 2177/12/2
f 2068/2/3 2069/12/3 2169/11/3 2168/1/3
f 2177/1/4 2168/2/4 2169/12/4 2178/11/4
f 2078/1/5 2178/2/5 2169/12/5 2069/11/5
f 2077/1/6 2177/2/6 2178/12/6 2078/11/6
f 2079/2/1 2080/12/1 2072/11/1 2071/1/1
f 2079/12/2 2071/11/2 2171/1/2 2180/2/2
f 2071/2/3 2072/12/3 2172/11/3 2171/1/3
f 2180/1/4 2171/2/4 2172/12/4 2181/11/4
f 2080/11/5 2181/1/5 2172/2/5 2072/12/5
f 2079/1/6 2180/2/6 2181/12/6 2080/11/6
f 2080/2/1 2081/12/1 2073/11/1 2072/1/1
f 2080/11/2 2072/1/2 2172/2/2 2181/12/2
f 2072/2/3 2073/12/3 2173/11/3 2172/1/3
f 2181/1/4 2172/2/4 2173/12/4 2182/11/4
f 2081/1/5 2182/2/5 2173/12/5 2073/11/5
f 2080/1/6 2181/2/6 2182/12/6 2081/11/6
f 2081/2/1 2082/12/1 2074/11/1 2073/1/1
f 2081/11/2 2073/1/2 2173/2/2 2182/12/2
f 2073/2/3 2074/12/3 2174/11/3 2173/1/3
f 2182/1/4 2173/2/4 2174/12/4 2183/11/4
f 2082/1/5 2183/2/5 2174/12/5 2074/11/5
f 2081/1/6 2182/2/6 2183/12/6 2082/11/6
f 2083/2/1 2084/12/1 2076/11/1 2075/1/1
f 2083/11/2 2075/1/2 2175/2/2 2184/12/2
f 2075/2/3 2076/12/3 2176/11/3 2175/1/3
f 2184/1/4 2175/2/4 2176/12/4 2185/11/4
f 2084/1/5 2185/2/5 2176/12/5 2076/11/5
f 2083/1/6 2184/2/6 2185/12/6 2084/11/6
f 2084/2/1 2085/12/1 2077/11/1 2076/1/1
f 2084/2/2 2076/12/2 2176/11/2 2185/1/2
f 2076/2/3 2077/12/3 2177/11/3 2176/1/3
f 2185/1/4 2176/2/4 2177/12/4 2186/11/4
f 2085/12/5 2186/11/5 2177/1/5 2077/2/5
f 2084/1/6 2185/2/6 2186/12/6 2085/11/6
f 2085/2/1 2086/12/1 2078/11/1 2077/1/1
f 2085/11/2 2077/1/2 2177/2/2 2186/12/2
f 2077/2/3 2078/12/3 2178/11/3 2177/1/3
f 2186/1/4 2177/2/4 2178/12/4 2187/11/4
f 2086/1/5 2187/2/5 2178/12/5 2078/11/5
f 2085/1/6 2186/2/6 2187/12/6 2086/11/6
f 2087/2/1 2088/12/1 2080/11/1 2079/1/1
f 2087/2/2 2079/12/2 2180/11/2 2189/1/2
f 2079/2/3 2080/12/3 2181/11/3 2180/1/3
f 2189/1/4 2180/2/4 2181/12/4 2190/11/4
f 2088/12/5 2190/11/5 2181/1/5 2080/2/5
f 2087/1/6 2189/2/6 2190/12/6 2088/11/6
f 2088/2/1 2089/12/1 2081/11/1 2080/1/1
f 2088/12/2 2080/11/2 2181/1/2 2190/2/2
f 2080/2/3 2081/12/3 2182/11/3 2181/1/3
f 2190/1/4 2181/2/4 2182/12/4 2191/11/4
f 2089/11/5 2191/1/5 2182/2/5 2081/12/5
f 2088/1/6 2190/2/6 2191/12/6 2089/11/6
f 2089/2/1 2090/12/1 2082/11/1 2081/1/1
f 2089/1/2 2081/2/2 2182/12/2 2191/11/2
f 2081/2/3 2082/12/3 2183/11/3 2182/1/3
f 2191/1/4 2182/2/4 2183/12/4 2192/11/4
f 2090/2/5 2192/12/5 2183/11/5 2082/1/5
f 2089/1/6 2191/2/6 2192/12/6 2090/11/6
f 2091/2/1 2092/12/1 2084/11/1 2083/1/1
f 2091/12/2 2083/11/2 2184/1/2 2193/2/2
f 2083/2/3 2084/12/3 2185/11/3 2184/1/3
f 2193/1/4 2184/2/4 2185/12/4 2194/11/4
f 2092/11/5 2194/1/5 2185/2/5 2084/12/5
f 2091/1/6 2193/2/6 2194/12/6 2092/11/6
f 2092/2/1 2093/12/1 2085/11/1 2084/1/1
f 2092/11/2 2084/1/2 2185/2/2 2194/12/2
f 2084/2/3 2085/12/3 2186/11/3 2185/1/3
f 2194/1/4 2185/2/4 2186/12/4 2195/11/4
f 2093/1/5 2195/2/5 2186/12/5 2085/11/5
f 2092/1/6 2194/2/6 2195/12/6 2093/11/6
f 2094/2/1 2095/12/1 2088/11/1 2087/1/1
f 2094/1/2 2087/2/2 2189/12/2 2197/11/2
f 2087/2/3 2088/12/3 2190/11/3 2189/1/3
f 2197/1/4 2189/2/4 2190/12/4 2198/11/4
f 2095/2/5 2198/12/5 2190/11/5 2088/1/5
f 2094/1/6 2197/2/6 2198/12/6 2095/11/6
f 2095/2/1 2096/12/1 2089/11/1 2088/1/1
f 2095/12/2 2088/11/2 2190/1/2 2198/2/2
f 2088/2/3 2089/12/3 2191/11/3 2190/1/3
f 2198/1/4 2190/2/4 2191/12/4 2199/11/4
f 2096/11/5 2199/1/5 2191/2/5 2089/12/5
f 2095/1/6 2198/2/6 2199/12/6 2096/11/6
f 2096/2/1 2097/12/1 2090/11/1 2089/1/1
f 2096/2/2 2089/12/2 2191/11/2 2199/1/2
f 2089/2/3 2090/12/3 2192/11/3 2191/1/3
f 2199/1/4 2191/2/4 2192/12/4 2200/11/4
f 2097/12/5 2200/11/5 2192/1/5 2090/2/5
f 2096/1/6 2199/2/6 2200/12/6 2097/11/6
f 2098/2/1 2099/12/1 2095/11/1 2094/1/1
f 2098/2/2 2094/12/2 2197/11/2 2201/1/2
f 2094/2/3 2095/12/3 2198/11/3 2197/1/3
f 2201/1/4 2197/2/4 2198/12/4 2202/11/4
f 2099/12/5 2202/11/5 2198/1/5 2095/2/5
f 2098/1/6 2201/2/6 2202/12/6 2099/11/6
f 2099/2/1 2100/12/1 2096/11/1 2095/1/1
f 2099/1/2 2095/2/2 2198/12/2 2202/11/2
f 2095/2/3 2096/12/3 2199/11/3 2198/1/3
f 2202/1/4 2198/2/4 2199/12/4 2203/11/4
f 2100/2/5 2203/12/5 2199/11/5 2096/1/5
f 2099/1/6 2202/2/6 2203/12/6 2100/11/6
f 2100/2/1 2101/12/1 2097/11/1 2096/1/1
f 2100/1/2 2096/2/2 2199/12/2 2203/11/2
f 2096/2/3 2097/12/3 2200/11/3 2199/1/3
f 2203/1/4 2199/2/4 2200/12/4 2204/11/4
f 2101/2/5 2204/12/5 2200/11/5 2097/1/5
f 2100/1/6 2203/2/6 2204/12/6 2101/11/6
f 2101/12/2 2097/11/2 2200/1/2 2204/2/2
f 2102/2/1 2103/12/1 2100/11/1 2099/1/1
f 2102/12/2 2099/11/2 2202/1/2 2206/2/2
f 2099/2/3 2100/12/3 2203/11/3 2202/1/3
f 2206/1/4 2202/2/4 2203/12/4 2207/11/4
f 2103/11/5 2207/1/5 2203/2/5 2100/12/5
f 2102/1/6 2206/2/6 2207/12/6 2103/11/6
f 2103/2/1 2104/12/1 2101/11/1 2100/1/1
f 2103/1/2 2100/2/2 2203/12/2 2207/11/2
f 2100/2/3 2101/12/3 2204/11/3 2203/1/3
f 2207/1/4 2203/2/4 2204/12/4 2208/11/4
f 2104/2/5 2208/12/5 2204/11/5 2101/1/5
f 2103/1/6 2207/2/6 2208/12/6 2104/11/6
f 2104/2/2 2101/12/2 2204/11/2 2208/1/2
f 2105/2/1 2106/12/1 2103/11/1 2102/1/1
f 2105/11/2 2102/1/2 2206/2/2 2209/12/2
f 2102/2/3 2103/12/3 2207/11/3 2206/1/3
f 2209/1/4 2206/2/4 2207/12/4 2210/11/4
f 2106/1/5 2210/2/5 2207/12/5 2103/11/5
f 2105/1/6 2209/2/6 2210/12/6 2106/11/6
f 2106/2/1 2107/12/1 2104/11/1 2103/1/1
f 2106/2/2 2103/12/2 2207/11/2 2210/1/2
f 2103/2/3 2104/12/3 2208/11/3 2207/1/3
f 2210/1/4 2207/2/4 2208/12/4 2211/11/4
f 2107/12/5 2211/11/5 2208/1/5 2104/2/5
f 2106/1/6 2210/2/6 2211/12/6 2107/11/6
f 2107/2/2 2104/12/2 2208/11/2 2211/1/2
f 2108/2/1 2109/12/1 2107/11/1 2106/1/1
f 2108/1/2 2106/2/2 2210/12/2 2213/11/2
f 2106/2/3 2107/12/3 2211/11/3 2210/1/3
f 2213/1/4 2210/2/4 2211/12/4 2214/11/4
f 2109/2/5 2214/12/5 2211/11/5 2107/1/5
f 2108/1/6 2213/2/6 2214/12/6 2109/11/6
f 2113/2/1 2114/12/1 2111/11/1 2110/1/1
f 2113/11/2 2110/1/2 2217/2/2 2219/12/2
f 2110/2/3 2111/12/3 2218/11/3 2217/1/3
f 2219/1/4 2217/2/4 2218/12/4 2220/11/4
f 2114/1/5 2220/2/5 2218/12/5 2111/11/5
f 2113/1/6 2219/2/6 2220/12/6 2114/11/6
f 2116/2/1 2117/12/1 2114/11/1 2113/1/1
f 2116/2/2 2113/12/2 2219/11/2 2221/1/2
f 2113/2/3 2114/12/3 2220/11/3 2219/1/3
f 2221/1/4 2219/2/4 2220/12/4 2222/11/4
f 2117/12/5 2222/11/5 2220/1/5 2114/2/5
f 2116/1/6 2221/2/6 2222/12/6 2117/11/6
f 2119/2/1 2120/12/1 2117/11/1 2116/1/1
f 2119/11/2 2116/1/2 2221/2/2 2223/12/2
f 2116/2/3 2117/12/3 2222/11/3 2221/1/3
f 2223/1/4 2221/2/4 2222/12/4 2224/11/4
f 2120/1/5 2224/2/5 2222/12/5 2117/11/5
f 2119/1/6 2223/2/6 2224/12/6 2120/11/6
f 2126/2/1 2127/12/1 2121/11/1 2120/1/1
f 2126/11/2 2120/1/2 2224/2/2 2228/12/2
f 2120/2/3 2121/12/3 2225/11/3 2224/1/3
f 2228/1/4 2224/2/4 2225/12/4 2229/11/4
f 2127/1/5 2229/2/5 2225/12/5 2121/11/5
f 2126/1/6 2228/2/6 2229/12/6 2127/11/6
f 2127/2/1 2128/12/1 2122/11/1 2121/1/1
f 2127/1/2 2121/2/2 2225/12/2 2229/11/2
f 2121/2/3 2122/12/3 2226/11/3 2225/1/3
f 2229/1/4 2225/2/4 2226/12/4 2230/11/4
f 2128/2/5 2230/12/5 2226/11/5 2122/1/5
f 2127/1/6 2229/2/6 2230/12/6 2128/11/6
f 2128/2/1 2129/12/1 2123/11/1 2122/1/1
f 2128/11/2 2122/1/2 2226/2/2 2230/12/2
f 2122/2/3 2123/12/3 2227/11/3 2226/1/3
f 2230/1/4 2226/2/4 2227/12/4 2231/11/4
f 2129/1/5 2231/2/5 2227/12/5 2123/11/5
f 2128/1/6 2230/2/6 2231/12/6 2129/11/6
f 2133/2/1 2134/12/1 2129/11/1 2128/1/1
f 2133/12/2 2128/11/2 2230/1/2 2235/2/2
f 2128/2/3 2129/12/3 2231/11/3 2230/1/3
f 2235/1/4 2230/2/4 2231/12/4 2236/11/4
f 2134/11/5 2236/1/5 2231/2/5 2129/12/5
f 2133/1/6 2235/2/6 2236/12/6 2134/11/6
f 2134/2/1 2135/12/1 2130/11/1 2129/1/1
f 2134/1/2 2129/2/2 2231/12/2 2236/11/2
f 2129/2/3 2130/12/3 2232/11/3 2231/1/3
f 2236/1/4 2231/2/4 2232/12/4 2237/11/4
f 2135/2/5 2237/12/5 2232/11/5 2130/1/5
f 2134/1/6 2236/2/6 2237/12/6 2135/11/6
f 2135/2/1 2136/12/1 2131/11/1 2130/1/1
f 2135/1/2 2130/2/2 2232/12/2 2237/11/2
f 2130/2/3 2131/12/3 2233/11/3 2232/1/3
f 2237/1/4 2232/2/4 2233/12/4 2238/11/4
f 2136/2/5 2238/12/5 2233/11/5 2131/1/5
f 2135/1/6 2237/2/6 2238/12/6 2136/11/6
f 2136/2/1 2137/12/1 2132/11/1 2131/1/1
f 2136/2/2 2131/12/2 2233/11/2 2238/1/2
f 2131/2/3 2132/12/3 2234/11/3 2233/1/3
f 2238/1/4 2233/2/4 2234/12/4 2239/11/4
f 2137/12/5 2239/11/5 2234/1/5 2132/2/5
f 2136/1/6 2238/2/6 2239/12/6 2137/11/6
f 2138/2/1 2139/12/1 2135/11/1 2134/1/1
f 2138/12/2 2134/11/2 2236/1/2 2240/2/2
f 2134/2/3 2135/12/3 2237/11/3 2236/1/3
f 2240/1/4 2236/2/4 2237/12/4 2241/11/4
f 2139/11/5 2241/1/5 2237/2/5 2135/12/5
f 2138/1/6 2240/2/6 2241/12/6 2139/11/6
f 2139/2/1 2140/12/1 2136/11/1 2135/1/1
f 2139/12/2 2135/11/2 2237/1/2 2241/2/2
f 2135/2/3 2136/12/3 2238/11/3 2237/1/3
f 2241/1/4 2237/2/4 2238/12/4 2242/11/4
f 2140/11/5 2242/1/5 2238/2/5 2136/12/5
f 2139/1/6 2241/2/6 2242/12/6 2140/11/6
f 2140/2/1 2141/12/1 2137/11/1 2136/1/1
f 2140/1/2 2136/2/2 2238/12/2 2242/11/2
f 2136/2/3 2137/12/3 2239/11/3 2238/1/3
f 2242/1/4 2238/2/4 2239/12/4 2243/11/4
f 2141/2/5 2243/12/5 2239/11/5 2137/1/5
f 2140/1/6 2242/2/6 2243/12/6 2141/11/6
f 2142/2/1 2143/12/1 2139/11/1 2138/1/1
f 2142/11/2 2138/1/2 2240/2/2 2244/12/2
f 2138/2/3 2139/12/3 2241/11/3 2240/1/3
f 2244/1/4 2240/2/4 2241/12/4 2245/11/4
f 2143/1/5 2245/2/5 2241/12/5 2139/11/5
f 2142/1/6 2244/2/6 2245/12/6 2143/11/6
f 2143/2/1 2144/12/1 2140/11/1 2139/1/1
f 2143/1/2 2139/2/2 2241/12/2 2245/11/2
f 2139/2/3 2140/12/3 2242/11/3 2241/1/3
f 2245/1/4 2241/2/4 2242/12/4 2246/11/4
f 2144/2/5 2246/12/5 2242/11/5 2140/1/5
f 2143/1/6 2245/2/6 2246/12/6 2144/11/6
f 2144/2/1 2145/12/1 2141/11/1 2140/1/1
f 2144/12/2 2140/11/2 2242/1/2 2246/2/2
f 2140/2/3 2141/12/3 2243/11/3 2242/1/3
f 2246/1/4 2242/2/4 2243/12/4 2247/11/4
f 2145/11/5 2247/1/5 2243/2/5 2141/12/5
f 2144/1/6 2246/2/6 2247/12/6 2145/11/6
f 2146/2/1 2147/12/1 2143/11/1 2142/1/1
f 2146/1/2 2142/2/2 2244/12/2 2248/11/2
f 2142/2/3 2143/12/3 2245/11/3 2244/1/3
f 2248/1/4 2244/2/4 2245/12/4 2249/11/4
f 2147/2/5 2249/12/5 2245/11/5 2143/1/5
f 2146/1/6 2248/2/6 2249/12/6 2147/11/6
f 2147/2/1 2148/12/1 2144/11/1 2143/1/1
f 2147/11/2 2143/1/2 2245/2/2 2249/12/2
f 2143/2/3 2144/12/3 2246/11/3 2245/1/3
f 2249/1/4 2245/2/4 2246/12/4 2250/11/4
f 2148/1/5 2250/2/5 2246/12/5 2144/11/5
f 2147/1/6 2249/2/6 2250/12/6 2148/11/6
f 2148/2/1 2149/12/1 2145/11/1 2144/1/1
f 2148/12/2 2144/11/2 2246/1/2 2250/2/2
f 2144/2/3 2145/12/3 2247/11/3 2246/1/3
f 2250/1/4 2246/2/4 2247/12/4 2251/11/4
f 2149/11/5 2251/1/5 2247/2/5 2145/12/5
f 2148/1/6 2250/2/6 2251/12/6 2149/11/6
f 2154/2/1 2155/12/1 2147/11/1 2146/1/1
f 2154/1/2 2146/2/2 2248/12/2 2252/11/2
f 2146/2/3 2147/12/3 2249/11/3 2248/1/3
f 2252/1/4 2248/2/4 2249/12/4 2253/11/4
f 2155/2/5 2253/12/5 2249/11/5 2147/1/5
f 2154/1/6 2252/2/6 2253/12/6 2155/11/6
f 2155/2/1 2156/12/1 2148/11/1 2147/1/1
f 2155/1/2 2147/2/2 2249/12/2 2253/11/2
f 2147/2/3 2148/12/3 2250/11/3 2249/1/3
f 2253/1/4 2249/2/4 2250/12/4 2254/11/4
f 2156/2/5 2254/12/5 2250/11/5 2148/1/5
f 2155/1/6 2253/2/6 2254/12/6 2156/11/6
f 2156/2/1 2157/12/1 2149/11/1 2148/1/1
f 2156/1/2 2148/2/2 2250/12/2 2254/11/2
f 2148/2/3 2149/12/3 2251/11/3 2250/1/3
f 2254/1/4 2250/2/4 2251/12/4 2255/11/4
f 2157/2/5 2255/12/5 2251/11/5 2149/1/5
f 2156/1/6 2254/2/6 2255/12/6 2157/11/6
f 2162/2/1 2163/12/1 2155/11/1 2154/1/1
f 2162/12/2 2154/11/2 2252/1/2 2259/2/2
f 2154/2/3 2155/12/3 2253/11/3 2252/1/3
f 2259/1/4 2252/2/4 2253/12/4 2260/11/4
f 2163/11/5 2260/1/5 2253/2/5 2155/12/5
f 2162/1/6 2259/2/6 2260/12/6 2163/11/6
f 2163/2/1 2164/12/1 2156/11/1 2155/1/1
f 2163/2/2 2155/12/2 2253/11/2 2260/1/2
f 2155/2/3 2156/12/3 2254/11/3 2253/1/3
f 2260/1/4 2253/2/4 2254/12/4 2261/11/4
f 2164/12/5 2261/11/5 2254/1/5 2156/2/5
f 2163/1/6 2260/2/6 2261/12/6 2164/11/6
f 2164/11/2 2156/1/2 2254/2/2 2261/12/2
f 2166/2/1 2167/12/1 2159/11/1 2158/1/1
f 2166/12/2 2158/11/2 2256/1/2 2262/2/2
f 2158/2/3 2159/12/3 2257/11/3 2256/1/3
f 2262/1/4 2256/2/4 2257/12/4 2263/11/4
f 2167/11/5 2263/1/5 2257/2/5 2159/12/5
f 2166/1/6 2262/2/6 2263/12/6 2167/11/6
f 2167/2/1 2168/12/1 2160/11/1 2159/1/1
f 2167/12/2 2159/11/2 2257/1/2 2263/2/2
f 2159/2/3 2160/12/3 2258/11/3 2257/1/3
f 2263/1/4 2257/2/4 2258/12/4 2264/11/4
f 2168/11/5 2264/1/5 2258/2/5 2160/12/5
f 2167/1/6 2263/2/6 2264/12/6 2168/11/6
f 2170/2/1 2171/12/1 2163/11/1 2162/1/1
f 2170/2/2 2162/12/2 2259/11/2 2266/1/2
f 2162/2/3 2163/12/3 2260/11/3 2259/1/3
f 2266/1/4 2259/2/4 2260/12/4 2267/11/4
f 2171/12/5 2267/11/5 2260/1/5 2163/2/5
f 2170/1/6 2266/2/6 2267/12/6 2171/11/6
f 2171/2/1 2172/12/1 2164/11/1 2163/1/1
f 2171/1/2 2163/2/2 2260/12/2 2267/11/2
f 2163/2/3 2164/12/3 2261/11/3 2260/1/3
f 2267/1/4 2260/2/4 2261/12/4 2268/11/4
f 2172/2/5 2268/12/5 2261/11/5 2164/1/5
f 2171/1/6 2267/2/6 2268/12/6 2172/11/6
f 2172/2/2 2164/12/2 2261/11/2 2268/1/2
f 2175/2/1 2176/12/1 2167/11/1 2166/1/1
f 2175/1/2 2166/2/2 2262/12/2 2269/11/2
f 2166/2/3 2167/12/3 2263/11/3 2262/1/3
f 2269/1/4 2262/2/4 2263/12/4 2270/11/4
f 2176/2/5 2270/12/5 2263/11/5 2167/1/5
f 2175/1/6 2269/2/6 2270/12/6 2176/11/6
f 2176/2/1 2177/12/1 2168/11/1 2167/1/1
f 2176/2/2 2167/12/2 2263/11/2 2270/1/2
f 2167/2/3 2168/12/3 2264/11/3 2263/1/3
f 2270/1/4 2263/2/4 2264/12/4 2271/11/4
f 2177/12/5 2271/11/5 2264/1/5 2168/2/5
f 2176/1/6 2270/2/6 2271/12/6 2177/11/6
f 2177/2/1 2178/12/1 2169/11/1 2168/1/1
f 2177/12/2 2168/11/2 2264/1/2 2271/2/2
f 2168/2/3 2169/12/3 2265/11/3 2264/1/3
f 2271/1/4 2264/2/4 2265/12/4 2272/11/4
f 2178/11/5 2272/1/5 2265/2/5 2169/12/5
f 2177/1/6 2271/2/6 2272/12/6 2178/11/6
f 2178/2/1 2179/12/1 2170/11/1 2169/1/1
f 2178/2/2 2169/12/2 2265/11/2 2272/1/2
f 2169/2/3 2170/12/3 2266/11/3 2265/1/3
f 2272/1/4 2265/2/4 2266/12/4 2273/11/4
f 2179/12/5 2273/11/5 2266/1/5 2170/2/5
f 2178/1/6 2272/2/6 2273/12/6 2179/11/6
f 2179/2/1 2180/12/1 2171/11/1 2170/1/1
f 2179/12/2 2170/11/2 2266/1/2 2273/2/2
f 2170/2/3 2171/12/3 2267/11/3 2266/1/3
f 2273/1/4 2266/2/4 2267/12/4 2274/11/4
f 2180/11/5 2274/1/5 2267/2/5 2171/12/5
f 2179/1/6 2273/2/6 2274/12/6 2180/11/6
f 2180/2/1 2181/12/1 2172/11/1 2171/1/1
f 2180/11/2 2171/1/2 2267/2/2 2274/12/2
f 2171/2/3 2172/12/3 2268/11/3 2267/1/3
f 2274/1/4 2267/2/4 2268/12/4 2275/11/4
f 2181/1/5 2275/2/5 2268/12/5 2172/11/5
f 2180/1/6 2274/2/6 2275/12/6 2181/11/6
f 2181/1/2 2172/2/2 2268/12/2 2275/11/2
f 2184/2/1 2185/12/1 2176/11/1 2175/1/1
f 2184/1/2 2175/2/2 2269/12/2 2277/11/2
f 2175/2/3 2176/12/3 2270/11/3 2269/1/3
f 2277/1/4 2269/2/4 2270/12/4 2278/11/4
f 2185/2/5 2278/12/5 2270/11/5 2176/1/5
f 2184/1/6 2277/2/6 2278/12/6 2185/11/6
f 2185/2/1 2186/12/1 2177/11/1 2176/1/1
f 2185/1/2 2176/2/2 2270/12/2 2278/11/2
f 2176/2/3 2177/12/3 2271/11/3 2270/1/3
f 2278/1/4 2270/2/4 2271/12/4 2279/11/4
f 2186/2/5 2279/12/5 2271/11/5 2177/1/5
f 2185/1/6 2278/2/6 2279/12/6 2186/11/6
f 2186/2/1 2187/12/1 2178/11/1 2177/1/1
f 2186/12/2 2177/11/2 2271/1/2 2279/2/2
f 2177/2/3 2178/12/3 2272/11/3 2271/1/3
f 2279/1/4 2271/2/4 2272/12/4 2280/11/4
f 2187/11/5 2280/1/5 2272/2/5 2178/12/5
f 2186/1/6 2279/2/6 2280/12/6 2187/11/6
f 2188/2/1 2189/12/1 2180/11/1 2179/1/1
f 2188/12/2 2179/11/2 2273/1/2 2281/2/2
f 2179/2/3 2180/12/3 2274/11/3 2273/1/3
f 2281/1/4 2273/2/4 2274/12/4 2282/11/4
f 2189/11/5 2282/1/5 2274/2/5 2180/12/5
f 2188/1/6 2281/2/6 2282/12/6 2189/11/6
f 2189/2/1 2190/12/1 2181/11/1 2180/1/1
f 2189/1/2 2180/2/2 2274/12/2 2282/11/2
f 2180/2/3 2181/12/3 2275/11/3 2274/1/3
f 2282/1/4 2274/2/4 2275/12/4 2283/11/4
f 2190/2/5 2283/12/5 2275/11/5 2181/1/5
f 2189/1/6 2282/2/6 2283/12/6 2190/11/6
f 2190/2/1 2191/12/1 2182/11/1 2181/1/1
f 2190/11/2 2181/1/2 2275/2/2 2283/12/2
f 2181/2/3 2182/12/3 2276/11/3 2275/1/3
f 2283/1/4 2275/2/4 2276/12/4 2284/11/4
f 2191/1/5 2284/2/5 2276/12/5 2182/11/5
f 2190/1/6 2283/2/6 2284/12/6 2191/11/6
f 2191/2/2 2182/12/2 2276/11/2 2284/1/2
f 2193/2/1 2194/12/1 2185/11/1 2184/1/1
f 2193/11/2 2184/1/2 2277/2/2 2285/12/2
f 2184/2/3 2185/12/3 2278/11/3 2277/1/3
f 2285/1/4 2277/2/4 2278/12/4 2286/11/4
f 2194/1/5 2286/2/5 2278/12/5 2185/11/5
f 2193/1/6 2285/2/6 2286/12/6 2194/11/6
f 2194/2/1 2195/12/1 2186/11/1 2185/1/1
f 2194/2/2 2185/12/2 2278/11/2 2286/1/2
f 2185/2/3 2186/12/3 2279/11/3 2278/1/3
f 2286/1/4 2278/2/4 2279/12/4 2287/11/4
f 2195/12/5 2287/11/5 2279/1/5 2186/2/5
f 2194/1/6 2286/2/6 2287/12/6 2195/11/6
f 2196/2/1 2197/12/1 2189/11/1 2188/1/1
f 2196/11/2 2188/1/2 2281/2/2 2289/12/2
f 2188/2/3 2189/12/3 2282/11/3 2281/1/3
f 2289/1/4 2281/2/4 2282/12/4 2290/11/4
f 2197/1/5 2290/2/5 2282/12/5 2189/11/5
f 2196/1/6 2289/2/6 2290/12/6 2197/11/6
f 2197/2/1 2198/12/1 2190/11/1 2189/1/1
f 2197/1/2 2189/2/2 2282/12/2 2290/11/2
f 2189/2/3 2190/12/3 2283/11/3 2282/1/3
f 2290/1/4 2282/2/4 2283/12/4 2291/11/4
f 2198/2/5 2291/12/5 2283/11/5 2190/1/5
f 2197/1/6 2290/2/6 2291/12/6 2198/11/6
f 2198/2/1 2199/12/1 2191/11/1 2190/1/1
f 2198/2/2 2190/12/2 2283/11/2 2291/1/2
f 2190/2/3 2191/12/3 2284/11/3 2283/1/3
f 2291/1/4 2283/2/4 2284/12/4 2292/11/4
f 2199/12/5 2292/11/5 2284/1/5 2191/2/5
f 2198/1/6 2291/2/6 2292/12/6 2199/11/6
f 2199/11/2 2191/1/2 2284/2/2 2292/12/2
f 2201/2/1 2202/12/1 2198/11/1 2197/1/1
f 2201/1/2 2197/2/2 2290/12/2 2294/11/2
f 2197/2/3 2198/12/3 2291/11/3 2290/1/3
f 2294/1/4 2290/2/4 2291/12/4 2295/11/4
f 2202/2/5 2295/12/5 2291/11/5 2198/1/5
f 2201/1/6 2294/2/6 2295/12/6 2202/11/6
f 2202/2/1 2203/12/1 2199/11/1 2198/1/1
f 2202/11/2 2198/1/2 2291/2/2 2295/12/2
f 2198/2/3 2199/12/3 2292/11/3 2291/1/3
f 2295/1/4 2291/2/4 2292/12/4 2296/11/4
f 2203/1/5 2296/2/5 2292/12/5 2199/11/5
f 2202/1/6 2295/2/6 2296/12/6 2203/11/6
f 2203/11/2 2199/1/2 2292/2/2 2296/12/2
f 2205/2/1 2206/12/1 2202/11/1 2201/1/1
f 2205/1/2 2201/2/2 2294/12/2 2297/11/2
f 2201/2/3 2202/12/3 2295/11/3 2294/1/3
f 2297/1/4 2294/2/4 2295/12/4 2298/11/4
f 2206/2/5 2298/12/5 2295/11/5 2202/1/5
f 2205/1/6 2297/2/6 2298/12/6 2206/11/6
f 2206/2/1 2207/12/1 2203/11/1 2202/1/1
f 2206/12/2 2202/11/2 2295/1/2 2298/2/2
f 2202/2/3 2203/12/3 2296/11/3 2295/1/3
f 2298/1/4 2295/2/4 2296/12/4 2299/11/4
f 2207/11/5 2299/1/5 2296/2/5 2203/12/5
f 2206/1/6 2298/2/6 2299/12/6 2207/11/6
f 2207/12/2 2203/11/2 2296/1/2 2299/2/2
f 2209/2/1 2210/12/1 2207/11/1 2206/1/1
f 2209/12/2 2206/11/2 2298/1/2 2302/2/2
f 2206/2/3 2207/12/3 2299/11/3 2298/1/3
f 2302/1/4 2298/2/4 2299/12/4 2303/11/4
f 2210/11/5 2303/1/5 2299/2/5 2207/12/5
f 2209/1/6 2302/2/6 2303/12/6 2210/11/6
f 2210/2/1 2211/12/1 2208/11/1 2207/1/1
f 2210/11/2 2207/1/2 2299/2/2 2303/12/2
f 2207/2/3 2208/12/3 2300/11/3 2299/1/3
f 2303/1/4 2299/2/4 2300/12/4 2304/11/4
f 2211/1/5 2304/2/5 2300/12/5 2208/11/5
f 2210/1/6 2303/2/6 2304/12/6 2211/11/6
f 2211/1/2 2208/2/2 2300/12/2 2304/11/2
f 2212/2/1 2213/12/1 2210/11/1 2209/1/1
f 2212/11/2 2209/1/2 2302/2/2 2305/12/2
f 2209/2/3 2210/12/3 2303/11/3 2302/1/3
f 2305/1/4 2302/2/4 2303/12/4 2306/11/4
f 2213/1/5 2306/2/5 2303/12/5 2210/11/5
f 2212/1/6 2305/2/6 2306/12/6 2213/11/6
f 2213/2/1 2214/12/1 2211/11/1 2210/1/1
f 2213/2/2 2210/12/2 2303/11/2 2306/1/2
f 2210/2/3 2211/12/3 2304/11/3 2303/1/3
f 2306/1/4 2303/2/4 2304/12/4 2307/11/4
f 2214/12/5 2307/11/5 2304/1/5 2211/2/5
f 2213/1/6 2306/2/6 2307/12/6 2214/11/6
f 2214/12/2 2211/11/2 2304/1/2 2307/2/2
f 2215/2/1 2216/12/1 2214/11/1 2213/1/1
f 2215/1/2 2213/2/2 2306/12/2 2308/11/2
f 2213/2/3 2214/12/3 2307/11/3 2306/1/3
f 2308/1/4 2306/2/4 2307/12/4 2309/11/4
f 2216/2/5 2309/12/5 2307/11/5 2214/1/5
f 2215/1/6 2308/2/6 2309/12/6 2216/11/6
f 2216/1/2 2214/2/2 2307/12/2 2309/11/2
f 2221/2/1 2222/12/1 2220/11/1 2219/1/1
f 2221/1/2 2219/2/2 2314/12/2 2316/11/2
f 2219/2/3 2220/12/3 2315/11/3 2314/1/3
f 2316/1/4 2314/2/4 2315/12/4 2317/11/4
f 2222/2/5 2317/12/5 2315/11/5 2220/1/5
f 2221/1/6 2316/2/6 2317/12/6 2222/11/6
f 2223/2/1 2224/12/1 2222/11/1 2221/1/1
f 2223/12/2 2221/11/2 2316/1/2 2319/2/2
f 2221/2/3 2222/12/3 2317/11/3 2316/1/3
f 2319/1/4 2316/2/4 2317/12/4 2320/11/4
f 2224/11/5 2320/1/5 2317/2/5 2222/12/5
f 2223/1/6 2319/2/6 2320/12/6 2224/11/6
f 2228/2/1 2229/12/1 2225/11/1 2224/1/1
f 2228/12/2 2224/11/2 2320/1/2 2323/2/2
f 2224/2/3 2225/12/3 2321/11/3 2320/1/3
f 2323/1/4 2320/2/4 2321/12/4 2324/11/4
f 2229/11/5 2324/1/5 2321/2/5 2225/12/5
f 2228/1/6 2323/2/6 2324/12/6 2229/11/6
f 2235/2/1 2236/12/1 2231/11/1 2230/1/1
f 2235/11/2 2230/1/2 2325/2/2 2330/12/2
f 2230/2/3 2231/12/3 2326/11/3 2325/1/3
f 2330/1/4 2325/2/4 2326/12/4 2331/11/4
f 2236/1/5 2331/2/5 2326/12/5 2231/11/5
f 2235/1/6 2330/2/6 2331/12/6 2236/11/6
f 2236/2/1 2237/12/1 2232/11/1 2231/1/1
f 2236/12/2 2231/11/2 2326/1/2 2331/2/2
f 2231/2/3 2232/12/3 2327/11/3 2326/1/3
f 2331/1/4 2326/2/4 2327/12/4 2332/11/4
f 2237/11/5 2332/1/5 2327/2/5 2232/12/5
f 2236/1/6 2331/2/6 2332/12/6 2237/11/6
f 2237/2/1 2238/12/1 2233/11/1 2232/1/1
f 2237/11/2 2232/1/2 2327/2/2 2332/12/2
f 2232/2/3 2233/12/3 2328/11/3 2327/1/3
f 2332/1/4 2327/2/4 2328/12/4 2333/11/4
f 2238/1/5 2333/2/5 2328/12/5 2233/11/5
f 2237/1/6 2332/2/6 2333/12/6 2238/11/6
f 2238/2/1 2239/12/1 2234/11/1 2233/1/1
f 2238/12/2 2233/11/2 2328/1/2 2333/2/2
f 2233/2/3 2234/12/3 2329/11/3 2328/1/3
f 2333/1/4 2328/2/4 2329/12/4 2334/11/4
f 2239/11/5 2334/1/5 2329/2/5 2234/12/5
f 2238/1/6 2333/2/6 2334/12/6 2239/11/6
f 2240/2/1 2241/12/1 2237/11/1 2236/1/1
f 2240/2/2 2236/12/2 2331/11/2 2336/1/2
f 2236/2/3 2237/12/3 2332/11/3 2331/1/3
f 2336/1/4 2331/2/4 2332/12/4 2337/11/4
f 2241/12/5 2337/11/5 2332/1/5 2237/2/5
f 2240/1/6 2336/2/6 2337/12/6 2241/11/6
f 2241/2/1 2242/12/1 2238/11/1 2237/1/1
f 2241/1/2 2237/2/2 2332/12/2 2337/11/2
f 2237/2/3 2238/12/3 2333/11/3 2332/1/3
f 2337/1/4 2332/2/4 2333/12/4 2338/11/4
f 2242/2/5 2338/12/5 2333/11/5 2238/1/5
f 2241/1/6 2337/2/6 2338/12/6 2242/11/6
f 2242/2/1 2243/12/1 2239/11/1 2238/1/1
f 2242/1/2 2238/2/2 2333/12/2 2338/11/2
f 2238/2/3 2239/12/3 2334/11/3 2333/1/3
f 2338/1/4 2333/2/4 2334/12/4 2339/11/4
f 2243/2/5 2339/12/5 2334/11/5 2239/1/5
f 2242/1/6 2338/2/6 2339/12/6 2243/11/6
f 2244/2/1 2245/12/1 2241/11/1 2240/1/1
f 2244/12/2 2240/11/2 2336/1/2 2341/2/2
f 2240/2/3 2241/12/3 2337/11/3 2336/1/3
f 2341/1/4 2336/2/4 2337/12/4 2342/11/4
f 2245/11/5 2342/1/5 2337/2/5 2241/12/5
f 2244/1/6 2341/2/6 2342/12/6 2245/11/6
f 2245/2/1 2246/12/1 2242/11/1 2241/1/1
f 2245/12/2 2241/11/2 2337/1/2 2342/2/2
f 2241/2/3 2242/12/3 2338/11/3 2337/1/3
f 2342/1/4 2337/2/4 2338/12/4 2343/11/4
f 2246/11/5 2343/1/5 2338/2/5 2242/12/5
f 2245/1/6 2342/2/6 2343/12/6 2246/11/6
f 2246/2/1 2247/12/1 2243/11/1 2242/1/1
f 2246/12/2 2242/11/2 2338/1/2 2343/2/2
f 2242/2/3 2243/12/3 2339/11/3 2338/1/3
f 2343/1/4 2338/2/4 2339/12/4 2344/11/4
f 2247/11/5 2344/1/5 2339/2/5 2243/12/5
f 2246/1/6 2343/2/6 2344/12/6 2247/11/6
f 2248/2/1 2249/12/1 2245/11/1 2244/1/1
f 2248/12/2 2244/11/2 2341/1/2 2346/2/2
f 2244/2/3 2245/12/3 2342/11/3 2341/1/3
f 2346/1/4 2341/2/4 2342/12/4 2347/11/4
f 2249/11/5 2347/1/5 2342/2/5 2245/12/5
f 2248/1/6 2346/2/6 2347/12/6 2249/11/6
f 2249/2/1 2250/12/1 2246/11/1 2245/1/1
f 2249/12/2 2245/11/2 2342/1/2 2347/2/2
f 2245/2/3 2246/12/3 2343/11/3 2342/1/3
f 2347/1/4 2342/2/4 2343/12/4 2348/11/4
f 2250/11/5 2348/1/5 2343/2/5 2246/12/5
f 2249/1/6 2347/2/6 2348/12/6 2250/11/6
f 2250/2/1 2251/12/1 2247/11/1 2246/1/1
f 2250/11/2 2246/1/2 2343/2/2 2348/12/2
f 2246/2/3 2247/12/3 2344/11/3 2343/1/3
f 2348/1/4 2343/2/4 2344/12/4 2349/11/4
f 2251/1/5 2349/2/5 2344/12/5 2247/11/5
f 2250/1/6 2348/2/6 2349/12/6 2251/11/6
f 2252/2/1 2253/12/1 2249/11/1 2248/1/1
f 2252/2/2 2248/12/2 2346/11/2 2351/1/2
f 2248/2/3 2249/12/3 2347/11/3 2346/1/3
f 2351/1/4 2346/2/4 2347/12/4 2352/11/4
f 2253/12/5 2352/11/5 2347/1/5 2249/2/5
f 2252/1/6 2351/2/6 2352/12/6 2253/11/6
f 2253/2/1 2254/12/1 2250/11/1 2249/1/1
f 2253/1/2 2249/2/2 2347/12/2 2352/11/2
f 2249/2/3 2250/12/3 2348/11/3 2347/1/3
f 2352/1/4 2347/2/4 2348/12/4 2353/11/4
f 2254/2/5 2353/12/5 2348/11/5 2250/1/5
f 2253/1/6 2352/2/6 2353/12/6 2254/11/6
f 2254/12/2 2250/11/2 2348/1/2 2353/2/2
f 2259/2/1 2260/12/1 2253/11/1 2252/1/1
f 2259/1/2 2252/2/2 2351/12/2 2355/11/2
f 2252/2/3 2253/12/3 2352/11/3 2351/1/3
f 2355/1/4 2351/2/4 2352/12/4 2356/11/4
f 2260/2/5 2356/12/5 2352/11/5 2253/1/5
f 2259/1/6 2355/2/6 2356/12/6 2260/11/6
f 2260/2/1 2261/12/1 2254/11/1 2253/1/1
f 2260/11/2 2253/1/2 2352/2/2 2356/12/2
f 2253/2/3 2254/12/3 2353/11/3 2352/1/3
f 2356/1/4 2352/2/4 2353/12/4 2357/11/4
f 2261/1/5 2357/2/5 2353/12/5 2254/11/5
f 2260/1/6 2356/2/6 2357/12/6 2261/11/6
f 2261/12/2 2254/11/2 2353/1/2 2357/2/2
f 2266/2/1 2267/12/1 2260/11/1 2259/1/1
f 2266/2/2 2259/12/2 2355/11/2 2362/1/2
f 2259/2/3 2260/12/3 2356/11/3 2355/1/3
f 2362/1/4 2355/2/4 2356/12/4 2363/11/4
f 2267/12/5 2363/11/5 2356/1/5 2260/2/5
f 2266/1/6 2362/2/6 2363/12/6 2267/11/6
f 2267/2/1 2268/12/1 2261/11/1 2260/1/1
f 2267/11/2 2260/1/2 2356/2/2 2363/12/2
f 2260/2/3 2261/12/3 2357/11/3 2356/1/3
f 2363/1/4 2356/2/4 2357/12/4 2364/11/4
f 2268/1/5 2364/2/5 2357/12/5 2261/11/5
f 2267/1/6 2363/2/6 2364/12/6 2268/11/6
f 2268/2/2 2261/12/2 2357/11/2 2364/1/2
f 2269/2/1 2270/12/1 2263/11/1 2262/1/1
f 2269/1/2 2262/2/2 2358/12/2 2365/11/2
f 2262/2/3 2263/12/3 2359/11/3 2358/1/3
f 2365/1/4 2358/2/4 2359/12/4 2366/11/4
f 2270/2/5 2366/12/5 2359/11/5 2263/1/5
f 2269/1/6 2365/2/6 2366/12/6 2270/11/6
f 2270/2/1 2271/12/1 2264/11/1 2263/1/1
f 2270/11/2 2263/1/2 2359/2/2 2366/12/2
f 2263/2/3 2264/12/3 2360/11/3 2359/1/3
f 2366/1/4 2359/2/4 2360/12/4 2367/11/4
f 2271/1/5 2367/2/5 2360/12/5 2264/11/5
f 2270/1/6 2366/2/6 2367/12/6 2271/11/6
f 2272/2/1 2273/12/1 2266/11/1 2265/1/1
f 2272/12/2 2265/11/2 2361/1/2 2368/2/2
f 2265/2/3 2266/12/3 2362/11/3 2361/1/3
f 2368/1/4 2361/2/4 2362/12/4 2369/11/4
f 2273/11/5 2369/1/5 2362/2/5 2266/12/5
f 2272/1/6 2368/2/6 2369/12/6 2273/11/6
f 2273/2/1 2274/12/1 2267/11/1 2266/1/1
f 2273/11/2 2266/1/2 2362/2/2 2369/12/2
f 2266/2/3 2267/12/3 2363/11/3 2362/1/3
f 2369/1/4 2362/2/4 2363/12/4 2370/11/4
f 2274/1/5 2370/2/5 2363/12/5 2267/11/5
f 2273/1/6 2369/2/6 2370/12/6 2274/11/6
f 2274/2/1 2275/12/1 2268/11/1 2267/1/1
f 2274/12/2 2267/11/2 2363/1/2 2370/2/2
f 2267/2/3 2268/12/3 2364/11/3 2363/1/3
f 2370/1/4 2363/2/4 2364/12/4 2371/11/4
f 2275/11/5 2371/1/5 2364/2/5 2268/12/5
f 2274/1/6 2370/2/6 2371/12/6 2275/11/6
f 2275/11/2 2268/1/2 2364/2/2 2371/12/2
f 2277/2/1 2278/12/1 2270/11/1 2269/1/1
f 2277/2/2 2269/12/2 2365/11/2 2373/1/2
f 2269/2/3 2270/12/3 2366/11/3 2365/1/3
f 2373/1/4 2365/2/4 2366/12/4 2374/11/4
f 2278/12/5 2374/11/5 2366/1/5 2270/2/5
f 2277/1/6 2373/2/6 2374/12/6 2278/11/6
f 2278/2/1 2279/12/1 2271/11/1 2270/1/1
f 2278/1/2 2270/2/2 2366/12/2 2374/11/2
f 2270/2/3 2271/12/3 2367/11/3 2366/1/3
f 2374/1/4 2366/2/4 2367/12/4 2375/11/4
f 2279/2/5 2375/12/5 2367/11/5 2271/1/5
f 2278/1/6 2374/2/6 2375/12/6 2279/11/6
f 2280/2/1 2281/12/1 2273/11/1 2272/1/1
f 2280/1/2 2272/2/2 2368/12/2 2376/11/2
f 2272/2/3 2273/12/3 2369/11/3 2368/1/3
f 2376/1/4 2368/2/4 2369/12/4 2377/11/4
f 2281/2/5 2377/12/5 2369/11/5 2273/1/5
f 2280/1/6 2376/2/6 2377/12/6 2281/11/6
f 2281/2/1 2282/12/1 2274/11/1 2273/1/1
f 2281/2/2 2273/12/2 2369/11/2 2377/1/2
f 2273/2/3 2274/12/3 2370/11/3 2369/1/3
f 2377/1/4 2369/2/4 2370/12/4 2378/11/4
f 2282/12/5 2378/11/5 2370/1/5 2274/2/5
f 2281/1/6 2377/2/6 2378/12/6 2282/11/6
f 2282/2/1 2283/12/1 2275/11/1 2274/1/1
f 2282/11/2 2274/1/2 2370/2/2 2378/12/2
f 2274/2/3 2275/12/3 2371/11/3 2370/1/3
f 2378/1/4 2370/2/4 2371/12/4 2379/11/4
f 2283/1/5 2379/2/5 2371/12/5 2275/11/5
f 2282/1/6 2378/2/6 2379/12/6 2283/11/6
f 2283/11/2 2275/1/2 2371/2/2 2379/12/2
f 2288/2/1 2289/12/1 2281/11/1 2280/1/1
f 2288/11/2 2280/1/2 2376/2/2 2381/12/2
f 2280/2/3 2281/12/3 2377/11/3 2376/1/3
f 2381/1/4 2376/2/4 2377/12/4 2382/11/4
f 2289/1/5 2382/2/5 2377/12/5 2281/11/5
f 2288/1/6 2381/2/6 2382/12/6 2289/11/6
f 2289/2/1 2290/12/1 2282/11/1 2281/1/1
f 2289/1/2 2281/2/2 2377/12/2 2382/11/2
f 2281/2/3 2282/12/3 2378/11/3 2377/1/3
f 2382/1/4 2377/2/4 2378/12/4 2383/11/4
f 2290/2/5 2383/12/5 2378/11/5 2282/1/5
f 2289/1/6 2382/2/6 2383/12/6 2290/11/6
f 2290/2/1 2291/12/1 2283/11/1 2282/1/1
f 2290/2/2 2282/12/2 2378/11/2 2383/1/2
f 2282/2/3 2283/12/3 2379/11/3 2378/1/3
f 2383/1/4 2378/2/4 2379/12/4 2384/11/4
f 2291/12/5 2384/11/5 2379/1/5 2283/2/5
f 2290/1/6 2383/2/6 2384/12/6 2291/11/6
f 2291/2/1 2292/12/1 2284/11/1 2283/1/1
f 2291/12/2 2283/11/2 2379/1/2 2384/2/2
f 2283/2/3 2284/12/3 2380/11/3 2379/1/3
f 2384/1/4 2379/2/4 2380/12/4 2385/11/4
f 2292/11/5 2385/1/5 2380/2/5 2284/12/5
f 2291/1/6 2384/2/6 2385/12/6 2292/11/6
f 2292/2/2 2284/12/2 2380/11/2 2385/1/2
f 2293/2/1 2294/12/1 2290/11/1 2289/1/1
f 2293/2/2 2289/12/2 2382/11/2 2387/1/2
f 2289/2/3 2290/12/3 2383/11/3 2382/1/3
f 2387/1/4 2382/2/4 2383/12/4 2388/11/4
f 2294/12/5 2388/11/5 2383/1/5 2290/2/5
f 2293/1/6 2387/2/6 2388/12/6 2294/11/6
f 2294/2/1 2295/12/1 2291/11/1 2290/1/1
f 2294/1/2 2290/2/2 2383/12/2 2388/11/2
f 2290/2/3 2291/12/3 2384/11/3 2383/1/3
f 2388/1/4 2383/2/4 2384/12/4 2389/11/4
f 2295/2/5 2389/12/5 2384/11/5 2291/1/5
f 2294/1/6 2388/2/6 2389/12/6 2295/11/6
f 2295/2/1 2296/12/1 2292/11/1 2291/1/1
f 2295/12/2 2291/11/2 2384/1/2 2389/2/2
f 2291/2/3 2292/12/3 2385/11/3 2384/1/3
f 2389/1/4 2384/2/4 2385/12/4 2390/11/4
f 2296/11/5 2390/1/5 2385/2/5 2292/12/5
f 2295/1/6 2389/2/6 2390/12/6 2296/11/6
f 2296/1/2 2292/2/2 2385/12/2 2390/11/2
f 2297/2/1 2298/12/1 2295/11/1 2294/1/1
f 2297/2/2 2294/12/2 2388/11/2 2392/1/2
f 2294/2/3 2295/12/3 2389/11/3 2388/1/3
f 2392/1/4 2388/2/4 2389/12/4 2393/11/4
f 2298/12/5 2393/11/5 2389/1/5 2295/2/5
f 2297/1/6 2392/2/6 2393/12/6 2298/11/6
f 2298/2/1 2299/12/1 2296/11/1 2295/1/1
f 2298/2/2 2295/12/2 2389/11/2 2393/1/2
f 2295/2/3 2296/12/3 2390/11/3 2389/1/3
f 2393/1/4 2389/2/4 2390/12/4 2394/11/4
f 2299/12/5 2394/11/5 2390/1/5 2296/2/5
f 2298/1/6 2393/2/6 2394/12/6 2299/11/6
f 2299/2/2 2296/12/2 2390/11/2 2394/1/2
f 2301/2/1 2302/12/1 2298/11/1 2297/1/1
f 2301/11/2 2297/1/2 2392/2/2 2395/12/2
f 2297/2/3 2298/12/3 2393/11/3 2392/1/3
f 2395/1/4 2392/2/4 2393/12/4 2396/11/4
f 2302/1/5 2396/2/5 2393/12/5 2298/11/5
f 2301/1/6 2395/2/6 2396/12/6 2302/11/6
f 2302/2/1 2303/12/1 2299/11/1 2298/1/1
f 2302/11/2 2298/1/2 2393/2/2 2396/12/2
f 2298/2/3 2299/12/3 2394/11/3 2393/1/3
f 2396/1/4 2393/2/4 2394/12/4 2397/11/4
f 2303/1/5 2397/2/5 2394/12/5 2299/11/5
f 2302/1/6 2396/2/6 2397/12/6 2303/11/6
f 2303/12/2 2299/11/2 2394/1/2 2397/2/2
f 2305/2/1 2306/12/1 2303/11/1 2302/1/1
f 2305/11/2 2302/1/2 2396/2/2 2400/12/2
f 2302/2/3 2303/12/3 2397/11/3 2396/1/3
f 2400/1/4 2396/2/4 2397/12/4 2401/11/4
f 2306/1/5 2401/2/5 2397/12/5 2303/11/5
f 2305/1/6 2400/2/6 2401/12/6 2306/11/6
f 2306/2/1 2307/12/1 2304/11/1 2303/1/1
f 2306/12/2 2303/11/2 2397/1/2 2401/2/2
f 2303/2/3 2304/12/3 2398/11/3 2397/1/3
f 2401/1/4 2397/2/4 2398/12/4 2402/11/4
f 2307/11/5 2402/1/5 2398/2/5 2304/12/5
f 2306/1/6 2401/2/6 2402/12/6 2307/11/6
f 2307/2/2 2304/12/2 2398/11/2 2402/1/2
f 2308/2/1 2309/12/1 2307/11/1 2306/1/1
f 2308/2/2 2306/12/2 2401/11/2 2404/1/2
f 2306/2/3 2307/12/3 2402/11/3 2401/1/3
f 2404/1/4 2401/2/4 2402/12/4 2405/11/4
f 2309/12/5 2405/11/5 2402/1/5 2307/2/5
f 2308/1/6 2404/2/6 2405/12/6 2309/11/6
f 2309/1/2 2307/2/2 2402/12/2 2405/11/2
f 2310/2/1 2311/12/1 2309/11/1 2308/1/1
f 2310/12/2 2308/11/2 2404/1/2 2407/2/2
f 2308/2/3 2309/12/3 2405/11/3 2404/1/3
f 2407/1/4 2404/2/4 2405/12/4 2408/11/4
f 2311/11/5 2408/1/5 2405/2/5 2309/12/5
f 2310/1/6 2407/2/6 2408/12/6 2311/11/6
f 2311/11/2 2309/1/2 2405/2/2 2408/12/2
f 2314/2/1 2315/12/1 2313/11/1 2312/1/1
f 2314/1/2 2312/2/2 2409/12/2 2411/11/2
f 2312/2/3 2313/12/3 2410/11/3 2409/1/3
f 2411/1/4 2409/2/4 2410/12/4 2412/11/4
f 2315/2/5 2412/12/5 2410/11/5 2313/1/5
f 2314/1/6 2411/2/6 2412/12/6 2315/11/6
f 2316/2/1 2317/12/1 2315/11/1 2314/1/1
f 2316/1/2 2314/2/2 2411/12/2 2413/11/2
f 2314/2/3 2315/12/3 2412/11/3 2411/1/3
f 2413/1/4 2411/2/4 2412/12/4 2414/11/4
f 2317/2/5 2414/12/5 2412/11/5 2315/1/5
f 2316/1/6 2413/2/6 2414/12/6 2317/11/6
f 2319/2/1 2320/12/1 2317/11/1 2316/1/1
f 2319/12/2 2316/11/2 2413/1/2 2416/2/2
f 2316/2/3 2317/12/3 2414/11/3 2413/1/3
f 2416/1/4 2413/2/4 2414/12/4 2417/11/4
f 2320/11/5 2417/1/5 2414/2/5 2317/12/5
f 2319/1/6 2416/2/6 2417/12/6 2320/11/6
f 2320/2/1 2321/12/1 2318/11/1 2317/1/1
f 2320/2/2 2317/12/2 2414/11/2 2417/1/2
f 2317/2/3 2318/12/3 2415/11/3 2414/1/3
f 2417/1/4 2414/2/4 2415/12/4 2418/11/4
f 2321/12/5 2418/11/5 2415/1/5 2318/2/5
f 2320/1/6 2417/2/6 2418/12/6 2321/11/6
f 2322/2/1 2323/12/1 2320/11/1 2319/1/1
f 2322/11/2 2319/1/2 2416/2/2 2419/12/2
f 2319/2/3 2320/12/3 2417/11/3 2416/1/3
f 2419/1/4 2416/2/4 2417/12/4 2420/11/4
f 2323/1/5 2420/2/5 2417/12/5 2320/11/5
f 2322/1/6 2419/2/6 2420/12/6 2323/11/6
f 2323/2/1 2324/12/1 2321/11/1 2320/1/1
f 2323/12/2 2320/11/2 2417/1/2 2420/2/2
f 2320/2/3 2321/12/3 2418/11/3 2417/1/3
f 2420/1/4 2417/2/4 2418/12/4 2421/11/4
f 2324/11/5 2421/1/5 2418/2/5 2321/12/5
f 2323/1/6 2420/2/6 2421/12/6 2324/11/6
f 2330/2/1 2331/12/1 2326/11/1 2325/1/1
f 2330/11/2 2325/1/2 2422/2/2 2429/12/2
f 2325/2/3 2326/12/3 2423/11/3 2422/1/3
f 2429/1/4 2422/2/4 2423/12/4 2430/11/4
f 2331/1/5 2430/2/5 2423/12/5 2326/11/5
f 2330/1/6 2429/2/6 2430/12/6 2331/11/6
f 2331/2/1 2332/12/1 2327/11/1 2326/1/1
f 2331/2/2 2326/12/2 2423/11/2 2430/1/2
f 2326/2/3 2327/12/3 2424/11/3 2423/1/3
f 2430/1/4 2423/2/4 2424/12/4 2431/11/4
f 2332/12/5 2431/11/5 2424/1/5 2327/2/5
f 2331/1/6 2430/2/6 2431/12/6 2332/11/6
f 2332/2/1 2333/12/1 2328/11/1 2327/1/1
f 2332/2/2 2327/12/2 2424/11/2 2431/1/2
f 2327/2/3 2328/12/3 2425/11/3 2424/1/3
f 2431/1/4 2424/2/4 2425/12/4 2432/11/4
f 2333/12/5 2432/11/5 2425/1/5 2328/2/5
f 2332/1/6 2431/2/6 2432/12/6 2333/11/6
f 2335/2/1 2336/12/1 2331/11/1 2330/1/1
f 2335/1/2 2330/2/2 2429/12/2 2434/11/2
f 2330/2/3 2331/12/3 2430/11/3 2429/1/3
f 2434/1/4 2429/2/4 2430/12/4 2435/11/4
f 2336/2/5 2435/12/5 2430/11/5 2331/1/5
f 2335/1/6 2434/2/6 2435/12/6 2336/11/6
f 2336/2/1 2337/12/1 2332/11/1 2331/1/1
f 2336/1/2 2331/2/2 2430/12/2 2435/11/2
f 2331/2/3 2332/12/3 2431/11/3 2430/1/3
f 2435/1/4 2430/2/4 2431/12/4 2436/11/4
f 2337/2/5 2436/12/5 2431/11/5 2332/1/5
f 2336/1/6 2435/2/6 2436/12/6 2337/11/6
f 2337/2/1 2338/12/1 2333/11/1 2332/1/1
f 2337/2/2 2332/12/2 2431/11/2 2436/1/2
f 2332/2/3 2333/12/3 2432/11/3 2431/1/3
f 2436/1/4 2431/2/4 2432/12/4 2437/11/4
f 2338/12/5 2437/11/5 2432/1/5 2333/2/5
f 2337/1/6 2436/2/6 2437/12/6 2338/11/6
f 2338/1/2 2333/2/2 2432/12/2 2437/11/2
f 2340/2/1 2341/12/1 2336/11/1 2335/1/1
f 2340/12/2 2335/11/2 2434/1/2 2439/2/2
f 2335/2/3 2336/12/3 2435/11/3 2434/1/3
f 2439/1/4 2434/2/4 2435/12/4 2440/11/4
f 2341/11/5 2440/1/5 2435/2/5 2336/12/5
f 2340/1/6 2439/2/6 2440/12/6 2341/11/6
f 2341/2/1 2342/12/1 2337/11/1 2336/1/1
f 2341/12/2 2336/11/2 2435/1/2 2440/2/2
f 2336/2/3 2337/12/3 2436/11/3 2435/1/3
f 2440/1/4 2435/2/4 2436/12/4 2441/11/4
f 2342/11/5 2441/1/5 2436/2/5 2337/12/5
f 2341/1/6 2440/2/6 2441/12/6 2342/11/6
f 2342/2/1 2343/12/1 2338/11/1 2337/1/1
f 2342/2/2 2337/12/2 2436/11/2 2441/1/2
f 2337/2/3 2338/12/3 2437/11/3 2436/1/3
f 2441/1/4 2436/2/4 2437/12/4 2442/11/4
f 2343/12/5 2442/11/5 2437/1/5 2338/2/5
f 2342/1/6 2441/2/6 2442/12/6 2343/11/6
f 2343/11/2 2338/1/2 2437/2/2 2442/12/2
f 2345/2/1 2346/12/1 2341/11/1 2340/1/1
f 2345/11/2 2340/1/2 2439/2/2 2444/12/2
f 2340/2/3 2341/12/3 2440/11/3 2439/1/3
f 2444/1/4 2439/2/4 2440/12/4 2445/11/4
f 2346/1/5 2445/2/5 2440/12/5 2341/11/5
f 2345/1/6 2444/2/6 2445/12/6 2346/11/6
f 2346/2/1 2347/12/1 2342/11/1 2341/1/1
f 2346/1/2 2341/2/2 2440/12/2 2445/11/2
f 2341/2/3 2342/12/3 2441/11/3 2440/1/3
f 2445/1/4 2440/2/4 2441/12/4 2446/11/4
f 2347/2/5 2446/12/5 2441/11/5 2342/1/5
f 2346/1/6 2445/2/6 2446/12/6 2347/11/6
f 2347/2/1 2348/12/1 2343/11/1 2342/1/1
f 2347/1/2 2342/2/2 2441/12/2 2446/11/2
f 2342/2/3 2343/12/3 2442/11/3 2441/1/3
f 2446/1/4 2441/2/4 2442/12/4 2447/11/4
f 2348/2/5 2447/12/5 2442/11/5 2343/1/5
f 2347/1/6 2446/2/6 2447/12/6 2348/11/6
f 2350/2/1 2351/12/1 2346/11/1 2345/1/1
f 2350/2/2 2345/12/2 2444/11/2 2449/1/2
f 2345/2/3 2346/12/3 2445/11/3 2444/1/3
f 2449/1/4 2444/2/4 2445/12/4 2450/11/4
f 2351/12/5 2450/11/5 2445/1/5 2346/2/5
f 2350/1/6 2449/2/6 2450/12/6 2351/11/6
f 2351/2/1 2352/12/1 2347/11/1 2346/1/1
f 2351/11/2 2346/1/2 2445/2/2 2450/12/2
f 2346/2/3 2347/12/3 2446/11/3 2445/1/3
f 2450/1/4 2445/2/4 2446/12/4 2451/11/4
f 2352/1/5 2451/2/5 2446/12/5 2347/11/5
f 2351/1/6 2450/2/6 2451/12/6 2352/11/6
f 2352/2/1 2353/12/1 2348/11/1 2347/1/1
f 2352/12/2 2347/11/2 2446/1/2 2451/2/2
f 2347/2/3 2348/12/3 2447/11/3 2446/1/3
f 2451/1/4 2446/2/4 2447/12/4 2452/11/4
f 2353/11/5 2452/1/5 2447/2/5 2348/12/5
f 2352/1/6 2451/2/6 2452/12/6 2353/11/6
f 2354/2/1 2355/12/1 2351/11/1 2350/1/1
f 2354/1/2 2350/2/2 2449/12/2 2453/11/2
f 2350/2/3 2351/12/3 2450/11/3 2449/1/3
f 2453/1/4 2449/2/4 2450/12/4 2454/11/4
f 2355/2/5 2454/12/5 2450/11/5 2351/1/5
f 2354/1/6 2453/2/6 2454/12/6 2355/11/6
f 2355/2/1 2356/12/1 2352/11/1 2351/1/1
f 2355/12/2 2351/11/2 2450/1/2 2454/2/2
f 2351/2/3 2352/12/3 2451/11/3 2450/1/3
f 2454/1/4 2450/2/4 2451/12/4 2455/11/4
f 2356/11/5 2455/1/5 2451/2/5 2352/12/5
f 2355/1/6 2454/2/6 2455/12/6 2356/11/6
f 2356/2/1 2357/12/1 2353/11/1 2352/1/1
f 2356/12/2 2352/11/2 2451/1/2 2455/2/2
f 2352/2/3 2353/12/3 2452/11/3 2451/1/3
f 2455/1/4 2451/2/4 2452/12/4 2456/11/4
f 2357/11/5 2456/1/5 2452/2/5 2353/12/5
f 2356/1/6 2455/2/6 2456/12/6 2357/11/6
f 2361/2/1 2362/12/1 2355/11/1 2354/1/1
f 2361/2/2 2354/12/2 2453/11/2 2457/1/2
f 2354/2/3 2355/12/3 2454/11/3 2453/1/3
f 2457/1/4 2453/2/4 2454/12/4 2458/11/4
f 2362/12/5 2458/11/5 2454/1/5 2355/2/5
f 2361/1/6 2457/2/6 2458/12/6 2362/11/6
f 2362/2/1 2363/12/1 2356/11/1 2355/1/1
f 2362/1/2 2355/2/2 2454/12/2 2458/11/2
f 2355/2/3 2356/12/3 2455/11/3 2454/1/3
f 2458/1/4 2454/2/4 2455/12/4 2459/11/4
f 2363/2/5 2459/12/5 2455/11/5 2356/1/5
f 2362/1/6 2458/2/6 2459/12/6 2363/11/6
f 2363/2/2 2356/12/2 2455/11/2 2459/1/2
f 2368/2/1 2369/12/1 2362/11/1 2361/1/1
f 2368/11/2 2361/1/2 2457/2/2 2463/12/2
f 2361/2/3 2362/12/3 2458/11/3 2457/1/3
f 2463/1/4 2457/2/4 2458/12/4 2464/11/4
f 2369/1/5 2464/2/5 2458/12/5 2362/11/5
f 2368/1/6 2463/2/6 2464/12/6 2369/11/6
f 2369/2/1 2370/12/1 2363/11/1 2362/1/1
f 2369/1/2 2362/2/2 2458/12/2 2464/11/2
f 2362/2/3 2363/12/3 2459/11/3 2458/1/3
f 2464/1/4 2458/2/4 2459/12/4 2465/11/4
f 2370/2/5 2465/12/5 2459/11/5 2363/1/5
f 2369/1/6 2464/2/6 2465/12/6 2370/11/6
f 2370/2/1 2371/12/1 2364/11/1 2363/1/1
f 2370/1/2 2363/2/2 2459/12/2 2465/11/2
f 2363/2/3 2364/12/3 2460/11/3 2459/1/3
f 2465/1/4 2459/2/4 2460/12/4 2466/11/4
f 2371/2/5 2466/12/5 2460/11/5 2364/1/5
f 2370/1/6 2465/2/6 2466/12/6 2371/11/6
f 2371/11/2 2364/1/2 2460/2/2 2466/12/2
f 2375/2/1 2376/12/1 2368/11/1 2367/1/1
f 2375/11/2 2367/1/2 2462/2/2 2469/12/2
f 2367/2/3 2368/12/3 2463/11/3 2462/1/3
f 2469/1/4 2462/2/4 2463/12/4 2470/11/4
f 2376/1/5 2470/2/5 2463/12/5 2368/11/5
f 2375/1/6 2469/2/6 2470/12/6 2376/11/6
f 2376/2/1 2377/12/1 2369/11/1 2368/1/1
f 2376/1/2 2368/2/2 2463/12/2 2470/11/2
f 2368/2/3 2369/12/3 2464/11/3 2463/1/3
f 2470/1/4 2463/2/4 2464/12/4 2471/11/4
f 2377/2/5 2471/12/5 2464/11/5 2369/1/5
f 2376/1/6 2470/2/6 2471/12/6 2377/11/6
f 2377/2/1 2378/12/1 2370/11/1 2369/1/1
f 2377/12/2 2369/11/2 2464/1/2 2471/2/2
f 2369/2/3 2370/12/3 2465/11/3 2464/1/3
f 2471/1/4 2464/2/4 2465/12/4 2472/11/4
f 2378/11/5 2472/1/5 2465/2/5 2370/12/5
f 2377/1/6 2471/2/6 2472/12/6 2378/11/6
f 2378/2/1 2379/12/1 2371/11/1 2370/1/1
f 2378/11/2 2370/1/2 2465/2/2 2472/12/2
f 2370/2/3 2371/12/3 2466/11/3 2465/1/3
f 2472/1/4 2465/2/4 2466/12/4 2473/11/4
f 2379/1/5 2473/2/5 2466/12/5 2371/11/5
f 2378/1/6 2472/2/6 2473/12/6 2379/11/6
f 2379/2/1 2380/12/1 2372/11/1 2371/1/1
f 2379/12/2 2371/11/2 2466/1/2 2473/2/2
f 2371/2/3 2372/12/3 2467/11/3 2466/1/3
f 2473/1/4 2466/2/4 2467/12/4 2474/11/4
f 2380/11/5 2474/1/5 2467/2/5 2372/12/5
f 2379/1/6 2473/2/6 2474/12/6 2380/11/6
f 2381/2/1 2382/12/1 2377/11/1 2376/1/1
f 2381/11/2 2376/1/2 2470/2/2 2476/12/2
f 2376/2/3 2377/12/3 2471/11/3 2470/1/3
f 2476/1/4 2470/2/4 2471/12/4 2477/11/4
f 2382/1/5 2477/2/5 2471/12/5 2377/11/5
f 2381/1/6 2476/2/6 2477/12/6 2382/11/6
f 2382/2/1 2383/12/1 2378/11/1 2377/1/1
f 2382/12/2 2377/11/2 2471/1/2 2477/2/2
f 2377/2/3 2378/12/3 2472/11/3 2471/1/3
f 2477/1/4 2471/2/4 2472/12/4 2478/11/4
f 2383/11/5 2478/1/5 2472/2/5 2378/12/5
f 2382/1/6 2477/2/6 2478/12/6 2383/11/6
f 2383/2/1 2384/12/1 2379/11/1 2378/1/1
f 2383/12/2 2378/11/2 2472/1/2 2478/2/2
f 2378/2/3 2379/12/3 2473/11/3 2472/1/3
f 2478/1/4 2472/2/4 2473/12/4 2479/11/4
f 2384/11/5 2479/1/5 2473/2/5 2379/12/5
f 2383/1/6 2478/2/6 2479/12/6 2384/11/6
f 2384/2/1 2385/12/1 2380/11/1 2379/1/1
f 2384/11/2 2379/1/2 2473/2/2 2479/12/2
f 2379/2/3 2380/12/3 2474/11/3 2473/1/3
f 2479/1/4 2473/2/4 2474/12/4 2480/11/4
f 2385/1/5 2480/2/5 2474/12/5 2380/11/5
f 2384/1/6 2479/2/6 2480/12/6 2385/11/6
f 2386/2/1 2387/12/1 2382/11/1 2381/1/1
f 2386/2/2 2381/12/2 2476/11/2 2481/1/2
f 2381/2/3 2382/12/3 2477/11/3 2476/1/3
f 2481/1/4 2476/2/4 2477/12/4 2482/11/4
f 2387/12/5 2482/11/5 2477/1/5 2382/2/5
f 2386/1/6 2481/2/6 2482/12/6 2387/11/6
f 2387/2/1 2388/12/1 2383/11/1 2382/1/1
f 2387/12/2 2382/11/2 2477/1/2 2482/2/2
f 2382/2/3 2383/12/3 2478/11/3 2477/1/3
f 2482/1/4 2477/2/4 2478/12/4 2483/11/4
f 2388/11/5 2483/1/5 2478/2/5 2383/12/5
f 2387/1/6 2482/2/6 2483/12/6 2388/11/6
f 2388/2/1 2389/12/1 2384/11/1 2383/1/1
f 2388/11/2 2383/1/2 2478/2/2 2483/12/2
f 2383/2/3 2384/12/3 2479/11/3 2478/1/3
f 2483/1/4 2478/2/4 2479/12/4 2484/11/4
f 2389/1/5 2484/2/5 2479/12/5 2384/11/5
f 2388/1/6 2483/2/6 2484/12/6 2389/11/6
f 2389/11/2 2384/1/2 2479/2/2 2484/12/2
f 2391/2/1 2392/12/1 2388/11/1 2387/1/1
f 2391/12/2 2387/11/2 2482/1/2 2486/2/2
f 2387/2/3 2388/12/3 2483/11/3 2482/1/3
f 2486/1/4 2482/2/4 2483/12/4 2487/11/4
f 2392/11/5 2487/1/5 2483/2/5 2388/12/5
f 2391/1/6 2486/2/6 2487/12/6 2392/11/6
f 2392/2/1 2393/12/1 2389/11/1 2388/1/1
f 2392/11/2 2388/1/2 2483/2/2 2487/12/2
f 2388/2/3 2389/12/3 2484/11/3 2483/1/3
f 2487/1/4 2483/2/4 2484/12/4 2488/11/4
f 2393/1/5 2488/2/5 2484/12/5 2389/11/5
f 2392/1/6 2487/2/6 2488/12/6 2393/11/6
f 2393/2/1 2394/12/1 2390/11/1 2389/1/1
f 2393/12/2 2389/11/2 2484/1/2 2488/2/2
f 2389/2/3 2390/12/3 2485/11/3 2484/1/3
f 2488/1/4 2484/2/4 2485/12/4 2489/11/4
f 2394/11/5 2489/1/5 2485/2/5 2390/12/5
f 2393/1/6 2488/2/6 2489/12/6 2394/11/6
f 2394/1/2 2390/2/2 2485/12/2 2489/11/2
f 2395/2/1 2396/12/1 2393/11/1 2392/1/1
f 2395/11/2 2392/1/2 2487/2/2 2491/12/2
f 2392/2/3 2393/12/3 2488/11/3 2487/1/3
f 2491/1/4 2487/2/4 2488/12/4 2492/11/4
f 2396/1/5 2492/2/5 2488/12/5 2393/11/5
f 2395/1/6 2491/2/6 2492/12/6 2396/11/6
f 2396/2/1 2397/12/1 2394/11/1 2393/1/1
f 2396/11/2 2393/1/2 2488/2/2 2492/12/2
f 2393/2/3 2394/12/3 2489/11/3 2488/1/3
f 2492/1/4 2488/2/4 2489/12/4 2493/11/4
f 2397/1/5 2493/2/5 2489/12/5 2394/11/5
f 2396/1/6 2492/2/6 2493/12/6 2397/11/6
f 2397/1/2 2394/2/2 2489/12/2 2493/11/2
f 2399/2/1 2400/12/1 2396/11/1 2395/1/1
f 2399/11/2 2395/1/2 2491/2/2 2494/12/2
f 2395/2/3 2396/12/3 2492/11/3 2491/1/3
f 2494/1/4 2491/2/4 2492/12/4 2495/11/4
f 2400/1/5 2495/2/5 2492/12/5 2396/11/5
f 2399/1/6 2494/2/6 2495/12/6 2400/11/6
f 2400/2/1 2401/12/1 2397/11/1 2396/1/1
f 2400/12/2 2396/11/2 2492/1/2 2495/2/2
f 2396/2/3 2397/12/3 2493/11/3 2492/1/3
f 2495/1/4 2492/2/4 2493/12/4 2496/11/4
f 2401/11/5 2496/1/5 2493/2/5 2397/12/5
f 2400/1/6 2495/2/6 2496/12/6 2401/11/6
f 2401/1/2 2397/2/2 2493/12/2 2496/11/2
f 2404/2/1 2405/12/1 2402/11/1 2401/1/1
f 2404/1/2 2401/2/2 2496/12/2 2500/11/2
f 2401/2/3 2402/12/3 2497/11/3 2496/1/3
f 2500/1/4 2496/2/4 2497/12/4 2501/11/4
f 2405/2/5 2501/12/5 2497/11/5 2402/1/5
f 2404/1/6 2500/2/6 2501/12/6 2405/11/6
f 2405/1/2 2402/2/2 2497/12/2 2501/11/2
f 2406/2/1 2407/12/1 2404/11/1 2403/1/1
f 2406/1/2 2403/2/2 2499/12/2 2502/11/2
f 2403/2/3 2404/12/3 2500/11/3 2499/1/3
f 2502/1/4 2499/2/4 2500/12/4 2503/11/4
f 2407/2/5 2503/12/5 2500/11/5 2404/1/5
f 2406/1/6 2502/2/6 2503/12/6 2407/11/6
f 2407/2/1 2408/12/1 2405/11/1 2404/1/1
f 2407/11/2 2404/1/2 2500/2/2 2503/12/2
f 2404/2/3 2405/12/3 2501/11/3 2500/1/3
f 2503/1/4 2500/2/4 2501/12/4 2504/11/4
f 2408/1/5 2504/2/5 2501/12/5 2405/11/5
f 2407/1/6 2503/2/6 2504/12/6 2408/11/6
f 2408/12/2 2405/11/2 2501/1/2 2504/2/2
f 2411/2/1 2412/12/1 2410/11/1 2409/1/1
f 2411/2/2 2409/12/2 2505/11/2 2508/1/2
f 2409/2/3 2410/12/3 2506/11/3 2505/1/3
f 2508/1/4 2505/2/4 2506/12/4 2509/11/4
f 2412/12/5 2509/11/5 2506/1/5 2410/2/5
f 2411/1/6 2508/2/6 2509/12/6 2412/11/6
f 2413/2/1 2414/12/1 2412/11/1 2411/1/1
f 2413/1/2 2411/2/2 2508/12/2 2511/11/2
f 2411/2/3 2412/12/3 2509/11/3 2508/1/3
f 2511/1/4 2508/2/4 2509/12/4 2512/11/4
f 2414/2/5 2512/12/5 2509/11/5 2412/1/5
f 2413/1/6 2511/2/6 2512/12/6 2414/11/6
f 2416/2/1 2417/12/1 2414/11/1 2413/1/1
f 2416/11/2 2413/1/2 2511/2/2 2513/12/2
f 2413/2/3 2414/12/3 2512/11/3 2511/1/3
f 2513/1/4 2511/2/4 2512/12/4 2514/11/4
f 2417/1/5 2514/2/5 2512/12/5 2414/11/5
f 2416/1/6 2513/2/6 2514/12/6 2417/11/6
f 2419/2/1 2420/12/1 2417/11/1 2416/1/1
f 2419/12/2 2416/11/2 2513/1/2 2516/2/2
f 2416/2/3 2417/12/3 2514/11/3 2513/1/3
f 2516/1/4 2513/2/4 2514/12/4 2517/11/4
f 2420/11/5 2517/1/5 2514/2/5 2417/12/5
f 2419/1/6 2516/2/6 2517/12/6 2420/11/6
f 2420/2/1 2421/12/1 2418/11/1 2417/1/1
f 2420/11/2 2417/1/2 2514/2/2 2517/12/2
f 2417/2/3 2418/12/3 2515/11/3 2514/1/3
f 2517/1/4 2514/2/4 2515/12/4 2518/11/4
f 2421/1/5 2518/2/5 2515/12/5 2418/11/5
f 2420/1/6 2517/2/6 2518/12/6 2421/11/6
f 2426/2/1 2427/12/1 2420/11/1 2419/1/1
f 2426/1/2 2419/2/2 2516/12/2 2519/11/2
f 2419/2/3 2420/12/3 2517/11/3 2516/1/3
f 2519/1/4 2516/2/4 2517/12/4 2520/11/4
f 2427/2/5 2520/12/5 2517/11/5 2420/1/5
f 2426/1/6 2519/2/6 2520/12/6 2427/11/6
f 2427/2/1 2428/12/1 2421/11/1 2420/1/1
f 2427/1/2 2420/2/2 2517/12/2 2520/11/2
f 2420/2/3 2421/12/3 2518/11/3 2517/1/3
f 2520/1/4 2517/2/4 2518/12/4 2521/11/4
f 2428/2/5 2521/12/5 2518/11/5 2421/1/5
f 2427/1/6 2520/2/6 2521/12/6 2428/11/6
f 2433/2/1 2434/12/1 2429/11/1 2428/1/1
f 2433/12/2 2428/11/2 2521/1/2 2528/2/2
f 2428/2/3 2429/12/3 2522/11/3 2521/1/3
f 2528/1/4 2521/2/4 2522/12/4 2529/11/4
f 2434/11/5 2529/1/5 2522/2/5 2429/12/5
f 2433/1/6 2528/2/6 2529/12/6 2434/11/6
f 2434/2/1 2435/12/1 2430/11/1 2429/1/1
f 2434/1/2 2429/2/2 2522/12/2 2529/11/2
f 2429/2/3 2430/12/3 2523/11/3 2522/1/3
f 2529/1/4 2522/2/4 2523/12/4 2530/11/4
f 2435/2/5 2530/12/5 2523/11/5 2430/1/5
f 2434/1/6 2529/2/6 2530/12/6 2435/11/6
f 2435/2/1 2436/12/1 2431/11/1 2430/1/1
f 2435/2/2 2430/12/2 2523/11/2 2530/1/2
f 2430/2/3 2431/12/3 2524/11/3 2523/1/3
f 2530/1/4 2523/2/4 2524/12/4 2531/11/4
f 2436/12/5 2531/11/5 2524/1/5 2431/2/5
f 2435/1/6 2530/2/6 2531/12/6 2436/11/6
f 2436/2/1 2437/12/1 2432/11/1 2431/1/1
f 2436/12/2 2431/11/2 2524/1/2 2531/2/2
f 2431/2/3 2432/12/3 2525/11/3 2524/1/3
f 2531/1/4 2524/2/4 2525/12/4 2532/11/4
f 2437/11/5 2532/1/5 2525/2/5 2432/12/5
f 2436/1/6 2531/2/6 2532/12/6 2437/11/6
f 2443/2/1 2444/12/1 2439/11/1 2438/1/1
f 2443/1/2 2438/2/2 2535/12/2 2539/11/2
f 2438/2/3 2439/12/3 2536/11/3 2535/1/3
f 2539/1/4 2535/2/4 2536/12/4 2540/11/4
f 2444/2/5 2540/12/5 2536/11/5 2439/1/5
f 2443/1/6 2539/2/6 2540/12/6 2444/11/6
f 2444/2/1 2445/12/1 2440/11/1 2439/1/1
f 2444/11/2 2439/1/2 2536/2/2 2540/12/2
f 2439/2/3 2440/12/3 2537/11/3 2536/1/3
f 2540/1/4 2536/2/4 2537/12/4 2541/11/4
f 2445/1/5 2541/2/5 2537/12/5 2440/11/5
f 2444/1/6 2540/2/6 2541/12/6 2445/11/6
f 2448/2/1 2449/12/1 2444/11/1 2443/1/1
f 2448/2/2 2443/12/2 2539/11/2 2543/1/2
f 2443/2/3 2444/12/3 2540/11/3 2539/1/3
f 2543/1/4 2539/2/4 2540/12/4 2544/11/4
f 2449/12/5 2544/11/5 2540/1/5 2444/2/5
f 2448/1/6 2543/2/6 2544/12/6 2449/11/6
f 2449/2/1 2450/12/1 2445/11/1 2444/1/1
f 2449/11/2 2444/1/2 2540/2/2 2544/12/2
f 2444/2/3 2445/12/3 2541/11/3 2540/1/3
f 2544/1/4 2540/2/4 2541/12/4 2545/11/4
f 2450/1/5 2545/2/5 2541/12/5 2445/11/5
f 2449/1/6 2544/2/6 2545/12/6 2450/11/6
f 2453/2/1 2454/12/1 2450/11/1 2449/1/1
f 2453/2/2 2449/12/2 2544/11/2 2548/1/2
f 2449/2/3 2450/12/3 2545/11/3 2544/1/3
f 2548/1/4 2544/2/4 2545/12/4 2549/11/4
f 2454/12/5 2549/11/5 2545/1/5 2450/2/5
f 2453/1/6 2548/2/6 2549/12/6 2454/11/6
f 2468/2/1 2469/12/1 2462/11/1 2461/1/1
f 2468/12/2 2461/11/2 2553/1/2 2560/2/2
f 2461/2/3 2462/12/3 2554/11/3 2553/1/3
f 2560/1/4 2553/2/4 2554/12/4 2561/11/4
f 2469/11/5 2561/1/5 2554/2/5 2462/12/5
f 2468/1/6 2560/2/6 2561/12/6 2469/11/6
f 2469/2/1 2470/12/1 2463/11/1 2462/1/1
f 2469/11/2 2462/1/2 2554/2/2 2561/12/2
f 2462/2/3 2463/12/3 2555/11/3 2554/1/3
f 2561/1/4 2554/2/4 2555/12/4 2562/11/4
f 2470/1/5 2562/2/5 2555/12/5 2463/11/5
f 2469/1/6 2561/2/6 2562/12/6 2470/11/6
f 2470/2/1 2471/12/1 2464/11/1 2463/1/1
f 2470/2/2 2463/12/2 2555/11/2 2562/1/2
f 2463/2/3 2464/12/3 2556/11/3 2555/1/3
f 2562/1/4 2555/2/4 2556/12/4 2563/11/4
f 2471/12/5 2563/11/5 2556/1/5 2464/2/5
f 2470/1/6 2562/2/6 2563/12/6 2471/11/6
f 2471/2/1 2472/12/1 2465/11/1 2464/1/1
f 2471/2/2 2464/12/2 2556/11/2 2563/1/2
f 2464/2/3 2465/12/3 2557/11/3 2556/1/3
f 2563/1/4 2556/2/4 2557/12/4 2564/11/4
f 2472/12/5 2564/11/5 2557/1/5 2465/2/5
f 2471/1/6 2563/2/6 2564/12/6 2472/11/6
f 2472/2/1 2473/12/1 2466/11/1 2465/1/1
f 2472/12/2 2465/11/2 2557/1/2 2564/2/2
f 2465/2/3 2466/12/3 2558/11/3 2557/1/3
f 2564/1/4 2557/2/4 2558/12/4 2565/11/4
f 2473/11/5 2565/1/5 2558/2/5 2466/12/5
f 2472/1/6 2564/2/6 2565/12/6 2473/11/6
f 2475/2/1 2476/12/1 2470/11/1 2469/1/1
f 2475/12/2 2469/11/2 2561/1/2 2569/2/2
f 2469/2/3 2470/12/3 2562/11/3 2561/1/3
f 2569/1/4 2561/2/4 2562/12/4 2570/11/4
f 2476/11/5 2570/1/5 2562/2/5 2470/12/5
f 2475/1/6 2569/2/6 2570/12/6 2476/11/6
f 2476/2/1 2477/12/1 2471/11/1 2470/1/1
f 2476/11/2 2470/1/2 2562/2/2 2570/12/2
f 2470/2/3 2471/12/3 2563/11/3 2562/1/3
f 2570/1/4 2562/2/4 2563/12/4 2571/11/4
f 2477/1/5 2571/2/5 2563/12/5 2471/11/5
f 2476/1/6 2570/2/6 2571/12/6 2477/11/6
f 2477/2/1 2478/12/1 2472/11/1 2471/1/1
f 2477/1/2 2471/2/2 2563/12/2 2571/11/2
f 2471/2/3 2472/12/3 2564/11/3 2563/1/3
f 2571/1/4 2563/2/4 2564/12/4 2572/11/4
f 2478/2/5 2572/12/5 2564/11/5 2472/1/5
f 2477/1/6 2571/2/6 2572/12/6 2478/11/6
f 2478/2/1 2479/12/1 2473/11/1 2472/1/1
f 2478/12/2 2472/11/2 2564/1/2 2572/2/2
f 2472/2/3 2473/12/3 2565/11/3 2564/1/3
f 2572/1/4 2564/2/4 2565/12/4 2573/11/4
f 2479/11/5 2573/1/5 2565/2/5 2473/12/5
f 2478/1/6 2572/2/6 2573/12/6 2479/11/6
f 2479/2/1 2480/12/1 2474/11/1 2473/1/1
f 2479/2/2 2473/12/2 2565/11/2 2573/1/2
f 2473/2/3 2474/12/3 2566/11/3 2565/1/3
f 2573/1/4 2565/2/4 2566/12/4 2574/11/4
f 2480/12/5 2574/11/5 2566/1/5 2474/2/5
f 2479/1/6 2573/2/6 2574/12/6 2480/11/6
f 2481/2/1 2482/12/1 2477/11/1 2476/1/1
f 2481/12/2 2476/11/2 2570/1/2 2575/2/2
f 2476/2/3 2477/12/3 2571/11/3 2570/1/3
f 2575/1/4 2570/2/4 2571/12/4 2576/11/4
f 2482/11/5 2576/1/5 2571/2/5 2477/12/5
f 2481/1/6 2575/2/6 2576/12/6 2482/11/6
f 2482/2/1 2483/12/1 2478/11/1 2477/1/1
f 2482/2/2 2477/12/2 2571/11/2 2576/1/2
f 2477/2/3 2478/12/3 2572/11/3 2571/1/3
f 2576/1/4 2571/2/4 2572/12/4 2577/11/4
f 2483/12/5 2577/11/5 2572/1/5 2478/2/5
f 2482/1/6 2576/2/6 2577/12/6 2483/11/6
f 2483/2/1 2484/12/1 2479/11/1 2478/1/1
f 2483/2/2 2478/12/2 2572/11/2 2577/1/2
f 2478/2/3 2479/12/3 2573/11/3 2572/1/3
f 2577/1/4 2572/2/4 2573/12/4 2578/11/4
f 2484/12/5 2578/11/5 2573/1/5 2479/2/5
f 2483/1/6 2577/2/6 2578/12/6 2484/11/6
f 2484/11/2 2479/1/2 2573/2/2 2578/12/2
f 2486/2/1 2487/12/1 2483/11/1 2482/1/1
f 2486/2/2 2482/12/2 2576/11/2 2580/1/2
f 2482/2/3 2483/12/3 2577/11/3 2576/1/3
f 2580/1/4 2576/2/4 2577/12/4 2581/11/4
f 2487/12/5 2581/11/5 2577/1/5 2483/2/5
f 2486/1/6 2580/2/6 2581/12/6 2487/11/6
f 2487/2/1 2488/12/1 2484/11/1 2483/1/1
f 2487/12/2 2483/11/2 2577/1/2 2581/2/2
f 2483/2/3 2484/12/3 2578/11/3 2577/1/3
f 2581/1/4 2577/2/4 2578/12/4 2582/11/4
f 2488/11/5 2582/1/5 2578/2/5 2484/12/5
f 2487/1/6 2581/2/6 2582/12/6 2488/11/6
f 2488/12/2 2484/11/2 2578/1/2 2582/2/2
f 2490/2/1 2491/12/1 2487/11/1 2486/1/1
f 2490/11/2 2486/1/2 2580/2/2 2583/12/2
f 2486/2/3 2487/12/3 2581/11/3 2580/1/3
f 2583/1/4 2580/2/4 2581/12/4 2584/11/4
f 2491/1/5 2584/2/5 2581/12/5 2487/11/5
f 2490/1/6 2583/2/6 2584/12/6 2491/11/6
f 2491/2/1 2492/12/1 2488/11/1 2487/1/1
f 2491/2/2 2487/12/2 2581/11/2 2584/1/2
f 2487/2/3 2488/12/3 2582/11/3 2581/1/3
f 2584/1/4 2581/2/4 2582/12/4 2585/11/4
f 2492/12/5 2585/11/5 2582/1/5 2488/2/5
f 2491/1/6 2584/2/6 2585/12/6 2492/11/6
f 2492/2/2 2488/12/2 2582/11/2 2585/1/2
f 2494/2/1 2495/12/1 2492/11/1 2491/1/1
f 2494/12/2 2491/11/2 2584/1/2 2588/2/2
f 2491/2/3 2492/12/3 2585/11/3 2584/1/3
f 2588/1/4 2584/2/4 2585/12/4 2589/11/4
f 2495/11/5 2589/1/5 2585/2/5 2492/12/5
f 2494/1/6 2588/2/6 2589/12/6 2495/11/6
f 2495/2/1 2496/12/1 2493/11/1 2492/1/1
f 2495/11/2 2492/1/2 2585/2/2 2589/12/2
f 2492/2/3 2493/12/3 2586/11/3 2585/1/3
f 2589/1/4 2585/2/4 2586/12/4 2590/11/4
f 2496/1/5 2590/2/5 2586/12/5 2493/11/5
f 2495/1/6 2589/2/6 2590/12/6 2496/11/6
f 2496/11/2 2493/1/2 2586/2/2 2590/12/2
f 2498/2/1 2499/12/1 2495/11/1 2494/1/1
f 2498/11/2 2494/1/2 2588/2/2 2591/12/2
f 2494/2/3 2495/12/3 2589/11/3 2588/1/3
f 2591/1/4 2588/2/4 2589/12/4 2592/11/4
f 2499/1/5 2592/2/5 2589/12/5 2495/11/5
f 2498/1/6 2591/2/6 2592/12/6 2499/11/6
f 2499/2/1 2500/12/1 2496/11/1 2495/1/1
f 2499/1/2 2495/2/2 2589/12/2 2592/11/2
f 2495/2/3 2496/12/3 2590/11/3 2589/1/3
f 2592/1/4 2589/2/4 2590/12/4 2593/11/4
f 2500/2/5 2593/12/5 2590/11/5 2496/1/5
f 2499/1/6 2592/2/6 2593/12/6 2500/11/6
f 2500/12/2 2496/11/2 2590/1/2 2593/2/2
f 2503/2/1 2504/12/1 2501/11/1 2500/1/1
f 2503/11/2 2500/1/2 2593/2/2 2597/12/2
f 2500/2/3 2501/12/3 2594/11/3 2593/1/3
f 2597/1/4 2593/2/4 2594/12/4 2598/11/4
f 2504/1/5 2598/2/5 2594/12/5 2501/11/5
f 2503/1/6 2597/2/6 2598/12/6 2504/11/6
f 2504/1/2 2501/2/2 2594/12/2 2598/11/2
f 2508/2/1 2509/12/1 2506/11/1 2505/1/1
f 2508/12/2 2505/11/2 2599/1/2 2602/2/2
f 2505/2/3 2506/12/3 2600/11/3 2599/1/3
f 2602/1/4 2599/2/4 2600/12/4 2603/11/4
f 2509/11/5 2603/1/5 2600/2/5 2506/12/5
f 2508/1/6 2602/2/6 2603/12/6 2509/11/6
f 2509/2/1 2510/12/1 2507/11/1 2506/1/1
f 2509/12/2 2506/11/2 2600/1/2 2603/2/2
f 2506/2/3 2507/12/3 2601/11/3 2600/1/3
f 2603/1/4 2600/2/4 2601/12/4 2604/11/4
f 2510/11/5 2604/1/5 2601/2/5 2507/12/5
f 2509/1/6 2603/2/6 2604/12/6 2510/11/6
f 2511/2/1 2512/12/1 2509/11/1 2508/1/1
f 2511/1/2 2508/2/2 2602/12/2 2605/11/2
f 2508/2/3 2509/12/3 2603/11/3 2602/1/3
f 2605/1/4 2602/2/4 2603/12/4 2606/11/4
f 2512/2/5 2606/12/5 2603/11/5 2509/1/5
f 2511/1/6 2605/2/6 2606/12/6 2512/11/6
f 2513/2/1 2514/12/1 2512/11/1 2511/1/1
f 2513/1/2 2511/2/2 2605/12/2 2608/11/2
f 2511/2/3 2512/12/3 2606/11/3 2605/1/3
f 2608/1/4 2605/2/4 2606/12/4 2609/11/4
f 2514/2/5 2609/12/5 2606/11/5 2512/1/5
f 2513/1/6 2608/2/6 2609/12/6 2514/11/6
f 2516/2/1 2517/12/1 2514/11/1 2513/1/1
f 2516/11/2 2513/1/2 2608/2/2 2611/12/2
f 2513/2/3 2514/12/3 2609/11/3 2608/1/3
f 2611/1/4 2608/2/4 2609/12/4 2612/11/4
f 2517/1/5 2612/2/5 2609/12/5 2514/11/5
f 2516/1/6 2611/2/6 2612/12/6 2517/11/6
f 2517/2/1 2518/12/1 2515/11/1 2514/1/1
f 2517/11/2 2514/1/2 2609/2/2 2612/12/2
f 2514/2/3 2515/12/3 2610/11/3 2609/1/3
f 2612/1/4 2609/2/4 2610/12/4 2613/11/4
f 2518/1/5 2613/2/5 2610/12/5 2515/11/5
f 2517/1/6 2612/2/6 2613/12/6 2518/11/6
f 2519/2/1 2520/12/1 2517/11/1 2516/1/1
f 2519/12/2 2516/11/2 2611/1/2 2614/2/2
f 2516/2/3 2517/12/3 2612/11/3 2611/1/3
f 2614/1/4 2611/2/4 2612/12/4 2615/11/4
f 2520/11/5 2615/1/5 2612/2/5 2517/12/5
f 2519/1/6 2614/2/6 2615/12/6 2520/11/6
f 2520/2/1 2521/12/1 2518/11/1 2517/1/1
f 2520/12/2 2517/11/2 2612/1/2 2615/2/2
f 2517/2/3 2518/12/3 2613/11/3 2612/1/3
f 2615/1/4 2612/2/4 2613/12/4 2616/11/4
f 2521/11/5 2616/1/5 2613/2/5 2518/12/5
f 2520/1/6 2615/2/6 2616/12/6 2521/11/6
f 2526/2/1 2527/12/1 2520/11/1 2519/1/1
f 2526/2/2 2519/12/2 2614/11/2 2618/1/2
f 2519/2/3 2520/12/3 2615/11/3 2614/1/3
f 2618/1/4 2614/2/4 2615/12/4 2619/11/4
f 2527/12/5 2619/11/5 2615/1/5 2520/2/5
f 2526/1/6 2618/2/6 2619/12/6 2527/11/6
f 2527/2/1 2528/12/1 2521/11/1 2520/1/1
f 2527/2/2 2520/12/2 2615/11/2 2619/1/2
f 2520/2/3 2521/12/3 2616/11/3 2615/1/3
f 2619/1/4 2615/2/4 2616/12/4 2620/11/4
f 2528/12/5 2620/11/5 2616/1/5 2521/2/5
f 2527/1/6 2619/2/6 2620/12/6 2528/11/6
f 2528/2/1 2529/12/1 2522/11/1 2521/1/1
f 2528/1/2 2521/2/2 2616/12/2 2620/11/2
f 2521/2/3 2522/12/3 2617/11/3 2616/1/3
f 2620/1/4 2616/2/4 2617/12/4 2621/11/4
f 2529/2/5 2621/12/5 2617/11/5 2522/1/5
f 2528/1/6 2620/2/6 2621/12/6 2529/11/6
f 2533/2/1 2534/12/1 2527/11/1 2526/1/1
f 2533/2/2 2526/12/2 2618/11/2 2622/1/2
f 2526/2/3 2527/12/3 2619/11/3 2618/1/3
f 2622/1/4 2618/2/4 2619/12/4 2623/11/4
f 2534/12/5 2623/11/5 2619/1/5 2527/2/5
f 2533/1/6 2622/2/6 2623/12/6 2534/11/6
f 2534/2/1 2535/12/1 2528/11/1 2527/1/1
f 2534/12/2 2527/11/2 2619/1/2 2623/2/2
f 2527/2/3 2528/12/3 2620/11/3 2619/1/3
f 2623/1/4 2619/2/4 2620/12/4 2624/11/4
f 2535/11/5 2624/1/5 2620/2/5 2528/12/5
f 2534/1/6 2623/2/6 2624/12/6 2535/11/6
f 2538/2/1 2539/12/1 2535/11/1 2534/1/1
f 2538/12/2 2534/11/2 2623/1/2 2627/2/2
f 2534/2/3 2535/12/3 2624/11/3 2623/1/3
f 2627/1/4 2623/2/4 2624/12/4 2628/11/4
f 2539/11/5 2628/1/5 2624/2/5 2535/12/5
f 2538/1/6 2627/2/6 2628/12/6 2539/11/6
f 2539/2/1 2540/12/1 2536/11/1 2535/1/1
f 2539/2/2 2535/12/2 2624/11/2 2628/1/2
f 2535/2/3 2536/12/3 2625/11/3 2624/1/3
f 2628/1/4 2624/2/4 2625/12/4 2629/11/4
f 2540/12/5 2629/11/5 2625/1/5 2536/2/5
f 2539/1/6 2628/2/6 2629/12/6 2540/11/6
f 2542/2/1 2543/12/1 2539/11/1 2538/1/1
f 2542/1/2 2538/2/2 2627/12/2 2631/11/2
f 2538/2/3 2539/12/3 2628/11/3 2627/1/3
f 2631/1/4 2627/2/4 2628/12/4 2632/11/4
f 2543/2/5 2632/12/5 2628/11/5 2539/1/5
f 2542/1/6 2631/2/6 2632/12/6 2543/11/6
f 2543/2/1 2544/12/1 2540/11/1 2539/1/1
f 2543/1/2 2539/2/2 2628/12/2 2632/11/2
f 2539/2/3 2540/12/3 2629/11/3 2628/1/3
f 2632/1/4 2628/2/4 2629/12/4 2633/11/4
f 2544/2/5 2633/12/5 2629/11/5 2540/1/5
f 2543/1/6 2632/2/6 2633/12/6 2544/11/6
f 2550/2/1 2551/12/1 2547/11/1 2546/1/1
f 2550/1/2 2546/2/2 2635/12/2 2638/11/2
f 2546/2/3 2547/12/3 2636/11/3 2635/1/3
f 2638/1/4 2635/2/4 2636/12/4 2639/11/4
f 2551/2/5 2639/12/5 2636/11/5 2547/1/5
f 2550/1/6 2638/2/6 2639/12/6 2551/11/6
f 2553/2/1 2554/12/1 2551/11/1 2550/1/1
f 2553/12/2 2550/11/2 2638/1/2 2641/2/2
f 2550/2/3 2551/12/3 2639/11/3 2638/1/3
f 2641/1/4 2638/2/4 2639/12/4 2642/11/4
f 2554/11/5 2642/1/5 2639/2/5 2551/12/5
f 2553/1/6 2641/2/6 2642/12/6 2554/11/6
f 2559/2/1 2560/12/1 2553/11/1 2552/1/1
f 2559/2/2 2552/12/2 2640/11/2 2643/1/2
f 2552/2/3 2553/12/3 2641/11/3 2640/1/3
f 2643/1/4 2640/2/4 2641/12/4 2644/11/4
f 2560/12/5 2644/11/5 2641/1/5 2553/2/5
f 2559/1/6 2643/2/6 2644/12/6 2560/11/6
f 2560/2/1 2561/12/1 2554/11/1 2553/1/1
f 2560/12/2 2553/11/2 2641/1/2 2644/2/2
f 2553/2/3 2554/12/3 2642/11/3 2641/1/3
f 2644/1/4 2641/2/4 2642/12/4 2645/11/4
f 2561/11/5 2645/1/5 2642/2/5 2554/12/5
f 2560/1/6 2644/2/6 2645/12/6 2561/11/6
f 2567/2/1 2568/12/1 2560/11/1 2559/1/1
f 2567/1/2 2559/2/2 2643/12/2 2646/11/2
f 2559/2/3 2560/12/3 2644/11/3 2643/1/3
f 2646/1/4 2643/2/4 2644/12/4 2647/11/4
f 2568/2/5 2647/12/5 2644/11/5 2560/1/5
f 2567/1/6 2646/2/6 2647/12/6 2568/11/6
f 2568/2/1 2569/12/1 2561/11/1 2560/1/1
f 2568/2/2 2560/12/2 2644/11/2 2647/1/2
f 2560/2/3 2561/12/3 2645/11/3 2644/1/3
f 2647/1/4 2644/2/4 2645/12/4 2648/11/4
f 2569/12/5 2648/11/5 2645/1/5 2561/2/5
f 2568/1/6 2647/2/6 2648/12/6 2569/11/6
f 2579/2/1 2580/12/1 2576/11/1 2575/1/1
f 2579/1/2 2575/2/2 2651/12/2 2655/11/2
f 2575/2/3 2576/12/3 2652/11/3 2651/1/3
f 2655/1/4 2651/2/4 2652/12/4 2656/11/4
f 2580/2/5 2656/12/5 2652/11/5 2576/1/5
f 2579/1/6 2655/2/6 2656/12/6 2580/11/6
f 2580/2/1 2581/12/1 2577/11/1 2576/1/1
f 2580/2/2 2576/12/2 2652/11/2 2656/1/2
f 2576/2/3 2577/12/3 2653/11/3 2652/1/3
f 2656/1/4 2652/2/4 2653/12/4 2657/11/4
f 2581/12/5 2657/11/5 2653/1/5 2577/2/5
f 2580/1/6 2656/2/6 2657/12/6 2581/11/6
f 2581/2/2 2577/12/2 2653/11/2 2657/1/2
f 2583/2/1 2584/12/1 2581/11/1 2580/1/1
f 2583/12/2 2580/11/2 2656/1/2 2660/2/2
f 2580/2/3 2581/12/3 2657/11/3 2656/1/3
f 2660/1/4 2656/2/4 2657/12/4 2661/11/4
f 2584/11/5 2661/1/5 2657/2/5 2581/12/5
f 2583/1/6 2660/2/6 2661/12/6 2584/11/6
f 2584/2/1 2585/12/1 2582/11/1 2581/1/1
f 2584/11/2 2581/1/2 2657/2/2 2661/12/2
f 2581/2/3 2582/12/3 2658/11/3 2657/1/3
f 2661/1/4 2657/2/4 2658/12/4 2662/11/4
f 2585/1/5 2662/2/5 2658/12/5 2582/11/5
f 2584/1/6 2661/2/6 2662/12/6 2585/11/6
f 2585/1/2 2582/2/2 2658/12/2 2662/11/2
f 2587/2/1 2588/12/1 2584/11/1 2583/1/1
f 2587/12/2 2583/11/2 2660/1/2 2663/2/2
f 2583/2/3 2584/12/3 2661/11/3 2660/1/3
f 2663/1/4 2660/2/4 2661/12/4 2664/11/4
f 2588/11/5 2664/1/5 2661/2/5 2584/12/5
f 2587/1/6 2663/2/6 2664/12/6 2588/11/6
f 2588/2/1 2589/12/1 2585/11/1 2584/1/1
f 2588/2/2 2584/12/2 2661/11/2 2664/1/2
f 2584/2/3 2585/12/3 2662/11/3 2661/1/3
f 2664/1/4 2661/2/4 2662/12/4 2665/11/4
f 2589/12/5 2665/11/5 2662/1/5 2585/2/5
f 2588/1/6 2664/2/6 2665/12/6 2589/11/6
f 2589/1/2 2585/2/2 2662/12/2 2665/11/2
f 2591/2/1 2592/12/1 2589/11/1 2588/1/1
f 2591/2/2 2588/12/2 2664/11/2 2668/1/2
f 2588/2/3 2589/12/3 2665/11/3 2664/1/3
f 2668/1/4 2664/2/4 2665/12/4 2669/11/4
f 2592/12/5 2669/11/5 2665/1/5 2589/2/5
f 2591/1/6 2668/2/6 2669/12/6 2592/11/6
f 2592/2/1 2593/12/1 2590/11/1 2589/1/1
f 2592/2/2 2589/12/2 2665/11/2 2669/1/2
f 2589/2/3 2590/12/3 2666/11/3 2665/1/3
f 2669/1/4 2665/2/4 2666/12/4 2670/11/4
f 2593/12/5 2670/11/5 2666/1/5 2590/2/5
f 2592/1/6 2669/2/6 2670/12/6 2593/11/6
f 2593/12/2 2590/11/2 2666/1/2 2670/2/2
f 2595/2/1 2596/12/1 2592/11/1 2591/1/1
f 2595/12/2 2591/11/2 2668/1/2 2671/2/2
f 2591/2/3 2592/12/3 2669/11/3 2668/1/3
f 2671/1/4 2668/2/4 2669/12/4 2672/11/4
f 2596/11/5 2672/1/5 2669/2/5 2592/12/5
f 2595/1/6 2671/2/6 2672/12/6 2596/11/6
f 2596/2/1 2597/12/1 2593/11/1 2592/1/1
f 2596/12/2 2592/11/2 2669/1/2 2672/2/2
f 2592/2/3 2593/12/3 2670/11/3 2669/1/3
f 2672/1/4 2669/2/4 2670/12/4 2673/11/4
f 2597/11/5 2673/1/5 2670/2/5 2593/12/5
f 2596/1/6 2672/2/6 2673/12/6 2597/11/6
f 2597/11/2 2593/1/2 2670/2/2 2673/12/2
f 2602/2/1 2603/12/1 2600/11/1 2599/1/1
f 2602/1/2 2599/2/2 2674/12/2 2676/11/2
f 2599/2/3 2600/12/3 2675/11/3 2674/1/3
f 2676/1/4 2674/2/4 2675/12/4 2677/11/4
f 2603/2/5 2677/12/5 2675/11/5 2600/1/5
f 2602/1/6 2676/2/6 2677/12/6 2603/11/6
f 2605/2/1 2606/12/1 2603/11/1 2602/1/1
f 2605/11/2 2602/1/2 2676/2/2 2679/12/2
f 2602/2/3 2603/12/3 2677/11/3 2676/1/3
f 2679/1/4 2676/2/4 2677/12/4 2680/11/4
f 2606/1/5 2680/2/5 2677/12/5 2603/11/5
f 2605/1/6 2679/2/6 2680/12/6 2606/11/6
f 2606/2/1 2607/12/1 2604/11/1 2603/1/1
f 2606/11/2 2603/1/2 2677/2/2 2680/12/2
f 2603/2/3 2604/12/3 2678/11/3 2677/1/3
f 2680/1/4 2677/2/4 2678/12/4 2681/11/4
f 2607/1/5 2681/2/5 2678/12/5 2604/11/5
f 2606/1/6 2680/2/6 2681/12/6 2607/11/6
f 2608/2/1 2609/12/1 2606/11/1 2605/1/1
f 2608/2/2 2605/12/2 2679/11/2 2682/1/2
f 2605/2/3 2606/12/3 2680/11/3 2679/1/3
f 2682/1/4 2679/2/4 2680/12/4 2683/11/4
f 2609/12/5 2683/11/5 2680/1/5 2606/2/5
f 2608/1/6 2682/2/6 2683/12/6 2609/11/6
f 2611/2/1 2612/12/1 2609/11/1 2608/1/1
f 2611/1/2 2608/2/2 2682/12/2 2685/11/2
f 2608/2/3 2609/12/3 2683/11/3 2682/1/3
f 2685/1/4 2682/2/4 2683/12/4 2686/11/4
f 2612/2/5 2686/12/5 2683/11/5 2609/1/5
f 2611/1/6 2685/2/6 2686/12/6 2612/11/6
f 2612/2/1 2613/12/1 2610/11/1 2609/1/1
f 2612/2/2 2609/12/2 2683/11/2 2686/1/2
f 2609/2/3 2610/12/3 2684/11/3 2683/1/3
f 2686/1/4 2683/2/4 2684/12/4 2687/11/4
f 2613/12/5 2687/11/5 2684/1/5 2610/2/5
f 2612/1/6 2686/2/6 2687/12/6 2613/11/6
f 2614/2/1 2615/12/1 2612/11/1 2611/1/1
f 2614/12/2 2611/11/2 2685/1/2 2688/2/2
f 2611/2/3 2612/12/3 2686/11/3 2685/1/3
f 2688/1/4 2685/2/4 2686/12/4 2689/11/4
f 2615/11/5 2689/1/5 2686/2/5 2612/12/5
f 2614/1/6 2688/2/6 2689/12/6 2615/11/6
f 2615/2/1 2616/12/1 2613/11/1 2612/1/1
f 2615/12/2 2612/11/2 2686/1/2 2689/2/2
f 2612/2/3 2613/12/3 2687/11/3 2686/1/3
f 2689/1/4 2686/2/4 2687/12/4 2690/11/4
f 2616/11/5 2690/1/5 2687/2/5 2613/12/5
f 2615/1/6 2689/2/6 2690/12/6 2616/11/6
f 2618/2/1 2619/12/1 2615/11/1 2614/1/1
f 2618/12/2 2614/11/2 2688/1/2 2691/2/2
f 2614/2/3 2615/12/3 2689/11/3 2688/1/3
f 2691/1/4 2688/2/4 2689/12/4 2692/11/4
f 2619/11/5 2692/1/5 2689/2/5 2615/12/5
f 2618/1/6 2691/2/6 2692/12/6 2619/11/6
f 2619/2/1 2620/12/1 2616/11/1 2615/1/1
f 2619/11/2 2615/1/2 2689/2/2 2692/12/2
f 2615/2/3 2616/12/3 2690/11/3 2689/1/3
f 2692/1/4 2689/2/4 2690/12/4 2693/11/4
f 2620/1/5 2693/2/5 2690/12/5 2616/11/5
f 2619/1/6 2692/2/6 2693/12/6 2620/11/6
f 2622/2/1 2623/12/1 2619/11/1 2618/1/1
f 2622/11/2 2618/1/2 2691/2/2 2694/12/2
f 2618/2/3 2619/12/3 2692/11/3 2691/1/3
f 2694/1/4 2691/2/4 2692/12/4 2695/11/4
f 2623/1/5 2695/2/5 2692/12/5 2619/11/5
f 2622/1/6 2694/2/6 2695/12/6 2623/11/6
f 2623/2/1 2624/12/1 2620/11/1 2619/1/1
f 2623/1/2 2619/2/2 2692/12/2 2695/11/2
f 2619/2/3 2620/12/3 2693/11/3 2692/1/3
f 2695/1/4 2692/2/4 2693/12/4 2696/11/4
f 2624/2/5 2696/12/5 2693/11/5 2620/1/5
f 2623/1/6 2695/2/6 2696/12/6 2624/11/6
f 2626/2/1 2627/12/1 2623/11/1 2622/1/1
f 2626/1/2 2622/2/2 2694/12/2 2697/11/2
f 2622/2/3 2623/12/3 2695/11/3 2694/1/3
f 2697/1/4 2694/2/4 2695/12/4 2698/11/4
f 2627/2/5 2698/12/5 2695/11/5 2623/1/5
f 2626/1/6 2697/2/6 2698/12/6 2627/11/6
f 2627/2/1 2628/12/1 2624/11/1 2623/1/1
f 2627/1/2 2623/2/2 2695/12/2 2698/11/2
f 2623/2/3 2624/12/3 2696/11/3 2695/1/3
f 2698/1/4 2695/2/4 2696/12/4 2699/11/4
f 2628/2/5 2699/12/5 2696/11/5 2624/1/5
f 2627/1/6 2698/2/6 2699/12/6 2628/11/6
f 2630/2/1 2631/12/1 2627/11/1 2626/1/1
f 2630/1/2 2626/2/2 2697/12/2 2700/11/2
f 2626/2/3 2627/12/3 2698/11/3 2697/1/3
f 2700/1/4 2697/2/4 2698/12/4 2701/11/4
f 2631/2/5 2701/12/5 2698/11/5 2627/1/5
f 2630/1/6 2700/2/6 2701/12/6 2631/11/6
f 2631/2/1 2632/12/1 2628/11/1 2627/1/1
f 2631/12/2 2627/11/2 2698/1/2 2701/2/2
f 2627/2/3 2628/12/3 2699/11/3 2698/1/3
f 2701/1/4 2698/2/4 2699/12/4 2702/11/4
f 2632/11/5 2702/1/5 2699/2/5 2628/12/5
f 2631/1/6 2701/2/6 2702/12/6 2632/11/6
f 2634/2/1 2635/12/1 2631/11/1 2630/1/1
f 2634/12/2 2630/11/2 2700/1/2 2703/2/2
f 2630/2/3 2631/12/3 2701/11/3 2700/1/3
f 2703/1/4 2700/2/4 2701/12/4 2704/11/4
f 2635/11/5 2704/1/5 2701/2/5 2631/12/5
f 2634/1/6 2703/2/6 2704/12/6 2635/11/6
f 2635/2/1 2636/12/1 2632/11/1 2631/1/1
f 2635/1/2 2631/2/2 2701/12/2 2704/11/2
f 2631/2/3 2632/12/3 2702/11/3 2701/1/3
f 2704/1/4 2701/2/4 2702/12/4 2705/11/4
f 2636/2/5 2705/12/5 2702/11/5 2632/1/5
f 2635/1/6 2704/2/6 2705/12/6 2636/11/6
f 2637/2/1 2638/12/1 2635/11/1 2634/1/1
f 2637/12/2 2634/11/2 2703/1/2 2706/2/2
f 2634/2/3 2635/12/3 2704/11/3 2703/1/3
f 2706/1/4 2703/2/4 2704/12/4 2707/11/4
f 2638/11/5 2707/1/5 2704/2/5 2635/12/5
f 2637/1/6 2706/2/6 2707/12/6 2638/11/6
f 2638/2/1 2639/12/1 2636/11/1 2635/1/1
f 2638/1/2 2635/2/2 2704/12/2 2707/11/2
f 2635/2/3 2636/12/3 2705/11/3 2704/1/3
f 2707/1/4 2704/2/4 2705/12/4 2708/11/4
f 2639/2/5 2708/12/5 2705/11/5 2636/1/5
f 2638/1/6 2707/2/6 2708/12/6 2639/11/6
f 2640/2/1 2641/12/1 2638/11/1 2637/1/1
f 2640/2/2 2637/12/2 2706/11/2 2709/1/2
f 2637/2/3 2638/12/3 2707/11/3 2706/1/3
f 2709/1/4 2706/2/4 2707/12/4 2710/11/4
f 2641/12/5 2710/11/5 2707/1/5 2638/2/5
f 2640/1/6 2709/2/6 2710/12/6 2641/11/6
f 2641/2/1 2642/12/1 2639/11/1 2638/1/1
f 2641/1/2 2638/2/2 2707/12/2 2710/11/2
f 2638/2/3 2639/12/3 2708/11/3 2707/1/3
f 2710/1/4 2707/2/4 2708/12/4 2711/11/4
f 2642/2/5 2711/12/5 2708/11/5 2639/1/5
f 2641/1/6 2710/2/6 2711/12/6 2642/11/6
f 2643/2/1 2644/12/1 2641/11/1 2640/1/1
f 2643/12/2 2640/11/2 2709/1/2 2712/2/2
f 2640/2/3 2641/12/3 2710/11/3 2709/1/3
f 2712/1/4 2709/2/4 2710/12/4 2713/11/4
f 2644/11/5 2713/1/5 2710/2/5 2641/12/5
f 2643/1/6 2712/2/6 2713/12/6 2644/11/6
f 2644/2/1 2645/12/1 2642/11/1 2641/1/1
f 2644/2/2 2641/12/2 2710/11/2 2713/1/2
f 2641/2/3 2642/12/3 2711/11/3 2710/1/3
f 2713/1/4 2710/2/4 2711/12/4 2714/11/4
f 2645/12/5 2714/11/5 2711/1/5 2642/2/5
f 2644/1/6 2713/2/6 2714/12/6 2645/11/6
f 2646/2/1 2647/12/1 2644/11/1 2643/1/1
f 2646/11/2 2643/1/2 2712/2/2 2715/12/2
f 2643/2/3 2644/12/3 2713/11/3 2712/1/3
f 2715/1/4 2712/2/4 2713/12/4 2716/11/4
f 2647/1/5 2716/2/5 2713/12/5 2644/11/5
f 2646/1/6 2715/2/6 2716/12/6 2647/11/6
f 2647/2/1 2648/12/1 2645/11/1 2644/1/1
f 2647/12/2 2644/11/2 2713/1/2 2716/2/2
f 2644/2/3 2645/12/3 2714/11/3 2713/1/3
f 2716/1/4 2713/2/4 2714/12/4 2717/11/4
f 2648/11/5 2717/1/5 2714/2/5 2645/12/5
f 2647/1/6 2716/2/6 2717/12/6 2648/11/6
f 2649/2/1 2650/12/1 2648/11/1 2647/1/1
f 2649/12/2 2647/11/2 2716/1/2 2719/2/2
f 2647/2/3 2648/12/3 2717/11/3 2716/1/3
f 2719/1/4 2716/2/4 2717/12/4 2720/11/4
f 2650/11/5 2720/1/5 2717/2/5 2648/12/5
f 2649/1/6 2719/2/6 2720/12/6 2650/11/6
f 2654/2/1 2655/12/1 2651/11/1 2650/1/1
f 2654/11/2 2650/1/2 2720/2/2 2723/12/2
f 2650/2/3 2651/12/3 2721/11/3 2720/1/3
f 2723/1/4 2720/2/4 2721/12/4 2724/11/4
f 2655/1/5 2724/2/5 2721/12/5 2651/11/5
f 2654/1/6 2723/2/6 2724/12/6 2655/11/6
f 2655/2/1 2656/12/1 2652/11/1 2651/1/1
f 2655/12/2 2651/11/2 2721/1/2 2724/2/2
f 2651/2/3 2652/12/3 2722/11/3 2721/1/3
f 2724/1/4 2721/2/4 2722/12/4 2725/11/4
f 2656/11/5 2725/1/5 2722/2/5 2652/12/5
f 2655/1/6 2724/2/6 2725/12/6 2656/11/6
f 2656/11/2 2652/1/2 2722/2/2 2725/12/2
f 2659/2/1 2660/12/1 2656/11/1 2655/1/1
f 2659/12/2 2655/11/2 2724/1/2 2728/2/2
f 2655/2/3 2656/12/3 2725/11/3 2724/1/3
f 2728/1/4 2724/2/4 2725/12/4 2729/11/4
f 2660/11/5 2729/1/5 2725/2/5 2656/12/5
f 2659/1/6 2728/2/6 2729/12/6 2660/11/6
f 2660/2/1 2661/12/1 2657/11/1 2656/1/1
f 2660/1/2 2656/2/2 2725/12/2 2729/11/2
f 2656/2/3 2657/12/3 2726/11/3 2725/1/3
f 2729/1/4 2725/2/4 2726/12/4 2730/11/4
f 2661/2/5 2730/12/5 2726/11/5 2657/1/5
f 2660/1/6 2729/2/6 2730/12/6 2661/11/6
f 2661/12/2 2657/11/2 2726/1/2 2730/2/2
f 2663/2/1 2664/12/1 2661/11/1 2660/1/1
f 2663/12/2 2660/11/2 2729/1/2 2733/2/2
f 2660/2/3 2661/12/3 2730/11/3 2729/1/3
f 2733/1/4 2729/2/4 2730/12/4 2734/11/4
f 2664/11/5 2734/1/5 2730/2/5 2661/12/5
f 2663/1/6 2733/2/6 2734/12/6 2664/11/6
f 2664/2/1 2665/12/1 2662/11/1 2661/1/1
f 2664/1/2 2661/2/2 2730/12/2 2734/11/2
f 2661/2/3 2662/12/3 2731/11/3 2730/1/3
f 2734/1/4 2730/2/4 2731/12/4 2735/11/4
f 2665/2/5 2735/12/5 2731/11/5 2662/1/5
f 2664/1/6 2734/2/6 2735/12/6 2665/11/6
f 2665/2/2 2662/12/2 2731/11/2 2735/1/2
f 2667/2/1 2668/12/1 2664/11/1 2663/1/1
f 2667/12/2 2663/11/2 2733/1/2 2736/2/2
f 2663/2/3 2664/12/3 2734/11/3 2733/1/3
f 2736/1/4 2733/2/4 2734/12/4 2737/11/4
f 2668/11/5 2737/1/5 2734/2/5 2664/12/5
f 2667/1/6 2736/2/6 2737/12/6 2668/11/6
f 2668/2/1 2669/12/1 2665/11/1 2664/1/1
f 2668/1/2 2664/2/2 2734/12/2 2737/11/2
f 2664/2/3 2665/12/3 2735/11/3 2734/1/3
f 2737/1/4 2734/2/4 2735/12/4 2738/11/4
f 2669/2/5 2738/12/5 2735/11/5 2665/1/5
f 2668/1/6 2737/2/6 2738/12/6 2669/11/6
f 2669/12/2 2665/11/2 2735/1/2 2738/2/2
f 2671/2/1 2672/12/1 2669/11/1 2668/1/1
f 2671/12/2 2668/11/2 2737/1/2 2741/2/2
f 2668/2/3 2669/12/3 2738/11/3 2737/1/3
f 2741/1/4 2737/2/4 2738/12/4 2742/11/4
f 2672/11/5 2742/1/5 2738/2/5 2669/12/5
f 2671/1/6 2741/2/6 2742/12/6 2672/11/6
f 2672/2/1 2673/12/1 2670/11/1 2669/1/1
f 2672/11/2 2669/1/2 2738/2/2 2742/12/2
f 2669/2/3 2670/12/3 2739/11/3 2738/1/3
f 2742/1/4 2738/2/4 2739/12/4 2743/11/4
f 2673/1/5 2743/2/5 2739/12/5 2670/11/5
f 2672/1/6 2742/2/6 2743/12/6 2673/11/6
f 2673/11/2 2670/1/2 2739/2/2 2743/12/2
f 2679/2/1 2680/12/1 2677/11/1 2676/1/1
f 2679/1/2 2676/2/2 2744/12/2 2746/11/2
f 2676/2/3 2677/12/3 2745/11/3 2744/1/3
f 2746/1/4 2744/2/4 2745/12/4 2747/11/4
f 2680/2/5 2747/12/5 2745/11/5 2677/1/5
f 2679/1/6 2746/2/6 2747/12/6 2680/11/6
f 2682/2/1 2683/12/1 2680/11/1 2679/1/1
f 2682/12/2 2679/11/2 2746/1/2 2749/2/2
f 2679/2/3 2680/12/3 2747/11/3 2746/1/3
f 2749/1/4 2746/2/4 2747/12/4 2750/11/4
f 2683/11/5 2750/1/5 2747/2/5 2680/12/5
f 2682/1/6 2749/2/6 2750/12/6 2683/11/6
f 2683/2/1 2684/12/1 2681/11/1 2680/1/1
f 2683/2/2 2680/12/2 2747/11/2 2750/1/2
f 2680/2/3 2681/12/3 2748/11/3 2747/1/3
f 2750/1/4 2747/2/4 2748/12/4 2751/11/4
f 2684/12/5 2751/11/5 2748/1/5 2681/2/5
f 2683/1/6 2750/2/6 2751/12/6 2684/11/6
f 2685/2/1 2686/12/1 2683/11/1 2682/1/1
f 2685/12/2 2682/11/2 2749/1/2 2752/2/2
f 2682/2/3 2683/12/3 2750/11/3 2749/1/3
f 2752/1/4 2749/2/4 2750/12/4 2753/11/4
f 2686/11/5 2753/1/5 2750/2/5 2683/12/5
f 2685/1/6 2752/2/6 2753/12/6 2686/11/6
f 2688/2/1 2689/12/1 2686/11/1 2685/1/1
f 2688/11/2 2685/1/2 2752/2/2 2754/12/2
f 2685/2/3 2686/12/3 2753/11/3 2752/1/3
f 2754/1/4 2752/2/4 2753/12/4 2755/11/4
f 2689/1/5 2755/2/5 2753/12/5 2686/11/5
f 2688/1/6 2754/2/6 2755/12/6 2689/11/6
f 2691/2/1 2692/12/1 2689/11/1 2688/1/1
f 2691/1/2 2688/2/2 2754/12/2 2756/11/2
f 2688/2/3 2689/12/3 2755/11/3 2754/1/3
f 2756/1/4 2754/2/4 2755/12/4 2757/11/4
f 2692/2/5 2757/12/5 2755/11/5 2689/1/5
f 2691/1/6 2756/2/6 2757/12/6 2692/11/6
f 2694/2/1 2695/12/1 2692/11/1 2691/1/1
f 2694/11/2 2691/1/2 2756/2/2 2758/12/2
f 2691/2/3 2692/12/3 2757/11/3 2756/1/3
f 2758/1/4 2756/2/4 2757/12/4 2759/11/4
f 2695/1/5 2759/2/5 2757/12/5 2692/11/5
f 2694/1/6 2758/2/6 2759/12/6 2695/11/6
f 2697/2/1 2698/12/1 2695/11/1 2694/1/1
f 2697/1/2 2694/2/2 2758/12/2 2761/11/2
f 2694/2/3 2695/12/3 2759/11/3 2758/1/3
f 2761/1/4 2758/2/4 2759/12/4 2762/11/4
f 2698/2/5 2762/12/5 2759/11/5 2695/1/5
f 2697/1/6 2761/2/6 2762/12/6 2698/11/6
f 2698/2/1 2699/12/1 2696/11/1 2695/1/1
f 2698/1/2 2695/2/2 2759/12/2 2762/11/2
f 2695/2/3 2696/12/3 2760/11/3 2759/1/3
f 2762/1/4 2759/2/4 2760/12/4 2763/11/4
f 2699/2/5 2763/12/5 2760/11/5 2696/1/5
f 2698/1/6 2762/2/6 2763/12/6 2699/11/6
f 2700/2/1 2701/12/1 2698/11/1 2697/1/1
f 2700/12/2 2697/11/2 2761/1/2 2764/2/2
f 2697/2/3 2698/12/3 2762/11/3 2761/1/3
f 2764/1/4 2761/2/4 2762/12/4 2765/11/4
f 2701/11/5 2765/1/5 2762/2/5 2698/12/5
f 2700/1/6 2764/2/6 2765/12/6 2701/11/6
f 2703/2/1 2704/12/1 2701/11/1 2700/1/1
f 2703/1/2 2700/2/2 2764/12/2 2766/11/2
f 2700/2/3 2701/12/3 2765/11/3 2764/1/3
f 2766/1/4 2764/2/4 2765/12/4 2767/11/4
f 2704/2/5 2767/12/5 2765/11/5 2701/1/5
f 2703/1/6 2766/2/6 2767/12/6 2704/11/6
f 2706/2/1 2707/12/1 2704/11/1 2703/1/1
f 2706/12/2 2703/11/2 2766/1/2 2769/2/2
f 2703/2/3 2704/12/3 2767/11/3 2766/1/3
f 2769/1/4 2766/2/4 2767/12/4 2770/11/4
f 2707/11/5 2770/1/5 2767/2/5 2704/12/5
f 2706/1/6 2769/2/6 2770/12/6 2707/11/6
f 2707/2/1 2708/12/1 2705/11/1 2704/1/1
f 2707/2/2 2704/12/2 2767/11/2 2770/1/2
f 2704/2/3 2705/12/3 2768/11/3 2767/1/3
f 2770/1/4 2767/2/4 2768/12/4 2771/11/4
f 2708/12/5 2771/11/5 2768/1/5 2705/2/5
f 2707/1/6 2770/2/6 2771/12/6 2708/11/6
f 2709/2/1 2710/12/1 2707/11/1 2706/1/1
f 2709/12/2 2706/11/2 2769/1/2 2772/2/2
f 2706/2/3 2707/12/3 2770/11/3 2769/1/3
f 2772/1/4 2769/2/4 2770/12/4 2773/11/4
f 2710/11/5 2773/1/5 2770/2/5 2707/12/5
f 2709/1/6 2772/2/6 2773/12/6 2710/11/6
f 2712/2/1 2713/12/1 2710/11/1 2709/1/1
f 2712/12/2 2709/11/2 2772/1/2 2775/2/2
f 2709/2/3 2710/12/3 2773/11/3 2772/1/3
f 2775/1/4 2772/2/4 2773/12/4 2776/11/4
f 2713/11/5 2776/1/5 2773/2/5 2710/12/5
f 2712/1/6 2775/2/6 2776/12/6 2713/11/6
f 2713/2/1 2714/12/1 2711/11/1 2710/1/1
f 2713/2/2 2710/12/2 2773/11/2 2776/1/2
f 2710/2/3 2711/12/3 2774/11/3 2773/1/3
f 2776/1/4 2773/2/4 2774/12/4 2777/11/4
f 2714/12/5 2777/11/5 2774/1/5 2711/2/5
f 2713/1/6 2776/2/6 2777/12/6 2714/11/6
f 2715/2/1 2716/12/1 2713/11/1 2712/1/1
f 2715/2/2 2712/12/2 2775/11/2 2778/1/2
f 2712/2/3 2713/12/3 2776/11/3 2775/1/3
f 2778/1/4 2775/2/4 2776/12/4 2779/11/4
f 2716/12/5 2779/11/5 2776/1/5 2713/2/5
f 2715/1/6 2778/2/6 2779/12/6 2716/11/6
f 2718/2/1 2719/12/1 2716/11/1 2715/1/1
f 2718/2/2 2715/12/2 2778/11/2 2781/1/2
f 2715/2/3 2716/12/3 2779/11/3 2778/1/3
f 2781/1/4 2778/2/4 2779/12/4 2782/11/4
f 2719/12/5 2782/11/5 2779/1/5 2716/2/5
f 2718/1/6 2781/2/6 2782/12/6 2719/11/6
f 2719/2/1 2720/12/1 2717/11/1 2716/1/1
f 2719/1/2 2716/2/2 2779/12/2 2782/11/2
f 2716/2/3 2717/12/3 2780/11/3 2779/1/3
f 2782/1/4 2779/2/4 2780/12/4 2783/11/4
f 2720/2/5 2783/12/5 2780/11/5 2717/1/5
f 2719/1/6 2782/2/6 2783/12/6 2720/11/6
f 2723/2/2 2720/12/2 2783/11/2 2785/1/2
f 2727/2/1 2728/12/1 2724/11/1 2723/1/1
f 2727/1/2 2723/2/2 2785/12/2 2788/11/2
f 2723/2/3 2724/12/3 2786/11/3 2785/1/3
f 2788/1/4 2785/2/4 2786/12/4 2789/11/4
f 2728/2/5 2789/12/5 2786/11/5 2724/1/5
f 2727/1/6 2788/2/6 2789/12/6 2728/11/6
f 2728/2/1 2729/12/1 2725/11/1 2724/1/1
f 2728/12/2 2724/11/2 2786/1/2 2789/2/2
f 2724/2/3 2725/12/3 2787/11/3 2786/1/3
f 2789/1/4 2786/2/4 2787/12/4 2790/11/4
f 2729/11/5 2790/1/5 2787/2/5 2725/12/5
f 2728/1/6 2789/2/6 2790/12/6 2729/11/6
f 2729/12/2 2725/11/2 2787/1/2 2790/2/2
f 2732/2/1 2733/12/1 2729/11/1 2728/1/1
f 2732/12/2 2728/11/2 2789/1/2 2792/2/2
f 2728/2/3 2729/12/3 2790/11/3 2789/1/3
f 2792/1/4 2789/2/4 2790/12/4 2793/11/4
f 2733/11/5 2793/1/5 2790/2/5 2729/12/5
f 2732/1/6 2792/2/6 2793/12/6 2733/11/6
f 2733/2/1 2734/12/1 2730/11/1 2729/1/1
f 2733/1/2 2729/2/2 2790/12/2 2793/11/2
f 2729/2/3 2730/12/3 2791/11/3 2790/1/3
f 2793/1/4 2790/2/4 2791/12/4 2794/11/4
f 2734/2/5 2794/12/5 2791/11/5 2730/1/5
f 2733/1/6 2793/2/6 2794/12/6 2734/11/6
f 2734/1/2 2730/2/2 2791/12/2 2794/11/2
f 2736/2/1 2737/12/1 2734/11/1 2733/1/1
f 2736/12/2 2733/11/2 2793/1/2 2796/2/2
f 2733/2/3 2734/12/3 2794/11/3 2793/1/3
f 2796/1/4 2793/2/4 2794/12/4 2797/11/4
f 2737/11/5 2797/1/5 2794/2/5 2734/12/5
f 2736/1/6 2796/2/6 2797/12/6 2737/11/6
f 2737/2/1 2738/12/1 2735/11/1 2734/1/1
f 2737/1/2 2734/2/2 2794/12/2 2797/11/2
f 2734/2/3 2735/12/3 2795/11/3 2794/1/3
f 2797/1/4 2794/2/4 2795/12/4 2798/11/4
f 2738/2/5 2798/12/5 2795/11/5 2735/1/5
f 2737/1/6 2797/2/6 2798/12/6 2738/11/6
f 2738/12/2 2735/11/2 2795/1/2 2798/2/2
f 2740/2/1 2741/12/1 2737/11/1 2736/1/1
f 2740/1/2 2736/2/2 2796/12/2 2799/11/2
f 2736/2/3 2737/12/3 2797/11/3 2796/1/3
f 2799/1/4 2796/2/4 2797/12/4 2800/11/4
f 2741/2/5 2800/12/5 2797/11/5 2737/1/5
f 2740/1/6 2799/2/6 2800/12/6 2741/11/6
f 2741/2/1 2742/12/1 2738/11/1 2737/1/1
f 2741/12/2 2737/11/2 2797/1/2 2800/2/2
f 2737/2/3 2738/12/3 2798/11/3 2797/1/3
f 2800/1/4 2797/2/4 2798/12/4 2801/11/4
f 2742/11/5 2801/1/5 2798/2/5 2738/12/5
f 2741/1/6 2800/2/6 2801/12/6 2742/11/6
f 2742/2/2 2738/12/2 2798/11/2 2801/1/2
f 2754/2/1 2755/12/1 2753/11/1 2752/1/1
f 2754/1/2 2752/2/2 2802/12/2 2804/11/2
f 2752/2/3 2753/12/3 2803/11/3 2802/1/3
f 2804/1/4 2802/2/4 2803/12/4 2805/11/4
f 2755/2/5 2805/12/5 2803/11/5 2753/1/5
f 2754/1/6 2804/2/6 2805/12/6 2755/11/6
f 2756/2/1 2757/12/1 2755/11/1 2754/1/1
f 2756/1/2 2754/2/2 2804/12/2 2806/11/2
f 2754/2/3 2755/12/3 2805/11/3 2804/1/3
f 2806/1/4 2804/2/4 2805/12/4 2807/11/4
f 2757/2/5 2807/12/5 2805/11/5 2755/1/5
f 2756/1/6 2806/2/6 2807/12/6 2757/11/6
f 2758/2/1 2759/12/1 2757/11/1 2756/1/1
f 2758/12/2 2756/11/2 2806/1/2 2808/2/2
f 2756/2/3 2757/12/3 2807/11/3 2806/1/3
f 2808/1/4 2806/2/4 2807/12/4 2809/11/4
f 2759/11/5 2809/1/5 2807/2/5 2757/12/5
f 2758/1/6 2808/2/6 2809/12/6 2759/11/6
f 2761/2/1 2762/12/1 2759/11/1 2758/1/1
f 2761/2/2 2758/12/2 2808/11/2 2810/1/2
f 2758/2/3 2759/12/3 2809/11/3 2808/1/3
f 2810/1/4 2808/2/4 2809/12/4 2811/11/4
f 2762/12/5 2811/11/5 2809/1/5 2759/2/5
f 2761/1/6 2810/2/6 2811/12/6 2762/11/6
f 2764/2/1 2765/12/1 2762/11/1 2761/1/1
f 2764/1/2 2761/2/2 2810/12/2 2812/11/2
f 2761/2/3 2762/12/3 2811/11/3 2810/1/3
f 2812/1/4 2810/2/4 2811/12/4 2813/11/4
f 2765/2/5 2813/12/5 2811/11/5 2762/1/5
f 2764/1/6 2812/2/6 2813/12/6 2765/11/6
f 2766/2/1 2767/12/1 2765/11/1 2764/1/1
f 2766/11/2 2764/1/2 2812/2/2 2814/12/2
f 2764/2/3 2765/12/3 2813/11/3 2812/1/3
f 2814/1/4 2812/2/4 2813/12/4 2815/11/4
f 2767/1/5 2815/2/5 2813/12/5 2765/11/5
f 2766/1/6 2814/2/6 2815/12/6 2767/11/6
f 2769/2/1 2770/12/1 2767/11/1 2766/1/1
f 2769/11/2 2766/1/2 2814/2/2 2816/12/2
f 2766/2/3 2767/12/3 2815/11/3 2814/1/3
f 2816/1/4 2814/2/4 2815/12/4 2817/11/4
f 2770/1/5 2817/2/5 2815/12/5 2767/11/5
f 2769/1/6 2816/2/6 2817/12/6 2770/11/6
f 2772/2/1 2773/12/1 2770/11/1 2769/1/1
f 2772/11/2 2769/1/2 2816/2/2 2819/12/2
f 2769/2/3 2770/12/3 2817/11/3 2816/1/3
f 2819/1/4 2816/2/4 2817/12/4 2820/11/4
f 2773/1/5 2820/2/5 2817/12/5 2770/11/5
f 2772/1/6 2819/2/6 2820/12/6 2773/11/6
f 2775/2/1 2776/12/1 2773/11/1 2772/1/1
f 2775/12/2 2772/11/2 2819/1/2 2822/2/2
f 2772/2/3 2773/12/3 2820/11/3 2819/1/3
f 2822/1/4 2819/2/4 2820/12/4 2823/11/4
f 2776/11/5 2823/1/5 2820/2/5 2773/12/5
f 2775/1/6 2822/2/6 2823/12/6 2776/11/6
f 2778/2/1 2779/12/1 2776/11/1 2775/1/1
f 2778/12/2 2775/11/2 2822/1/2 2824/2/2
f 2775/2/3 2776/12/3 2823/11/3 2822/1/3
f 2824/1/4 2822/2/4 2823/12/4 2825/11/4
f 2779/11/5 2825/1/5 2823/2/5 2776/12/5
f 2778/1/6 2824/2/6 2825/12/6 2779/11/6
f 2781/2/1 2782/12/1 2779/11/1 2778/1/1
f 2781/12/2 2778/11/2 2824/1/2 2826/2/2
f 2778/2/3 2779/12/3 2825/11/3 2824/1/3
f 2826/1/4 2824/2/4 2825/12/4 2827/11/4
f 2782/11/5 2827/1/5 2825/2/5 2779/12/5
f 2781/1/6 2826/2/6 2827/12/6 2782/11/6
f 2784/2/1 2785/12/1 2783/11/1 2782/1/1
f 2784/2/2 2782/12/2 2827/11/2 2829/1/2
f 2782/2/3 2783/12/3 2828/11/3 2827/1/3
f 2829/1/4 2827/2/4 2828/12/4 2830/11/4
f 2785/12/5 2830/11/5 2828/1/5 2783/2/5
f 2784/1/6 2829/2/6 2830/12/6 2785/11/6
f 2785/1/2 2783/2/2 2828/12/2 2830/11/2
f 2788/2/1 2789/12/1 2786/11/1 2785/1/1
f 2788/11/2 2785/1/2 2830/2/2 2832/12/2
f 2785/2/3 2786/12/3 2831/11/3 2830/1/3
f 2832/1/4 2830/2/4 2831/12/4 2833/11/4
f 2789/1/5 2833/2/5 2831/12/5 2786/11/5
f 2788/1/6 2832/2/6 2833/12/6 2789/11/6
f 2789/2/1 2790/12/1 2787/11/1 2786/1/1
f 2789/12/2 2786/11/2 2831/1/2 2833/2/2
f 2786/2/3 2787/12/3 2834/11/3 2831/1/3
f 2833/1/4 2831/2/4 2834/12/4 2835/11/4
f 2790/11/5 2835/1/5 2834/2/5 2787/12/5
f 2789/1/6 2833/2/6 2835/12/6 2790/11/6
f 2790/1/2 2787/2/2 2834/12/2 2835/11/2
f 2792/2/1 2793/12/1 2790/11/1 2789/1/1
f 2792/2/2 2789/12/2 2833/11/2 2836/1/2
f 2789/2/3 2790/12/3 2835/11/3 2833/1/3
f 2836/1/4 2833/2/4 2835/12/4 2837/11/4
f 2793/12/5 2837/11/5 2835/1/5 2790/2/5
f 2792/1/6 2836/2/6 2837/12/6 2793/11/6
f 2793/2/2 2790/12/2 2835/11/2 2837/1/2
f 2796/2/1 2797/12/1 2794/11/1 2793/1/1
f 2796/11/2 2793/1/2 2837/2/2 2839/12/2
f 2793/2/3 2794/12/3 2838/11/3 2837/1/3
f 2839/1/4 2837/2/4 2838/12/4 2840/11/4
f 2797/1/5 2840/2/5 2838/12/5 2794/11/5
f 2796/1/6 2839/2/6 2840/12/6 2797/11/6
f 2797/11/2 2794/1/2 2838/2/2 2840/12/2
f 2799/2/1 2800/12/1 2797/11/1 2796/1/1
f 2799/2/2 2796/12/2 2839/11/2 2842/1/2
f 2796/2/3 2797/12/3 2840/11/3 2839/1/3
f 2842/1/4 2839/2/4 2840/12/4 2843/11/4
f 2800/12/5 2843/11/5 2840/1/5 2797/2/5
f 2799/1/6 2842/2/6 2843/12/6 2800/11/6
f 2800/2/1 2801/12/1 2798/11/1 2797/1/1
f 2800/12/2 2797/11/2 2840/1/2 2843/2/2
f 2797/2/3 2798/12/3 2841/11/3 2840/1/3
f 2843/1/4 2840/2/4 2841/12/4 2844/11/4
f 2801/11/5 2844/1/5 2841/2/5 2798/12/5
f 2800/1/6 2843/2/6 2844/12/6 2801/11/6
f 2801/1/2 2798/2/2 2841/12/2 2844/11/2
f 2806/2/1 2807/12/1 2805/11/1 2804/1/1
f 2806/2/2 2804/12/2 2847/11/2 2846/1/2
f 2804/2/3 2805/12/3 2845/11/3 2847/1/3
f 2846/1/4 2847/2/4 2845/12/4 2848/11/4
f 2807/12/5 2848/11/5 2845/1/5 2805/2/5
f 2806/1/6 2846/2/6 2848/12/6 2807/11/6
f 2808/2/1 2809/12/1 2807/11/1 2806/1/1
f 2808/11/2 2806/1/2 2846/2/2 2849/12/2
f 2806/2/3 2807/12/3 2848/11/3 2846/1/3
f 2849/1/4 2846/2/4 2848/12/4 2850/11/4
f 2809/1/5 2850/2/5 2848/12/5 2807/11/5
f 2808/1/6 2849/2/6 2850/12/6 2809/11/6
f 2820/2/1 2821/12/1 2818/11/1 2817/1/1
f 2820/12/2 2817/11/2 2851/1/2 2853/2/2
f 2817/2/3 2818/12/3 2852/11/3 2851/1/3
f 2853/1/4 2851/2/4 2852/12/4 2854/11/4
f 2821/11/5 2854/1/5 2852/2/5 2818/12/5
f 2820/1/6 2853/2/6 2854/12/6 2821/11/6
f 2822/2/1 2823/12/1 2820/11/1 2819/1/1
f 2822/11/2 2819/1/2 2856/2/2 2855/12/2
f 2819/2/3 2820/12/3 2853/11/3 2856/1/3
f 2855/1/4 2856/2/4 2853/12/4 2857/11/4
f 2823/1/5 2857/2/5 2853/12/5 2820/11/5
f 2822/1/6 2855/2/6 2857/12/6 2823/11/6
f 2824/2/1 2825/12/1 2823/11/1 2822/1/1
f 2824/1/2 2822/2/2 2855/12/2 2858/11/2
f 2822/2/3 2823/12/3 2857/11/3 2855/1/3
f 2858/1/4 2855/2/4 2857/12/4 2859/11/4
f 2825/2/5 2859/12/5 2857/11/5 2823/1/5
f 2824/1/6 2858/2/6 2859/12/6 2825/11/6
f 2826/2/1 2827/12/1 2825/11/1 2824/1/1
f 2826/12/2 2824/11/2 2858/1/2 2860/2/2
f 2824/2/3 2825/12/3 2859/11/3 2858/1/3
f 2860/1/4 2858/2/4 2859/12/4 2861/11/4
f 2827/11/5 2861/1/5 2859/2/5 2825/12/5
f 2826/1/6 2860/2/6 2861/12/6 2827/11/6
f 2832/2/1 2833/12/1 2831/11/1 2830/1/1
f 2832/12/2 2830/11/2 2862/1/2 2863/2/2
f 2830/2/3 2831/12/3 2864/11/3 2862/1/3
f 2863/1/4 2862/2/4 2864/12/4 2865/11/4
f 2833/11/5 2865/1/5 2864/2/5 2831/12/5
f 2832/1/6 2863/2/6 2865/12/6 2833/11/6
f 2833/1/2 2831/2/2 2864/12/2 2865/11/2
f 2836/2/1 2837/12/1 2835/11/1 2833/1/1
f 2836/11/2 2833/1/2 2865/2/2 2867/12/2
f 2833/2/3 2835/12/3 2866/11/3 2865/1/3
f 2867/1/4 2865/2/4 2866/12/4 2868/11/4
f 2837/1/5 2868/2/5 2866/12/5 2835/11/5
f 2836/1/6 2867/2/6 2868/12/6 2837/11/6
f 2837/2/2 2835/12/2 2866/11/2 2868/1/2
f 2842/2/1 2843/12/1 2840/11/1 2839/1/1
f 2842/2/2 2839/12/2 2869/11/2 2871/1/2
f 2839/2/3 2840/12/3 2870/11/3 2869/1/3
f 2871/1/4 2869/2/4 2870/12/4 2872/11/4
f 2843/12/5 2872/11/5 2870/1/5 2840/2/5
f 2842/1/6 2871/2/6 2872/12/6 2843/11/6
f 2843/1/2 2840/2/2 2870/12/2 2872/11/2
f 2858/2/1 2859/12/1 2857/11/1 2855/1/1
f 2858/1/2 2855/2/2 2876/12/2 2875/11/2
f 2855/2/3 2857/12/3 2874/11/3 2876/1/3
f 2875/1/4 2876/2/4 2874/12/4 2877/11/4
f 2859/2/5 2877/12/5 2874/11/5 2857/1/5
f 2858/1/6 2875/2/6 2877/12/6 2859/11/6
f 2860/2/1 2861/12/1 2859/11/1 2858/1/1
f 2860/2/2 2858/12/2 2875/11/2 2878/1/2
f 2858/2/3 2859/12/3 2877/11/3 2875/1/3
f 2878/1/4 2875/2/4 2877/12/4 2879/11/4
f 2861/12/5 2879/11/5 2877/1/5 2859/2/5
f 2860/1/6 2878/2/6 2879/12/6 2861/11/6
f 2876/2/1 2874/12/1 2873/11/1 2880/1/1
f 2876/1/2 2880/2/2 2881/12/2 2883/11/2
f 2880/2/3 2873/12/3 2882/11/3 2881/1/3
f 2883/1/4 2881/2/4 2882/12/4 2884/11/4
f 2874/2/5 2884/12/5 2882/11/5 2873/1/5
f 2876/1/6 2883/2/6 2884/12/6 2874/11/6
f 2875/2/1 2877/12/1 2874/11/1 2876/1/1
f 2875/1/2 2876/2/2 2883/12/2 2885/11/2
f 2876/2/3 2874/12/3 2884/11/3 2883/1/3
f 2885/1/4 2883/2/4 2884/12/4 2886/11/4
f 2877/2/5 2886/12/5 2884/11/5 2874/1/5
f 2875/1/6 2885/2/6 2886/12/6 2877/11/6
